TransactionID,CustomerID,BankID_Sent,BankID_Received,DateID,TransactionTypeID,FraudID,Amount,Status,PaymentMode
TXN000001,12,17,8,144,2,1,33193.89,Success,QR Code
TXN000002,41,7,17,1027,2,1,53429.87,Success,QR Code
TXN000003,102,19,19,281,2,1,43059.86,Success,Phone Number
TXN000004,28,5,13,397,1,1,46546.8,Success,Phone Number
TXN000005,31,13,1,673,2,1,58315.48,Success,UPI ID
TXN000006,114,8,12,908,1,1,60972.87,Success,UPI ID
TXN000007,87,15,18,1550,1,1,67242.76,Success,QR Code
TXN000008,18,17,3,2106,1,1,20189.11,Success,QR Code
TXN000009,70,1,3,1295,2,1,32364.34,Success,Phone Number
TXN000010,5,11,5,453,1,2,4869.12,Success,Phone Number
TXN000011,134,1,9,1673,2,1,64172.86,Success,UPI ID
TXN000012,30,2,7,252,2,1,7250.37,Success,QR Code
TXN000013,117,3,17,18,2,4,27981.29,Success,QR Code
TXN000014,39,17,13,1214,2,1,67714.7,Failed,QR Code
TXN000015,111,9,15,1039,2,1,48374.61,Success,QR Code
TXN000016,11,2,13,656,2,1,21578.37,Success,QR Code
TXN000017,73,8,12,805,2,1,6594.53,Success,QR Code
TXN000018,82,19,11,1626,2,1,18057.45,Success,QR Code
TXN000019,149,12,7,1247,2,1,36437.59,Success,QR Code
TXN000020,131,10,12,812,1,1,29501.26,Success,QR Code
TXN000021,149,10,9,2127,2,1,21842.67,Failed,QR Code
TXN000022,39,10,14,1360,2,1,1693.41,Success,Phone Number
TXN000023,95,6,15,1368,2,1,12176.38,Failed,QR Code
TXN000024,50,6,5,831,2,1,20714.69,Success,UPI ID
TXN000025,116,11,8,351,2,1,28895.64,Success,Phone Number
TXN000026,89,4,5,376,2,1,32548.14,Success,QR Code
TXN000027,127,5,11,988,2,1,21021.16,Success,QR Code
TXN000028,22,14,1,578,1,2,11426.28,Success,QR Code
TXN000029,39,5,7,1309,2,1,51498.98,Success,QR Code
TXN000030,53,10,14,1768,2,1,43219.17,Success,UPI ID
TXN000031,20,14,9,1189,2,1,27420.66,Success,QR Code
TXN000032,78,11,11,301,2,1,325.82,Success,UPI ID
TXN000033,125,10,12,523,2,1,43452.21,Success,QR Code
TXN000034,119,10,8,1813,2,1,23027.99,Success,QR Code
TXN000035,6,12,1,1445,2,1,54132.74,Success,UPI ID
TXN000036,71,6,12,1908,2,2,49782.95,Success,Phone Number
TXN000037,135,12,18,253,1,3,19026.22,Success,UPI ID
TXN000038,106,13,18,2066,2,1,10239.15,Success,QR Code
TXN000039,98,11,7,70,2,1,3402.7,Success,Phone Number
TXN000040,24,5,11,1353,2,3,21779.72,Success,QR Code
TXN000041,79,13,17,1004,1,1,73326.23,Failed,UPI ID
TXN000042,86,2,20,1808,1,1,911.09,Success,QR Code
TXN000043,62,12,9,1196,2,2,11752.52,Failed,QR Code
TXN000044,80,2,4,1673,2,1,359.88,Success,QR Code
TXN000045,55,4,3,986,1,3,64541.84,Success,QR Code
TXN000046,119,20,20,1138,1,2,72913.28,Success,Phone Number
TXN000047,57,8,15,673,2,1,67508.83,Success,UPI ID
TXN000048,65,17,8,1870,2,1,67763.44,Success,UPI ID
TXN000049,131,4,3,1675,2,2,7685.82,Success,QR Code
TXN000050,87,17,16,1123,2,1,5504.47,Success,QR Code
TXN000051,148,20,10,1864,2,1,63993.04,Success,QR Code
TXN000052,134,4,2,95,1,1,43121.9,Success,Phone Number
TXN000053,16,11,5,1695,2,2,57780.34,Success,UPI ID
TXN000054,125,2,7,42,2,2,28394.21,Success,QR Code
TXN000055,71,9,17,2083,2,1,64536.38,Success,QR Code
TXN000056,13,16,12,1786,2,1,3055.88,Success,Phone Number
TXN000057,142,19,7,1612,2,1,58768.8,Success,UPI ID
TXN000058,22,4,16,866,2,1,52713.25,Success,UPI ID
TXN000059,149,8,3,2093,2,3,36800.16,Success,QR Code
TXN000060,15,12,20,1007,2,1,59789.68,Success,Phone Number
TXN000061,20,20,18,1604,2,3,51269.78,Success,QR Code
TXN000062,60,16,19,1660,2,1,46096.99,Success,QR Code
TXN000063,34,15,3,337,2,1,63679.32,Success,QR Code
TXN000064,12,1,6,712,2,1,36847.56,Success,UPI ID
TXN000065,105,16,1,1775,2,1,132.21,Success,QR Code
TXN000066,44,19,3,938,2,2,45107.18,Success,QR Code
TXN000067,132,3,16,333,2,1,19986.95,Success,QR Code
TXN000068,111,11,15,243,1,1,40616.07,Success,QR Code
TXN000069,121,20,13,1286,2,1,24150.59,Success,QR Code
TXN000070,132,17,7,720,1,2,34197.76,Success,Phone Number
TXN000071,47,12,15,1419,2,2,37989.03,Success,QR Code
TXN000072,137,5,11,1870,2,1,21096.84,Success,QR Code
TXN000073,10,8,17,1822,2,2,44211.52,Success,QR Code
TXN000074,142,3,7,1987,2,2,9209.29,Success,UPI ID
TXN000075,121,3,18,1034,1,4,61382.02,Success,QR Code
TXN000076,80,10,8,563,2,1,3643.68,Success,QR Code
TXN000077,134,2,16,628,2,1,26277.34,Success,UPI ID
TXN000078,63,6,9,404,2,1,71337.98,Success,UPI ID
TXN000079,26,7,1,796,2,1,66438.3,Success,UPI ID
TXN000080,123,3,6,948,2,4,44133.56,Success,QR Code
TXN000081,44,2,13,886,2,1,46014.1,Success,Phone Number
TXN000082,47,4,4,896,1,2,46965.05,Success,QR Code
TXN000083,69,1,10,144,1,1,59668.03,Success,QR Code
TXN000084,109,12,2,996,2,3,8776.6,Success,UPI ID
TXN000085,70,13,10,391,2,2,24463.73,Success,QR Code
TXN000086,42,1,13,1273,2,4,37180.26,Success,Phone Number
TXN000087,143,7,9,1225,2,3,36314.89,Success,QR Code
TXN000088,124,19,8,1046,1,1,61016.03,Success,Phone Number
TXN000089,132,11,7,1278,2,1,25085.88,Success,QR Code
TXN000090,116,1,20,798,2,1,24835.61,Success,Phone Number
TXN000091,24,5,12,347,2,1,47729.65,Failed,UPI ID
TXN000092,81,15,9,1537,2,1,44136.93,Success,QR Code
TXN000093,85,20,5,492,2,1,24473.45,Success,Phone Number
TXN000094,11,9,10,1470,2,1,32005.54,Success,QR Code
TXN000095,79,19,9,887,2,1,21421.0,Success,Phone Number
TXN000096,111,15,17,1245,2,1,43008.78,Success,Phone Number
TXN000097,98,4,8,1350,2,1,31041.37,Success,UPI ID
TXN000098,66,19,10,966,2,1,25879.28,Success,QR Code
TXN000099,9,14,5,1717,2,1,38105.56,Success,UPI ID
TXN000100,15,19,3,1050,2,1,55375.57,Success,Phone Number
TXN000101,146,4,11,146,2,1,34350.07,Success,Phone Number
TXN000102,28,4,17,1030,2,1,62702.7,Success,UPI ID
TXN000103,15,10,10,1639,2,1,4029.54,Success,UPI ID
TXN000104,22,19,15,1734,2,1,34128.06,Success,UPI ID
TXN000105,135,16,15,965,2,1,23452.86,Success,UPI ID
TXN000106,96,9,7,692,1,1,50496.95,Success,UPI ID
TXN000107,95,16,7,939,1,4,71561.15,Success,QR Code
TXN000108,41,16,10,1726,2,1,36983.84,Success,QR Code
TXN000109,51,1,10,1200,2,1,24254.7,Success,QR Code
TXN000110,116,6,18,390,2,1,27780.47,Success,QR Code
TXN000111,10,5,19,1055,2,1,15495.58,Success,UPI ID
TXN000112,71,1,7,1170,2,1,40398.69,Success,UPI ID
TXN000113,107,10,4,1084,2,1,29956.08,Success,QR Code
TXN000114,91,2,5,354,2,2,9038.28,Success,QR Code
TXN000115,58,5,18,340,2,1,18544.61,Failed,Phone Number
TXN000116,61,2,17,1044,2,1,4715.96,Success,UPI ID
TXN000117,111,3,3,1710,2,2,31346.18,Success,UPI ID
TXN000118,65,1,8,598,2,1,8582.84,Success,UPI ID
TXN000119,87,3,11,213,2,1,9912.72,Success,QR Code
TXN000120,94,2,1,1071,2,1,6261.88,Success,Phone Number
TXN000121,132,4,3,494,2,2,7313.7,Success,UPI ID
TXN000122,53,6,2,366,2,1,69117.94,Success,QR Code
TXN000123,10,13,13,2051,2,1,22943.46,Success,UPI ID
TXN000124,94,12,6,1479,2,3,52890.32,Failed,QR Code
TXN000125,61,20,8,1505,2,2,21182.05,Success,UPI ID
TXN000126,2,18,1,337,1,1,53189.17,Success,QR Code
TXN000127,144,3,10,803,2,4,11907.77,Success,QR Code
TXN000128,11,14,3,1512,2,1,25174.85,Success,UPI ID
TXN000129,64,8,8,2067,1,1,17614.27,Success,QR Code
TXN000130,99,17,11,1411,2,1,25932.7,Success,QR Code
TXN000131,12,7,11,2008,2,1,53961.12,Success,QR Code
TXN000132,97,8,16,799,2,1,71154.06,Success,Phone Number
TXN000133,114,11,5,1228,2,1,5353.32,Failed,QR Code
TXN000134,145,8,20,598,1,1,9445.18,Success,Phone Number
TXN000135,31,17,6,384,2,4,4946.43,Success,Phone Number
TXN000136,90,2,18,1198,2,3,30203.0,Success,Phone Number
TXN000137,63,20,19,1217,2,1,20328.78,Success,Phone Number
TXN000138,43,2,18,1763,2,1,40522.76,Success,QR Code
TXN000139,139,15,4,1694,2,1,30017.81,Success,Phone Number
TXN000140,87,20,5,663,1,1,4744.54,Success,QR Code
TXN000141,103,6,19,868,1,1,6050.07,Success,QR Code
TXN000142,108,7,2,1944,1,1,464.66,Success,Phone Number
TXN000143,79,20,8,671,2,1,6002.41,Success,UPI ID
TXN000144,104,7,7,1747,2,1,17444.74,Success,Phone Number
TXN000145,148,15,6,1306,2,1,19015.93,Success,UPI ID
TXN000146,76,2,18,1961,2,1,55065.67,Success,QR Code
TXN000147,72,19,6,2120,1,1,64848.1,Success,QR Code
TXN000148,94,4,17,1144,2,1,22723.65,Success,UPI ID
TXN000149,49,18,20,1819,1,3,66236.53,Success,QR Code
TXN000150,77,15,3,1591,2,1,68026.77,Success,QR Code
TXN000151,59,11,9,2120,2,3,28541.01,Success,UPI ID
TXN000152,41,12,3,2180,1,1,57790.57,Success,UPI ID
TXN000153,64,2,3,1587,1,1,56794.62,Success,UPI ID
TXN000154,118,11,14,2040,2,1,44737.35,Success,UPI ID
TXN000155,126,11,2,614,2,1,10822.99,Success,QR Code
TXN000156,127,3,18,1295,1,1,41816.05,Success,Phone Number
TXN000157,7,17,1,1182,2,3,33340.31,Success,UPI ID
TXN000158,11,6,11,226,2,1,29742.28,Success,UPI ID
TXN000159,109,1,13,1825,2,1,30868.51,Success,Phone Number
TXN000160,144,20,16,1561,2,3,39219.73,Success,QR Code
TXN000161,17,10,18,1430,1,1,43496.56,Success,Phone Number
TXN000162,96,7,4,991,2,1,36095.39,Success,Phone Number
TXN000163,16,3,9,1657,2,1,10435.02,Success,QR Code
TXN000164,95,11,3,208,2,3,19510.59,Success,QR Code
TXN000165,43,7,14,1861,2,3,73071.19,Failed,QR Code
TXN000166,66,9,11,23,2,4,3303.83,Success,Phone Number
TXN000167,127,14,1,786,2,1,36839.62,Success,Phone Number
TXN000168,22,7,8,177,2,1,6764.72,Success,QR Code
TXN000169,116,14,15,15,2,1,7335.27,Success,Phone Number
TXN000170,107,4,20,1577,2,1,39805.6,Success,UPI ID
TXN000171,30,3,8,1844,2,1,18914.1,Failed,QR Code
TXN000172,111,15,16,222,2,1,14759.82,Success,UPI ID
TXN000173,99,15,4,1191,2,1,74153.54,Success,Phone Number
TXN000174,112,9,3,1793,2,1,52547.98,Success,Phone Number
TXN000175,142,16,17,343,1,1,61767.88,Success,QR Code
TXN000176,28,2,6,751,2,2,37594.83,Success,UPI ID
TXN000177,77,15,14,360,2,4,15106.71,Success,QR Code
TXN000178,129,9,10,1564,2,1,62314.69,Success,UPI ID
TXN000179,86,15,18,595,2,1,58739.59,Success,Phone Number
TXN000180,69,9,13,2108,2,1,64939.03,Success,QR Code
TXN000181,53,18,13,674,1,1,5347.6,Success,Phone Number
TXN000182,143,16,5,1224,2,3,57752.76,Success,QR Code
TXN000183,93,19,14,160,1,1,31963.43,Failed,Phone Number
TXN000184,26,10,15,1553,2,1,3969.5,Success,QR Code
TXN000185,19,17,8,1935,2,1,69119.2,Success,UPI ID
TXN000186,17,9,13,611,1,1,34368.98,Success,QR Code
TXN000187,63,2,1,1739,2,1,48917.74,Success,QR Code
TXN000188,80,19,10,633,2,3,29122.48,Success,UPI ID
TXN000189,86,13,11,793,2,1,10297.9,Success,UPI ID
TXN000190,66,5,2,1385,1,1,63857.98,Success,Phone Number
TXN000191,89,5,15,735,2,1,73053.73,Success,QR Code
TXN000192,64,15,2,1566,2,1,20921.4,Success,QR Code
TXN000193,104,4,15,1102,2,1,66942.15,Success,QR Code
TXN000194,15,14,20,1222,2,1,26042.75,Success,Phone Number
TXN000195,64,14,17,1333,2,2,59410.89,Success,QR Code
TXN000196,15,20,11,1429,1,1,9332.83,Success,UPI ID
TXN000197,104,4,18,893,1,1,17491.95,Success,QR Code
TXN000198,120,5,19,427,1,3,36814.1,Success,QR Code
TXN000199,136,16,6,2030,1,1,60652.21,Success,QR Code
TXN000200,106,19,3,2160,2,4,12799.5,Success,UPI ID
TXN000201,62,7,6,932,1,1,21454.52,Success,QR Code
TXN000202,3,16,4,1855,1,1,65571.52,Success,QR Code
TXN000203,144,12,14,1034,2,1,46491.55,Success,QR Code
TXN000204,81,14,20,1365,2,1,14469.71,Success,QR Code
TXN000205,48,12,3,629,2,1,25929.63,Success,QR Code
TXN000206,76,7,15,1039,2,1,12171.72,Success,Phone Number
TXN000207,146,11,19,832,2,2,43025.49,Success,QR Code
TXN000208,116,4,20,1888,2,1,60577.25,Success,UPI ID
TXN000209,9,16,6,443,2,1,64575.5,Success,QR Code
TXN000210,16,12,15,1372,2,1,23116.37,Success,QR Code
TXN000211,94,2,1,1872,2,1,11648.56,Success,UPI ID
TXN000212,18,10,3,380,2,1,11219.32,Failed,UPI ID
TXN000213,24,4,5,1920,2,1,8807.85,Failed,UPI ID
TXN000214,56,15,1,112,2,1,21658.19,Success,QR Code
TXN000215,88,6,8,1948,2,1,22747.3,Success,QR Code
TXN000216,147,20,2,1447,1,1,8695.26,Success,QR Code
TXN000217,32,15,10,217,2,1,56641.63,Success,QR Code
TXN000218,75,4,9,1237,2,2,11307.29,Success,Phone Number
TXN000219,141,16,6,1319,2,1,72743.28,Success,UPI ID
TXN000220,17,13,6,1297,1,1,53775.45,Success,QR Code
TXN000221,123,3,3,2013,2,1,74723.78,Success,UPI ID
TXN000222,51,1,14,1998,2,2,59206.61,Success,QR Code
TXN000223,78,18,19,1638,1,1,32221.82,Success,QR Code
TXN000224,8,10,13,160,2,2,70001.01,Success,QR Code
TXN000225,85,18,15,1749,2,4,52127.11,Success,QR Code
TXN000226,109,20,4,774,2,1,66203.26,Success,QR Code
TXN000227,78,16,11,485,2,1,49817.49,Success,QR Code
TXN000228,114,18,2,438,2,1,21442.91,Success,UPI ID
TXN000229,122,9,4,1139,2,1,12567.57,Success,UPI ID
TXN000230,35,17,9,2149,2,3,56894.58,Success,Phone Number
TXN000231,5,12,7,593,2,2,36914.97,Success,QR Code
TXN000232,38,15,3,575,2,1,55138.13,Success,UPI ID
TXN000233,140,8,9,1201,2,1,17170.26,Success,UPI ID
TXN000234,32,16,15,1233,2,2,59515.68,Success,QR Code
TXN000235,67,12,2,1359,2,1,5879.59,Success,UPI ID
TXN000236,14,14,14,595,2,1,7105.64,Success,QR Code
TXN000237,57,7,10,4,2,1,74553.46,Success,UPI ID
TXN000238,86,9,7,1522,2,1,69737.09,Success,QR Code
TXN000239,67,5,15,370,2,1,37351.65,Failed,UPI ID
TXN000240,145,11,14,2070,2,1,70871.21,Success,Phone Number
TXN000241,64,5,16,826,2,4,13147.6,Success,QR Code
TXN000242,122,13,1,1475,2,4,50654.64,Failed,QR Code
TXN000243,54,15,9,1990,2,1,59001.6,Success,UPI ID
TXN000244,135,3,10,647,2,1,1824.05,Success,QR Code
TXN000245,130,19,20,373,2,3,72403.58,Success,QR Code
TXN000246,102,10,11,301,2,1,23067.58,Success,QR Code
TXN000247,17,7,5,831,2,1,13775.89,Success,UPI ID
TXN000248,150,9,4,571,2,1,43371.23,Failed,QR Code
TXN000249,45,4,19,1779,2,1,17092.29,Success,QR Code
TXN000250,113,3,13,157,2,3,40732.78,Success,UPI ID
TXN000251,92,6,9,623,2,3,1202.22,Success,QR Code
TXN000252,83,10,4,505,1,2,6351.08,Success,UPI ID
TXN000253,91,14,8,321,1,2,16164.48,Success,UPI ID
TXN000254,12,20,9,1832,2,1,11623.1,Success,UPI ID
TXN000255,103,8,5,1905,2,1,56920.38,Failed,Phone Number
TXN000256,141,16,3,67,2,1,68585.87,Failed,Phone Number
TXN000257,7,18,18,466,2,2,3406.4,Success,Phone Number
TXN000258,144,2,9,1788,2,1,26770.88,Success,Phone Number
TXN000259,147,15,12,627,1,1,65700.29,Success,Phone Number
TXN000260,135,14,13,1985,2,4,50111.58,Success,Phone Number
TXN000261,30,11,11,440,2,1,124.57,Success,QR Code
TXN000262,12,9,13,575,1,1,1016.85,Success,QR Code
TXN000263,49,13,8,1650,2,1,69355.9,Success,Phone Number
TXN000264,54,6,3,964,2,1,22650.23,Success,QR Code
TXN000265,78,12,7,404,2,4,51461.22,Success,Phone Number
TXN000266,118,5,14,742,1,1,28376.58,Success,UPI ID
TXN000267,48,12,7,1667,2,1,66260.8,Success,UPI ID
TXN000268,58,16,4,2138,2,1,47887.33,Success,QR Code
TXN000269,43,2,16,78,1,1,67300.84,Success,UPI ID
TXN000270,85,5,3,333,2,1,42039.38,Success,QR Code
TXN000271,122,6,6,1340,2,1,68770.53,Success,UPI ID
TXN000272,19,20,14,336,2,1,66634.43,Success,UPI ID
TXN000273,43,4,2,1091,2,1,31806.08,Failed,QR Code
TXN000274,80,1,18,1354,2,4,64497.78,Failed,QR Code
TXN000275,56,2,20,960,2,1,46308.87,Success,Phone Number
TXN000276,66,10,4,293,2,2,19187.03,Success,Phone Number
TXN000277,107,13,6,1840,1,1,8368.73,Success,UPI ID
TXN000278,39,8,12,1519,2,1,12724.79,Success,Phone Number
TXN000279,30,19,19,62,1,4,74455.39,Success,QR Code
TXN000280,119,9,10,360,2,1,60381.4,Failed,UPI ID
TXN000281,39,9,19,1148,2,1,60444.74,Success,QR Code
TXN000282,84,15,16,1504,2,1,43897.61,Success,Phone Number
TXN000283,35,18,1,1541,1,1,2623.77,Success,UPI ID
TXN000284,74,5,14,939,2,1,34593.66,Success,UPI ID
TXN000285,26,19,1,1021,2,1,12612.55,Success,UPI ID
TXN000286,149,6,10,2045,1,1,18171.15,Success,UPI ID
TXN000287,13,19,14,956,2,4,26316.57,Failed,QR Code
TXN000288,16,15,12,1745,2,1,60091.71,Success,QR Code
TXN000289,91,2,4,859,1,3,1811.84,Success,Phone Number
TXN000290,101,14,9,707,2,1,48143.56,Success,QR Code
TXN000291,22,18,3,1084,2,1,73658.13,Success,UPI ID
TXN000292,39,9,6,734,1,1,48590.26,Success,QR Code
TXN000293,146,7,6,484,2,1,45803.28,Success,QR Code
TXN000294,114,13,9,1774,2,1,20148.74,Success,QR Code
TXN000295,13,2,16,689,1,1,43865.54,Success,QR Code
TXN000296,65,4,7,1827,2,1,10284.26,Success,QR Code
TXN000297,38,13,16,1107,1,1,39003.91,Success,QR Code
TXN000298,66,4,8,784,1,1,53195.68,Success,QR Code
TXN000299,44,9,3,1895,2,1,12161.04,Success,QR Code
TXN000300,73,3,17,848,2,2,59958.59,Success,QR Code
TXN000301,94,10,12,437,1,1,624.66,Success,UPI ID
TXN000302,128,3,9,1649,1,4,34244.25,Success,Phone Number
TXN000303,69,9,12,791,2,1,21088.87,Success,UPI ID
TXN000304,6,16,20,167,2,1,22198.22,Success,QR Code
TXN000305,8,6,2,418,1,2,30174.93,Success,QR Code
TXN000306,25,4,13,1710,2,1,71345.81,Success,Phone Number
TXN000307,95,18,13,144,1,1,51385.99,Success,QR Code
TXN000308,144,3,15,1089,2,1,25903.31,Success,QR Code
TXN000309,119,15,6,13,1,1,7761.14,Success,QR Code
TXN000310,54,18,13,202,1,1,29215.83,Success,QR Code
TXN000311,146,12,6,1312,2,1,58001.87,Failed,UPI ID
TXN000312,90,8,8,1092,1,3,49722.56,Success,QR Code
TXN000313,123,6,8,581,2,1,46894.64,Success,QR Code
TXN000314,144,15,5,1223,2,1,19440.25,Failed,Phone Number
TXN000315,144,1,16,302,2,1,66259.98,Success,QR Code
TXN000316,113,5,5,2062,2,3,7913.98,Success,QR Code
TXN000317,7,6,10,688,2,1,63374.99,Success,Phone Number
TXN000318,141,12,1,863,2,2,52052.35,Success,Phone Number
TXN000319,29,10,12,1528,2,1,66429.53,Success,QR Code
TXN000320,137,9,8,45,2,1,53068.63,Success,UPI ID
TXN000321,11,4,13,700,2,2,72110.45,Success,Phone Number
TXN000322,127,14,17,77,1,1,27485.56,Success,QR Code
TXN000323,106,2,5,597,1,1,35598.65,Success,UPI ID
TXN000324,56,8,15,115,2,3,35056.76,Success,UPI ID
TXN000325,96,8,12,288,2,1,69240.69,Success,UPI ID
TXN000326,128,17,2,1909,1,1,8135.89,Success,Phone Number
TXN000327,139,20,10,695,2,1,5203.23,Success,UPI ID
TXN000328,106,2,7,688,2,1,29111.47,Failed,UPI ID
TXN000329,28,2,2,1201,1,1,74278.57,Success,UPI ID
TXN000330,81,13,9,647,2,1,31971.37,Success,QR Code
TXN000331,98,9,9,568,2,1,1093.85,Success,UPI ID
TXN000332,78,1,6,1732,1,3,4005.15,Success,Phone Number
TXN000333,97,16,20,941,2,1,50864.78,Success,QR Code
TXN000334,140,17,3,1091,2,1,30165.25,Success,QR Code
TXN000335,111,20,5,1164,2,1,61205.56,Success,QR Code
TXN000336,14,11,6,141,1,1,33250.52,Success,QR Code
TXN000337,126,8,18,1010,2,1,28747.33,Success,UPI ID
TXN000338,95,10,5,1917,2,1,17904.52,Success,QR Code
TXN000339,13,1,16,215,2,1,14053.47,Success,QR Code
TXN000340,122,11,7,1529,2,1,74252.25,Success,QR Code
TXN000341,106,14,10,856,1,1,45156.36,Success,UPI ID
TXN000342,124,1,16,516,2,1,16171.63,Success,QR Code
TXN000343,48,15,9,1934,2,1,39006.35,Failed,QR Code
TXN000344,61,12,9,1045,1,1,14630.32,Success,QR Code
TXN000345,38,19,6,1277,2,1,30349.84,Failed,Phone Number
TXN000346,7,11,8,1690,1,2,15341.35,Success,QR Code
TXN000347,104,2,15,654,2,1,27168.71,Success,QR Code
TXN000348,132,6,4,571,2,1,28163.57,Success,Phone Number
TXN000349,40,19,6,199,2,3,7862.6,Success,QR Code
TXN000350,138,10,19,1409,2,3,60764.51,Success,Phone Number
TXN000351,64,3,7,50,1,1,73053.81,Failed,UPI ID
TXN000352,127,17,6,1719,1,1,19247.41,Success,QR Code
TXN000353,121,2,8,1090,2,2,30245.43,Success,Phone Number
TXN000354,49,13,14,1311,2,1,74583.96,Success,QR Code
TXN000355,95,14,20,653,1,1,71489.66,Success,UPI ID
TXN000356,76,11,10,639,2,1,63626.13,Success,Phone Number
TXN000357,96,12,11,1313,1,1,12923.03,Success,Phone Number
TXN000358,11,4,4,307,1,1,22978.37,Success,UPI ID
TXN000359,129,15,10,2177,1,3,71761.64,Success,UPI ID
TXN000360,12,3,4,1563,1,1,298.33,Success,UPI ID
TXN000361,37,8,9,979,2,1,25015.79,Success,Phone Number
TXN000362,47,7,14,26,2,2,14437.45,Success,QR Code
TXN000363,129,11,12,1320,2,1,17501.75,Success,QR Code
TXN000364,62,10,9,138,2,2,3570.3,Success,Phone Number
TXN000365,129,9,16,1269,1,3,68874.08,Success,Phone Number
TXN000366,144,11,6,247,2,1,59147.11,Success,Phone Number
TXN000367,81,16,11,1441,1,1,44763.91,Success,QR Code
TXN000368,115,7,11,1929,2,1,19220.73,Success,UPI ID
TXN000369,39,12,2,850,2,1,3994.16,Success,QR Code
TXN000370,144,18,10,1742,2,1,14188.96,Success,UPI ID
TXN000371,150,11,1,1611,2,1,45208.08,Success,QR Code
TXN000372,51,13,13,1268,2,3,46809.72,Success,QR Code
TXN000373,99,13,9,1235,2,2,20661.54,Failed,UPI ID
TXN000374,47,7,7,1053,1,1,1468.05,Success,QR Code
TXN000375,31,8,13,32,2,1,7808.36,Success,QR Code
TXN000376,70,13,7,2094,1,1,25728.93,Success,QR Code
TXN000377,94,15,4,1341,2,1,6981.03,Success,UPI ID
TXN000378,48,1,3,1210,1,1,8569.59,Success,Phone Number
TXN000379,137,5,3,1967,2,1,18532.79,Success,Phone Number
TXN000380,66,1,2,1572,2,2,61633.75,Failed,Phone Number
TXN000381,64,12,8,575,2,1,26378.61,Failed,UPI ID
TXN000382,94,3,9,1988,2,1,57061.81,Success,UPI ID
TXN000383,99,14,12,1722,2,1,57649.81,Success,QR Code
TXN000384,32,4,3,1866,2,1,3062.78,Success,UPI ID
TXN000385,15,6,2,240,2,2,67620.0,Success,Phone Number
TXN000386,34,5,7,2146,2,1,72262.85,Failed,QR Code
TXN000387,24,7,7,1679,2,1,72625.91,Success,Phone Number
TXN000388,49,18,14,1970,2,1,47559.36,Success,QR Code
TXN000389,125,14,10,333,2,1,4784.54,Success,UPI ID
TXN000390,58,18,9,2163,1,1,2325.08,Success,Phone Number
TXN000391,145,17,9,1033,2,1,70049.14,Success,QR Code
TXN000392,132,6,12,870,2,1,66578.07,Success,QR Code
TXN000393,22,17,6,1039,1,1,42795.81,Success,QR Code
TXN000394,41,18,12,391,2,1,6491.94,Success,UPI ID
TXN000395,55,2,16,441,2,3,10664.09,Success,UPI ID
TXN000396,147,7,11,1706,2,1,31711.43,Success,UPI ID
TXN000397,64,19,1,445,1,1,13267.18,Success,UPI ID
TXN000398,117,14,1,1666,1,3,70819.15,Failed,QR Code
TXN000399,97,15,15,1970,2,2,34689.37,Success,Phone Number
TXN000400,17,11,19,812,2,1,53255.09,Success,QR Code
TXN000401,18,18,15,517,2,1,49937.53,Success,QR Code
TXN000402,118,11,17,1351,1,1,55523.93,Success,Phone Number
TXN000403,128,1,17,1833,2,1,60822.66,Success,QR Code
TXN000404,81,15,14,1297,2,2,34284.33,Success,Phone Number
TXN000405,72,7,14,1069,2,1,59420.9,Success,QR Code
TXN000406,22,6,15,670,2,1,62976.88,Success,UPI ID
TXN000407,16,6,16,298,1,1,17184.4,Success,Phone Number
TXN000408,9,16,4,1944,2,4,25036.99,Success,QR Code
TXN000409,57,15,2,1115,1,1,60633.05,Success,QR Code
TXN000410,70,4,19,974,1,1,72640.87,Success,Phone Number
TXN000411,27,6,6,1175,2,1,38770.07,Success,UPI ID
TXN000412,92,7,6,696,1,1,20823.28,Success,Phone Number
TXN000413,64,11,6,895,2,2,56113.8,Success,UPI ID
TXN000414,110,5,17,1905,2,1,30572.31,Success,QR Code
TXN000415,140,19,6,1236,2,1,64718.21,Success,Phone Number
TXN000416,147,5,20,111,2,4,2065.08,Success,Phone Number
TXN000417,130,13,13,496,1,1,53033.74,Success,UPI ID
TXN000418,88,16,3,2052,2,1,60976.25,Failed,QR Code
TXN000419,17,18,12,1401,2,1,42250.41,Success,UPI ID
TXN000420,32,3,14,1357,2,2,67846.54,Success,QR Code
TXN000421,136,5,2,1318,2,1,68373.3,Success,QR Code
TXN000422,65,18,8,861,2,1,59379.69,Success,QR Code
TXN000423,24,20,7,1166,2,1,70324.58,Success,QR Code
TXN000424,65,6,10,966,1,3,42843.88,Success,QR Code
TXN000425,38,2,18,1466,2,2,15936.98,Failed,UPI ID
TXN000426,92,2,4,1906,2,1,36480.85,Success,UPI ID
TXN000427,16,11,3,449,1,1,58659.73,Success,QR Code
TXN000428,132,3,18,1388,2,3,23668.37,Success,UPI ID
TXN000429,80,5,10,1979,1,1,45507.01,Success,QR Code
TXN000430,88,6,1,454,2,1,50901.19,Success,QR Code
TXN000431,115,18,11,631,2,2,42804.8,Success,UPI ID
TXN000432,32,19,2,1111,1,1,66192.37,Success,UPI ID
TXN000433,127,17,19,1291,2,1,69408.82,Success,QR Code
TXN000434,9,12,2,951,2,1,32861.48,Success,QR Code
TXN000435,96,3,4,1325,1,4,48593.93,Success,QR Code
TXN000436,50,7,14,970,2,1,62233.72,Success,Phone Number
TXN000437,5,20,5,1274,2,1,10316.18,Success,QR Code
TXN000438,36,5,11,1536,2,2,13410.65,Success,Phone Number
TXN000439,107,14,8,267,2,1,5797.21,Success,QR Code
TXN000440,13,7,13,1319,2,2,29502.24,Failed,UPI ID
TXN000441,94,4,14,640,1,1,56568.68,Success,QR Code
TXN000442,48,11,1,1714,1,1,65480.07,Success,UPI ID
TXN000443,11,4,13,706,1,1,70663.17,Success,QR Code
TXN000444,37,8,10,1421,2,1,11139.64,Success,QR Code
TXN000445,34,7,14,454,2,1,48831.04,Success,QR Code
TXN000446,55,6,4,2167,1,1,23422.47,Failed,UPI ID
TXN000447,72,6,19,838,2,1,6894.93,Success,Phone Number
TXN000448,90,10,14,2131,2,2,72148.69,Failed,QR Code
TXN000449,25,8,6,268,2,1,18874.58,Failed,Phone Number
TXN000450,69,11,17,938,2,2,54064.89,Success,Phone Number
TXN000451,16,20,14,840,2,1,45099.51,Success,Phone Number
TXN000452,26,17,13,547,2,1,54221.31,Success,Phone Number
TXN000453,11,2,5,742,2,1,71328.54,Failed,Phone Number
TXN000454,106,9,17,435,2,1,4703.89,Success,UPI ID
TXN000455,120,8,18,921,2,2,22794.87,Success,QR Code
TXN000456,15,8,12,424,2,1,3418.23,Success,QR Code
TXN000457,31,9,7,1237,2,1,61738.5,Success,UPI ID
TXN000458,123,9,7,2172,2,1,48023.07,Success,QR Code
TXN000459,131,9,4,270,1,1,73934.38,Success,UPI ID
TXN000460,111,18,17,1646,2,1,39166.24,Success,UPI ID
TXN000461,34,17,2,1323,2,1,528.89,Success,Phone Number
TXN000462,54,11,2,1899,2,1,57234.38,Success,QR Code
TXN000463,62,16,19,1507,1,1,41793.82,Success,QR Code
TXN000464,109,15,15,1984,2,1,65887.16,Success,QR Code
TXN000465,58,5,14,826,2,1,62791.32,Success,QR Code
TXN000466,132,3,7,1040,1,1,37329.75,Success,QR Code
TXN000467,148,4,6,1943,1,2,10314.13,Success,QR Code
TXN000468,62,9,2,779,2,1,40296.94,Success,UPI ID
TXN000469,130,2,15,1651,2,1,11816.21,Success,QR Code
TXN000470,58,19,17,1219,1,1,66882.54,Success,Phone Number
TXN000471,144,6,13,412,2,4,31090.29,Success,Phone Number
TXN000472,142,11,13,1839,2,1,3623.34,Success,UPI ID
TXN000473,88,3,8,549,1,1,37872.8,Success,QR Code
TXN000474,63,8,14,150,1,1,9897.75,Success,UPI ID
TXN000475,73,20,5,1486,1,4,34245.11,Success,Phone Number
TXN000476,18,12,5,205,2,2,57558.57,Success,UPI ID
TXN000477,44,16,5,357,2,1,67329.99,Success,QR Code
TXN000478,125,5,4,1261,2,2,66287.4,Success,QR Code
TXN000479,88,4,19,1984,2,1,60394.52,Success,QR Code
TXN000480,114,9,5,1895,1,1,50258.23,Success,UPI ID
TXN000481,51,14,8,664,1,4,14791.59,Failed,QR Code
TXN000482,106,2,18,1275,1,1,62218.3,Success,UPI ID
TXN000483,142,11,11,134,2,1,70357.58,Success,QR Code
TXN000484,99,8,3,1980,2,1,10812.37,Failed,Phone Number
TXN000485,51,2,8,462,2,1,66371.1,Success,Phone Number
TXN000486,16,13,8,2107,2,2,65569.18,Success,QR Code
TXN000487,84,15,5,682,1,1,41025.83,Failed,UPI ID
TXN000488,98,9,10,324,1,1,74271.56,Success,UPI ID
TXN000489,126,4,2,865,2,3,32362.63,Success,UPI ID
TXN000490,115,5,7,1990,2,1,65749.07,Success,QR Code
TXN000491,62,4,9,1452,2,1,21600.11,Success,UPI ID
TXN000492,92,8,2,168,2,1,11961.04,Success,Phone Number
TXN000493,2,1,17,1839,1,1,62885.07,Success,Phone Number
TXN000494,142,3,7,370,2,1,74256.32,Success,QR Code
TXN000495,139,2,2,1170,2,1,16794.64,Success,UPI ID
TXN000496,52,6,13,925,2,1,52577.55,Success,Phone Number
TXN000497,146,17,12,723,2,1,22553.44,Failed,QR Code
TXN000498,77,12,13,371,2,4,47172.84,Success,UPI ID
TXN000499,12,20,20,916,2,1,16849.82,Success,UPI ID
TXN000500,36,11,14,2179,2,1,37236.75,Success,QR Code
TXN000501,36,14,2,910,2,1,10216.78,Success,QR Code
TXN000502,84,15,2,237,2,1,11050.16,Success,QR Code
TXN000503,129,11,1,1285,2,1,49267.37,Success,UPI ID
TXN000504,59,2,7,1459,1,1,41897.78,Success,UPI ID
TXN000505,25,12,16,88,2,4,62761.81,Success,UPI ID
TXN000506,107,4,14,1495,2,1,48055.87,Success,UPI ID
TXN000507,121,1,4,1698,2,1,50872.25,Failed,UPI ID
TXN000508,79,1,10,1657,2,1,61125.33,Success,QR Code
TXN000509,28,18,8,987,2,1,53937.23,Success,UPI ID
TXN000510,109,4,18,779,2,2,12936.19,Success,UPI ID
TXN000511,28,4,13,1722,2,1,15439.46,Success,QR Code
TXN000512,22,1,11,775,2,1,11522.42,Success,UPI ID
TXN000513,108,3,9,1394,1,1,11005.98,Success,Phone Number
TXN000514,63,17,19,246,2,1,66820.55,Success,QR Code
TXN000515,43,17,14,1010,2,2,54048.14,Success,QR Code
TXN000516,132,6,9,1976,1,1,26575.5,Success,UPI ID
TXN000517,139,7,13,1317,2,1,74564.46,Success,Phone Number
TXN000518,150,1,3,1927,2,2,44325.06,Success,Phone Number
TXN000519,17,5,3,1669,2,1,56799.74,Success,QR Code
TXN000520,77,16,4,2167,2,1,66470.41,Success,Phone Number
TXN000521,127,5,4,1560,2,1,8890.32,Success,UPI ID
TXN000522,87,11,20,654,2,1,72135.52,Success,UPI ID
TXN000523,21,3,15,1730,2,2,63428.58,Success,Phone Number
TXN000524,45,4,19,1193,2,1,73821.29,Success,UPI ID
TXN000525,31,4,3,224,2,1,55542.64,Success,QR Code
TXN000526,97,16,12,2191,2,2,44479.07,Success,QR Code
TXN000527,37,3,12,691,2,1,62108.12,Success,QR Code
TXN000528,146,10,4,1135,2,1,71058.16,Success,UPI ID
TXN000529,90,15,14,2027,2,2,19092.82,Success,QR Code
TXN000530,128,16,1,365,2,4,32392.38,Success,QR Code
TXN000531,35,11,17,398,1,4,28195.56,Success,Phone Number
TXN000532,94,20,4,304,2,1,32883.62,Success,Phone Number
TXN000533,30,8,4,1417,1,1,33071.63,Success,Phone Number
TXN000534,12,9,1,647,2,4,33782.64,Success,QR Code
TXN000535,99,9,3,1402,2,1,11482.14,Success,QR Code
TXN000536,65,15,19,2068,2,1,13089.57,Success,Phone Number
TXN000537,141,1,14,1635,2,1,21578.49,Success,QR Code
TXN000538,18,16,13,826,2,1,21856.25,Success,UPI ID
TXN000539,46,3,15,427,1,2,43372.6,Success,Phone Number
TXN000540,133,7,8,1719,2,1,16525.68,Failed,Phone Number
TXN000541,145,5,15,815,1,4,16099.04,Success,Phone Number
TXN000542,148,5,13,433,2,2,17722.58,Success,UPI ID
TXN000543,17,1,2,534,2,4,57962.9,Success,UPI ID
TXN000544,81,3,5,297,2,1,50387.9,Success,QR Code
TXN000545,35,1,11,387,2,1,36053.59,Success,QR Code
TXN000546,94,9,8,981,2,1,21937.35,Success,QR Code
TXN000547,87,14,6,234,2,1,697.92,Failed,Phone Number
TXN000548,32,13,5,1112,2,1,27046.99,Failed,QR Code
TXN000549,21,14,1,896,1,1,52035.44,Success,QR Code
TXN000550,77,18,6,1934,1,1,64446.66,Failed,QR Code
TXN000551,149,17,4,1394,1,1,20629.03,Failed,QR Code
TXN000552,17,18,16,535,2,1,51845.37,Success,UPI ID
TXN000553,51,20,17,1,2,2,67769.26,Success,UPI ID
TXN000554,106,9,1,1539,2,1,68475.36,Success,Phone Number
TXN000555,59,9,6,1629,2,1,56703.6,Failed,QR Code
TXN000556,97,5,8,1977,2,1,63925.98,Failed,QR Code
TXN000557,24,14,13,1865,2,1,6413.04,Success,UPI ID
TXN000558,78,4,1,1389,2,1,67535.08,Success,UPI ID
TXN000559,127,17,20,1147,1,1,67047.51,Success,UPI ID
TXN000560,116,6,7,1678,1,1,63429.74,Success,Phone Number
TXN000561,57,2,11,166,1,1,8599.8,Success,QR Code
TXN000562,20,6,20,1670,1,4,30096.98,Success,QR Code
TXN000563,85,2,12,2174,1,1,26796.32,Failed,QR Code
TXN000564,56,15,14,2048,1,1,37677.93,Success,Phone Number
TXN000565,86,7,3,1354,1,1,65110.5,Success,QR Code
TXN000566,2,16,16,1292,2,1,458.14,Success,QR Code
TXN000567,127,12,15,882,2,3,73286.66,Success,UPI ID
TXN000568,6,19,8,1436,1,1,38001.42,Success,QR Code
TXN000569,43,5,1,885,2,1,36423.22,Success,UPI ID
TXN000570,13,16,8,802,1,1,16689.87,Success,UPI ID
TXN000571,149,9,2,961,2,1,65769.28,Success,QR Code
TXN000572,8,9,18,389,1,1,51234.2,Success,QR Code
TXN000573,94,10,1,1426,2,2,74662.99,Success,QR Code
TXN000574,93,6,19,1866,1,1,58123.92,Success,QR Code
TXN000575,88,12,5,1541,2,1,8204.47,Success,UPI ID
TXN000576,60,6,3,53,2,3,50.14,Success,QR Code
TXN000577,106,1,8,2130,2,1,43023.87,Success,Phone Number
TXN000578,69,10,6,1843,2,1,32614.51,Success,UPI ID
TXN000579,145,12,9,2106,2,1,11874.35,Success,QR Code
TXN000580,76,13,14,1292,2,1,24509.21,Success,Phone Number
TXN000581,88,8,13,1126,2,2,34895.31,Success,QR Code
TXN000582,67,13,20,1774,2,1,70070.93,Success,UPI ID
TXN000583,92,14,1,1223,1,3,64804.92,Success,UPI ID
TXN000584,116,19,10,718,1,1,66671.1,Success,UPI ID
TXN000585,88,5,1,279,1,1,58561.78,Success,UPI ID
TXN000586,56,16,11,251,1,3,36151.74,Success,Phone Number
TXN000587,14,11,5,1677,2,1,74040.49,Success,QR Code
TXN000588,125,18,2,105,1,2,44113.24,Success,UPI ID
TXN000589,48,9,10,20,1,1,58120.78,Success,QR Code
TXN000590,32,4,20,105,2,1,36080.78,Success,QR Code
TXN000591,38,1,5,1718,1,1,59101.21,Success,Phone Number
TXN000592,33,19,20,1975,1,3,53404.5,Success,UPI ID
TXN000593,49,14,15,1342,2,1,1259.25,Failed,Phone Number
TXN000594,70,14,16,1979,2,1,63908.53,Failed,UPI ID
TXN000595,92,7,12,938,2,2,5677.63,Success,Phone Number
TXN000596,4,6,5,362,2,1,24194.51,Success,UPI ID
TXN000597,74,17,1,1278,2,2,43570.14,Success,UPI ID
TXN000598,69,14,9,277,1,1,37782.18,Success,QR Code
TXN000599,85,8,19,755,2,1,18998.67,Success,UPI ID
TXN000600,74,4,17,737,2,1,9955.73,Failed,QR Code
TXN000601,76,18,7,993,2,1,20823.9,Success,Phone Number
TXN000602,150,7,14,878,2,1,20831.48,Success,QR Code
TXN000603,31,20,10,803,2,1,25624.27,Success,QR Code
TXN000604,6,9,17,1399,1,1,39105.36,Success,UPI ID
TXN000605,82,10,16,268,2,1,53786.96,Success,QR Code
TXN000606,128,7,20,1323,2,1,65651.32,Failed,UPI ID
TXN000607,71,18,8,1878,2,1,44142.78,Success,Phone Number
TXN000608,29,15,2,1415,2,1,50691.08,Success,UPI ID
TXN000609,70,16,5,371,2,1,41028.11,Success,QR Code
TXN000610,32,17,9,478,2,2,31193.85,Success,QR Code
TXN000611,65,14,1,1259,2,1,72381.33,Success,QR Code
TXN000612,41,5,12,1042,2,1,54563.39,Success,QR Code
TXN000613,120,16,8,1676,2,1,2581.56,Success,UPI ID
TXN000614,18,15,18,1212,2,2,5437.58,Success,QR Code
TXN000615,80,1,5,1279,1,3,7870.15,Success,UPI ID
TXN000616,56,9,1,2117,2,1,27147.89,Success,QR Code
TXN000617,5,9,3,895,2,2,1810.31,Success,QR Code
TXN000618,48,19,20,1824,1,1,64836.68,Success,QR Code
TXN000619,85,13,15,682,2,1,56429.64,Success,UPI ID
TXN000620,75,4,5,1371,1,4,33852.31,Success,UPI ID
TXN000621,149,11,18,1917,2,1,61563.27,Failed,Phone Number
TXN000622,42,15,12,1126,1,1,59604.4,Success,Phone Number
TXN000623,54,17,7,2023,1,1,44337.63,Success,Phone Number
TXN000624,26,1,6,9,1,1,41131.84,Success,UPI ID
TXN000625,116,20,17,137,1,1,57770.7,Success,UPI ID
TXN000626,107,5,6,1172,2,1,13629.36,Success,QR Code
TXN000627,25,20,1,1022,1,3,10023.47,Success,UPI ID
TXN000628,37,3,4,1330,1,1,22061.78,Success,UPI ID
TXN000629,147,14,17,292,1,1,58099.54,Success,QR Code
TXN000630,25,19,17,1135,2,1,33854.21,Success,QR Code
TXN000631,56,4,9,72,2,3,12965.15,Success,Phone Number
TXN000632,71,7,17,814,1,1,37403.17,Success,Phone Number
TXN000633,83,11,8,340,2,1,38305.48,Success,UPI ID
TXN000634,69,5,11,859,1,1,12025.39,Success,QR Code
TXN000635,94,9,14,212,2,1,17442.82,Success,UPI ID
TXN000636,108,17,17,591,2,1,6120.41,Success,UPI ID
TXN000637,39,20,10,1177,1,1,35679.62,Success,UPI ID
TXN000638,69,19,14,1504,1,2,56800.42,Success,UPI ID
TXN000639,35,17,6,972,2,4,46832.45,Failed,UPI ID
TXN000640,30,12,15,524,2,1,62233.02,Success,UPI ID
TXN000641,115,16,7,695,2,1,5111.46,Success,UPI ID
TXN000642,14,11,16,212,1,1,70011.1,Success,QR Code
TXN000643,143,12,11,2024,2,4,19797.91,Failed,UPI ID
TXN000644,108,12,15,273,2,1,66241.97,Success,QR Code
TXN000645,124,2,9,1266,2,1,28483.27,Success,Phone Number
TXN000646,18,6,15,1093,2,1,3060.7,Success,QR Code
TXN000647,136,13,10,1118,1,1,10586.85,Success,UPI ID
TXN000648,14,19,4,846,2,4,67457.16,Failed,QR Code
TXN000649,25,18,5,673,2,1,55013.28,Success,QR Code
TXN000650,77,1,20,227,2,1,47810.45,Success,UPI ID
TXN000651,100,2,19,20,2,1,33152.79,Success,Phone Number
TXN000652,129,3,8,386,2,1,68825.53,Success,UPI ID
TXN000653,110,10,12,528,2,3,56477.03,Success,UPI ID
TXN000654,32,16,20,3,1,3,57302.36,Success,Phone Number
TXN000655,7,17,12,565,2,1,57480.71,Success,UPI ID
TXN000656,77,11,3,1803,2,1,69637.23,Success,QR Code
TXN000657,38,6,10,528,2,3,27849.85,Success,QR Code
TXN000658,121,11,10,910,2,1,33013.83,Success,UPI ID
TXN000659,99,9,3,1272,2,2,49532.1,Success,QR Code
TXN000660,58,6,9,867,2,1,67748.98,Success,QR Code
TXN000661,117,4,6,195,2,1,60358.59,Success,UPI ID
TXN000662,70,1,12,987,2,1,44268.06,Failed,UPI ID
TXN000663,19,8,19,552,2,1,35578.52,Success,Phone Number
TXN000664,14,3,12,1965,1,1,40447.07,Success,UPI ID
TXN000665,81,10,4,1877,2,4,35739.36,Success,UPI ID
TXN000666,56,5,1,2119,2,1,8948.61,Success,QR Code
TXN000667,87,7,8,2011,2,1,22745.67,Success,QR Code
TXN000668,39,12,12,1780,2,1,58470.8,Success,Phone Number
TXN000669,9,18,5,1767,2,3,23326.05,Success,QR Code
TXN000670,131,14,16,1148,1,4,67345.98,Success,UPI ID
TXN000671,105,14,2,424,2,1,61885.92,Success,Phone Number
TXN000672,70,13,8,117,2,1,21322.31,Success,Phone Number
TXN000673,52,10,12,2116,1,1,27166.5,Success,QR Code
TXN000674,110,14,20,1196,2,1,29816.68,Success,QR Code
TXN000675,92,7,17,563,1,1,54644.96,Success,QR Code
TXN000676,106,3,1,571,2,1,46973.35,Failed,Phone Number
TXN000677,115,3,1,293,2,2,2469.75,Success,UPI ID
TXN000678,56,19,8,899,2,3,72524.74,Success,Phone Number
TXN000679,118,9,5,1204,2,2,66346.82,Success,UPI ID
TXN000680,144,8,10,1025,2,1,59011.78,Success,UPI ID
TXN000681,8,2,14,2156,2,3,322.36,Success,QR Code
TXN000682,3,15,8,1486,2,1,21167.54,Success,QR Code
TXN000683,48,19,4,615,2,2,30907.81,Success,Phone Number
TXN000684,4,11,11,2192,2,2,64859.52,Success,QR Code
TXN000685,71,1,5,127,1,2,37558.69,Success,UPI ID
TXN000686,133,1,18,2075,2,1,34682.29,Success,UPI ID
TXN000687,67,3,13,1606,2,1,72222.82,Success,QR Code
TXN000688,118,6,17,1760,2,1,12622.68,Failed,UPI ID
TXN000689,6,8,10,1194,2,1,18510.85,Success,QR Code
TXN000690,120,15,19,1657,2,1,6647.85,Success,QR Code
TXN000691,43,4,20,243,2,1,32667.48,Success,QR Code
TXN000692,9,13,2,1077,2,1,54347.6,Success,UPI ID
TXN000693,2,16,20,2165,2,1,37066.91,Success,UPI ID
TXN000694,21,1,8,1722,2,4,12050.94,Failed,UPI ID
TXN000695,51,19,20,1147,2,4,38442.35,Success,Phone Number
TXN000696,18,15,13,1781,2,1,66561.15,Failed,QR Code
TXN000697,42,1,12,807,1,1,31436.57,Success,QR Code
TXN000698,143,3,4,1605,1,1,39978.87,Success,QR Code
TXN000699,23,19,12,915,2,1,23017.0,Success,QR Code
TXN000700,118,17,1,287,1,1,56700.86,Success,Phone Number
TXN000701,8,2,10,2170,2,1,36139.95,Failed,QR Code
TXN000702,65,3,19,901,2,2,35660.81,Success,UPI ID
TXN000703,7,20,18,533,1,1,44222.27,Success,QR Code
TXN000704,72,20,10,1993,1,1,59546.37,Success,QR Code
TXN000705,77,7,18,18,2,4,27157.33,Success,UPI ID
TXN000706,29,16,1,1149,2,1,37973.24,Success,UPI ID
TXN000707,116,19,17,187,2,1,57336.45,Success,Phone Number
TXN000708,25,17,9,259,2,2,42785.3,Success,QR Code
TXN000709,16,20,18,797,2,4,47529.38,Success,UPI ID
TXN000710,50,9,17,1819,2,1,56397.17,Success,Phone Number
TXN000711,100,14,10,991,1,2,46369.04,Failed,QR Code
TXN000712,125,7,20,151,2,4,5591.85,Success,UPI ID
TXN000713,105,11,16,1405,2,1,37768.86,Success,QR Code
TXN000714,87,5,8,1997,2,1,20965.9,Failed,UPI ID
TXN000715,109,6,17,669,2,1,51978.81,Success,UPI ID
TXN000716,20,3,17,329,2,1,25751.1,Success,Phone Number
TXN000717,3,13,7,2168,1,1,7191.22,Success,Phone Number
TXN000718,32,12,18,745,2,4,66954.84,Success,UPI ID
TXN000719,115,4,14,2003,2,1,41051.31,Success,Phone Number
TXN000720,24,13,6,170,1,1,36966.32,Success,QR Code
TXN000721,23,5,1,745,2,1,23998.88,Success,QR Code
TXN000722,53,3,3,1681,1,1,7612.71,Success,QR Code
TXN000723,81,4,1,1163,2,1,46918.88,Success,Phone Number
TXN000724,63,19,17,144,1,1,59535.84,Success,UPI ID
TXN000725,136,17,12,2019,1,3,68790.71,Success,UPI ID
TXN000726,136,6,20,1045,2,1,20345.46,Success,UPI ID
TXN000727,96,2,14,1136,2,1,13501.14,Success,Phone Number
TXN000728,29,17,15,320,1,1,20542.71,Success,UPI ID
TXN000729,79,2,9,2087,2,1,60090.28,Success,QR Code
TXN000730,132,4,13,1426,2,2,9741.34,Success,UPI ID
TXN000731,102,1,18,2030,1,1,5438.93,Success,QR Code
TXN000732,98,12,16,714,1,2,49721.07,Failed,UPI ID
TXN000733,110,19,2,16,2,1,15478.97,Success,QR Code
TXN000734,82,2,15,1544,2,2,10035.49,Success,QR Code
TXN000735,147,4,16,1069,2,3,13893.41,Success,UPI ID
TXN000736,120,20,1,1558,2,2,5993.88,Failed,UPI ID
TXN000737,93,8,17,1924,2,1,29533.09,Success,QR Code
TXN000738,82,1,17,1273,2,1,22978.23,Success,QR Code
TXN000739,149,9,12,716,2,1,35153.99,Success,UPI ID
TXN000740,91,3,3,323,2,1,7825.96,Success,Phone Number
TXN000741,109,10,12,242,2,1,3039.59,Success,QR Code
TXN000742,133,4,15,1694,2,3,42442.02,Success,QR Code
TXN000743,103,11,12,1546,2,3,73191.67,Success,Phone Number
TXN000744,77,2,13,751,1,1,62703.18,Success,QR Code
TXN000745,30,17,14,1483,2,3,66989.14,Success,UPI ID
TXN000746,85,13,8,986,2,1,22721.48,Success,QR Code
TXN000747,142,11,8,2178,2,1,12195.39,Success,Phone Number
TXN000748,43,13,17,623,2,1,21094.08,Success,Phone Number
TXN000749,77,4,11,310,2,1,55483.57,Failed,UPI ID
TXN000750,145,20,16,808,2,1,55421.86,Success,UPI ID
TXN000751,32,3,17,1463,1,1,7881.56,Success,UPI ID
TXN000752,11,12,18,508,2,1,45633.28,Success,UPI ID
TXN000753,68,17,16,537,2,2,73191.56,Success,QR Code
TXN000754,135,9,2,957,1,1,48222.22,Success,QR Code
TXN000755,149,14,16,2030,2,1,19809.21,Success,Phone Number
TXN000756,93,11,9,1792,2,1,39964.18,Success,UPI ID
TXN000757,3,13,5,968,1,1,39057.11,Failed,Phone Number
TXN000758,127,15,7,2144,2,1,23916.33,Success,QR Code
TXN000759,20,12,18,2067,2,1,37429.65,Success,QR Code
TXN000760,105,20,14,139,2,1,33949.69,Success,QR Code
TXN000761,112,2,15,1000,2,1,3724.82,Success,QR Code
TXN000762,122,15,15,940,2,1,6330.37,Success,UPI ID
TXN000763,116,3,7,777,2,2,48857.78,Success,QR Code
TXN000764,125,15,14,1451,2,1,44179.9,Failed,UPI ID
TXN000765,44,15,13,1701,1,1,50756.72,Success,UPI ID
TXN000766,118,5,13,776,2,1,16398.18,Success,QR Code
TXN000767,83,2,18,894,2,1,8387.33,Success,UPI ID
TXN000768,87,7,14,1305,2,1,67532.49,Success,UPI ID
TXN000769,38,11,5,833,2,1,553.61,Failed,UPI ID
TXN000770,92,1,14,1485,2,1,48511.77,Failed,UPI ID
TXN000771,17,14,3,1704,2,4,16111.15,Success,QR Code
TXN000772,18,5,7,383,1,1,43228.13,Success,Phone Number
TXN000773,100,7,19,1630,2,2,13624.85,Success,QR Code
TXN000774,3,20,14,384,1,1,14405.35,Success,QR Code
TXN000775,120,4,16,887,2,1,46781.55,Success,UPI ID
TXN000776,111,19,11,1689,2,1,51925.41,Failed,UPI ID
TXN000777,95,4,16,1178,1,1,54050.1,Failed,UPI ID
TXN000778,22,11,20,1194,2,3,6078.5,Success,UPI ID
TXN000779,12,7,1,1455,2,1,31034.06,Success,UPI ID
TXN000780,3,15,16,805,2,1,4951.05,Success,QR Code
TXN000781,108,4,16,1273,2,1,65771.42,Success,QR Code
TXN000782,131,14,8,1673,2,2,66026.15,Failed,Phone Number
TXN000783,111,1,1,1746,2,1,2280.28,Success,Phone Number
TXN000784,58,10,13,1451,2,1,36251.47,Success,UPI ID
TXN000785,52,1,18,868,2,2,67089.7,Success,UPI ID
TXN000786,26,14,6,1287,2,1,68985.3,Success,Phone Number
TXN000787,38,3,14,1633,2,1,6456.65,Success,UPI ID
TXN000788,34,7,3,1018,2,1,21113.35,Success,Phone Number
TXN000789,144,10,2,821,2,1,14118.85,Failed,Phone Number
TXN000790,34,8,11,1504,2,1,64984.42,Success,QR Code
TXN000791,133,18,5,298,2,1,60644.6,Success,QR Code
TXN000792,81,17,14,644,2,1,38154.47,Success,UPI ID
TXN000793,74,12,19,1576,2,1,72548.26,Failed,QR Code
TXN000794,40,13,16,1578,2,1,60107.62,Success,QR Code
TXN000795,55,4,4,2010,2,1,7819.9,Failed,QR Code
TXN000796,135,2,4,266,1,1,48673.85,Success,UPI ID
TXN000797,130,9,2,1693,2,1,13050.78,Success,QR Code
TXN000798,103,15,1,892,2,1,15631.55,Success,Phone Number
TXN000799,22,15,14,1610,2,4,69388.15,Success,Phone Number
TXN000800,80,11,8,397,1,1,9179.82,Success,QR Code
TXN000801,20,11,20,1576,2,1,40867.61,Success,QR Code
TXN000802,10,2,17,1324,2,1,1853.03,Success,Phone Number
TXN000803,33,7,7,26,2,1,19742.94,Success,UPI ID
TXN000804,144,1,18,1370,2,1,53227.2,Success,QR Code
TXN000805,133,16,11,1389,2,1,73091.81,Success,QR Code
TXN000806,65,3,8,1218,2,4,34533.55,Success,QR Code
TXN000807,4,11,14,1394,2,1,66546.72,Success,Phone Number
TXN000808,90,8,1,1205,2,1,56846.69,Success,QR Code
TXN000809,14,18,16,358,1,1,21308.95,Success,QR Code
TXN000810,138,13,7,1741,2,1,69546.82,Success,QR Code
TXN000811,146,6,14,40,2,1,20022.87,Success,QR Code
TXN000812,112,18,15,1788,2,1,53206.42,Success,UPI ID
TXN000813,60,12,13,639,1,1,67131.54,Success,QR Code
TXN000814,16,14,12,1847,1,1,23193.39,Success,UPI ID
TXN000815,37,11,18,675,1,1,42809.89,Success,Phone Number
TXN000816,88,6,16,302,2,1,58932.32,Success,UPI ID
TXN000817,82,18,20,1548,2,1,26430.24,Success,QR Code
TXN000818,42,19,5,326,2,1,17676.67,Success,QR Code
TXN000819,88,4,9,620,2,2,58618.16,Success,QR Code
TXN000820,95,11,17,1253,1,1,71291.16,Success,UPI ID
TXN000821,140,6,14,1135,2,1,60228.37,Success,QR Code
TXN000822,34,14,13,730,2,1,41489.04,Success,UPI ID
TXN000823,94,20,4,1876,2,1,54492.58,Success,QR Code
TXN000824,49,10,17,761,2,1,55816.77,Success,QR Code
TXN000825,133,4,2,1050,2,1,50285.34,Success,UPI ID
TXN000826,49,15,18,1347,2,1,18216.7,Success,Phone Number
TXN000827,46,11,5,376,2,1,73298.29,Failed,Phone Number
TXN000828,150,9,1,1356,2,1,51264.98,Success,QR Code
TXN000829,28,3,11,1726,2,1,55848.05,Success,Phone Number
TXN000830,14,2,18,1802,2,1,23685.97,Failed,UPI ID
TXN000831,150,16,10,115,1,1,68769.37,Success,UPI ID
TXN000832,104,13,18,1922,2,3,41803.98,Success,QR Code
TXN000833,41,4,17,202,1,1,61483.95,Success,Phone Number
TXN000834,32,13,14,896,2,1,3621.63,Success,UPI ID
TXN000835,108,18,2,1851,2,1,65801.15,Success,Phone Number
TXN000836,112,16,9,1255,1,1,52546.14,Success,Phone Number
TXN000837,113,10,9,299,2,1,17778.08,Success,UPI ID
TXN000838,64,15,12,1529,2,2,22656.28,Success,QR Code
TXN000839,118,6,16,183,2,1,69582.56,Success,QR Code
TXN000840,52,7,8,1569,1,1,48753.45,Failed,UPI ID
TXN000841,142,12,8,865,2,1,43442.57,Success,Phone Number
TXN000842,61,20,12,845,2,1,45115.57,Failed,QR Code
TXN000843,4,1,3,31,2,1,73421.97,Success,UPI ID
TXN000844,36,8,14,509,1,4,51291.19,Success,UPI ID
TXN000845,91,12,20,1177,1,1,69738.86,Success,Phone Number
TXN000846,59,10,12,1311,1,4,69571.72,Success,QR Code
TXN000847,148,10,16,1472,2,1,21808.05,Success,UPI ID
TXN000848,109,17,5,1316,2,2,68653.5,Success,QR Code
TXN000849,18,1,20,1286,1,1,47858.34,Success,UPI ID
TXN000850,35,5,18,2131,2,1,41305.66,Success,Phone Number
TXN000851,21,5,16,1758,1,3,58849.69,Success,QR Code
TXN000852,138,8,19,424,2,1,19510.76,Success,QR Code
TXN000853,109,7,16,207,2,1,3461.88,Success,QR Code
TXN000854,41,11,7,728,2,1,2026.37,Success,QR Code
TXN000855,60,13,18,1788,1,1,10784.82,Success,QR Code
TXN000856,89,17,5,1724,1,1,7737.71,Success,QR Code
TXN000857,116,1,20,1026,2,2,31019.25,Success,UPI ID
TXN000858,111,19,7,563,2,1,9790.13,Success,QR Code
TXN000859,27,6,17,1765,2,1,29381.89,Success,QR Code
TXN000860,115,2,20,1079,2,1,74903.08,Success,QR Code
TXN000861,40,13,8,1976,2,1,65592.76,Failed,UPI ID
TXN000862,46,4,5,343,1,1,14141.09,Success,Phone Number
TXN000863,38,3,13,782,1,1,4138.0,Success,QR Code
TXN000864,139,9,6,1931,2,1,56231.67,Success,QR Code
TXN000865,140,4,18,1277,2,1,53380.77,Success,QR Code
TXN000866,85,4,6,654,2,1,57138.24,Failed,UPI ID
TXN000867,24,3,20,639,2,2,45977.15,Success,QR Code
TXN000868,135,8,12,1227,2,1,36432.93,Success,UPI ID
TXN000869,25,20,18,1147,2,4,23352.98,Success,UPI ID
TXN000870,147,3,16,407,2,1,23702.1,Success,QR Code
TXN000871,124,9,15,2182,1,1,28507.97,Success,QR Code
TXN000872,26,11,20,1170,1,1,38486.71,Failed,UPI ID
TXN000873,6,11,5,581,2,1,40903.37,Success,QR Code
TXN000874,68,3,19,804,2,1,42306.61,Success,QR Code
TXN000875,17,3,12,218,2,1,28371.93,Failed,Phone Number
TXN000876,72,15,18,1848,2,1,53507.94,Failed,UPI ID
TXN000877,114,19,11,737,2,1,2575.94,Success,UPI ID
TXN000878,85,14,15,1718,2,1,63239.14,Success,Phone Number
TXN000879,28,16,7,841,2,1,48361.49,Success,UPI ID
TXN000880,149,14,14,567,1,2,51549.74,Success,QR Code
TXN000881,46,15,17,247,2,1,13623.77,Success,UPI ID
TXN000882,20,16,20,1692,1,1,50889.25,Success,QR Code
TXN000883,143,16,6,2026,2,1,9724.7,Success,Phone Number
TXN000884,23,20,12,1335,2,1,54430.91,Failed,QR Code
TXN000885,127,1,12,1530,2,3,17917.91,Success,Phone Number
TXN000886,77,3,7,69,2,1,29450.18,Success,UPI ID
TXN000887,114,14,19,1404,2,1,70373.47,Success,UPI ID
TXN000888,74,13,14,126,2,1,16967.23,Success,QR Code
TXN000889,72,11,18,1965,2,3,28287.78,Success,Phone Number
TXN000890,13,6,11,297,1,4,53184.25,Success,QR Code
TXN000891,78,15,10,18,2,1,16823.29,Success,QR Code
TXN000892,131,8,17,379,2,2,39152.68,Success,QR Code
TXN000893,135,14,19,2034,2,1,17841.99,Success,QR Code
TXN000894,39,1,12,2043,2,1,3995.55,Success,QR Code
TXN000895,25,9,19,1458,2,1,5272.21,Success,QR Code
TXN000896,28,9,5,15,2,4,40289.22,Success,QR Code
TXN000897,55,12,20,296,2,1,39716.71,Success,UPI ID
TXN000898,69,3,13,1844,2,1,30537.73,Success,QR Code
TXN000899,107,7,4,454,2,3,8477.13,Success,Phone Number
TXN000900,42,17,6,1107,2,1,21884.46,Failed,QR Code
TXN000901,125,9,11,284,1,1,10433.91,Failed,QR Code
TXN000902,113,20,19,733,2,1,64361.6,Success,QR Code
TXN000903,25,18,4,1654,2,1,34492.17,Success,UPI ID
TXN000904,82,4,12,326,2,4,26436.74,Failed,UPI ID
TXN000905,26,13,11,914,2,1,13364.73,Success,Phone Number
TXN000906,8,17,12,1609,1,4,21622.63,Failed,UPI ID
TXN000907,145,10,17,117,2,1,62304.48,Success,QR Code
TXN000908,12,3,13,1941,2,1,38801.18,Success,QR Code
TXN000909,150,13,11,1179,2,1,57690.82,Success,UPI ID
TXN000910,7,18,7,2040,2,1,30457.26,Success,UPI ID
TXN000911,26,9,14,191,1,1,51230.92,Success,Phone Number
TXN000912,118,6,15,332,2,1,46962.78,Success,UPI ID
TXN000913,21,10,1,443,2,1,25579.19,Success,QR Code
TXN000914,64,11,5,2083,2,1,15699.56,Success,QR Code
TXN000915,124,6,7,1329,2,3,65210.06,Success,Phone Number
TXN000916,110,1,9,1715,2,1,32808.83,Success,QR Code
TXN000917,90,14,2,1007,2,1,65637.56,Success,UPI ID
TXN000918,40,1,1,862,2,1,7742.47,Success,QR Code
TXN000919,108,16,7,656,2,1,48709.19,Success,QR Code
TXN000920,145,18,2,589,2,1,35879.19,Success,QR Code
TXN000921,83,20,3,814,2,1,39450.02,Success,QR Code
TXN000922,65,18,15,122,1,1,62849.21,Success,QR Code
TXN000923,12,7,17,1884,2,1,42660.74,Success,UPI ID
TXN000924,45,8,9,1390,2,3,74222.82,Success,UPI ID
TXN000925,111,11,3,560,2,1,57105.83,Success,QR Code
TXN000926,30,16,2,934,2,2,49217.05,Success,UPI ID
TXN000927,37,1,19,1661,2,1,14209.73,Success,UPI ID
TXN000928,133,14,16,1911,2,1,5729.24,Success,Phone Number
TXN000929,100,12,18,661,2,1,27049.2,Success,QR Code
TXN000930,89,14,13,1752,2,1,3124.69,Success,Phone Number
TXN000931,127,4,6,450,1,1,7721.41,Success,QR Code
TXN000932,35,1,18,565,2,1,7946.54,Success,QR Code
TXN000933,72,11,20,1589,2,1,35092.52,Success,QR Code
TXN000934,15,10,12,12,2,1,47928.99,Success,QR Code
TXN000935,71,13,4,1922,2,1,53850.6,Success,Phone Number
TXN000936,111,6,3,2004,2,1,64316.88,Failed,Phone Number
TXN000937,141,8,8,500,2,1,35060.55,Success,Phone Number
TXN000938,55,9,13,451,2,4,34371.84,Success,QR Code
TXN000939,147,8,6,1203,2,1,16042.76,Success,Phone Number
TXN000940,89,5,2,498,2,1,23748.09,Success,QR Code
TXN000941,57,4,20,1438,2,1,26277.19,Failed,QR Code
TXN000942,94,19,18,1857,2,1,33985.57,Success,QR Code
TXN000943,69,14,4,246,2,1,71004.77,Success,UPI ID
TXN000944,54,8,1,932,2,1,3341.73,Success,Phone Number
TXN000945,135,3,18,216,2,1,67840.08,Success,UPI ID
TXN000946,107,16,19,1287,2,2,50869.47,Success,QR Code
TXN000947,68,6,8,763,2,1,20029.35,Success,Phone Number
TXN000948,25,7,5,2037,2,1,20395.3,Success,UPI ID
TXN000949,1,20,1,1052,2,1,44160.62,Success,Phone Number
TXN000950,68,18,13,2024,2,1,9959.03,Success,QR Code
TXN000951,94,1,11,475,2,2,20780.02,Success,QR Code
TXN000952,48,4,11,350,1,4,42051.37,Success,QR Code
TXN000953,144,12,16,1941,1,1,4659.08,Success,QR Code
TXN000954,73,17,13,102,2,1,40341.9,Success,UPI ID
TXN000955,69,19,18,957,2,1,52089.89,Success,Phone Number
TXN000956,114,2,20,723,1,1,44392.87,Success,Phone Number
TXN000957,12,11,13,303,1,3,29219.22,Success,Phone Number
TXN000958,45,12,7,2058,2,1,74762.91,Success,UPI ID
TXN000959,135,20,2,1514,2,1,43833.32,Success,UPI ID
TXN000960,59,10,11,260,1,1,37048.66,Success,Phone Number
TXN000961,51,12,18,1133,2,1,8126.9,Success,QR Code
TXN000962,40,17,16,1191,2,1,21342.89,Success,QR Code
TXN000963,72,3,12,1805,2,1,36552.98,Success,Phone Number
TXN000964,92,17,13,633,2,1,43915.97,Success,UPI ID
TXN000965,128,2,8,2172,2,1,73355.77,Success,Phone Number
TXN000966,1,9,15,1605,1,1,47883.47,Success,QR Code
TXN000967,87,18,18,1587,2,1,4466.47,Success,Phone Number
TXN000968,104,9,7,2045,2,1,12605.57,Success,UPI ID
TXN000969,15,17,6,1227,2,1,29096.21,Success,QR Code
TXN000970,92,8,8,2092,1,1,10824.77,Failed,QR Code
TXN000971,48,6,7,1961,1,1,7867.46,Success,QR Code
TXN000972,75,7,16,267,2,1,9972.71,Failed,QR Code
TXN000973,127,19,13,1396,2,1,60037.21,Success,UPI ID
TXN000974,24,4,14,436,1,1,11121.92,Success,QR Code
TXN000975,27,20,17,619,1,3,73272.43,Success,QR Code
TXN000976,5,17,17,938,2,1,44922.49,Success,UPI ID
TXN000977,67,9,16,665,2,3,8497.08,Success,QR Code
TXN000978,117,14,19,2083,1,3,24710.83,Success,QR Code
TXN000979,85,10,16,1539,1,1,17356.26,Success,QR Code
TXN000980,107,10,2,845,2,1,19770.77,Success,UPI ID
TXN000981,121,12,6,2165,2,1,11590.44,Success,QR Code
TXN000982,80,5,6,201,2,1,20813.63,Success,UPI ID
TXN000983,10,15,17,28,2,1,3302.98,Success,Phone Number
TXN000984,79,12,1,1365,2,1,74600.31,Success,UPI ID
TXN000985,50,16,12,2038,2,1,48058.3,Success,QR Code
TXN000986,29,9,18,1203,2,1,45748.54,Success,QR Code
TXN000987,94,20,3,275,2,1,34241.07,Success,QR Code
TXN000988,22,15,4,1900,2,2,13584.29,Success,UPI ID
TXN000989,89,14,2,1138,1,1,21539.18,Success,QR Code
TXN000990,3,20,1,1170,2,1,39525.11,Failed,QR Code
TXN000991,87,7,11,1218,2,1,22340.64,Success,UPI ID
TXN000992,131,17,4,782,2,2,66595.52,Success,QR Code
TXN000993,64,2,8,1768,2,1,62637.35,Success,QR Code
TXN000994,131,3,5,2173,2,1,56346.4,Failed,QR Code
TXN000995,116,17,5,869,2,2,12510.5,Success,QR Code
TXN000996,126,10,3,61,2,1,51479.28,Success,UPI ID
TXN000997,22,5,16,234,2,4,56109.47,Success,QR Code
TXN000998,100,5,11,77,1,1,48356.61,Success,Phone Number
TXN000999,53,11,18,952,2,1,23408.74,Failed,QR Code
TXN001000,6,12,14,1499,2,4,6829.07,Success,Phone Number
TXN001001,43,10,7,261,2,1,47161.8,Success,QR Code
TXN001002,83,11,6,228,2,3,52965.93,Success,QR Code
TXN001003,23,13,6,1053,2,3,44907.27,Success,QR Code
TXN001004,35,12,12,331,2,1,3961.46,Success,UPI ID
TXN001005,49,20,18,76,2,1,7774.9,Success,Phone Number
TXN001006,118,7,9,870,2,1,9340.76,Success,QR Code
TXN001007,138,18,9,664,2,3,70739.15,Success,UPI ID
TXN001008,97,18,10,373,2,1,50025.05,Success,Phone Number
TXN001009,105,7,20,1735,1,1,52428.66,Success,QR Code
TXN001010,5,7,14,1626,2,1,68216.47,Success,QR Code
TXN001011,37,14,5,1707,2,1,54570.0,Success,UPI ID
TXN001012,112,3,7,127,2,1,67700.56,Success,UPI ID
TXN001013,125,6,3,2092,2,1,16989.63,Success,Phone Number
TXN001014,117,1,14,1859,2,1,32381.78,Success,QR Code
TXN001015,107,4,19,404,2,1,47049.26,Success,Phone Number
TXN001016,99,17,6,575,1,1,40510.19,Success,QR Code
TXN001017,118,19,10,970,2,1,8106.12,Success,QR Code
TXN001018,82,19,17,1424,2,1,60069.15,Success,QR Code
TXN001019,137,19,20,1550,2,1,43375.14,Success,QR Code
TXN001020,101,6,20,2071,2,1,25359.51,Failed,UPI ID
TXN001021,47,5,10,894,1,1,73563.45,Success,Phone Number
TXN001022,148,18,10,2164,2,3,37638.76,Success,QR Code
TXN001023,142,19,11,587,2,3,64015.62,Success,QR Code
TXN001024,143,17,15,2131,2,4,37977.77,Success,QR Code
TXN001025,122,15,18,158,2,1,51341.42,Failed,QR Code
TXN001026,135,12,13,2116,2,1,20596.66,Success,Phone Number
TXN001027,108,19,17,1451,1,1,74778.56,Success,Phone Number
TXN001028,10,9,16,722,2,2,48086.77,Success,UPI ID
TXN001029,141,4,18,464,2,1,9640.35,Success,Phone Number
TXN001030,113,10,18,614,1,1,3568.64,Success,Phone Number
TXN001031,76,13,3,2000,2,1,26457.29,Success,QR Code
TXN001032,26,12,1,753,2,1,65577.92,Success,Phone Number
TXN001033,86,1,20,1122,2,1,32183.45,Success,Phone Number
TXN001034,63,5,15,1006,1,4,54638.28,Success,QR Code
TXN001035,150,2,10,60,1,1,18932.91,Success,Phone Number
TXN001036,69,1,3,1227,2,3,35811.28,Success,QR Code
TXN001037,119,3,1,742,1,2,32668.91,Success,QR Code
TXN001038,148,16,6,1900,1,1,3748.07,Success,Phone Number
TXN001039,71,16,4,879,2,1,48726.63,Success,UPI ID
TXN001040,125,19,5,172,1,2,62889.59,Success,UPI ID
TXN001041,34,13,13,394,2,1,6070.51,Success,QR Code
TXN001042,94,17,5,1655,2,1,52543.29,Success,QR Code
TXN001043,40,1,8,221,1,1,24552.14,Success,UPI ID
TXN001044,2,17,3,1328,2,1,65089.52,Success,UPI ID
TXN001045,115,15,10,130,2,3,16018.26,Success,UPI ID
TXN001046,126,5,2,1002,1,1,30857.36,Failed,UPI ID
TXN001047,110,3,5,1325,2,2,12359.6,Success,QR Code
TXN001048,59,11,8,1068,2,1,70625.3,Failed,QR Code
TXN001049,146,11,8,1230,2,1,71532.42,Failed,QR Code
TXN001050,128,1,3,713,2,4,36891.52,Success,QR Code
TXN001051,60,13,5,29,2,1,56458.22,Success,QR Code
TXN001052,130,16,5,1079,2,1,59468.23,Failed,QR Code
TXN001053,81,5,15,1396,1,1,36226.07,Success,UPI ID
TXN001054,27,7,12,117,2,4,11154.88,Success,UPI ID
TXN001055,4,19,12,239,2,4,57554.96,Success,Phone Number
TXN001056,78,5,7,1038,2,1,51260.02,Success,QR Code
TXN001057,21,10,14,1341,2,1,20193.24,Success,QR Code
TXN001058,129,14,11,782,1,1,62577.2,Success,QR Code
TXN001059,48,18,2,2054,2,1,60272.13,Success,QR Code
TXN001060,127,5,1,1811,1,1,34168.75,Success,UPI ID
TXN001061,50,4,13,1247,2,1,61236.92,Success,QR Code
TXN001062,18,11,12,668,1,1,29467.7,Success,UPI ID
TXN001063,87,13,13,841,2,3,56540.76,Success,QR Code
TXN001064,48,1,18,1908,2,1,54661.73,Success,QR Code
TXN001065,108,15,8,861,1,1,35244.74,Success,QR Code
TXN001066,50,5,18,782,2,1,41957.75,Success,QR Code
TXN001067,32,6,8,1369,2,1,70434.79,Success,QR Code
TXN001068,36,15,12,1058,2,1,60457.32,Failed,UPI ID
TXN001069,57,1,18,1419,2,1,12064.52,Success,QR Code
TXN001070,108,8,15,2178,2,1,1448.5,Success,QR Code
TXN001071,140,8,20,1256,2,1,31918.98,Success,QR Code
TXN001072,27,3,3,239,1,1,8252.59,Success,QR Code
TXN001073,101,4,17,915,1,1,30240.98,Failed,UPI ID
TXN001074,3,19,9,1476,1,1,64230.68,Success,UPI ID
TXN001075,17,5,17,2079,2,1,64278.29,Failed,UPI ID
TXN001076,1,14,17,2176,2,1,30013.77,Success,Phone Number
TXN001077,137,12,6,2187,2,1,19407.27,Success,Phone Number
TXN001078,130,2,9,2141,1,1,44458.91,Success,UPI ID
TXN001079,130,12,10,645,1,1,13922.64,Success,QR Code
TXN001080,105,18,12,1592,2,1,3392.02,Success,QR Code
TXN001081,36,17,19,2187,2,1,65661.37,Success,UPI ID
TXN001082,111,15,6,1455,2,2,30583.83,Success,Phone Number
TXN001083,24,4,13,125,2,3,28626.63,Success,QR Code
TXN001084,149,6,19,1771,1,3,40502.75,Success,UPI ID
TXN001085,150,4,9,2035,2,1,14921.13,Failed,Phone Number
TXN001086,113,5,2,1819,1,1,46156.3,Success,Phone Number
TXN001087,44,9,20,786,1,3,52721.17,Success,UPI ID
TXN001088,90,5,14,1734,2,1,36263.09,Failed,QR Code
TXN001089,33,7,10,1953,1,1,62069.41,Success,UPI ID
TXN001090,131,17,1,1202,2,1,38982.05,Success,Phone Number
TXN001091,106,1,5,1197,2,1,70445.35,Success,Phone Number
TXN001092,131,2,3,1432,2,4,17927.31,Success,UPI ID
TXN001093,129,1,11,954,2,3,42090.89,Failed,Phone Number
TXN001094,91,10,10,1124,1,1,69592.5,Success,QR Code
TXN001095,91,10,8,517,2,4,35021.24,Success,QR Code
TXN001096,57,16,10,2132,2,1,56935.71,Success,QR Code
TXN001097,71,11,17,538,2,1,28087.83,Success,QR Code
TXN001098,108,14,18,594,1,3,66157.52,Success,UPI ID
TXN001099,39,13,8,255,1,1,4683.58,Success,QR Code
TXN001100,31,12,7,1003,2,2,60430.63,Success,Phone Number
TXN001101,149,12,1,2143,2,1,44299.56,Success,QR Code
TXN001102,21,20,20,818,2,3,67705.17,Success,UPI ID
TXN001103,21,8,6,1740,2,1,17751.28,Success,UPI ID
TXN001104,10,20,14,1918,1,1,673.08,Success,QR Code
TXN001105,8,13,10,1113,2,1,51927.94,Success,QR Code
TXN001106,104,11,7,311,2,1,30730.25,Success,UPI ID
TXN001107,126,7,2,229,2,1,18483.78,Success,QR Code
TXN001108,101,8,20,1968,1,4,67298.15,Success,QR Code
TXN001109,103,20,18,876,2,1,16332.35,Success,UPI ID
TXN001110,18,1,9,1555,2,1,11555.5,Success,UPI ID
TXN001111,66,18,11,919,2,1,25038.49,Success,UPI ID
TXN001112,136,7,19,776,1,4,1824.26,Success,QR Code
TXN001113,19,12,13,670,1,1,74604.71,Success,Phone Number
TXN001114,30,20,13,1948,1,1,28055.21,Success,QR Code
TXN001115,70,12,11,1485,2,2,66738.39,Success,UPI ID
TXN001116,53,15,7,1752,2,2,27833.13,Success,QR Code
TXN001117,57,5,3,1544,2,2,17725.77,Success,Phone Number
TXN001118,50,20,8,1410,2,1,24287.1,Failed,QR Code
TXN001119,15,17,20,139,1,1,67813.91,Success,UPI ID
TXN001120,22,6,18,1993,2,1,28506.88,Success,QR Code
TXN001121,16,10,18,453,2,1,2958.85,Success,Phone Number
TXN001122,34,6,13,576,2,2,35274.53,Success,Phone Number
TXN001123,112,8,13,170,2,1,31341.15,Success,QR Code
TXN001124,139,19,7,2075,2,1,30402.56,Success,QR Code
TXN001125,33,6,18,214,2,2,72049.06,Success,QR Code
TXN001126,90,7,10,1137,2,1,46734.91,Success,Phone Number
TXN001127,29,10,9,1162,2,3,32137.12,Success,Phone Number
TXN001128,47,5,1,1789,1,1,26524.41,Failed,UPI ID
TXN001129,10,17,1,553,2,1,22000.44,Success,Phone Number
TXN001130,72,13,15,944,2,4,10331.53,Success,UPI ID
TXN001131,90,16,19,1741,1,1,10765.1,Success,QR Code
TXN001132,83,9,10,265,2,1,14606.52,Success,UPI ID
TXN001133,82,6,18,1162,1,1,20296.69,Success,UPI ID
TXN001134,137,8,2,1537,1,4,15416.59,Success,QR Code
TXN001135,8,6,2,1055,2,1,8648.06,Success,QR Code
TXN001136,65,1,3,1196,1,1,19216.94,Success,UPI ID
TXN001137,90,10,17,1861,1,1,710.79,Failed,QR Code
TXN001138,117,16,11,842,2,1,26181.43,Success,QR Code
TXN001139,119,8,6,1487,2,1,26150.69,Success,UPI ID
TXN001140,121,19,9,1516,2,1,25167.04,Success,QR Code
TXN001141,147,8,3,1668,1,1,12363.46,Success,QR Code
TXN001142,68,14,3,49,2,1,18134.38,Success,QR Code
TXN001143,136,15,12,2146,1,2,40521.51,Failed,QR Code
TXN001144,126,7,3,124,2,1,1258.67,Success,QR Code
TXN001145,107,2,17,639,2,1,55443.57,Failed,Phone Number
TXN001146,125,20,20,1897,2,1,39242.04,Success,UPI ID
TXN001147,95,8,5,4,1,1,10089.38,Success,QR Code
TXN001148,90,17,11,1659,2,1,35290.81,Success,QR Code
TXN001149,73,12,15,1595,1,1,74720.09,Success,QR Code
TXN001150,56,13,1,1711,2,1,17868.42,Failed,QR Code
TXN001151,56,3,2,1713,1,1,66127.49,Success,QR Code
TXN001152,79,8,7,1259,2,1,6470.71,Success,QR Code
TXN001153,88,15,16,852,2,1,56189.48,Success,UPI ID
TXN001154,66,6,15,1700,2,1,58998.48,Success,QR Code
TXN001155,143,13,18,1613,1,1,24665.39,Failed,QR Code
TXN001156,17,4,10,761,1,2,68199.37,Success,UPI ID
TXN001157,47,19,13,1926,2,1,30187.1,Success,QR Code
TXN001158,131,20,4,2010,1,1,19620.94,Success,QR Code
TXN001159,146,6,9,86,2,1,48523.92,Success,UPI ID
TXN001160,24,16,11,13,1,2,48744.1,Success,QR Code
TXN001161,82,16,18,1791,1,3,40195.01,Success,Phone Number
TXN001162,147,13,6,1861,2,2,69282.38,Success,UPI ID
TXN001163,70,1,16,58,2,1,58469.98,Success,QR Code
TXN001164,150,15,18,1643,2,1,26936.03,Success,UPI ID
TXN001165,28,1,18,1504,2,1,35973.08,Success,UPI ID
TXN001166,64,14,13,1944,2,4,27411.37,Success,Phone Number
TXN001167,149,16,19,1912,1,1,9613.51,Success,UPI ID
TXN001168,117,18,6,2169,2,1,17401.39,Success,UPI ID
TXN001169,55,1,9,2103,2,1,10242.08,Success,QR Code
TXN001170,85,7,3,568,2,4,50312.06,Success,QR Code
TXN001171,68,14,3,145,2,2,57301.47,Success,Phone Number
TXN001172,42,8,9,383,2,1,22090.91,Success,QR Code
TXN001173,40,14,10,813,2,1,72199.9,Success,QR Code
TXN001174,80,7,6,75,1,1,14386.8,Success,QR Code
TXN001175,56,16,12,604,1,1,66817.54,Success,UPI ID
TXN001176,135,8,15,270,2,2,3017.21,Success,UPI ID
TXN001177,133,19,6,1026,2,1,28866.87,Success,QR Code
TXN001178,139,1,2,1840,2,1,37009.46,Success,QR Code
TXN001179,136,19,19,658,1,1,9983.19,Success,QR Code
TXN001180,41,11,17,1315,1,1,58276.05,Success,UPI ID
TXN001181,28,15,2,650,2,1,35272.96,Success,QR Code
TXN001182,7,18,18,724,2,1,28831.6,Success,QR Code
TXN001183,111,14,13,1349,2,3,20725.73,Failed,Phone Number
TXN001184,110,11,17,1491,2,1,59442.11,Success,UPI ID
TXN001185,144,11,5,1628,2,1,13557.29,Success,UPI ID
TXN001186,122,11,4,492,1,2,18011.75,Success,UPI ID
TXN001187,22,6,12,2081,2,1,31256.13,Success,UPI ID
TXN001188,82,20,18,510,2,1,5393.75,Success,UPI ID
TXN001189,108,6,12,342,2,1,15035.53,Success,Phone Number
TXN001190,144,7,14,1040,2,1,49059.38,Success,UPI ID
TXN001191,24,5,8,1053,2,1,5778.12,Success,QR Code
TXN001192,53,10,3,1259,2,3,26864.9,Success,QR Code
TXN001193,122,16,7,2143,2,1,34009.99,Success,QR Code
TXN001194,44,3,19,411,2,1,5118.65,Success,UPI ID
TXN001195,8,20,10,1433,2,1,36424.58,Failed,UPI ID
TXN001196,53,19,3,687,2,1,12340.62,Success,UPI ID
TXN001197,20,7,11,956,2,1,34278.78,Success,QR Code
TXN001198,138,18,10,2076,2,1,2108.87,Success,UPI ID
TXN001199,131,19,13,365,2,2,20522.7,Success,QR Code
TXN001200,17,15,2,1430,2,1,66167.1,Success,QR Code
TXN001201,110,16,11,638,1,1,37895.37,Success,QR Code
TXN001202,53,3,8,969,2,1,72288.33,Success,QR Code
TXN001203,33,12,1,1327,2,1,29903.66,Success,UPI ID
TXN001204,131,2,7,1332,2,1,65208.7,Success,UPI ID
TXN001205,80,12,1,1914,1,1,5036.32,Success,QR Code
TXN001206,29,1,12,1807,2,1,59283.16,Success,UPI ID
TXN001207,112,12,14,605,2,1,37636.67,Success,QR Code
TXN001208,129,9,9,293,2,1,17318.72,Success,UPI ID
TXN001209,52,1,18,2103,2,1,51253.17,Success,QR Code
TXN001210,85,19,7,1175,2,1,16444.03,Success,QR Code
TXN001211,124,13,9,1747,2,3,23507.33,Success,QR Code
TXN001212,87,17,13,322,1,1,32870.97,Failed,UPI ID
TXN001213,95,1,1,878,2,1,29676.24,Success,UPI ID
TXN001214,150,6,13,1924,2,1,1301.51,Success,QR Code
TXN001215,113,8,12,37,1,1,33230.53,Success,QR Code
TXN001216,2,14,7,1033,2,1,28021.64,Success,QR Code
TXN001217,106,4,20,505,2,1,30309.31,Success,UPI ID
TXN001218,44,6,10,1820,1,1,32158.97,Failed,QR Code
TXN001219,147,2,15,594,2,1,37082.03,Failed,Phone Number
TXN001220,117,17,18,1641,2,1,48690.47,Failed,UPI ID
TXN001221,2,14,9,1833,1,1,52324.05,Success,QR Code
TXN001222,59,11,6,473,2,1,63627.85,Success,UPI ID
TXN001223,114,17,6,120,2,3,33950.3,Success,QR Code
TXN001224,20,8,19,1812,2,1,71967.64,Success,UPI ID
TXN001225,113,13,18,536,2,1,57567.13,Success,UPI ID
TXN001226,45,1,18,1233,2,1,5856.1,Success,QR Code
TXN001227,13,9,7,1629,1,1,67031.46,Success,QR Code
TXN001228,47,12,17,988,2,1,14976.99,Success,QR Code
TXN001229,92,15,15,660,1,3,44720.64,Success,QR Code
TXN001230,7,12,19,1576,1,1,36968.14,Success,QR Code
TXN001231,53,19,2,253,2,1,20823.12,Success,QR Code
TXN001232,63,17,13,1529,2,3,45112.63,Success,UPI ID
TXN001233,7,11,4,119,2,1,2629.01,Success,UPI ID
TXN001234,84,17,14,1130,2,2,24571.43,Success,QR Code
TXN001235,107,11,4,198,2,1,73622.41,Success,UPI ID
TXN001236,128,2,16,1131,2,1,1665.08,Success,QR Code
TXN001237,85,16,15,1117,1,4,16773.6,Success,Phone Number
TXN001238,79,19,1,1981,2,1,14733.33,Success,Phone Number
TXN001239,86,10,14,826,2,1,71773.7,Success,UPI ID
TXN001240,90,16,10,2166,2,1,2416.43,Success,QR Code
TXN001241,87,3,8,39,2,1,55726.6,Success,QR Code
TXN001242,123,16,18,908,2,1,24578.07,Success,UPI ID
TXN001243,25,2,16,964,2,1,26327.75,Success,UPI ID
TXN001244,59,12,10,443,2,3,4598.13,Success,QR Code
TXN001245,55,18,15,216,1,1,56867.88,Success,UPI ID
TXN001246,145,15,11,1576,2,1,72466.51,Success,Phone Number
TXN001247,126,7,10,694,1,1,46830.39,Success,UPI ID
TXN001248,107,20,8,2021,2,1,62232.62,Success,UPI ID
TXN001249,131,4,20,965,2,1,51374.87,Success,QR Code
TXN001250,24,16,4,875,2,1,57606.15,Success,QR Code
TXN001251,70,15,10,492,2,1,52142.09,Success,UPI ID
TXN001252,26,17,11,772,1,1,19783.59,Failed,UPI ID
TXN001253,18,7,13,775,1,1,49182.53,Success,UPI ID
TXN001254,90,6,4,1001,2,1,21609.72,Success,QR Code
TXN001255,130,7,13,1092,2,1,21711.02,Success,QR Code
TXN001256,50,4,9,2079,2,1,60463.55,Success,QR Code
TXN001257,114,10,12,508,1,1,30359.93,Success,QR Code
TXN001258,90,19,13,479,1,1,74723.66,Success,UPI ID
TXN001259,25,17,18,1779,2,3,35386.17,Success,QR Code
TXN001260,44,10,4,1496,1,1,65889.29,Success,QR Code
TXN001261,72,16,4,1025,2,1,31004.95,Success,UPI ID
TXN001262,41,5,1,1603,2,1,33850.04,Success,UPI ID
TXN001263,146,15,1,1900,2,1,48132.62,Success,QR Code
TXN001264,50,12,9,1603,2,1,47400.43,Success,UPI ID
TXN001265,104,12,3,1683,2,1,64747.52,Success,UPI ID
TXN001266,1,9,16,988,1,1,7830.27,Failed,QR Code
TXN001267,109,16,2,1610,1,1,62948.21,Success,Phone Number
TXN001268,54,2,17,1595,1,1,60760.47,Success,QR Code
TXN001269,123,17,2,2079,2,1,26901.65,Success,UPI ID
TXN001270,50,10,16,560,2,1,37928.7,Success,QR Code
TXN001271,85,5,19,1376,2,3,47701.4,Success,QR Code
TXN001272,66,2,9,569,2,1,63778.09,Success,QR Code
TXN001273,94,3,12,876,2,1,8547.45,Success,Phone Number
TXN001274,88,4,16,1533,2,3,10414.69,Success,QR Code
TXN001275,113,18,1,1086,2,1,10693.78,Success,QR Code
TXN001276,147,9,12,254,2,1,20655.59,Success,QR Code
TXN001277,15,7,20,1986,1,1,49962.37,Success,UPI ID
TXN001278,135,8,8,42,2,1,29986.21,Success,UPI ID
TXN001279,8,14,19,488,2,1,71960.62,Success,UPI ID
TXN001280,13,16,18,2189,1,1,19352.89,Success,QR Code
TXN001281,49,6,3,459,2,1,3682.0,Success,QR Code
TXN001282,43,17,8,1229,2,3,42681.32,Success,QR Code
TXN001283,130,20,15,1382,2,2,70621.79,Success,QR Code
TXN001284,50,11,5,599,1,3,1160.78,Success,QR Code
TXN001285,31,14,1,1643,2,1,40433.96,Success,UPI ID
TXN001286,132,10,14,2111,1,1,25290.77,Success,QR Code
TXN001287,18,19,8,242,2,1,48480.46,Success,UPI ID
TXN001288,9,4,4,1895,2,1,26865.7,Success,UPI ID
TXN001289,122,8,6,1397,2,1,36589.86,Failed,QR Code
TXN001290,94,15,7,2025,2,1,73940.21,Success,QR Code
TXN001291,141,19,1,342,2,1,14532.89,Success,QR Code
TXN001292,105,16,4,930,2,1,4847.25,Success,UPI ID
TXN001293,114,14,4,69,2,1,57156.42,Success,QR Code
TXN001294,48,10,6,999,2,1,22836.12,Success,QR Code
TXN001295,37,20,1,1546,2,1,10813.8,Success,QR Code
TXN001296,26,16,11,915,2,1,34117.92,Success,UPI ID
TXN001297,61,15,9,294,1,1,51857.25,Success,QR Code
TXN001298,84,2,16,1533,2,1,66203.39,Success,QR Code
TXN001299,112,13,17,815,2,1,34314.95,Success,Phone Number
TXN001300,150,15,7,1077,2,1,9199.88,Success,Phone Number
TXN001301,123,9,8,204,2,1,12466.58,Success,QR Code
TXN001302,32,17,1,2121,2,1,4731.1,Success,Phone Number
TXN001303,95,16,4,1981,2,1,58197.24,Success,QR Code
TXN001304,12,3,7,1111,1,4,47512.02,Success,QR Code
TXN001305,36,5,15,815,1,1,16700.7,Success,QR Code
TXN001306,133,2,7,912,2,1,5615.91,Success,UPI ID
TXN001307,32,19,15,314,1,1,28768.12,Success,UPI ID
TXN001308,122,4,10,956,1,1,57355.88,Success,Phone Number
TXN001309,97,4,15,311,2,1,60453.13,Success,QR Code
TXN001310,112,9,8,1683,2,4,47493.63,Success,QR Code
TXN001311,132,16,6,2168,2,1,63873.02,Success,QR Code
TXN001312,130,18,12,758,1,1,3613.93,Success,QR Code
TXN001313,145,19,2,921,1,1,8498.14,Success,QR Code
TXN001314,96,9,16,611,2,1,31199.76,Success,QR Code
TXN001315,113,19,19,2031,2,1,10038.81,Success,Phone Number
TXN001316,47,4,20,1253,2,1,42207.13,Success,Phone Number
TXN001317,44,8,20,443,2,1,64152.43,Success,UPI ID
TXN001318,127,5,4,2177,2,1,21204.67,Success,QR Code
TXN001319,46,9,13,757,1,2,30956.32,Success,QR Code
TXN001320,78,9,9,154,1,1,19656.96,Success,QR Code
TXN001321,52,4,6,2178,2,1,69187.16,Success,QR Code
TXN001322,133,16,2,178,2,1,12319.59,Success,UPI ID
TXN001323,83,19,13,1986,2,1,39902.24,Failed,UPI ID
TXN001324,80,15,10,307,2,2,72419.57,Success,QR Code
TXN001325,108,3,17,348,1,1,31784.17,Success,QR Code
TXN001326,48,13,7,285,2,1,4100.89,Success,Phone Number
TXN001327,3,16,18,917,1,1,53375.99,Success,QR Code
TXN001328,128,7,2,1,2,1,35329.16,Success,QR Code
TXN001329,129,5,4,536,2,1,39487.32,Success,QR Code
TXN001330,70,11,3,809,2,1,34495.13,Success,UPI ID
TXN001331,44,1,11,33,2,1,58395.8,Success,Phone Number
TXN001332,76,9,19,455,1,1,61428.92,Success,QR Code
TXN001333,102,11,11,443,2,2,11523.48,Success,Phone Number
TXN001334,25,11,8,1812,2,3,25487.16,Success,UPI ID
TXN001335,17,12,9,568,2,1,51678.98,Success,QR Code
TXN001336,103,12,14,2046,2,1,65654.16,Success,UPI ID
TXN001337,18,15,4,1791,2,1,12440.44,Success,Phone Number
TXN001338,118,8,8,2022,2,2,67134.19,Success,QR Code
TXN001339,116,20,2,678,1,1,22288.58,Failed,Phone Number
TXN001340,141,14,17,446,2,1,57818.75,Success,QR Code
TXN001341,25,19,7,411,2,2,59651.82,Success,UPI ID
TXN001342,27,18,14,1401,2,1,11146.19,Failed,Phone Number
TXN001343,90,12,18,869,1,2,36791.54,Success,UPI ID
TXN001344,33,3,20,453,2,4,30641.41,Success,QR Code
TXN001345,131,20,7,83,2,1,10847.06,Failed,QR Code
TXN001346,47,5,6,2083,2,1,43713.79,Success,UPI ID
TXN001347,75,13,3,1562,1,1,74316.09,Success,QR Code
TXN001348,17,6,16,539,2,1,56113.11,Success,UPI ID
TXN001349,53,17,18,409,2,2,28746.82,Success,UPI ID
TXN001350,114,5,7,434,1,1,16838.6,Success,Phone Number
TXN001351,40,9,12,678,2,1,34830.37,Success,QR Code
TXN001352,97,20,3,1431,2,1,15033.45,Success,QR Code
TXN001353,29,6,11,1321,1,2,592.07,Failed,QR Code
TXN001354,140,10,15,1792,1,1,58924.55,Success,QR Code
TXN001355,130,20,6,521,2,1,41974.9,Success,QR Code
TXN001356,93,14,16,376,2,1,43366.58,Success,UPI ID
TXN001357,138,1,18,985,1,3,72529.49,Success,UPI ID
TXN001358,139,9,2,1431,2,1,53425.39,Success,UPI ID
TXN001359,48,8,10,735,1,1,9514.41,Success,UPI ID
TXN001360,111,15,12,223,2,3,12470.41,Success,UPI ID
TXN001361,69,14,9,957,2,1,57138.09,Success,UPI ID
TXN001362,32,19,15,337,1,2,56050.1,Success,QR Code
TXN001363,22,17,13,1621,1,1,20641.55,Success,QR Code
TXN001364,29,19,1,2108,2,1,19424.54,Success,UPI ID
TXN001365,115,5,11,922,1,4,54007.57,Success,QR Code
TXN001366,104,7,5,2082,2,1,46732.31,Success,QR Code
TXN001367,136,3,8,1551,2,1,36086.65,Success,QR Code
TXN001368,147,10,14,1450,1,1,2101.46,Success,QR Code
TXN001369,78,12,14,460,2,2,67986.46,Success,QR Code
TXN001370,90,5,2,1179,2,1,40055.13,Success,QR Code
TXN001371,53,9,17,927,1,4,29488.79,Success,QR Code
TXN001372,50,12,10,1642,2,1,74359.33,Success,UPI ID
TXN001373,149,10,19,825,2,1,25083.07,Success,UPI ID
TXN001374,109,9,2,1847,2,1,29732.89,Success,Phone Number
TXN001375,11,19,16,310,2,1,62963.61,Success,QR Code
TXN001376,63,18,4,1254,2,1,57885.88,Success,UPI ID
TXN001377,69,5,18,1793,2,1,21179.9,Success,QR Code
TXN001378,35,12,16,1631,1,1,7490.99,Success,QR Code
TXN001379,139,10,1,1331,2,3,52242.47,Success,QR Code
TXN001380,145,15,11,1809,2,1,41492.38,Success,UPI ID
TXN001381,130,20,15,826,1,1,50354.63,Success,QR Code
TXN001382,42,7,19,1805,1,1,13432.55,Failed,QR Code
TXN001383,149,3,13,1972,1,1,57256.33,Success,Phone Number
TXN001384,13,8,2,1100,2,2,22321.68,Success,QR Code
TXN001385,111,17,8,1384,2,1,6143.55,Success,UPI ID
TXN001386,71,8,11,730,2,2,22518.93,Success,QR Code
TXN001387,141,6,13,461,2,1,49570.14,Success,UPI ID
TXN001388,98,9,9,1684,2,1,49251.19,Failed,QR Code
TXN001389,98,20,17,2119,2,1,15451.6,Success,QR Code
TXN001390,11,4,6,1301,2,1,11118.53,Success,UPI ID
TXN001391,52,3,20,609,1,1,70178.65,Success,QR Code
TXN001392,87,15,18,527,1,4,69457.54,Success,Phone Number
TXN001393,83,9,16,1643,1,2,7625.94,Success,QR Code
TXN001394,139,9,12,856,2,2,42498.75,Success,UPI ID
TXN001395,90,17,17,1195,2,1,61960.08,Success,QR Code
TXN001396,94,11,20,1448,1,1,9657.86,Success,Phone Number
TXN001397,2,6,7,376,1,1,59801.69,Success,QR Code
TXN001398,126,6,7,1007,2,1,134.6,Success,UPI ID
TXN001399,31,11,8,234,2,1,8393.21,Success,QR Code
TXN001400,77,5,11,5,2,2,19075.91,Success,UPI ID
TXN001401,51,19,4,297,1,1,62914.78,Success,QR Code
TXN001402,56,8,19,1299,2,1,32900.83,Success,QR Code
TXN001403,63,12,19,578,2,2,67156.56,Success,QR Code
TXN001404,89,5,7,1006,2,2,4455.6,Success,Phone Number
TXN001405,125,12,12,481,1,1,27731.34,Success,UPI ID
TXN001406,2,7,15,1108,2,1,61572.06,Success,UPI ID
TXN001407,119,8,14,1006,2,1,25888.41,Success,QR Code
TXN001408,133,18,6,735,1,1,22986.52,Failed,Phone Number
TXN001409,40,13,18,1640,1,4,33122.75,Success,QR Code
TXN001410,144,16,10,2050,2,1,31760.45,Success,QR Code
TXN001411,101,12,8,1423,2,1,49744.92,Success,Phone Number
TXN001412,93,7,18,1565,1,1,55048.46,Success,QR Code
TXN001413,105,11,2,395,1,1,62456.83,Success,QR Code
TXN001414,97,18,6,1666,2,1,72623.9,Success,QR Code
TXN001415,5,19,16,1197,1,1,2487.18,Success,QR Code
TXN001416,133,3,11,319,2,1,73515.7,Success,QR Code
TXN001417,71,10,8,1300,2,1,14778.63,Success,QR Code
TXN001418,39,14,15,203,2,2,72737.16,Success,Phone Number
TXN001419,134,14,18,919,1,1,7533.99,Success,UPI ID
TXN001420,70,8,10,1828,2,1,31372.86,Success,UPI ID
TXN001421,107,13,7,69,2,3,41758.47,Success,Phone Number
TXN001422,37,11,14,2022,2,1,17253.6,Success,QR Code
TXN001423,23,9,5,1248,2,3,59371.92,Success,QR Code
TXN001424,146,16,17,703,2,1,16170.76,Success,Phone Number
TXN001425,134,12,17,744,2,1,73967.62,Success,Phone Number
TXN001426,68,12,12,662,2,1,22577.41,Success,Phone Number
TXN001427,112,12,3,1154,1,1,52325.2,Success,Phone Number
TXN001428,8,4,13,785,2,3,27398.58,Success,UPI ID
TXN001429,129,2,10,1849,2,1,12380.03,Success,UPI ID
TXN001430,38,10,6,355,1,3,47642.0,Failed,UPI ID
TXN001431,33,7,19,1248,2,3,45446.62,Success,QR Code
TXN001432,66,10,15,1360,2,3,69285.0,Success,QR Code
TXN001433,113,13,3,172,2,1,16427.76,Success,QR Code
TXN001434,147,9,2,796,1,1,41317.61,Success,Phone Number
TXN001435,33,19,6,1154,2,4,61787.92,Success,QR Code
TXN001436,122,15,11,2014,2,1,12076.32,Success,QR Code
TXN001437,50,15,15,893,1,1,26478.44,Success,QR Code
TXN001438,92,5,10,330,1,1,1386.17,Failed,UPI ID
TXN001439,148,10,6,2045,2,1,27425.77,Success,UPI ID
TXN001440,74,14,15,1623,2,1,55973.86,Success,UPI ID
TXN001441,6,7,14,924,1,1,17374.4,Success,QR Code
TXN001442,106,19,13,1972,2,1,1868.78,Success,UPI ID
TXN001443,144,13,17,709,2,1,31987.1,Success,UPI ID
TXN001444,3,13,14,1132,1,2,2582.72,Success,QR Code
TXN001445,103,3,20,477,1,1,10904.0,Failed,UPI ID
TXN001446,143,8,9,1253,1,1,56769.43,Success,UPI ID
TXN001447,127,2,13,102,2,1,25476.61,Success,QR Code
TXN001448,10,18,5,1084,2,1,36506.21,Success,QR Code
TXN001449,102,13,6,2137,2,2,29556.34,Success,QR Code
TXN001450,29,19,13,1584,2,3,17983.24,Success,QR Code
TXN001451,150,15,18,1009,2,1,66498.56,Success,QR Code
TXN001452,137,12,2,576,2,1,14633.29,Success,UPI ID
TXN001453,25,7,8,1554,2,1,43840.49,Success,QR Code
TXN001454,81,11,9,2017,2,4,50559.92,Success,QR Code
TXN001455,21,4,3,1568,2,3,41120.12,Success,Phone Number
TXN001456,122,7,9,847,2,1,45742.0,Success,QR Code
TXN001457,44,16,3,1057,2,1,59300.0,Success,QR Code
TXN001458,54,9,14,642,2,1,6471.37,Success,QR Code
TXN001459,69,16,4,1466,2,2,29229.43,Success,QR Code
TXN001460,12,15,17,906,2,1,27004.73,Success,QR Code
TXN001461,48,18,5,256,1,4,56446.25,Success,QR Code
TXN001462,15,6,1,317,2,2,51419.92,Success,QR Code
TXN001463,22,2,15,1618,2,3,64248.4,Success,UPI ID
TXN001464,73,11,17,97,1,1,71675.07,Failed,Phone Number
TXN001465,58,4,19,432,1,2,34932.68,Success,QR Code
TXN001466,150,20,5,1734,2,3,19452.33,Success,UPI ID
TXN001467,37,17,9,282,2,1,73772.03,Success,Phone Number
TXN001468,35,12,3,6,2,1,43536.03,Success,QR Code
TXN001469,146,6,4,737,1,1,69481.73,Success,QR Code
TXN001470,3,7,19,313,2,1,34890.01,Success,QR Code
TXN001471,137,1,14,844,2,1,25049.69,Success,QR Code
TXN001472,13,5,10,51,2,3,61219.77,Success,QR Code
TXN001473,146,18,1,624,1,1,51784.32,Failed,UPI ID
TXN001474,131,12,19,164,2,4,59705.8,Success,QR Code
TXN001475,46,9,8,668,1,1,48447.49,Failed,UPI ID
TXN001476,126,7,4,1283,1,2,63882.05,Success,QR Code
TXN001477,87,5,17,807,1,1,15601.93,Success,UPI ID
TXN001478,107,4,11,1263,1,4,61954.05,Success,UPI ID
TXN001479,142,9,4,1278,2,4,10227.54,Success,QR Code
TXN001480,38,12,7,2168,2,1,63715.41,Success,QR Code
TXN001481,119,3,2,434,1,1,31915.25,Failed,QR Code
TXN001482,89,2,11,276,2,1,63779.53,Success,UPI ID
TXN001483,137,20,17,641,2,1,53938.01,Success,Phone Number
TXN001484,90,20,17,806,2,1,50437.77,Success,Phone Number
TXN001485,53,20,12,1143,2,3,51385.72,Success,UPI ID
TXN001486,68,7,5,2161,2,1,70877.77,Success,Phone Number
TXN001487,103,4,4,2028,2,1,18647.44,Success,UPI ID
TXN001488,133,8,9,1705,2,3,20277.32,Success,UPI ID
TXN001489,73,3,15,57,2,1,43914.25,Success,QR Code
TXN001490,94,6,11,1614,1,2,26414.21,Success,QR Code
TXN001491,65,7,12,1252,2,1,5002.22,Success,QR Code
TXN001492,144,16,10,1106,1,1,58740.24,Success,Phone Number
TXN001493,66,16,12,1184,1,1,33625.58,Failed,UPI ID
TXN001494,52,7,17,1930,2,2,61209.14,Success,UPI ID
TXN001495,11,15,6,255,2,1,53268.58,Success,QR Code
TXN001496,141,9,8,45,2,1,6983.57,Success,QR Code
TXN001497,24,1,15,941,2,1,63083.18,Success,QR Code
TXN001498,38,19,3,919,2,3,58126.37,Success,QR Code
TXN001499,134,2,18,462,2,1,17893.06,Success,UPI ID
TXN001500,135,18,8,2189,1,1,44393.36,Failed,QR Code
TXN001501,68,17,13,1065,1,1,69614.51,Success,QR Code
TXN001502,13,17,13,1927,1,4,27527.73,Failed,QR Code
TXN001503,141,7,4,323,1,1,46566.72,Failed,UPI ID
TXN001504,65,14,5,254,2,1,293.46,Failed,QR Code
TXN001505,55,18,17,1905,2,3,16283.09,Success,Phone Number
TXN001506,85,16,3,160,1,1,38347.9,Success,QR Code
TXN001507,2,12,1,97,2,1,64137.68,Success,QR Code
TXN001508,111,20,16,1024,2,1,3594.67,Success,Phone Number
TXN001509,13,11,3,2189,2,1,13285.24,Success,Phone Number
TXN001510,139,10,2,770,2,2,20974.67,Success,UPI ID
TXN001511,33,13,7,2085,2,1,15125.93,Success,UPI ID
TXN001512,111,8,1,1761,2,3,20817.05,Success,UPI ID
TXN001513,18,9,19,1688,2,1,3475.5,Success,Phone Number
TXN001514,104,20,9,1821,2,1,46252.53,Success,UPI ID
TXN001515,130,4,7,517,2,1,37121.42,Success,UPI ID
TXN001516,126,13,5,2106,2,4,25318.06,Success,UPI ID
TXN001517,102,2,18,69,2,2,51870.6,Success,Phone Number
TXN001518,135,10,3,1151,2,4,15307.73,Failed,QR Code
TXN001519,63,12,8,1189,2,1,9826.41,Success,Phone Number
TXN001520,62,3,1,1201,2,1,7572.06,Success,QR Code
TXN001521,98,3,13,237,1,1,629.65,Success,UPI ID
TXN001522,79,13,4,1566,2,1,20116.37,Success,UPI ID
TXN001523,26,12,5,1712,2,1,35273.15,Success,Phone Number
TXN001524,109,16,15,84,2,1,45672.24,Success,QR Code
TXN001525,102,19,11,1326,2,1,66287.87,Success,QR Code
TXN001526,58,18,11,1048,2,1,27759.56,Success,UPI ID
TXN001527,70,14,6,183,2,2,68378.16,Success,QR Code
TXN001528,31,7,4,59,1,1,28853.62,Success,UPI ID
TXN001529,65,1,13,551,2,1,48070.95,Failed,QR Code
TXN001530,104,7,17,2037,2,1,49424.91,Success,Phone Number
TXN001531,52,16,1,59,1,2,17035.57,Success,UPI ID
TXN001532,69,19,9,612,2,1,59366.45,Success,UPI ID
TXN001533,99,20,11,1265,2,1,19985.34,Success,UPI ID
TXN001534,100,15,4,154,2,3,57692.27,Failed,QR Code
TXN001535,101,15,11,1216,2,1,68259.2,Success,QR Code
TXN001536,141,6,3,1570,1,1,52983.3,Success,QR Code
TXN001537,55,8,4,1458,2,1,1250.95,Success,QR Code
TXN001538,127,13,9,1484,2,1,61826.89,Success,QR Code
TXN001539,116,2,2,255,2,1,11906.89,Success,QR Code
TXN001540,20,17,9,935,2,1,35768.82,Success,QR Code
TXN001541,34,9,5,69,1,1,28337.74,Success,QR Code
TXN001542,24,5,10,695,2,1,55954.07,Failed,UPI ID
TXN001543,141,8,5,751,1,4,36361.39,Success,UPI ID
TXN001544,131,6,4,822,2,1,30096.78,Success,UPI ID
TXN001545,41,11,7,837,2,1,73247.0,Success,UPI ID
TXN001546,79,2,18,1476,1,2,2299.74,Success,UPI ID
TXN001547,76,9,3,1883,2,1,71780.54,Success,QR Code
TXN001548,38,10,16,629,2,1,21800.36,Success,Phone Number
TXN001549,147,8,7,466,2,2,57487.4,Success,QR Code
TXN001550,115,2,10,1702,2,1,31613.53,Success,UPI ID
TXN001551,8,8,4,791,2,1,33766.37,Success,Phone Number
TXN001552,16,13,11,968,2,1,65770.78,Success,Phone Number
TXN001553,150,2,4,1918,2,3,38629.96,Success,QR Code
TXN001554,29,2,4,427,2,2,60863.93,Success,UPI ID
TXN001555,59,11,15,607,2,1,44722.4,Failed,Phone Number
TXN001556,62,1,13,1711,1,1,32395.93,Success,QR Code
TXN001557,96,8,10,756,1,1,70108.65,Failed,QR Code
TXN001558,111,16,15,978,2,1,44548.85,Success,QR Code
TXN001559,116,20,6,1382,2,1,30848.22,Success,QR Code
TXN001560,117,8,12,21,2,2,57702.52,Success,UPI ID
TXN001561,111,12,19,1135,2,1,24605.24,Success,UPI ID
TXN001562,74,19,2,1244,2,1,70437.02,Success,UPI ID
TXN001563,64,15,1,1539,2,1,73358.53,Success,QR Code
TXN001564,22,18,20,1274,1,1,67279.22,Success,UPI ID
TXN001565,90,16,5,614,1,3,17817.15,Success,QR Code
TXN001566,15,6,19,716,2,4,52850.16,Success,UPI ID
TXN001567,70,18,17,1945,2,1,10220.99,Success,Phone Number
TXN001568,72,13,18,2015,1,1,71143.46,Failed,Phone Number
TXN001569,107,5,18,311,2,3,46285.19,Success,Phone Number
TXN001570,117,11,20,614,1,1,1525.95,Success,QR Code
TXN001571,74,11,1,189,1,1,7762.42,Success,QR Code
TXN001572,2,20,4,285,1,3,50760.46,Success,Phone Number
TXN001573,69,3,6,164,2,1,31378.85,Success,QR Code
TXN001574,43,12,5,1478,2,1,25396.7,Failed,QR Code
TXN001575,12,20,8,1504,2,1,13470.08,Success,UPI ID
TXN001576,126,12,6,1704,2,1,1261.59,Success,Phone Number
TXN001577,140,2,8,1497,2,1,63322.0,Success,Phone Number
TXN001578,102,6,7,1986,2,1,71227.35,Success,UPI ID
TXN001579,114,6,16,309,2,1,69905.18,Success,QR Code
TXN001580,149,1,4,2095,2,3,54600.35,Success,UPI ID
TXN001581,130,2,1,1743,2,1,12312.14,Success,QR Code
TXN001582,36,7,10,868,2,1,13247.62,Success,UPI ID
TXN001583,118,9,2,420,1,2,54357.21,Success,UPI ID
TXN001584,118,7,16,296,2,1,36592.34,Success,UPI ID
TXN001585,149,20,13,41,2,1,31005.08,Success,QR Code
TXN001586,1,4,13,1533,1,4,59984.58,Success,QR Code
TXN001587,33,13,2,1081,2,1,26890.89,Success,Phone Number
TXN001588,29,17,7,551,2,4,496.54,Success,QR Code
TXN001589,58,8,17,26,1,1,3106.88,Failed,QR Code
TXN001590,44,11,7,2067,2,1,29060.06,Success,QR Code
TXN001591,92,20,17,1511,2,2,67343.92,Success,QR Code
TXN001592,87,3,17,314,2,2,74512.8,Success,Phone Number
TXN001593,26,3,5,2077,1,3,37627.2,Success,QR Code
TXN001594,14,17,13,1539,2,1,41613.67,Success,Phone Number
TXN001595,58,10,13,401,2,2,10259.16,Success,QR Code
TXN001596,99,1,20,858,2,2,43664.49,Success,UPI ID
TXN001597,54,17,18,1547,2,2,26501.64,Success,QR Code
TXN001598,83,16,6,800,2,2,38759.14,Success,QR Code
TXN001599,17,5,18,1468,2,2,7423.64,Success,UPI ID
TXN001600,71,15,17,1304,2,4,10130.69,Success,QR Code
TXN001601,92,19,18,886,1,1,26542.41,Success,Phone Number
TXN001602,135,6,6,2004,2,1,39197.97,Success,UPI ID
TXN001603,57,13,13,1379,2,1,61681.71,Success,Phone Number
TXN001604,20,18,4,2096,2,1,72978.48,Success,UPI ID
TXN001605,88,19,7,1514,2,1,68499.89,Success,UPI ID
TXN001606,123,11,12,597,2,1,57189.87,Success,QR Code
TXN001607,56,14,18,687,2,1,11047.14,Success,QR Code
TXN001608,145,1,6,1242,2,2,10662.24,Success,QR Code
TXN001609,83,19,7,254,1,4,38821.27,Success,Phone Number
TXN001610,127,13,4,591,2,1,3616.91,Success,QR Code
TXN001611,24,7,16,1906,2,1,65912.46,Success,UPI ID
TXN001612,8,13,20,1087,2,3,11499.49,Success,UPI ID
TXN001613,51,16,14,792,2,1,358.14,Success,QR Code
TXN001614,20,20,5,1591,2,1,9768.59,Success,QR Code
TXN001615,73,20,13,885,2,1,69054.56,Success,UPI ID
TXN001616,59,14,17,1095,2,1,54193.05,Success,QR Code
TXN001617,118,13,11,413,2,1,36452.69,Success,QR Code
TXN001618,31,19,8,537,1,1,65793.92,Success,QR Code
TXN001619,143,6,15,159,2,2,24002.98,Success,QR Code
TXN001620,150,12,2,321,1,1,64233.61,Success,UPI ID
TXN001621,72,3,9,1817,2,1,36056.75,Success,QR Code
TXN001622,102,15,3,224,2,1,13388.32,Success,QR Code
TXN001623,110,1,19,384,2,1,9277.98,Success,QR Code
TXN001624,112,12,9,453,2,1,38837.27,Success,Phone Number
TXN001625,97,7,13,241,2,2,42827.27,Success,QR Code
TXN001626,123,2,15,56,2,1,33004.54,Success,UPI ID
TXN001627,12,3,6,790,2,1,62586.87,Success,QR Code
TXN001628,62,20,14,1694,2,1,56363.21,Success,QR Code
TXN001629,115,15,3,1869,2,1,54591.0,Success,Phone Number
TXN001630,80,20,17,270,2,1,33612.61,Failed,UPI ID
TXN001631,44,7,19,1823,2,1,30139.98,Success,UPI ID
TXN001632,104,13,11,1866,2,1,34085.3,Failed,Phone Number
TXN001633,110,16,11,809,2,1,68832.45,Success,QR Code
TXN001634,1,9,14,483,2,1,7976.69,Success,UPI ID
TXN001635,119,9,4,723,2,1,60667.11,Success,Phone Number
TXN001636,68,18,14,1814,1,1,69063.9,Success,Phone Number
TXN001637,51,16,5,476,2,1,13581.34,Success,Phone Number
TXN001638,78,10,6,1333,2,1,23763.35,Success,Phone Number
TXN001639,127,7,6,207,2,1,13987.37,Success,UPI ID
TXN001640,36,2,14,1634,2,1,17025.1,Success,QR Code
TXN001641,42,2,6,1403,1,1,15432.46,Failed,Phone Number
TXN001642,53,19,20,1203,2,1,74048.18,Success,QR Code
TXN001643,54,8,17,1888,2,1,15446.82,Success,UPI ID
TXN001644,35,13,9,848,2,1,72215.72,Success,Phone Number
TXN001645,48,12,18,32,2,1,28300.4,Success,QR Code
TXN001646,50,11,9,716,2,1,19215.72,Success,UPI ID
TXN001647,90,4,20,1664,2,1,31924.26,Success,Phone Number
TXN001648,61,3,10,593,2,1,19954.14,Success,Phone Number
TXN001649,125,1,5,1910,2,1,47686.3,Success,QR Code
TXN001650,68,8,10,1284,1,1,30012.08,Success,QR Code
TXN001651,11,5,1,378,2,2,8701.68,Success,QR Code
TXN001652,18,20,5,1913,2,3,54591.34,Success,QR Code
TXN001653,12,15,18,1442,2,1,74293.17,Success,QR Code
TXN001654,145,1,11,969,2,1,11144.87,Success,UPI ID
TXN001655,146,13,15,1036,2,1,59748.72,Success,Phone Number
TXN001656,109,12,3,1180,2,1,58913.17,Success,UPI ID
TXN001657,107,11,4,1042,1,1,14578.64,Success,Phone Number
TXN001658,139,11,19,596,2,1,13535.12,Success,Phone Number
TXN001659,108,8,12,265,2,1,38613.14,Success,QR Code
TXN001660,97,13,3,1403,2,2,72713.55,Success,UPI ID
TXN001661,106,15,7,1188,1,1,61473.82,Success,UPI ID
TXN001662,104,2,12,639,2,1,58502.43,Success,QR Code
TXN001663,63,16,12,988,2,1,24366.7,Success,QR Code
TXN001664,72,14,6,1372,1,2,15446.23,Success,UPI ID
TXN001665,87,13,6,315,2,1,4460.35,Success,UPI ID
TXN001666,12,11,9,645,2,1,18716.86,Success,QR Code
TXN001667,34,3,15,819,2,1,49608.8,Success,UPI ID
TXN001668,35,10,17,1056,2,3,58549.68,Success,Phone Number
TXN001669,137,14,13,917,2,1,7684.67,Success,UPI ID
TXN001670,93,20,2,1925,1,4,63286.8,Success,Phone Number
TXN001671,139,4,17,2046,1,1,18971.87,Failed,UPI ID
TXN001672,66,2,3,1222,2,1,46109.41,Success,QR Code
TXN001673,95,3,13,120,2,1,44938.47,Success,Phone Number
TXN001674,28,15,19,1781,2,1,20396.76,Success,Phone Number
TXN001675,93,4,11,253,2,1,74940.86,Success,Phone Number
TXN001676,58,9,7,1529,2,2,61045.93,Success,QR Code
TXN001677,138,20,20,1013,2,1,65433.33,Failed,UPI ID
TXN001678,35,13,6,314,2,1,46206.45,Success,QR Code
TXN001679,80,15,3,921,2,1,10221.78,Success,UPI ID
TXN001680,27,11,16,181,1,1,65529.14,Success,UPI ID
TXN001681,118,3,20,986,2,3,25001.98,Success,Phone Number
TXN001682,102,20,5,1222,2,1,25301.12,Success,Phone Number
TXN001683,12,20,2,635,1,1,15854.4,Success,Phone Number
TXN001684,94,15,9,1214,1,1,66144.46,Failed,QR Code
TXN001685,140,8,19,697,2,1,24222.62,Success,UPI ID
TXN001686,9,16,15,2110,1,1,44200.82,Success,UPI ID
TXN001687,109,6,6,826,2,1,31979.02,Success,QR Code
TXN001688,143,4,5,1853,2,3,74796.13,Success,Phone Number
TXN001689,78,10,10,327,2,1,11365.74,Success,UPI ID
TXN001690,11,2,15,260,2,1,36885.02,Success,QR Code
TXN001691,46,6,18,172,2,1,41315.45,Success,Phone Number
TXN001692,86,1,17,1110,2,3,56540.66,Success,UPI ID
TXN001693,145,14,2,920,2,4,11742.07,Success,QR Code
TXN001694,20,11,1,82,1,1,47374.38,Success,QR Code
TXN001695,2,20,12,159,2,1,57262.64,Success,UPI ID
TXN001696,136,18,14,460,2,1,52607.96,Success,QR Code
TXN001697,90,15,16,747,2,1,43158.15,Success,Phone Number
TXN001698,2,19,9,640,2,1,64601.68,Success,QR Code
TXN001699,147,1,2,641,2,1,23449.8,Success,QR Code
TXN001700,143,6,16,1869,2,1,33930.95,Success,UPI ID
TXN001701,94,5,5,942,2,2,27314.86,Success,Phone Number
TXN001702,82,4,6,1778,2,1,35448.88,Success,UPI ID
TXN001703,96,20,11,1680,1,1,7380.07,Success,Phone Number
TXN001704,9,6,10,125,2,1,66997.0,Success,Phone Number
TXN001705,17,14,5,1658,1,1,15569.74,Success,QR Code
TXN001706,40,20,19,460,2,1,60552.93,Success,Phone Number
TXN001707,91,17,5,2028,1,1,4776.51,Success,UPI ID
TXN001708,29,13,2,2160,2,3,42565.25,Success,UPI ID
TXN001709,35,18,7,1037,2,1,9522.79,Success,UPI ID
TXN001710,100,8,6,79,1,2,7979.27,Success,QR Code
TXN001711,13,4,1,1739,2,1,62834.39,Failed,Phone Number
TXN001712,13,2,3,1325,2,1,59908.66,Failed,QR Code
TXN001713,146,16,7,668,2,1,14327.46,Success,Phone Number
TXN001714,45,4,11,41,1,1,74140.71,Success,QR Code
TXN001715,138,20,18,1163,2,1,47086.64,Success,QR Code
TXN001716,79,10,3,1504,1,1,45217.9,Success,UPI ID
TXN001717,112,19,8,2000,2,2,54527.37,Success,QR Code
TXN001718,135,9,15,215,2,1,34955.23,Success,Phone Number
TXN001719,51,6,17,1486,2,1,3849.85,Success,QR Code
TXN001720,45,16,16,898,2,2,58894.31,Success,Phone Number
TXN001721,106,4,13,1420,2,1,4482.41,Success,QR Code
TXN001722,110,15,9,2123,1,1,15572.03,Failed,UPI ID
TXN001723,48,14,15,1217,2,1,30252.0,Success,UPI ID
TXN001724,149,17,17,288,1,1,56748.64,Success,UPI ID
TXN001725,68,8,4,1617,2,1,10675.82,Failed,QR Code
TXN001726,30,8,7,155,2,4,71298.56,Success,UPI ID
TXN001727,19,16,7,719,1,1,41711.33,Success,Phone Number
TXN001728,70,11,13,2158,2,1,74462.8,Success,QR Code
TXN001729,18,8,20,1792,2,3,66016.36,Success,QR Code
TXN001730,110,10,19,293,1,1,32929.82,Success,QR Code
TXN001731,5,11,14,959,2,1,12446.11,Success,Phone Number
TXN001732,84,12,11,1523,2,1,27517.75,Success,Phone Number
TXN001733,45,16,20,508,2,1,64438.48,Success,UPI ID
TXN001734,8,5,6,2078,2,1,40936.14,Success,UPI ID
TXN001735,71,6,4,81,2,1,10810.26,Success,UPI ID
TXN001736,39,12,10,2059,2,1,42495.16,Success,Phone Number
TXN001737,64,4,11,413,2,1,11430.47,Success,UPI ID
TXN001738,41,15,16,2107,2,3,45420.65,Success,UPI ID
TXN001739,122,13,7,377,2,1,56570.44,Success,UPI ID
TXN001740,13,6,15,613,2,1,36543.31,Success,UPI ID
TXN001741,41,4,20,177,2,1,42348.31,Success,QR Code
TXN001742,43,12,9,2042,2,1,68345.19,Failed,QR Code
TXN001743,142,16,18,1836,2,1,44213.13,Failed,UPI ID
TXN001744,142,7,1,1046,2,1,35025.31,Success,QR Code
TXN001745,95,11,4,225,1,3,29887.49,Success,Phone Number
TXN001746,10,3,18,980,2,1,58015.64,Success,QR Code
TXN001747,113,12,6,8,1,1,33268.41,Success,Phone Number
TXN001748,48,9,10,1733,2,1,23469.52,Success,UPI ID
TXN001749,103,8,5,1271,2,2,59539.72,Success,QR Code
TXN001750,101,17,1,1959,2,1,12304.46,Success,QR Code
TXN001751,87,9,16,429,2,1,48909.04,Success,QR Code
TXN001752,90,11,6,1258,1,1,72091.98,Success,Phone Number
TXN001753,108,15,13,1753,2,1,33396.87,Success,QR Code
TXN001754,116,18,19,1873,2,1,12928.05,Success,UPI ID
TXN001755,116,9,20,767,1,1,8034.79,Success,QR Code
TXN001756,116,10,17,1868,2,4,46490.31,Success,QR Code
TXN001757,38,14,20,2163,2,1,3854.08,Success,UPI ID
TXN001758,95,2,3,1950,2,2,7715.62,Success,QR Code
TXN001759,109,2,12,100,2,4,58963.59,Success,QR Code
TXN001760,82,16,8,1237,2,3,35271.76,Success,QR Code
TXN001761,20,9,5,1416,2,1,1635.21,Success,UPI ID
TXN001762,125,18,1,138,2,1,7575.47,Success,QR Code
TXN001763,134,17,2,495,1,1,16189.18,Success,QR Code
TXN001764,27,7,13,1595,2,1,48030.27,Success,UPI ID
TXN001765,19,1,8,1638,1,1,47550.26,Success,Phone Number
TXN001766,35,13,5,1109,2,1,54488.57,Success,UPI ID
TXN001767,50,20,5,1179,1,1,51712.42,Success,QR Code
TXN001768,134,18,18,1459,2,1,74959.34,Success,Phone Number
TXN001769,20,8,10,1582,2,1,66183.09,Success,QR Code
TXN001770,104,14,18,435,2,1,2099.52,Success,QR Code
TXN001771,105,17,17,407,2,1,50681.15,Failed,UPI ID
TXN001772,59,12,15,1213,2,3,27201.02,Success,UPI ID
TXN001773,9,1,18,880,2,1,52199.21,Success,QR Code
TXN001774,14,6,18,309,2,1,41338.83,Success,QR Code
TXN001775,15,15,19,892,2,1,16530.42,Success,QR Code
TXN001776,59,8,14,1985,2,2,52192.91,Success,UPI ID
TXN001777,85,12,20,1620,2,1,5667.69,Success,QR Code
TXN001778,18,2,8,905,1,1,20735.8,Success,QR Code
TXN001779,44,2,4,704,2,1,53195.45,Success,Phone Number
TXN001780,99,6,2,1151,1,1,5897.62,Success,UPI ID
TXN001781,120,1,1,1112,2,1,67875.71,Success,QR Code
TXN001782,72,17,11,1976,2,1,64865.79,Success,Phone Number
TXN001783,121,11,1,373,1,4,66943.58,Success,QR Code
TXN001784,24,15,14,948,2,4,69891.9,Success,QR Code
TXN001785,70,14,10,304,1,1,66403.75,Success,Phone Number
TXN001786,26,7,14,508,1,1,7136.06,Success,QR Code
TXN001787,94,12,3,529,1,1,11518.29,Success,UPI ID
TXN001788,12,3,3,1623,2,1,27994.28,Success,Phone Number
TXN001789,41,3,8,574,2,1,39041.53,Success,QR Code
TXN001790,83,17,12,2142,2,1,21371.29,Success,QR Code
TXN001791,96,5,7,1490,1,1,14342.42,Success,UPI ID
TXN001792,16,11,19,573,2,1,46111.8,Success,Phone Number
TXN001793,126,8,19,154,2,1,49094.35,Success,UPI ID
TXN001794,133,8,17,1382,2,1,60192.95,Success,UPI ID
TXN001795,50,15,9,79,2,1,18134.66,Success,QR Code
TXN001796,131,9,15,730,2,1,34759.38,Success,QR Code
TXN001797,74,1,12,1681,2,1,56804.22,Success,QR Code
TXN001798,11,3,11,632,1,1,22097.96,Success,QR Code
TXN001799,127,10,19,1109,2,1,27553.95,Success,QR Code
TXN001800,91,4,7,1924,1,1,23768.22,Success,Phone Number
TXN001801,94,9,18,370,2,1,72380.39,Success,UPI ID
TXN001802,137,10,19,139,1,1,4478.82,Success,UPI ID
TXN001803,47,17,18,1893,2,1,45757.14,Success,QR Code
TXN001804,99,20,15,309,1,1,47107.81,Failed,QR Code
TXN001805,91,19,14,1730,2,1,36095.67,Failed,QR Code
TXN001806,82,16,8,1054,2,1,43943.1,Success,QR Code
TXN001807,79,2,14,2186,2,1,58822.93,Success,QR Code
TXN001808,126,9,15,590,2,1,52968.98,Success,UPI ID
TXN001809,116,16,7,1752,2,1,34469.28,Success,UPI ID
TXN001810,101,18,3,1351,2,1,71365.96,Success,UPI ID
TXN001811,95,16,11,42,1,1,20153.62,Success,UPI ID
TXN001812,81,12,15,1121,2,1,60928.22,Success,UPI ID
TXN001813,134,12,2,885,2,2,51078.85,Success,QR Code
TXN001814,12,7,5,690,2,2,35884.32,Failed,QR Code
TXN001815,50,10,4,960,1,4,63834.79,Success,UPI ID
TXN001816,107,13,5,2033,2,1,23759.37,Failed,UPI ID
TXN001817,128,2,15,1457,2,1,56474.9,Failed,Phone Number
TXN001818,17,10,8,191,2,1,20157.67,Success,QR Code
TXN001819,111,7,12,717,1,1,39057.55,Success,UPI ID
TXN001820,71,20,5,2040,2,1,9088.89,Success,QR Code
TXN001821,17,9,12,2135,1,2,49776.45,Success,Phone Number
TXN001822,53,2,3,1829,2,1,27257.93,Success,QR Code
TXN001823,70,10,3,1718,2,3,7842.02,Failed,QR Code
TXN001824,98,4,1,1879,2,1,56076.03,Success,QR Code
TXN001825,138,7,11,793,2,1,24660.77,Failed,UPI ID
TXN001826,73,18,15,1053,1,1,55345.17,Success,Phone Number
TXN001827,134,8,9,1753,2,1,44019.57,Success,QR Code
TXN001828,55,2,10,1710,2,1,68079.49,Success,Phone Number
TXN001829,121,12,3,2170,2,1,50851.66,Success,Phone Number
TXN001830,1,2,14,904,2,1,69253.97,Success,QR Code
TXN001831,17,16,17,1197,2,2,30542.38,Success,QR Code
TXN001832,140,4,7,1481,2,1,18557.48,Success,QR Code
TXN001833,68,6,6,1102,1,1,34190.33,Success,UPI ID
TXN001834,16,20,6,721,2,1,11434.17,Success,QR Code
TXN001835,115,15,17,1698,2,2,2602.55,Success,QR Code
TXN001836,4,12,8,1322,1,1,25364.44,Success,Phone Number
TXN001837,104,9,13,51,2,1,7156.01,Success,UPI ID
TXN001838,111,5,8,813,2,1,55036.84,Success,Phone Number
TXN001839,41,18,16,610,2,1,25335.61,Success,QR Code
TXN001840,54,18,1,1660,2,1,19035.23,Success,QR Code
TXN001841,125,14,12,435,2,1,66805.36,Success,QR Code
TXN001842,12,8,15,875,2,1,28652.4,Success,Phone Number
TXN001843,44,4,2,746,1,1,49271.01,Success,Phone Number
TXN001844,66,3,1,1818,2,1,50789.25,Success,QR Code
TXN001845,7,10,12,73,2,1,12740.26,Success,QR Code
TXN001846,52,7,7,2178,2,2,248.13,Success,QR Code
TXN001847,105,2,3,1476,2,1,10026.55,Success,UPI ID
TXN001848,144,20,1,1172,2,1,21307.63,Success,QR Code
TXN001849,143,14,10,1308,1,2,33197.22,Success,QR Code
TXN001850,45,13,5,592,2,1,58747.15,Success,QR Code
TXN001851,134,16,20,2002,2,4,17781.2,Success,QR Code
TXN001852,21,12,13,1347,2,1,34521.33,Success,UPI ID
TXN001853,69,9,17,1513,1,1,44883.46,Success,QR Code
TXN001854,80,1,16,1053,2,3,34887.55,Success,UPI ID
TXN001855,31,15,3,976,2,1,26262.98,Success,QR Code
TXN001856,93,10,9,317,1,1,70533.66,Success,QR Code
TXN001857,78,4,7,1359,1,1,30216.94,Success,QR Code
TXN001858,115,8,10,5,1,1,14529.8,Success,UPI ID
TXN001859,20,20,1,1716,2,1,47263.1,Success,QR Code
TXN001860,138,5,14,443,2,1,18599.87,Success,UPI ID
TXN001861,66,18,9,1692,2,3,21757.97,Success,QR Code
TXN001862,96,18,11,2126,2,2,73013.9,Success,QR Code
TXN001863,51,12,14,725,2,1,1477.41,Success,QR Code
TXN001864,145,19,12,1264,2,1,40607.37,Success,QR Code
TXN001865,24,8,2,2166,2,1,35445.87,Success,QR Code
TXN001866,105,16,15,1372,2,1,21857.38,Success,QR Code
TXN001867,114,18,20,571,1,1,50809.24,Success,UPI ID
TXN001868,21,1,19,90,2,4,71979.49,Success,UPI ID
TXN001869,93,16,14,1638,2,1,17188.9,Success,UPI ID
TXN001870,42,17,16,1777,2,1,57287.1,Success,Phone Number
TXN001871,6,11,9,1069,2,2,72611.44,Failed,QR Code
TXN001872,58,1,11,1042,2,1,34161.37,Success,QR Code
TXN001873,150,15,15,299,2,1,73502.33,Failed,QR Code
TXN001874,56,9,2,568,2,1,34152.82,Success,UPI ID
TXN001875,62,12,16,376,2,1,52198.12,Success,UPI ID
TXN001876,45,18,12,171,2,1,36708.08,Success,UPI ID
TXN001877,12,6,18,464,1,1,12458.06,Success,UPI ID
TXN001878,33,3,2,238,1,2,34177.76,Success,UPI ID
TXN001879,99,17,15,95,2,2,60772.71,Success,QR Code
TXN001880,144,13,1,385,1,2,22135.45,Success,QR Code
TXN001881,54,5,8,400,1,1,5720.91,Success,QR Code
TXN001882,79,1,12,1721,2,1,29705.62,Failed,QR Code
TXN001883,95,9,11,782,2,1,28198.51,Success,QR Code
TXN001884,20,6,2,696,2,1,15170.02,Failed,QR Code
TXN001885,81,13,17,1775,2,1,18183.93,Failed,QR Code
TXN001886,108,11,19,1867,2,1,10090.4,Success,QR Code
TXN001887,47,6,14,238,1,1,41372.97,Success,Phone Number
TXN001888,86,10,18,1562,1,1,27627.51,Failed,UPI ID
TXN001889,83,15,5,954,2,2,68874.48,Success,QR Code
TXN001890,143,19,1,833,2,1,16763.38,Success,QR Code
TXN001891,65,1,15,414,1,1,65161.82,Success,QR Code
TXN001892,54,14,20,1106,1,1,28715.28,Success,Phone Number
TXN001893,66,2,19,2105,2,1,6997.66,Success,Phone Number
TXN001894,55,4,10,681,2,4,65816.27,Success,UPI ID
TXN001895,132,16,19,1791,2,1,31322.94,Success,Phone Number
TXN001896,4,11,18,1810,2,4,65965.26,Success,QR Code
TXN001897,65,17,5,639,2,1,71498.11,Success,Phone Number
TXN001898,127,13,6,775,2,3,70594.89,Success,QR Code
TXN001899,11,19,15,1570,2,1,21454.04,Success,UPI ID
TXN001900,76,3,8,1631,2,1,39604.44,Failed,Phone Number
TXN001901,134,14,17,1849,2,1,47303.48,Success,UPI ID
TXN001902,30,7,5,1113,2,1,5943.38,Success,QR Code
TXN001903,24,16,18,2159,2,1,39556.99,Success,Phone Number
TXN001904,4,6,1,1152,2,1,39582.15,Success,QR Code
TXN001905,133,6,16,1192,2,4,47607.86,Success,UPI ID
TXN001906,17,11,10,469,2,1,62865.54,Success,UPI ID
TXN001907,68,11,12,1533,2,1,37342.69,Success,QR Code
TXN001908,63,2,14,1738,2,1,36985.26,Success,UPI ID
TXN001909,135,4,12,590,2,1,32742.13,Success,Phone Number
TXN001910,56,12,19,495,1,1,19130.6,Success,UPI ID
TXN001911,33,10,18,43,2,1,31981.3,Success,QR Code
TXN001912,102,13,5,385,1,1,45346.24,Success,QR Code
TXN001913,28,7,3,1267,1,1,2354.33,Failed,UPI ID
TXN001914,140,12,4,1309,1,1,18602.1,Success,QR Code
TXN001915,106,13,9,226,2,1,63273.75,Success,UPI ID
TXN001916,141,16,2,661,2,1,32717.99,Failed,UPI ID
TXN001917,4,15,18,1737,2,2,31651.47,Success,UPI ID
TXN001918,118,6,4,1758,1,1,68206.1,Success,Phone Number
TXN001919,44,12,3,1727,2,1,10782.55,Success,QR Code
TXN001920,132,1,8,1259,1,1,66308.96,Success,QR Code
TXN001921,23,9,14,638,2,1,2441.51,Success,Phone Number
TXN001922,125,3,12,542,2,1,70099.88,Success,UPI ID
TXN001923,21,1,8,1577,2,4,32581.17,Failed,UPI ID
TXN001924,8,10,15,490,2,2,25525.18,Success,QR Code
TXN001925,56,6,9,905,1,1,65143.74,Failed,UPI ID
TXN001926,131,9,5,751,1,1,72696.11,Success,QR Code
TXN001927,92,2,7,1001,2,1,44899.31,Success,QR Code
TXN001928,57,13,13,1299,2,1,70265.75,Success,UPI ID
TXN001929,13,13,13,919,2,4,4558.0,Success,UPI ID
TXN001930,28,14,16,1754,1,1,20445.49,Success,UPI ID
TXN001931,131,11,5,699,1,1,61642.74,Success,QR Code
TXN001932,11,6,3,468,1,1,62317.26,Success,QR Code
TXN001933,131,3,15,2007,2,1,71853.51,Success,UPI ID
TXN001934,111,4,4,1410,1,2,67357.7,Success,Phone Number
TXN001935,120,11,20,697,1,1,27003.28,Success,QR Code
TXN001936,117,18,18,1558,2,1,32972.11,Success,UPI ID
TXN001937,85,19,20,2188,1,1,49311.05,Success,QR Code
TXN001938,5,3,19,2063,1,1,42161.34,Success,Phone Number
TXN001939,80,7,6,1556,2,1,3370.14,Success,QR Code
TXN001940,8,5,20,320,2,1,70539.92,Success,QR Code
TXN001941,64,20,1,2091,2,1,3307.07,Success,QR Code
TXN001942,81,14,13,217,2,1,10426.65,Success,UPI ID
TXN001943,76,11,19,860,2,1,36069.85,Success,UPI ID
TXN001944,18,5,17,36,2,1,7592.89,Success,Phone Number
TXN001945,91,6,11,1670,2,1,58170.67,Success,UPI ID
TXN001946,41,17,13,1926,1,4,55807.41,Success,UPI ID
TXN001947,125,17,14,400,1,1,3787.05,Success,QR Code
TXN001948,103,10,13,294,1,1,13618.94,Success,QR Code
TXN001949,63,20,14,648,2,1,26395.48,Success,QR Code
TXN001950,97,17,19,984,2,1,66508.61,Failed,QR Code
TXN001951,118,11,20,856,2,3,6553.43,Success,QR Code
TXN001952,28,9,19,1679,2,1,25607.45,Success,UPI ID
TXN001953,142,3,4,1277,2,2,15870.21,Success,UPI ID
TXN001954,40,9,2,1193,2,1,14903.63,Success,Phone Number
TXN001955,52,10,11,403,1,1,34409.16,Success,Phone Number
TXN001956,86,20,15,2053,2,1,1815.29,Success,UPI ID
TXN001957,39,14,7,893,2,1,42955.74,Success,Phone Number
TXN001958,65,14,10,783,2,1,39386.83,Success,QR Code
TXN001959,49,2,15,1582,1,2,50154.41,Success,QR Code
TXN001960,76,13,20,2138,2,1,43862.08,Success,QR Code
TXN001961,57,10,1,885,1,1,24876.6,Success,UPI ID
TXN001962,73,8,10,1220,2,1,36271.79,Success,QR Code
TXN001963,134,2,19,723,2,1,46502.19,Success,Phone Number
TXN001964,134,4,19,134,2,1,29933.95,Success,Phone Number
TXN001965,5,16,7,98,1,1,65130.88,Success,UPI ID
TXN001966,95,9,18,1422,1,2,27034.1,Success,UPI ID
TXN001967,146,15,9,539,1,1,8534.73,Success,Phone Number
TXN001968,111,2,4,1135,1,1,26640.92,Success,UPI ID
TXN001969,24,9,17,788,2,1,54553.44,Success,QR Code
TXN001970,137,19,7,227,2,4,13039.31,Success,QR Code
TXN001971,143,10,6,1077,1,2,27130.71,Success,QR Code
TXN001972,119,10,16,1289,2,1,6631.7,Success,UPI ID
TXN001973,72,6,2,1402,1,1,20449.12,Success,QR Code
TXN001974,97,12,5,187,2,1,39475.26,Success,QR Code
TXN001975,33,5,16,1672,2,1,46860.98,Success,QR Code
TXN001976,39,11,11,1342,2,1,29737.63,Success,UPI ID
TXN001977,17,3,7,1925,2,4,4131.57,Success,QR Code
TXN001978,135,16,18,1080,2,2,68617.41,Success,QR Code
TXN001979,147,6,9,905,1,3,52413.98,Success,QR Code
TXN001980,95,6,4,1024,1,3,44168.37,Success,UPI ID
TXN001981,10,19,15,2148,1,1,20868.19,Failed,QR Code
TXN001982,109,11,15,1726,2,1,6168.14,Success,QR Code
TXN001983,77,5,20,665,1,1,11394.75,Success,QR Code
TXN001984,112,14,6,580,2,3,4331.73,Success,QR Code
TXN001985,115,19,5,1723,2,1,46779.27,Success,Phone Number
TXN001986,50,6,10,1478,2,1,59037.93,Success,UPI ID
TXN001987,38,14,2,1441,2,1,5233.3,Success,QR Code
TXN001988,106,8,20,1543,2,2,48344.63,Success,UPI ID
TXN001989,21,4,16,947,2,1,69531.26,Failed,QR Code
TXN001990,144,12,8,1691,1,1,40102.37,Success,UPI ID
TXN001991,64,8,16,981,1,1,37539.2,Success,QR Code
TXN001992,97,20,20,1511,2,1,16916.77,Success,UPI ID
TXN001993,35,9,20,162,2,3,5506.71,Success,UPI ID
TXN001994,20,19,6,956,2,3,74331.77,Success,UPI ID
TXN001995,87,6,19,1525,2,1,44849.26,Success,UPI ID
TXN001996,111,20,13,316,2,1,48918.77,Success,UPI ID
TXN001997,129,17,15,731,2,1,2386.91,Success,QR Code
TXN001998,36,11,16,860,2,1,57030.94,Failed,UPI ID
TXN001999,147,8,14,1969,2,1,39575.17,Failed,Phone Number
TXN002000,107,13,11,763,2,1,3198.53,Success,UPI ID
TXN002001,63,18,5,1023,1,1,39059.26,Success,QR Code
TXN002002,42,18,8,1539,2,1,67428.47,Success,QR Code
TXN002003,75,19,9,691,2,1,53329.75,Success,UPI ID
TXN002004,27,17,5,476,1,1,28316.67,Success,QR Code
TXN002005,37,18,7,1204,2,4,66795.3,Success,QR Code
TXN002006,146,14,16,1415,2,1,46736.51,Success,UPI ID
TXN002007,69,16,4,540,2,1,1072.64,Success,UPI ID
TXN002008,52,8,14,332,1,3,18737.14,Success,UPI ID
TXN002009,129,20,4,2099,2,1,66684.38,Success,QR Code
TXN002010,132,7,17,1191,2,1,38456.36,Success,UPI ID
TXN002011,67,10,4,1804,1,1,41388.5,Success,QR Code
TXN002012,95,14,6,1218,2,1,30417.84,Success,QR Code
TXN002013,145,9,9,211,2,1,72955.12,Success,Phone Number
TXN002014,34,2,14,1809,2,1,53332.42,Success,Phone Number
TXN002015,117,14,6,1148,2,1,25117.23,Success,Phone Number
TXN002016,39,18,13,1848,2,1,70619.02,Success,UPI ID
TXN002017,141,10,7,965,2,2,8136.28,Success,QR Code
TXN002018,26,1,12,1345,1,1,59635.62,Success,UPI ID
TXN002019,94,16,19,78,1,4,27325.36,Success,QR Code
TXN002020,8,15,19,1981,2,1,60177.49,Success,UPI ID
TXN002021,18,12,11,1693,1,1,15662.8,Success,Phone Number
TXN002022,109,4,13,2002,2,1,8180.07,Success,QR Code
TXN002023,142,18,17,737,2,1,2779.11,Success,Phone Number
TXN002024,120,3,19,1858,1,2,21113.35,Success,UPI ID
TXN002025,90,20,5,2050,1,1,7279.41,Success,UPI ID
TXN002026,23,4,7,2058,2,1,41589.82,Success,QR Code
TXN002027,118,11,11,982,2,1,1017.66,Success,QR Code
TXN002028,11,15,3,2189,1,2,61800.26,Success,Phone Number
TXN002029,105,12,8,541,1,1,9060.12,Success,UPI ID
TXN002030,97,4,13,1021,2,1,61804.22,Success,QR Code
TXN002031,43,6,12,1204,2,1,74575.48,Success,QR Code
TXN002032,115,1,19,230,1,1,7744.52,Success,Phone Number
TXN002033,47,15,20,1226,2,1,35928.82,Success,UPI ID
TXN002034,28,12,2,1089,2,1,27499.38,Success,QR Code
TXN002035,24,2,20,1722,1,1,19362.18,Success,QR Code
TXN002036,126,14,11,1426,2,1,45556.52,Success,QR Code
TXN002037,91,9,11,2139,2,1,46699.89,Success,QR Code
TXN002038,35,19,19,809,2,1,36827.23,Success,QR Code
TXN002039,50,4,15,466,1,3,38782.98,Success,QR Code
TXN002040,18,13,14,1253,2,1,27899.96,Success,UPI ID
TXN002041,69,17,20,1342,2,1,24496.8,Success,UPI ID
TXN002042,18,3,20,148,2,2,21591.3,Success,UPI ID
TXN002043,91,4,8,745,1,2,3668.59,Success,UPI ID
TXN002044,15,8,4,2146,2,1,41383.43,Success,Phone Number
TXN002045,139,2,3,1727,2,3,8738.25,Success,QR Code
TXN002046,89,17,8,1921,2,1,62139.86,Failed,QR Code
TXN002047,83,17,15,518,2,1,2918.24,Success,QR Code
TXN002048,16,10,2,2109,2,1,25620.98,Failed,UPI ID
TXN002049,27,14,9,1699,2,1,60263.38,Success,QR Code
TXN002050,132,6,17,1132,2,1,52811.75,Success,UPI ID
TXN002051,18,8,19,1676,2,1,32396.68,Success,QR Code
TXN002052,149,9,15,1581,2,1,43485.89,Success,UPI ID
TXN002053,4,6,13,1282,2,1,70256.43,Failed,UPI ID
TXN002054,145,3,19,505,2,3,70654.65,Success,QR Code
TXN002055,74,13,18,1422,2,1,42791.32,Success,Phone Number
TXN002056,91,17,20,1761,1,1,58743.33,Success,UPI ID
TXN002057,104,14,13,668,2,4,59508.11,Success,QR Code
TXN002058,126,17,6,1698,2,1,1104.7,Success,Phone Number
TXN002059,32,6,13,1223,2,1,8808.23,Success,Phone Number
TXN002060,130,12,5,388,2,1,4711.0,Success,QR Code
TXN002061,82,17,12,124,2,4,37723.67,Success,QR Code
TXN002062,24,7,9,1427,2,1,17503.43,Failed,UPI ID
TXN002063,126,17,16,580,2,1,24644.9,Success,UPI ID
TXN002064,87,5,3,1125,2,1,8134.65,Success,UPI ID
TXN002065,88,4,8,1523,1,1,69385.06,Success,Phone Number
TXN002066,27,6,8,1572,1,1,11178.61,Success,QR Code
TXN002067,63,6,15,750,2,1,18470.7,Success,QR Code
TXN002068,65,6,18,1636,2,1,51796.05,Success,Phone Number
TXN002069,139,12,3,854,2,1,34889.57,Failed,UPI ID
TXN002070,131,4,16,2095,1,3,43286.53,Success,QR Code
TXN002071,30,6,7,424,2,1,68223.49,Success,Phone Number
TXN002072,110,2,15,1550,2,1,41591.52,Success,Phone Number
TXN002073,131,1,7,1649,1,1,56408.51,Success,UPI ID
TXN002074,27,4,12,640,2,1,66234.57,Success,Phone Number
TXN002075,120,6,9,247,2,1,9024.94,Success,UPI ID
TXN002076,101,13,17,1911,1,1,34410.12,Success,UPI ID
TXN002077,114,20,18,1921,2,1,55933.94,Success,Phone Number
TXN002078,11,6,19,2061,2,1,53606.68,Failed,QR Code
TXN002079,127,18,8,1903,2,1,37670.34,Success,QR Code
TXN002080,87,15,14,1942,2,1,52856.5,Success,QR Code
TXN002081,105,12,11,226,2,1,27357.57,Success,UPI ID
TXN002082,84,4,1,973,2,1,54932.6,Success,UPI ID
TXN002083,150,8,12,1179,2,3,11453.89,Success,QR Code
TXN002084,62,3,20,1045,1,1,26056.11,Success,QR Code
TXN002085,21,9,8,1696,2,1,65256.72,Success,QR Code
TXN002086,99,1,5,648,2,1,74293.28,Success,QR Code
TXN002087,3,5,8,540,2,4,4345.67,Failed,UPI ID
TXN002088,145,6,20,52,2,1,20072.42,Success,UPI ID
TXN002089,56,18,4,2186,2,1,72587.32,Success,QR Code
TXN002090,111,4,11,2117,2,3,61751.38,Success,QR Code
TXN002091,42,13,11,2121,2,1,49252.78,Failed,Phone Number
TXN002092,27,2,5,1865,2,1,13319.88,Success,UPI ID
TXN002093,67,15,3,1659,1,1,42376.19,Success,QR Code
TXN002094,132,4,6,2153,2,1,21345.43,Success,Phone Number
TXN002095,23,13,2,753,2,2,66988.28,Success,UPI ID
TXN002096,149,10,9,296,1,1,24140.05,Success,Phone Number
TXN002097,68,16,19,398,2,3,74452.48,Success,UPI ID
TXN002098,105,7,3,1065,1,1,43528.93,Success,Phone Number
TXN002099,97,19,1,102,1,1,34499.06,Success,UPI ID
TXN002100,93,18,2,411,2,2,23098.69,Success,Phone Number
TXN002101,18,9,8,1321,2,1,62849.83,Failed,QR Code
TXN002102,83,11,19,2048,2,2,35692.79,Success,UPI ID
TXN002103,50,10,15,471,1,1,22074.09,Success,UPI ID
TXN002104,38,13,8,132,2,1,4022.89,Success,QR Code
TXN002105,136,3,17,1497,2,1,13858.96,Failed,QR Code
TXN002106,39,2,3,2085,2,1,1088.0,Success,Phone Number
TXN002107,10,2,9,613,1,1,65973.41,Success,QR Code
TXN002108,55,1,17,536,2,1,38992.41,Success,QR Code
TXN002109,148,19,13,586,2,2,50923.12,Success,QR Code
TXN002110,65,1,10,69,2,1,31098.89,Success,UPI ID
TXN002111,55,20,7,100,2,1,10450.04,Success,UPI ID
TXN002112,70,20,10,298,2,1,18909.06,Success,QR Code
TXN002113,87,1,2,1792,2,3,51129.29,Success,QR Code
TXN002114,37,10,9,1926,1,1,47617.61,Success,UPI ID
TXN002115,44,2,12,1733,2,1,3117.31,Success,QR Code
TXN002116,79,15,18,755,2,4,50302.52,Success,UPI ID
TXN002117,145,17,12,1311,2,2,16274.99,Success,Phone Number
TXN002118,141,10,1,1927,2,1,72337.65,Success,QR Code
TXN002119,85,12,5,1760,2,1,26869.8,Success,UPI ID
TXN002120,61,15,1,2107,1,1,44137.36,Success,QR Code
TXN002121,19,10,1,72,2,2,73049.97,Success,QR Code
TXN002122,5,5,1,2122,1,3,996.98,Success,Phone Number
TXN002123,122,5,19,558,1,1,17123.61,Success,UPI ID
TXN002124,19,6,8,639,2,1,61006.44,Success,UPI ID
TXN002125,3,2,12,188,2,1,56876.54,Success,UPI ID
TXN002126,6,9,3,734,2,1,25609.7,Success,QR Code
TXN002127,140,9,1,48,2,1,64607.04,Success,Phone Number
TXN002128,126,16,11,2056,2,1,54812.7,Success,UPI ID
TXN002129,106,5,7,1626,2,1,14741.9,Success,Phone Number
TXN002130,53,5,19,1924,2,1,2725.23,Success,QR Code
TXN002131,45,8,18,1594,2,1,2041.55,Success,UPI ID
TXN002132,121,7,13,1127,1,1,32754.24,Success,UPI ID
TXN002133,85,7,20,1463,2,1,52615.38,Failed,Phone Number
TXN002134,34,7,4,1228,2,1,28349.37,Success,QR Code
TXN002135,5,11,11,2134,2,1,65010.28,Success,QR Code
TXN002136,122,19,13,2030,2,1,27281.32,Success,QR Code
TXN002137,47,2,19,1334,2,2,48731.76,Success,UPI ID
TXN002138,21,5,1,2147,2,4,14233.55,Success,UPI ID
TXN002139,54,8,19,826,1,1,45719.31,Success,Phone Number
TXN002140,97,6,7,1724,2,2,56447.11,Success,UPI ID
TXN002141,147,7,14,1448,1,3,26693.23,Success,QR Code
TXN002142,19,5,7,300,1,1,66889.01,Success,UPI ID
TXN002143,22,15,13,1860,2,1,10166.83,Success,UPI ID
TXN002144,51,2,5,74,2,2,73929.25,Success,Phone Number
TXN002145,11,3,19,1410,1,1,927.91,Success,UPI ID
TXN002146,72,4,7,864,2,1,73727.32,Success,QR Code
TXN002147,97,6,14,1885,1,3,16246.36,Success,QR Code
TXN002148,105,20,4,1574,2,1,73201.39,Success,QR Code
TXN002149,74,7,20,1779,2,1,24422.77,Success,QR Code
TXN002150,11,14,6,1286,2,1,1875.27,Success,QR Code
TXN002151,147,13,2,2108,1,1,58486.27,Success,QR Code
TXN002152,82,19,3,104,1,4,71654.53,Success,UPI ID
TXN002153,54,17,20,854,2,1,23019.66,Success,QR Code
TXN002154,92,15,6,374,2,1,6085.74,Success,UPI ID
TXN002155,21,8,18,2108,1,1,26786.19,Success,QR Code
TXN002156,143,5,5,684,2,1,30498.56,Success,UPI ID
TXN002157,4,4,12,1638,2,1,17200.63,Success,Phone Number
TXN002158,65,7,8,972,1,1,7600.0,Success,QR Code
TXN002159,103,12,7,51,2,1,8069.27,Success,QR Code
TXN002160,131,9,8,2175,1,1,6930.48,Failed,UPI ID
TXN002161,150,20,4,1655,1,1,36609.14,Success,UPI ID
TXN002162,94,9,13,1037,2,3,59002.97,Success,UPI ID
TXN002163,75,7,13,579,2,1,44584.3,Success,QR Code
TXN002164,104,13,5,252,2,2,54240.34,Success,Phone Number
TXN002165,143,16,20,2141,2,1,64136.16,Success,UPI ID
TXN002166,67,4,5,2024,2,1,2094.47,Success,QR Code
TXN002167,22,12,10,2085,2,1,52845.6,Success,UPI ID
TXN002168,89,11,8,221,2,1,55684.13,Success,QR Code
TXN002169,7,13,16,2191,2,1,35669.57,Success,UPI ID
TXN002170,2,4,1,1365,2,2,71722.62,Success,Phone Number
TXN002171,84,11,16,909,2,2,3976.1,Success,QR Code
TXN002172,83,4,9,1437,1,1,44942.06,Failed,QR Code
TXN002173,32,7,2,622,2,2,28624.44,Failed,QR Code
TXN002174,11,7,18,269,2,1,17464.24,Success,UPI ID
TXN002175,75,20,15,1374,1,2,21769.81,Success,UPI ID
TXN002176,129,1,6,730,2,1,62675.51,Success,QR Code
TXN002177,70,6,19,1521,1,2,44674.43,Success,QR Code
TXN002178,109,4,17,1684,2,1,26191.03,Success,QR Code
TXN002179,124,12,18,2107,1,1,53175.75,Success,Phone Number
TXN002180,111,10,14,831,2,1,14818.74,Success,QR Code
TXN002181,25,3,7,1121,2,1,38655.47,Success,QR Code
TXN002182,54,9,12,2172,2,1,19925.35,Success,QR Code
TXN002183,105,8,5,675,2,1,41355.33,Success,QR Code
TXN002184,46,1,15,1770,2,1,51274.31,Success,UPI ID
TXN002185,64,6,5,758,2,1,72339.56,Success,UPI ID
TXN002186,93,7,19,1831,2,1,42474.33,Success,Phone Number
TXN002187,3,5,20,1585,2,1,13021.52,Failed,UPI ID
TXN002188,17,13,12,1611,2,4,845.97,Success,UPI ID
TXN002189,60,7,16,492,2,2,11392.3,Success,UPI ID
TXN002190,25,20,7,593,1,1,51767.47,Failed,UPI ID
TXN002191,4,9,16,637,2,2,48886.21,Success,QR Code
TXN002192,25,11,18,1218,2,1,57379.08,Success,QR Code
TXN002193,84,1,14,1784,2,4,5897.93,Success,QR Code
TXN002194,39,7,15,1494,2,4,9109.55,Success,UPI ID
TXN002195,106,19,5,1684,1,1,54806.17,Success,Phone Number
TXN002196,86,10,4,1299,2,1,14662.16,Success,QR Code
TXN002197,102,19,10,28,2,1,29081.48,Success,QR Code
TXN002198,14,13,2,1252,2,1,62688.62,Success,QR Code
TXN002199,100,8,5,2016,2,1,10904.66,Success,QR Code
TXN002200,58,18,17,992,2,4,51272.64,Success,UPI ID
TXN002201,55,11,18,594,1,1,4836.64,Failed,QR Code
TXN002202,143,5,18,717,2,1,61102.8,Success,Phone Number
TXN002203,112,1,20,1155,1,1,46796.39,Success,Phone Number
TXN002204,81,5,14,1743,1,1,44355.36,Success,QR Code
TXN002205,42,10,15,940,2,1,17117.91,Success,UPI ID
TXN002206,96,11,9,1206,2,2,72232.97,Success,QR Code
TXN002207,76,17,16,1580,2,1,35241.44,Success,QR Code
TXN002208,69,18,20,1711,2,1,23128.06,Success,Phone Number
TXN002209,5,1,8,306,2,1,65152.21,Success,QR Code
TXN002210,136,20,11,512,2,1,329.04,Success,QR Code
TXN002211,77,17,1,651,1,1,40886.8,Success,UPI ID
TXN002212,52,3,16,1933,2,1,42702.37,Success,UPI ID
TXN002213,108,14,1,264,2,1,50713.9,Success,QR Code
TXN002214,137,6,10,211,2,4,29340.1,Success,Phone Number
TXN002215,71,20,7,1699,2,3,15101.8,Failed,UPI ID
TXN002216,11,9,7,1686,1,2,20143.99,Success,UPI ID
TXN002217,102,11,4,8,2,3,40565.55,Success,QR Code
TXN002218,84,2,3,2076,1,1,57609.55,Success,QR Code
TXN002219,147,15,7,1224,1,1,971.98,Success,Phone Number
TXN002220,100,14,10,1031,2,1,58324.69,Success,Phone Number
TXN002221,107,12,19,1479,2,1,40148.15,Success,UPI ID
TXN002222,149,1,1,1379,2,2,69379.55,Success,UPI ID
TXN002223,132,20,10,1645,1,1,31496.42,Success,QR Code
TXN002224,16,15,14,767,1,1,61741.42,Success,Phone Number
TXN002225,60,10,3,1872,1,1,52812.48,Success,UPI ID
TXN002226,54,14,5,1905,2,1,33443.18,Success,QR Code
TXN002227,140,4,8,469,2,1,49478.85,Success,QR Code
TXN002228,54,3,20,29,2,1,51159.69,Success,QR Code
TXN002229,93,18,16,1388,1,1,39627.69,Success,UPI ID
TXN002230,55,2,16,869,1,1,22080.06,Success,QR Code
TXN002231,8,3,19,186,2,1,62952.81,Failed,UPI ID
TXN002232,95,3,3,1809,1,1,56700.93,Success,UPI ID
TXN002233,81,5,16,1716,2,1,3113.92,Success,Phone Number
TXN002234,83,5,15,1941,2,3,33133.98,Success,QR Code
TXN002235,139,6,9,409,2,1,71479.42,Success,QR Code
TXN002236,131,13,3,784,2,1,27696.17,Failed,Phone Number
TXN002237,80,9,16,940,2,1,30875.24,Failed,QR Code
TXN002238,75,11,10,650,2,1,5564.13,Success,UPI ID
TXN002239,45,1,16,238,2,1,51657.49,Success,QR Code
TXN002240,27,17,13,1565,2,1,57478.13,Success,QR Code
TXN002241,120,16,16,1359,1,1,56671.85,Success,UPI ID
TXN002242,9,15,17,11,1,1,6114.7,Success,QR Code
TXN002243,94,20,7,55,2,2,18669.82,Success,QR Code
TXN002244,48,5,19,564,2,1,2734.43,Success,QR Code
TXN002245,23,10,5,1494,2,1,68910.42,Success,QR Code
TXN002246,2,7,10,1853,2,1,14782.56,Success,QR Code
TXN002247,30,19,20,466,2,1,5915.97,Success,UPI ID
TXN002248,144,12,8,1717,1,1,69304.63,Success,QR Code
TXN002249,96,13,2,948,2,1,22666.37,Success,QR Code
TXN002250,116,15,20,1949,2,1,37407.21,Success,Phone Number
TXN002251,44,4,18,517,2,1,13352.57,Success,QR Code
TXN002252,112,4,4,276,2,1,21423.11,Success,QR Code
TXN002253,76,7,3,392,2,1,62487.73,Success,UPI ID
TXN002254,4,19,12,1025,2,1,32046.83,Success,QR Code
TXN002255,117,19,10,32,2,1,73721.33,Success,UPI ID
TXN002256,34,16,13,1620,2,1,1411.69,Success,QR Code
TXN002257,139,6,14,1122,2,2,2040.23,Success,UPI ID
TXN002258,53,1,1,765,1,1,17664.66,Success,QR Code
TXN002259,12,17,2,2148,2,2,23993.39,Success,QR Code
TXN002260,85,13,9,123,2,1,45234.06,Success,Phone Number
TXN002261,128,15,14,2141,2,1,9733.09,Success,UPI ID
TXN002262,47,8,20,1897,2,4,35642.43,Success,UPI ID
TXN002263,66,2,19,1168,2,1,57222.08,Success,QR Code
TXN002264,44,2,7,1266,2,1,23416.14,Success,QR Code
TXN002265,27,4,8,1291,2,1,44662.53,Success,QR Code
TXN002266,32,14,16,1552,2,2,27873.15,Success,UPI ID
TXN002267,140,14,1,1695,2,3,62035.66,Success,QR Code
TXN002268,121,1,17,327,1,1,39643.94,Success,UPI ID
TXN002269,65,19,10,1800,1,2,61715.71,Success,QR Code
TXN002270,42,7,20,515,2,1,74832.52,Success,QR Code
TXN002271,107,20,4,1761,1,1,44246.83,Failed,QR Code
TXN002272,88,12,15,1950,2,1,29516.19,Success,QR Code
TXN002273,100,8,18,2137,1,1,12155.64,Success,Phone Number
TXN002274,15,1,6,2162,2,1,65085.35,Success,UPI ID
TXN002275,92,9,12,220,2,1,16798.5,Success,QR Code
TXN002276,121,19,2,1824,2,3,60238.87,Success,Phone Number
TXN002277,130,7,3,1946,2,1,72754.93,Success,QR Code
TXN002278,101,2,9,47,2,2,39581.84,Failed,QR Code
TXN002279,25,4,7,1209,2,1,44675.38,Success,QR Code
TXN002280,77,15,8,913,1,1,36483.05,Success,QR Code
TXN002281,2,9,17,590,1,3,38056.14,Success,UPI ID
TXN002282,112,4,5,1776,2,1,1609.64,Success,QR Code
TXN002283,7,14,16,1678,2,4,17548.84,Success,QR Code
TXN002284,82,1,3,422,2,1,50171.79,Success,QR Code
TXN002285,146,11,11,945,2,1,9200.38,Success,Phone Number
TXN002286,138,20,4,142,2,1,20967.49,Success,QR Code
TXN002287,147,3,11,444,1,1,8830.68,Success,QR Code
TXN002288,123,14,17,1530,2,1,37259.19,Success,QR Code
TXN002289,136,3,16,2058,1,1,12421.87,Success,QR Code
TXN002290,4,8,3,1340,2,1,8140.64,Success,Phone Number
TXN002291,138,18,7,569,2,4,18661.46,Success,QR Code
TXN002292,72,13,7,543,2,1,66916.02,Success,QR Code
TXN002293,106,5,14,509,2,2,8828.11,Success,Phone Number
TXN002294,24,5,19,960,2,1,69260.13,Success,QR Code
TXN002295,41,17,12,817,2,1,26922.69,Success,Phone Number
TXN002296,59,3,12,671,1,1,44861.64,Success,UPI ID
TXN002297,55,8,7,1459,1,1,13468.38,Success,QR Code
TXN002298,40,5,7,2031,2,2,32085.63,Success,UPI ID
TXN002299,54,1,4,413,2,1,19658.55,Success,QR Code
TXN002300,2,11,14,875,2,4,64619.83,Success,QR Code
TXN002301,115,16,9,1939,2,1,11781.72,Success,QR Code
TXN002302,102,3,14,168,2,4,36709.25,Success,QR Code
TXN002303,99,15,19,851,2,1,37170.46,Success,QR Code
TXN002304,86,5,1,1487,1,1,32481.13,Success,Phone Number
TXN002305,62,6,17,1821,2,3,10335.85,Success,QR Code
TXN002306,52,4,2,1501,2,3,59103.9,Success,QR Code
TXN002307,92,5,11,1539,2,1,59037.18,Success,UPI ID
TXN002308,1,20,9,719,1,3,40240.31,Success,Phone Number
TXN002309,35,13,15,2142,2,1,68150.96,Success,UPI ID
TXN002310,86,7,3,1973,2,3,17675.56,Success,QR Code
TXN002311,67,1,20,2112,2,1,40349.11,Success,Phone Number
TXN002312,128,7,14,1603,2,1,6556.12,Success,QR Code
TXN002313,31,5,9,1820,2,1,2018.47,Success,UPI ID
TXN002314,42,15,20,733,2,1,67305.51,Success,UPI ID
TXN002315,7,6,16,1282,2,2,72491.92,Success,UPI ID
TXN002316,17,6,11,784,2,1,63586.25,Success,UPI ID
TXN002317,37,11,1,710,2,1,18128.03,Success,QR Code
TXN002318,140,17,1,1384,2,2,9359.49,Success,QR Code
TXN002319,18,20,10,250,2,1,23370.06,Success,QR Code
TXN002320,32,15,16,846,2,1,44319.59,Success,Phone Number
TXN002321,99,14,19,1492,2,2,39694.07,Success,QR Code
TXN002322,28,2,12,593,2,2,71133.03,Success,QR Code
TXN002323,143,14,7,1299,2,1,14856.48,Success,QR Code
TXN002324,84,17,15,510,2,2,32301.09,Success,QR Code
TXN002325,6,13,19,1149,2,1,66243.94,Success,QR Code
TXN002326,35,7,6,490,1,1,61723.18,Failed,QR Code
TXN002327,21,13,9,1919,2,1,72276.83,Success,QR Code
TXN002328,27,6,19,1465,1,1,6018.17,Success,UPI ID
TXN002329,77,7,6,1378,1,1,10163.03,Success,Phone Number
TXN002330,67,14,14,1934,2,1,49851.82,Success,QR Code
TXN002331,143,8,9,1531,2,2,66226.24,Success,UPI ID
TXN002332,145,14,13,1400,1,1,34199.18,Success,Phone Number
TXN002333,124,11,9,560,1,1,65865.86,Success,Phone Number
TXN002334,149,2,15,286,2,1,17207.37,Failed,QR Code
TXN002335,61,4,4,207,2,1,34822.74,Success,Phone Number
TXN002336,61,18,13,477,2,1,74448.82,Success,QR Code
TXN002337,74,16,9,758,2,1,45417.38,Success,Phone Number
TXN002338,146,12,12,1207,2,1,55651.59,Success,QR Code
TXN002339,74,3,7,863,2,1,13390.91,Success,Phone Number
TXN002340,98,6,5,319,2,1,54109.85,Success,UPI ID
TXN002341,92,18,5,2057,2,1,17822.07,Success,QR Code
TXN002342,26,10,9,1020,2,1,11034.91,Success,QR Code
TXN002343,19,10,20,328,2,1,30616.95,Success,QR Code
TXN002344,99,10,3,1691,1,1,8389.41,Success,UPI ID
TXN002345,15,15,15,1033,2,1,36952.25,Success,QR Code
TXN002346,50,20,9,298,1,3,73983.45,Success,Phone Number
TXN002347,116,8,14,749,2,1,42596.31,Success,QR Code
TXN002348,24,14,10,711,2,1,29242.56,Success,UPI ID
TXN002349,107,15,20,432,1,1,53414.51,Success,QR Code
TXN002350,56,17,1,2114,1,1,9430.15,Failed,QR Code
TXN002351,49,8,18,1637,1,1,2781.49,Failed,QR Code
TXN002352,24,11,5,421,2,1,64519.68,Success,Phone Number
TXN002353,38,10,7,1593,1,1,39014.08,Success,Phone Number
TXN002354,124,3,2,791,2,1,73672.71,Success,UPI ID
TXN002355,128,17,6,1108,2,1,40982.43,Success,QR Code
TXN002356,132,14,7,1841,2,1,10639.43,Success,QR Code
TXN002357,64,17,14,994,2,1,65799.51,Success,QR Code
TXN002358,80,11,13,555,1,1,66394.82,Success,UPI ID
TXN002359,2,12,13,878,2,1,73016.03,Failed,QR Code
TXN002360,18,2,10,450,1,2,8760.05,Success,Phone Number
TXN002361,63,7,1,1196,2,1,44734.05,Success,QR Code
TXN002362,61,9,16,1671,2,2,59206.03,Success,Phone Number
TXN002363,17,15,20,1482,2,1,19829.16,Success,QR Code
TXN002364,4,4,13,1002,2,1,70131.46,Failed,Phone Number
TXN002365,30,1,5,1644,1,4,48801.79,Success,QR Code
TXN002366,125,18,10,555,1,1,24061.4,Failed,QR Code
TXN002367,132,16,17,286,2,1,63743.29,Success,UPI ID
TXN002368,104,8,6,1149,2,1,29122.37,Success,QR Code
TXN002369,126,19,4,274,2,1,18591.19,Success,QR Code
TXN002370,147,7,14,1158,2,1,21943.78,Success,QR Code
TXN002371,19,15,8,1285,2,1,2003.83,Success,UPI ID
TXN002372,52,12,9,1532,2,3,15272.24,Success,Phone Number
TXN002373,35,7,5,322,2,1,65904.51,Success,UPI ID
TXN002374,104,5,10,1384,1,3,68553.21,Success,Phone Number
TXN002375,96,14,16,1520,2,1,14685.14,Success,UPI ID
TXN002376,23,14,4,2097,2,1,72946.96,Failed,QR Code
TXN002377,60,2,9,1561,2,1,64636.57,Success,QR Code
TXN002378,56,12,3,2100,1,2,61667.99,Success,QR Code
TXN002379,107,9,1,337,2,1,60966.24,Success,Phone Number
TXN002380,100,2,7,1382,2,1,10224.47,Success,QR Code
TXN002381,15,16,4,2071,1,1,61924.95,Success,QR Code
TXN002382,66,8,3,1527,2,1,66013.36,Success,QR Code
TXN002383,147,19,12,1043,1,1,74623.82,Success,QR Code
TXN002384,94,10,20,822,2,1,66708.0,Success,UPI ID
TXN002385,13,4,4,718,2,1,59457.31,Success,Phone Number
TXN002386,79,17,8,231,2,1,16987.52,Success,QR Code
TXN002387,97,12,7,728,2,1,18354.02,Success,QR Code
TXN002388,121,6,6,578,1,1,17874.45,Success,QR Code
TXN002389,67,2,7,494,2,1,3125.08,Success,QR Code
TXN002390,94,8,16,1855,2,1,7158.88,Success,UPI ID
TXN002391,56,1,2,1824,2,1,5820.43,Success,QR Code
TXN002392,25,9,3,1840,1,1,41135.23,Success,QR Code
TXN002393,33,5,20,1404,2,1,37351.37,Success,QR Code
TXN002394,135,18,9,280,2,1,43899.28,Success,UPI ID
TXN002395,95,16,1,123,2,1,65763.25,Success,QR Code
TXN002396,145,4,16,2031,1,1,72677.82,Failed,QR Code
TXN002397,48,6,12,1696,1,1,29052.13,Success,Phone Number
TXN002398,2,17,16,1153,2,4,7053.62,Success,QR Code
TXN002399,145,20,5,1108,2,1,61019.04,Success,Phone Number
TXN002400,46,16,2,2156,2,1,61111.69,Success,QR Code
TXN002401,140,8,5,1144,1,1,71860.04,Success,UPI ID
TXN002402,106,14,13,1624,2,1,4029.59,Success,QR Code
TXN002403,65,11,7,2044,2,1,29803.29,Success,Phone Number
TXN002404,5,1,2,765,2,1,36119.35,Success,UPI ID
TXN002405,111,20,19,606,2,1,39090.48,Success,QR Code
TXN002406,27,10,13,507,2,1,7717.35,Success,Phone Number
TXN002407,49,11,6,710,2,1,29711.61,Success,UPI ID
TXN002408,131,7,18,323,1,3,28004.28,Success,UPI ID
TXN002409,92,14,1,1286,2,1,71859.9,Success,QR Code
TXN002410,1,14,13,2148,2,1,56045.02,Success,QR Code
TXN002411,139,1,14,1171,2,1,39887.26,Success,Phone Number
TXN002412,74,8,19,136,2,1,17971.28,Success,QR Code
TXN002413,124,8,7,1635,2,1,39466.52,Success,QR Code
TXN002414,139,1,3,2103,2,1,57436.04,Failed,QR Code
TXN002415,107,5,5,1842,2,1,56908.75,Success,Phone Number
TXN002416,32,6,6,631,2,1,74326.17,Success,Phone Number
TXN002417,120,10,6,1900,2,1,53893.92,Failed,QR Code
TXN002418,98,18,5,172,2,1,12021.53,Success,QR Code
TXN002419,50,18,2,865,2,1,8280.07,Success,QR Code
TXN002420,57,10,9,366,2,1,36396.57,Success,QR Code
TXN002421,74,18,3,2068,2,1,72261.51,Failed,UPI ID
TXN002422,47,20,9,1660,1,1,1350.5,Success,QR Code
TXN002423,97,19,18,236,2,1,16977.15,Failed,Phone Number
TXN002424,145,2,1,1390,2,1,67986.45,Success,Phone Number
TXN002425,82,5,14,1316,2,2,55606.68,Success,UPI ID
TXN002426,8,7,16,1120,2,3,21947.76,Success,UPI ID
TXN002427,64,12,13,1331,2,3,36838.91,Success,QR Code
TXN002428,7,1,16,141,2,1,71414.74,Failed,Phone Number
TXN002429,20,1,7,567,2,1,52718.26,Success,Phone Number
TXN002430,146,11,16,702,2,2,8358.06,Success,UPI ID
TXN002431,84,2,20,677,1,1,57182.73,Success,QR Code
TXN002432,143,7,6,969,2,1,62204.87,Success,QR Code
TXN002433,119,18,4,550,1,1,24446.75,Success,UPI ID
TXN002434,146,16,15,1606,2,1,74398.17,Success,QR Code
TXN002435,139,4,5,1900,2,1,74155.23,Success,UPI ID
TXN002436,122,5,4,216,2,1,38870.65,Success,UPI ID
TXN002437,21,14,3,1965,1,1,1194.65,Success,UPI ID
TXN002438,30,3,5,73,2,1,47851.4,Success,Phone Number
TXN002439,143,8,11,28,2,3,49745.53,Success,QR Code
TXN002440,47,5,1,638,2,1,50387.52,Success,UPI ID
TXN002441,103,11,10,1096,2,1,72123.25,Success,UPI ID
TXN002442,141,20,15,600,2,1,42127.67,Success,Phone Number
TXN002443,130,19,7,64,2,1,38668.95,Failed,Phone Number
TXN002444,28,3,1,1958,2,1,25451.7,Success,Phone Number
TXN002445,27,13,3,2160,2,1,28948.57,Success,QR Code
TXN002446,118,3,1,1864,2,1,39433.02,Success,QR Code
TXN002447,100,10,16,73,1,1,8950.37,Success,UPI ID
TXN002448,43,3,3,1460,1,1,33832.45,Success,UPI ID
TXN002449,149,5,9,1095,2,4,57110.44,Success,UPI ID
TXN002450,22,8,16,1738,2,2,3678.01,Success,UPI ID
TXN002451,143,16,15,417,2,4,24099.73,Success,Phone Number
TXN002452,36,8,19,480,2,1,41065.1,Success,UPI ID
TXN002453,52,12,5,1283,2,1,31571.02,Failed,UPI ID
TXN002454,102,20,18,1414,1,4,63031.33,Success,UPI ID
TXN002455,18,10,11,464,2,1,7151.8,Failed,UPI ID
TXN002456,91,14,3,836,2,1,66096.15,Success,QR Code
TXN002457,15,7,2,460,2,2,57966.99,Success,UPI ID
TXN002458,135,8,8,201,2,1,24994.02,Success,Phone Number
TXN002459,14,5,17,1470,2,2,31386.61,Success,QR Code
TXN002460,122,14,5,201,2,4,26314.52,Success,Phone Number
TXN002461,3,2,13,191,1,1,72571.67,Success,UPI ID
TXN002462,59,11,13,903,2,1,19501.22,Success,QR Code
TXN002463,60,6,10,901,2,1,9276.44,Success,UPI ID
TXN002464,67,11,19,897,2,1,19487.99,Failed,UPI ID
TXN002465,58,17,8,157,2,4,20743.4,Success,Phone Number
TXN002466,88,3,8,1685,2,1,36477.66,Success,QR Code
TXN002467,43,4,20,156,2,1,38248.81,Failed,QR Code
TXN002468,1,2,6,30,1,1,38914.15,Success,QR Code
TXN002469,26,20,4,1424,2,1,7958.82,Success,QR Code
TXN002470,119,10,12,76,2,3,63372.43,Success,UPI ID
TXN002471,48,15,1,1769,2,1,21051.8,Success,QR Code
TXN002472,38,6,1,2147,2,1,23640.89,Success,Phone Number
TXN002473,59,19,7,1029,2,1,17507.37,Success,UPI ID
TXN002474,23,11,9,45,1,3,15154.91,Success,QR Code
TXN002475,35,20,15,2030,2,2,67843.37,Success,QR Code
TXN002476,125,11,14,268,2,1,8156.33,Failed,UPI ID
TXN002477,45,13,6,173,2,1,11836.02,Success,Phone Number
TXN002478,75,18,16,1386,2,4,19358.79,Success,QR Code
TXN002479,133,11,5,1472,2,2,13918.06,Success,QR Code
TXN002480,41,13,19,864,1,1,42151.32,Success,Phone Number
TXN002481,25,15,9,1673,2,2,12013.3,Success,QR Code
TXN002482,70,3,13,116,2,1,14593.33,Success,QR Code
TXN002483,33,14,5,2119,1,1,50671.15,Success,QR Code
TXN002484,125,8,16,933,2,2,25274.59,Success,Phone Number
TXN002485,101,19,4,674,2,1,55329.64,Failed,UPI ID
TXN002486,104,4,6,1038,2,3,68847.07,Success,Phone Number
TXN002487,24,17,5,1373,2,1,14661.12,Success,Phone Number
TXN002488,135,7,14,2051,2,1,54752.28,Success,QR Code
TXN002489,137,14,19,1491,2,1,3405.15,Success,QR Code
TXN002490,129,14,10,221,2,1,49799.07,Success,UPI ID
TXN002491,43,5,16,1098,2,1,23464.62,Success,Phone Number
TXN002492,3,20,14,865,2,1,64991.74,Success,Phone Number
TXN002493,56,20,5,674,2,1,73245.92,Success,QR Code
TXN002494,116,10,17,757,2,1,71573.65,Success,Phone Number
TXN002495,65,18,1,398,2,1,12524.36,Success,UPI ID
TXN002496,63,13,6,1659,1,1,56989.14,Success,UPI ID
TXN002497,14,19,15,2097,2,1,11899.31,Success,UPI ID
TXN002498,58,15,17,1002,2,1,1299.59,Success,UPI ID
TXN002499,28,6,20,1588,2,1,65157.69,Failed,QR Code
TXN002500,31,15,7,1689,2,1,8067.31,Success,QR Code
TXN002501,64,20,12,2105,2,2,4785.36,Success,QR Code
TXN002502,120,2,10,246,2,2,59919.9,Failed,Phone Number
TXN002503,67,18,1,313,2,1,28072.84,Success,QR Code
TXN002504,73,14,16,125,1,1,74302.5,Success,QR Code
TXN002505,4,4,12,697,2,1,70554.09,Success,QR Code
TXN002506,146,5,8,813,2,1,35903.94,Success,QR Code
TXN002507,6,4,12,1930,2,1,61369.03,Success,UPI ID
TXN002508,44,5,1,1308,2,1,20003.24,Failed,UPI ID
TXN002509,14,8,18,971,2,1,35613.87,Failed,QR Code
TXN002510,11,13,16,652,2,1,17842.07,Success,UPI ID
TXN002511,130,19,5,1256,2,1,23588.89,Success,QR Code
TXN002512,51,2,6,1185,2,1,36416.66,Failed,QR Code
TXN002513,25,16,5,82,2,1,26753.52,Success,UPI ID
TXN002514,132,7,13,1614,1,1,33845.78,Failed,QR Code
TXN002515,141,8,20,1272,2,1,28518.7,Success,UPI ID
TXN002516,114,4,5,2185,1,1,71628.85,Success,Phone Number
TXN002517,39,11,1,1472,1,4,27078.14,Success,QR Code
TXN002518,9,20,18,139,2,1,2204.79,Success,QR Code
TXN002519,133,12,13,20,2,1,15622.02,Success,UPI ID
TXN002520,101,12,10,111,2,1,7199.65,Success,UPI ID
TXN002521,11,5,9,1115,2,1,234.69,Success,QR Code
TXN002522,22,6,8,1996,2,1,8735.83,Success,Phone Number
TXN002523,33,16,15,2019,2,1,57123.88,Success,Phone Number
TXN002524,13,11,9,834,1,1,71949.4,Success,UPI ID
TXN002525,81,4,7,494,1,1,68565.5,Success,UPI ID
TXN002526,67,9,13,29,1,3,19432.28,Success,QR Code
TXN002527,142,10,16,683,2,1,60221.11,Success,UPI ID
TXN002528,50,9,13,1056,1,1,28689.65,Success,QR Code
TXN002529,79,12,17,1032,1,1,61690.77,Success,Phone Number
TXN002530,116,10,12,1586,2,1,15579.35,Success,QR Code
TXN002531,42,12,19,1860,2,1,40340.72,Success,Phone Number
TXN002532,82,8,13,1308,2,1,34192.82,Failed,UPI ID
TXN002533,100,18,20,1101,2,1,74779.02,Success,UPI ID
TXN002534,128,11,7,1496,2,1,46465.83,Success,UPI ID
TXN002535,52,19,9,437,2,1,20348.68,Success,Phone Number
TXN002536,57,7,3,1748,1,1,27554.37,Success,QR Code
TXN002537,102,12,5,2175,2,1,14076.9,Success,Phone Number
TXN002538,31,14,1,2166,2,3,31796.46,Success,QR Code
TXN002539,81,11,7,1151,2,1,27894.43,Success,QR Code
TXN002540,113,20,14,597,2,1,13736.74,Success,UPI ID
TXN002541,95,20,14,148,1,1,27744.32,Success,UPI ID
TXN002542,143,14,2,1735,2,1,23613.74,Success,UPI ID
TXN002543,68,15,5,1959,2,1,58.39,Success,QR Code
TXN002544,36,16,15,860,2,2,64153.31,Success,QR Code
TXN002545,44,11,1,2022,2,1,24832.23,Success,QR Code
TXN002546,9,14,18,257,1,2,13626.18,Success,QR Code
TXN002547,49,10,11,512,2,1,48459.36,Success,QR Code
TXN002548,109,16,1,282,1,1,1418.62,Success,UPI ID
TXN002549,104,7,12,1470,1,1,26844.26,Success,QR Code
TXN002550,42,19,12,477,2,3,60729.09,Success,QR Code
TXN002551,100,18,17,1964,2,1,49142.74,Success,UPI ID
TXN002552,26,3,4,1438,1,1,71141.45,Success,QR Code
TXN002553,5,16,8,1352,2,2,31007.95,Success,QR Code
TXN002554,92,15,9,462,1,1,21609.08,Success,UPI ID
TXN002555,147,10,12,1213,2,1,23694.34,Failed,Phone Number
TXN002556,120,17,9,719,2,1,6332.53,Success,UPI ID
TXN002557,123,16,15,1826,2,1,33228.42,Success,Phone Number
TXN002558,113,13,1,1819,1,1,34641.59,Success,UPI ID
TXN002559,62,10,4,1782,2,1,51943.43,Success,UPI ID
TXN002560,141,7,15,1499,1,1,7224.3,Success,UPI ID
TXN002561,22,19,2,2097,2,1,33436.4,Success,UPI ID
TXN002562,69,5,1,1786,1,1,61805.51,Failed,Phone Number
TXN002563,55,18,16,603,2,4,7934.24,Success,QR Code
TXN002564,6,17,7,1358,2,1,27384.61,Success,QR Code
TXN002565,101,18,18,1758,2,1,53339.07,Success,UPI ID
TXN002566,62,11,13,1206,2,1,9288.18,Success,QR Code
TXN002567,53,9,18,1899,2,1,34999.64,Success,QR Code
TXN002568,34,8,16,1501,1,1,25196.52,Success,UPI ID
TXN002569,76,3,13,812,1,1,49791.6,Success,UPI ID
TXN002570,108,17,20,380,1,1,32812.94,Success,QR Code
TXN002571,112,7,18,1013,2,2,12713.6,Success,QR Code
TXN002572,37,4,7,111,2,1,42746.74,Failed,QR Code
TXN002573,58,12,8,905,2,1,40225.11,Success,QR Code
TXN002574,35,11,16,1438,2,2,44361.91,Success,Phone Number
TXN002575,95,1,2,1494,1,1,2655.34,Failed,Phone Number
TXN002576,1,15,4,484,2,1,71185.52,Success,QR Code
TXN002577,86,13,10,1668,2,1,31308.26,Success,UPI ID
TXN002578,85,1,4,900,1,1,56727.87,Success,UPI ID
TXN002579,91,17,12,1773,2,1,14063.5,Success,QR Code
TXN002580,5,12,7,2040,2,1,54156.69,Success,QR Code
TXN002581,98,9,4,85,2,1,21222.57,Success,QR Code
TXN002582,59,2,17,1512,2,1,37798.22,Success,QR Code
TXN002583,5,14,11,1462,2,1,4893.07,Failed,UPI ID
TXN002584,139,19,18,1976,2,1,40644.45,Success,Phone Number
TXN002585,79,2,2,893,2,1,46594.0,Success,QR Code
TXN002586,135,16,6,942,2,3,18412.84,Success,Phone Number
TXN002587,133,14,12,566,1,1,35246.86,Success,QR Code
TXN002588,136,9,10,896,2,1,55300.71,Success,QR Code
TXN002589,25,12,2,1389,2,1,37557.84,Success,QR Code
TXN002590,91,13,3,803,2,4,55921.89,Success,Phone Number
TXN002591,37,14,1,1604,1,1,29223.51,Success,UPI ID
TXN002592,14,13,7,2161,1,2,56575.95,Success,UPI ID
TXN002593,95,2,6,16,1,1,58914.59,Failed,UPI ID
TXN002594,24,11,19,1547,2,3,74012.08,Failed,Phone Number
TXN002595,109,1,8,315,2,1,51960.04,Success,Phone Number
TXN002596,19,7,17,1820,2,1,29344.38,Success,UPI ID
TXN002597,97,5,15,1267,2,2,54445.52,Success,Phone Number
TXN002598,79,13,11,54,1,1,54672.88,Success,Phone Number
TXN002599,28,3,11,2108,2,1,35082.32,Success,Phone Number
TXN002600,57,11,13,1065,2,1,34346.44,Success,UPI ID
TXN002601,44,6,19,114,2,2,16827.06,Success,UPI ID
TXN002602,102,10,5,484,2,1,11040.18,Success,UPI ID
TXN002603,109,9,17,944,2,1,67466.5,Success,QR Code
TXN002604,93,8,15,372,2,1,69834.18,Success,UPI ID
TXN002605,26,10,17,462,2,2,68380.83,Success,UPI ID
TXN002606,148,6,11,430,2,1,47115.42,Success,QR Code
TXN002607,89,10,10,1372,2,1,5513.42,Success,UPI ID
TXN002608,68,9,3,985,1,1,47352.94,Success,Phone Number
TXN002609,47,11,13,2131,1,3,42410.06,Success,QR Code
TXN002610,31,20,5,439,2,1,30216.14,Success,QR Code
TXN002611,138,8,6,1817,1,1,4054.77,Success,QR Code
TXN002612,115,19,20,1233,1,1,20045.14,Success,QR Code
TXN002613,25,6,10,1656,2,1,48798.52,Success,UPI ID
TXN002614,48,3,16,1535,2,1,12276.4,Success,QR Code
TXN002615,72,19,7,309,1,1,45414.77,Success,QR Code
TXN002616,24,19,8,2112,1,4,56294.69,Success,QR Code
TXN002617,145,11,13,1483,2,1,28158.27,Success,UPI ID
TXN002618,13,3,12,1901,1,2,39023.31,Success,QR Code
TXN002619,6,8,2,614,2,1,62628.51,Success,Phone Number
TXN002620,26,11,7,579,2,1,20966.38,Success,UPI ID
TXN002621,138,1,2,2170,1,1,63388.66,Success,QR Code
TXN002622,114,20,8,815,1,1,15126.91,Success,QR Code
TXN002623,10,3,13,530,1,1,61863.18,Failed,QR Code
TXN002624,24,18,10,2157,2,4,14336.99,Success,QR Code
TXN002625,23,19,17,1979,2,1,67414.61,Success,Phone Number
TXN002626,112,1,3,1121,2,1,36850.62,Success,QR Code
TXN002627,120,10,1,1440,1,1,24872.5,Success,QR Code
TXN002628,149,4,9,254,2,1,69667.31,Success,Phone Number
TXN002629,12,6,19,1079,2,1,70986.26,Success,Phone Number
TXN002630,113,2,6,261,2,3,71466.25,Success,UPI ID
TXN002631,52,18,18,759,2,1,17695.68,Success,QR Code
TXN002632,11,12,4,384,1,1,6899.61,Success,QR Code
TXN002633,80,4,16,1219,2,3,73158.06,Success,UPI ID
TXN002634,9,15,15,596,2,1,2337.22,Success,Phone Number
TXN002635,52,16,10,2149,2,1,9105.67,Failed,QR Code
TXN002636,44,1,16,1055,1,1,43407.58,Success,Phone Number
TXN002637,94,16,13,2190,1,1,7013.12,Success,QR Code
TXN002638,132,19,5,464,2,1,11905.15,Success,UPI ID
TXN002639,6,4,7,858,2,2,31025.97,Failed,QR Code
TXN002640,98,1,12,268,2,1,60908.7,Success,Phone Number
TXN002641,61,12,7,1151,2,1,63789.38,Success,QR Code
TXN002642,150,13,4,41,2,1,62141.74,Success,Phone Number
TXN002643,51,3,6,1229,1,1,36425.33,Success,Phone Number
TXN002644,49,7,12,362,1,1,9066.37,Success,Phone Number
TXN002645,51,12,17,246,1,1,54836.1,Success,QR Code
TXN002646,73,7,1,2102,2,1,27886.72,Success,Phone Number
TXN002647,50,8,13,1390,2,2,73985.91,Success,QR Code
TXN002648,10,20,17,916,2,2,3559.65,Success,QR Code
TXN002649,19,18,19,780,2,2,23746.91,Success,UPI ID
TXN002650,132,12,15,1939,2,1,685.36,Failed,QR Code
TXN002651,78,9,4,854,1,2,4713.04,Success,QR Code
TXN002652,7,3,13,1423,2,1,23040.94,Success,UPI ID
TXN002653,88,3,8,1891,2,4,60334.57,Success,QR Code
TXN002654,92,20,16,635,2,4,8977.24,Success,UPI ID
TXN002655,73,2,18,806,2,2,41946.37,Success,Phone Number
TXN002656,51,5,4,1529,2,1,28556.34,Success,UPI ID
TXN002657,47,18,13,1876,2,1,14202.19,Success,QR Code
TXN002658,60,8,4,1336,1,1,16766.95,Success,UPI ID
TXN002659,107,17,16,323,2,4,48036.66,Success,QR Code
TXN002660,67,20,18,257,2,1,49218.52,Success,QR Code
TXN002661,90,10,1,1787,2,1,7151.23,Success,UPI ID
TXN002662,72,18,7,224,1,2,10493.61,Success,QR Code
TXN002663,5,4,2,1679,2,1,55182.41,Success,Phone Number
TXN002664,91,15,14,2011,2,1,25528.02,Failed,QR Code
TXN002665,19,7,20,1203,2,1,23311.52,Success,UPI ID
TXN002666,7,17,15,1258,2,1,20108.06,Success,UPI ID
TXN002667,131,1,9,202,2,1,62849.62,Success,UPI ID
TXN002668,107,2,4,372,1,3,9009.18,Success,Phone Number
TXN002669,128,13,3,1346,2,2,31214.07,Success,UPI ID
TXN002670,12,17,4,1205,2,4,18257.43,Success,QR Code
TXN002671,127,16,13,185,2,1,70581.93,Success,UPI ID
TXN002672,141,12,20,651,2,1,62514.69,Success,UPI ID
TXN002673,130,8,2,349,2,2,43772.7,Success,Phone Number
TXN002674,38,5,14,431,2,1,40769.23,Success,UPI ID
TXN002675,90,5,17,1827,1,2,70941.27,Success,QR Code
TXN002676,148,6,16,283,2,1,5717.98,Success,QR Code
TXN002677,26,1,5,111,2,1,34615.03,Success,QR Code
TXN002678,13,10,5,1659,2,1,41172.05,Success,UPI ID
TXN002679,127,13,10,346,1,1,21484.34,Success,QR Code
TXN002680,96,1,17,822,2,4,17485.03,Success,QR Code
TXN002681,150,17,16,1164,2,1,21399.09,Success,QR Code
TXN002682,32,12,10,876,1,1,8515.08,Success,Phone Number
TXN002683,19,11,5,1043,1,1,48643.99,Success,QR Code
TXN002684,48,4,12,1969,2,1,36078.55,Success,Phone Number
TXN002685,81,17,13,685,2,1,7326.63,Success,UPI ID
TXN002686,82,8,6,788,1,1,44772.0,Success,QR Code
TXN002687,62,16,13,2120,2,1,16801.36,Success,UPI ID
TXN002688,40,7,14,1214,2,1,19707.97,Success,QR Code
TXN002689,104,4,9,1229,2,1,59468.27,Success,QR Code
TXN002690,70,13,2,2137,2,1,49510.53,Success,UPI ID
TXN002691,73,9,2,246,2,1,59020.76,Failed,Phone Number
TXN002692,104,6,15,1777,2,2,39637.02,Failed,QR Code
TXN002693,115,19,4,88,1,1,56367.61,Success,Phone Number
TXN002694,64,5,9,945,2,1,25453.77,Success,Phone Number
TXN002695,129,18,6,191,2,1,33409.47,Success,QR Code
TXN002696,140,16,5,1662,1,1,48791.27,Success,Phone Number
TXN002697,72,3,12,1139,2,1,31117.04,Success,Phone Number
TXN002698,62,9,11,1808,1,1,48311.22,Success,UPI ID
TXN002699,95,9,16,1668,1,1,43215.69,Success,QR Code
TXN002700,108,7,20,1526,2,1,9674.97,Success,Phone Number
TXN002701,146,15,16,1386,2,2,8497.9,Success,QR Code
TXN002702,73,4,15,660,2,1,60745.98,Success,QR Code
TXN002703,118,20,20,1977,1,3,31680.98,Success,UPI ID
TXN002704,96,7,2,1620,1,1,25445.3,Success,QR Code
TXN002705,62,20,5,1200,2,1,13758.45,Success,UPI ID
TXN002706,55,15,14,1715,1,1,49235.91,Success,QR Code
TXN002707,53,7,17,357,2,1,26989.93,Success,QR Code
TXN002708,14,13,4,1984,1,1,61281.37,Success,UPI ID
TXN002709,102,9,5,307,2,3,27657.88,Success,QR Code
TXN002710,82,13,17,1145,2,1,7563.53,Success,Phone Number
TXN002711,1,6,2,141,2,1,47194.27,Success,QR Code
TXN002712,6,20,12,1471,2,1,16219.62,Success,QR Code
TXN002713,84,11,6,107,2,1,52101.79,Success,QR Code
TXN002714,113,14,14,1451,1,1,9997.74,Success,QR Code
TXN002715,82,3,3,3,2,1,64328.0,Success,UPI ID
TXN002716,50,9,8,990,2,2,22220.27,Success,Phone Number
TXN002717,57,1,16,1127,2,1,10506.81,Success,Phone Number
TXN002718,123,11,2,2033,2,1,18933.08,Success,QR Code
TXN002719,93,9,2,684,1,1,59399.05,Success,Phone Number
TXN002720,125,19,19,590,2,1,32510.19,Success,UPI ID
TXN002721,12,2,8,2060,2,1,55992.77,Success,QR Code
TXN002722,18,1,5,1528,2,1,28662.43,Success,QR Code
TXN002723,49,19,19,1978,1,1,66726.75,Success,Phone Number
TXN002724,119,8,15,509,2,1,33396.53,Failed,UPI ID
TXN002725,64,16,19,167,1,2,12619.65,Success,UPI ID
TXN002726,30,16,11,1904,2,4,74464.25,Failed,QR Code
TXN002727,98,16,3,1053,2,1,53072.62,Success,Phone Number
TXN002728,107,14,14,678,2,1,16071.5,Success,QR Code
TXN002729,24,12,13,1141,1,1,20881.3,Success,QR Code
TXN002730,81,11,20,586,1,3,66101.53,Failed,Phone Number
TXN002731,5,10,11,601,1,1,53116.46,Success,QR Code
TXN002732,69,17,12,1060,2,1,2449.59,Success,UPI ID
TXN002733,3,3,20,1461,1,3,67699.97,Success,UPI ID
TXN002734,132,13,8,1662,1,1,419.0,Success,UPI ID
TXN002735,21,10,10,2163,2,3,27051.6,Success,UPI ID
TXN002736,92,5,14,476,2,1,68889.43,Success,QR Code
TXN002737,111,10,18,983,2,2,17087.91,Success,UPI ID
TXN002738,95,20,14,869,2,1,35728.62,Success,QR Code
TXN002739,102,19,10,1273,2,1,19803.63,Success,QR Code
TXN002740,127,20,2,1206,1,1,53661.61,Success,QR Code
TXN002741,68,12,17,387,2,1,52220.01,Success,QR Code
TXN002742,53,9,4,113,2,1,16148.13,Failed,UPI ID
TXN002743,93,12,13,2008,1,1,54579.28,Success,UPI ID
TXN002744,124,4,14,72,2,1,3213.58,Success,UPI ID
TXN002745,104,12,7,836,2,1,65463.55,Success,Phone Number
TXN002746,72,11,19,836,2,4,69750.35,Success,QR Code
TXN002747,3,16,1,856,2,1,65426.09,Success,Phone Number
TXN002748,107,17,16,1499,1,1,13623.49,Success,UPI ID
TXN002749,31,16,11,319,2,1,56585.58,Failed,QR Code
TXN002750,5,8,12,1938,2,1,41369.59,Failed,UPI ID
TXN002751,135,18,2,1466,1,2,74839.37,Success,Phone Number
TXN002752,56,3,16,962,2,1,20562.03,Success,QR Code
TXN002753,23,13,10,1845,1,1,62840.11,Success,UPI ID
TXN002754,114,12,6,719,2,2,27552.14,Success,QR Code
TXN002755,109,13,13,499,2,1,10018.85,Success,QR Code
TXN002756,7,5,11,1047,1,1,72998.93,Success,UPI ID
TXN002757,97,20,16,1629,2,1,12427.61,Success,Phone Number
TXN002758,83,3,1,310,2,1,55590.05,Success,UPI ID
TXN002759,138,2,19,1152,2,1,5134.32,Success,QR Code
TXN002760,149,14,4,1111,2,1,68060.16,Success,QR Code
TXN002761,14,11,12,1402,2,3,18301.1,Success,QR Code
TXN002762,3,5,5,1728,2,2,73207.82,Success,Phone Number
TXN002763,1,4,5,36,2,1,7771.22,Success,QR Code
TXN002764,2,4,7,189,2,2,31575.63,Success,UPI ID
TXN002765,50,13,5,911,2,2,50134.81,Success,UPI ID
TXN002766,150,7,11,1483,2,1,48341.77,Success,QR Code
TXN002767,65,11,3,1723,2,1,13163.68,Success,QR Code
TXN002768,135,1,20,1617,2,1,18952.16,Success,UPI ID
TXN002769,63,11,2,541,1,2,40964.39,Success,QR Code
TXN002770,48,7,6,1255,2,1,47357.15,Failed,QR Code
TXN002771,34,14,20,300,2,1,23976.51,Failed,UPI ID
TXN002772,71,19,13,955,2,1,44805.18,Failed,QR Code
TXN002773,143,4,5,22,2,2,71122.0,Success,UPI ID
TXN002774,76,17,9,1500,2,2,8437.63,Success,QR Code
TXN002775,115,3,12,2191,2,1,20857.35,Success,QR Code
TXN002776,63,11,15,634,2,1,55433.64,Success,QR Code
TXN002777,119,11,18,207,1,1,39316.68,Success,QR Code
TXN002778,105,19,4,757,2,3,49475.29,Success,UPI ID
TXN002779,139,6,5,1490,2,1,6866.09,Success,UPI ID
TXN002780,55,1,16,578,2,2,56872.5,Success,QR Code
TXN002781,138,14,1,1331,2,1,63560.9,Success,QR Code
TXN002782,63,12,19,1992,2,3,19636.09,Failed,QR Code
TXN002783,14,14,4,1275,1,1,4669.43,Success,QR Code
TXN002784,92,6,18,855,1,1,4737.24,Success,UPI ID
TXN002785,42,10,8,39,1,1,51277.25,Success,QR Code
TXN002786,56,6,10,1282,1,1,60372.24,Success,UPI ID
TXN002787,116,10,12,2125,2,1,23462.49,Success,Phone Number
TXN002788,56,18,10,448,2,1,72910.79,Success,QR Code
TXN002789,149,20,5,1643,2,1,70660.06,Success,QR Code
TXN002790,21,1,10,1150,2,1,68582.83,Success,Phone Number
TXN002791,87,14,16,303,2,1,11650.68,Success,QR Code
TXN002792,58,3,4,1766,1,1,22198.76,Failed,QR Code
TXN002793,16,19,4,1802,1,1,25495.41,Success,QR Code
TXN002794,138,13,9,287,2,1,68157.1,Success,QR Code
TXN002795,100,4,10,587,1,1,33288.19,Success,QR Code
TXN002796,52,2,10,667,2,1,46080.73,Failed,QR Code
TXN002797,69,18,4,1239,2,2,7588.22,Success,Phone Number
TXN002798,33,15,16,1524,2,1,12095.64,Success,Phone Number
TXN002799,54,7,18,2174,1,3,40060.38,Success,QR Code
TXN002800,76,14,19,1648,1,1,47605.33,Success,UPI ID
TXN002801,96,13,19,451,2,2,36987.48,Success,UPI ID
TXN002802,120,16,10,1665,2,1,59394.12,Success,UPI ID
TXN002803,73,1,4,89,2,1,1638.42,Success,Phone Number
TXN002804,60,19,11,582,2,1,51965.68,Success,QR Code
TXN002805,68,18,19,1097,2,1,1216.74,Success,Phone Number
TXN002806,57,5,1,786,2,2,9655.52,Success,QR Code
TXN002807,2,10,1,516,2,4,29625.97,Success,UPI ID
TXN002808,109,1,2,1001,1,1,60619.76,Success,QR Code
TXN002809,117,11,10,908,2,1,57732.44,Success,QR Code
TXN002810,95,1,5,1168,2,1,49980.05,Success,QR Code
TXN002811,108,3,6,417,2,1,41344.24,Success,QR Code
TXN002812,109,3,10,1317,2,1,28813.72,Success,Phone Number
TXN002813,116,14,8,1796,2,1,18677.75,Success,QR Code
TXN002814,123,13,6,271,1,1,50048.19,Success,QR Code
TXN002815,44,1,12,141,1,2,35214.13,Success,QR Code
TXN002816,150,20,16,1341,1,1,67636.83,Success,UPI ID
TXN002817,6,3,8,836,1,3,35864.96,Success,Phone Number
TXN002818,141,16,15,281,1,1,39912.9,Success,QR Code
TXN002819,105,17,7,2043,2,1,16581.72,Success,UPI ID
TXN002820,20,16,7,2163,1,1,37859.48,Success,UPI ID
TXN002821,110,17,10,688,2,1,27762.48,Success,QR Code
TXN002822,89,11,5,406,2,1,45336.01,Success,UPI ID
TXN002823,139,5,2,1468,2,2,38977.92,Success,UPI ID
TXN002824,108,2,13,1677,2,3,54474.6,Success,QR Code
TXN002825,129,12,20,2031,2,2,6459.24,Success,QR Code
TXN002826,39,13,17,1168,2,1,72195.4,Success,Phone Number
TXN002827,44,19,17,1714,1,3,73056.16,Success,Phone Number
TXN002828,145,7,10,1569,1,1,22357.51,Success,UPI ID
TXN002829,139,19,12,1887,2,2,24892.78,Success,QR Code
TXN002830,109,9,10,292,1,1,28053.35,Success,QR Code
TXN002831,107,4,20,1423,2,2,24352.06,Success,Phone Number
TXN002832,141,14,5,783,2,1,62954.82,Success,UPI ID
TXN002833,131,4,7,568,2,1,31728.77,Failed,QR Code
TXN002834,35,5,19,717,2,1,54536.35,Success,UPI ID
TXN002835,81,12,20,861,1,1,69548.94,Success,Phone Number
TXN002836,127,5,4,1171,2,1,8360.63,Success,QR Code
TXN002837,44,6,2,1862,1,1,34553.18,Success,QR Code
TXN002838,59,7,5,822,2,1,12403.18,Success,UPI ID
TXN002839,84,6,5,917,2,1,72980.33,Success,QR Code
TXN002840,110,15,13,879,2,1,10129.86,Success,QR Code
TXN002841,30,1,13,1099,2,1,14718.74,Success,QR Code
TXN002842,4,19,13,84,2,1,39180.23,Failed,QR Code
TXN002843,97,10,14,147,1,1,52988.41,Success,QR Code
TXN002844,47,6,14,1918,2,1,50906.3,Success,QR Code
TXN002845,85,15,11,1318,2,1,38163.38,Success,QR Code
TXN002846,89,7,9,2123,1,1,53988.15,Success,QR Code
TXN002847,80,13,12,135,1,1,71000.34,Success,QR Code
TXN002848,130,15,12,699,2,1,39411.18,Success,QR Code
TXN002849,105,3,4,1280,2,1,16160.37,Success,UPI ID
TXN002850,18,19,8,1151,2,1,38067.36,Success,QR Code
TXN002851,7,15,19,1335,2,1,67019.38,Success,Phone Number
TXN002852,23,18,17,254,2,1,58184.55,Success,Phone Number
TXN002853,65,12,8,180,1,1,17464.93,Success,QR Code
TXN002854,104,11,14,1393,2,1,9221.8,Success,QR Code
TXN002855,50,20,4,318,2,1,57309.0,Success,Phone Number
TXN002856,99,12,16,1330,2,3,27151.4,Success,UPI ID
TXN002857,95,5,11,476,2,1,33523.12,Success,QR Code
TXN002858,96,7,11,769,2,1,70022.66,Success,QR Code
TXN002859,115,12,4,178,2,1,73532.14,Success,QR Code
TXN002860,36,10,9,1227,2,1,73294.48,Success,UPI ID
TXN002861,39,1,9,882,2,3,40584.8,Success,QR Code
TXN002862,47,4,2,686,2,1,58278.01,Success,UPI ID
TXN002863,52,18,17,1061,2,1,55546.33,Success,QR Code
TXN002864,136,2,8,1643,2,1,72446.32,Success,QR Code
TXN002865,37,10,14,577,2,4,73450.15,Success,QR Code
TXN002866,103,17,11,209,2,1,74005.48,Success,QR Code
TXN002867,54,11,3,1654,1,1,70201.34,Success,QR Code
TXN002868,105,19,5,179,2,3,5867.16,Success,UPI ID
TXN002869,94,18,6,701,2,1,74702.79,Success,Phone Number
TXN002870,143,3,8,1820,2,1,17905.69,Failed,Phone Number
TXN002871,96,2,17,1553,2,1,51561.16,Success,QR Code
TXN002872,32,4,4,1859,2,1,32945.92,Success,Phone Number
TXN002873,146,18,18,1111,2,1,2093.99,Success,UPI ID
TXN002874,24,8,19,1800,2,1,66953.54,Success,Phone Number
TXN002875,12,11,20,710,2,1,61902.43,Success,QR Code
TXN002876,37,1,14,491,2,2,35624.79,Success,QR Code
TXN002877,30,20,14,1842,2,1,54662.02,Failed,UPI ID
TXN002878,112,13,8,789,2,1,50292.39,Success,UPI ID
TXN002879,41,6,18,236,2,1,67923.88,Success,QR Code
TXN002880,14,2,3,984,2,4,74781.61,Success,QR Code
TXN002881,104,13,11,1164,1,1,20761.42,Success,QR Code
TXN002882,17,5,15,2155,2,1,1810.05,Success,QR Code
TXN002883,98,13,3,1917,2,4,35069.48,Success,UPI ID
TXN002884,134,13,13,312,2,1,69455.8,Success,QR Code
TXN002885,21,20,7,485,2,1,56445.48,Success,UPI ID
TXN002886,50,16,8,149,2,1,26168.28,Success,UPI ID
TXN002887,56,10,10,741,2,1,39317.44,Success,QR Code
TXN002888,79,9,13,338,2,3,71920.98,Success,UPI ID
TXN002889,62,12,11,2068,2,1,3767.21,Success,QR Code
TXN002890,116,8,19,987,2,1,43705.28,Success,QR Code
TXN002891,67,16,3,1428,1,1,72524.75,Success,UPI ID
TXN002892,78,7,12,926,2,2,43388.42,Success,QR Code
TXN002893,63,12,5,1756,1,1,11535.95,Success,UPI ID
TXN002894,60,20,11,1112,1,1,57673.67,Failed,UPI ID
TXN002895,47,6,1,2116,2,1,31348.52,Failed,QR Code
TXN002896,119,4,13,2007,2,2,45299.3,Success,Phone Number
TXN002897,39,19,13,1718,2,3,17715.04,Success,QR Code
TXN002898,82,10,20,58,2,1,14708.19,Success,UPI ID
TXN002899,99,20,5,62,2,1,56392.95,Success,Phone Number
TXN002900,4,9,19,865,2,1,74412.81,Success,Phone Number
TXN002901,53,16,18,1954,2,1,30328.66,Success,QR Code
TXN002902,52,11,11,239,2,2,11905.78,Success,QR Code
TXN002903,67,10,11,1000,1,1,55037.77,Success,Phone Number
TXN002904,70,11,11,367,2,1,55880.22,Success,UPI ID
TXN002905,3,15,9,219,2,4,10812.74,Success,UPI ID
TXN002906,60,4,13,1134,2,1,3971.45,Success,QR Code
TXN002907,109,15,5,411,1,1,42249.71,Success,Phone Number
TXN002908,71,10,6,1501,2,1,45003.5,Success,QR Code
TXN002909,144,7,5,1658,2,1,65240.06,Success,Phone Number
TXN002910,19,13,13,985,1,1,31861.83,Success,Phone Number
TXN002911,145,4,10,1379,2,1,61680.71,Success,Phone Number
TXN002912,90,11,13,167,2,1,49725.08,Success,QR Code
TXN002913,24,16,8,1492,2,1,56083.27,Success,QR Code
TXN002914,115,6,17,1466,2,1,52840.82,Success,QR Code
TXN002915,117,2,2,15,2,1,11234.38,Success,UPI ID
TXN002916,120,19,18,1993,2,1,28855.98,Success,UPI ID
TXN002917,142,5,14,308,2,1,7271.16,Success,UPI ID
TXN002918,6,2,10,40,2,1,40832.45,Success,UPI ID
TXN002919,107,19,4,15,1,1,11677.17,Success,QR Code
TXN002920,70,10,8,1111,2,2,63571.86,Success,Phone Number
TXN002921,56,13,20,1133,1,2,58517.15,Success,QR Code
TXN002922,61,12,19,491,2,1,39311.01,Success,Phone Number
TXN002923,18,17,13,1082,2,3,37732.67,Success,UPI ID
TXN002924,124,13,16,864,2,1,27730.77,Success,QR Code
TXN002925,139,15,6,1801,2,1,37746.35,Success,QR Code
TXN002926,89,17,3,367,2,1,12567.68,Success,QR Code
TXN002927,128,1,3,2129,2,1,13495.79,Success,QR Code
TXN002928,96,9,17,1898,2,2,32405.33,Success,UPI ID
TXN002929,20,2,5,1733,1,1,9186.94,Success,QR Code
TXN002930,27,20,4,36,2,3,70254.95,Success,QR Code
TXN002931,96,14,7,1543,1,1,20580.3,Success,QR Code
TXN002932,137,13,12,1836,2,1,27903.51,Success,QR Code
TXN002933,13,2,16,243,1,1,21555.28,Success,Phone Number
TXN002934,124,13,12,620,2,4,63306.26,Failed,Phone Number
TXN002935,139,1,1,261,2,2,43719.59,Success,QR Code
TXN002936,131,10,10,1,2,1,51250.61,Success,UPI ID
TXN002937,1,20,12,1090,2,1,73964.22,Success,Phone Number
TXN002938,106,16,9,1611,2,4,64654.77,Success,QR Code
TXN002939,44,17,3,399,2,3,35410.17,Success,QR Code
TXN002940,74,11,17,744,2,1,28521.76,Success,UPI ID
TXN002941,137,19,4,1432,2,1,37418.65,Success,QR Code
TXN002942,35,1,16,216,2,4,40394.44,Success,UPI ID
TXN002943,73,18,10,1725,2,1,55444.95,Success,QR Code
TXN002944,70,4,9,131,1,1,22058.07,Success,UPI ID
TXN002945,130,13,18,385,2,1,4032.06,Success,QR Code
TXN002946,24,7,15,1459,2,1,28179.77,Success,UPI ID
TXN002947,46,14,18,402,2,2,22318.85,Failed,UPI ID
TXN002948,98,17,17,894,2,1,71252.1,Failed,UPI ID
TXN002949,148,20,16,1724,2,1,17300.36,Success,UPI ID
TXN002950,50,10,3,321,2,1,11617.1,Success,Phone Number
TXN002951,133,19,19,482,2,1,6394.61,Failed,Phone Number
TXN002952,139,13,1,1501,2,3,72052.9,Success,UPI ID
TXN002953,95,13,16,101,2,1,32391.19,Success,QR Code
TXN002954,39,17,17,1527,2,2,12812.5,Success,QR Code
TXN002955,146,18,14,1720,2,1,73124.02,Success,QR Code
TXN002956,86,11,14,2094,2,1,59823.98,Success,QR Code
TXN002957,36,7,2,493,2,3,22941.93,Failed,QR Code
TXN002958,11,4,7,2082,2,1,45798.26,Success,Phone Number
TXN002959,80,7,3,1259,2,1,963.43,Success,QR Code
TXN002960,135,7,16,767,2,1,55647.14,Failed,Phone Number
TXN002961,136,5,20,648,2,2,19989.78,Success,Phone Number
TXN002962,35,5,12,1573,2,3,4381.66,Success,QR Code
TXN002963,147,19,20,456,1,1,29819.93,Failed,UPI ID
TXN002964,88,10,8,610,1,1,3055.91,Success,Phone Number
TXN002965,17,16,18,197,2,1,12207.1,Success,Phone Number
TXN002966,27,18,17,321,2,1,25463.24,Success,Phone Number
TXN002967,119,17,2,230,1,1,72806.97,Success,QR Code
TXN002968,31,10,9,800,1,1,41183.36,Success,Phone Number
TXN002969,102,15,20,1918,2,1,12621.76,Success,QR Code
TXN002970,77,3,4,1065,2,1,2193.58,Success,UPI ID
TXN002971,32,19,14,196,2,1,10197.07,Success,UPI ID
TXN002972,56,20,17,792,1,1,21520.61,Success,QR Code
TXN002973,2,9,3,1084,2,2,55425.48,Success,UPI ID
TXN002974,6,20,10,655,1,1,49639.15,Success,QR Code
TXN002975,112,20,5,942,2,1,26237.34,Success,QR Code
TXN002976,14,17,6,1397,2,2,12028.39,Success,UPI ID
TXN002977,104,14,19,539,1,1,61139.49,Success,QR Code
TXN002978,109,8,7,927,2,1,65080.05,Success,QR Code
TXN002979,46,13,20,660,1,1,18180.21,Success,QR Code
TXN002980,28,7,14,267,2,1,11332.18,Success,QR Code
TXN002981,135,14,12,540,2,1,29408.8,Success,Phone Number
TXN002982,11,5,9,786,2,1,35892.94,Success,QR Code
TXN002983,125,7,6,415,1,3,17582.34,Success,Phone Number
TXN002984,60,3,11,84,1,1,32634.27,Success,Phone Number
TXN002985,83,3,12,1294,2,2,42833.14,Success,QR Code
TXN002986,84,13,18,1016,2,1,45182.23,Success,QR Code
TXN002987,124,6,17,26,1,1,66408.3,Success,QR Code
TXN002988,116,5,6,608,2,1,73806.66,Success,QR Code
TXN002989,36,4,7,1016,2,1,14458.82,Success,QR Code
TXN002990,33,8,13,874,2,1,65576.43,Success,QR Code
TXN002991,65,7,9,1020,2,2,61623.91,Success,UPI ID
TXN002992,9,5,1,579,1,3,31209.52,Success,Phone Number
TXN002993,19,9,9,679,2,2,40799.85,Success,QR Code
TXN002994,39,16,19,210,2,1,21170.96,Success,QR Code
TXN002995,40,10,11,1574,1,1,12578.29,Success,QR Code
TXN002996,76,12,18,1725,2,1,20418.3,Success,UPI ID
TXN002997,21,8,8,894,1,4,59691.5,Success,UPI ID
TXN002998,36,15,18,1931,2,1,52317.51,Success,Phone Number
TXN002999,88,11,14,1185,1,2,2795.46,Failed,Phone Number
TXN003000,104,16,8,1932,1,1,31652.9,Failed,QR Code
TXN003001,41,14,16,1450,2,1,42346.74,Success,UPI ID
TXN003002,37,15,18,790,2,1,43563.2,Success,QR Code
TXN003003,108,20,18,851,2,1,4813.91,Success,Phone Number
TXN003004,121,18,13,636,2,1,5857.81,Success,UPI ID
TXN003005,121,13,14,1591,2,1,61702.34,Failed,UPI ID
TXN003006,56,14,10,960,2,1,68387.49,Success,UPI ID
TXN003007,54,4,1,1727,2,3,73449.04,Success,UPI ID
TXN003008,74,8,5,1486,1,1,52302.76,Success,UPI ID
TXN003009,100,5,16,62,2,1,73334.47,Success,QR Code
TXN003010,53,7,12,582,2,1,51572.04,Success,UPI ID
TXN003011,29,1,11,1029,2,2,6770.29,Success,QR Code
TXN003012,121,8,11,2040,2,2,28418.95,Success,QR Code
TXN003013,142,9,5,1221,2,1,9918.33,Success,QR Code
TXN003014,83,8,18,1821,1,1,15804.0,Success,QR Code
TXN003015,21,8,8,588,2,1,55841.98,Success,QR Code
TXN003016,132,7,11,32,1,1,30876.51,Success,UPI ID
TXN003017,131,17,2,674,2,1,6393.56,Success,QR Code
TXN003018,108,20,14,1202,2,2,37761.91,Success,QR Code
TXN003019,123,15,13,659,1,1,22262.19,Success,UPI ID
TXN003020,13,16,7,1822,2,1,51371.07,Success,QR Code
TXN003021,144,17,11,1218,1,1,17697.16,Failed,UPI ID
TXN003022,58,16,16,1292,2,1,51195.46,Success,QR Code
TXN003023,86,1,10,1904,2,1,49107.02,Success,QR Code
TXN003024,91,20,1,1893,2,1,21392.89,Success,UPI ID
TXN003025,33,18,19,1633,1,1,22903.23,Success,UPI ID
TXN003026,148,5,8,1111,2,1,15685.43,Success,QR Code
TXN003027,21,17,9,1889,1,1,70715.14,Success,Phone Number
TXN003028,29,7,11,424,2,1,63669.8,Success,UPI ID
TXN003029,146,6,3,1812,2,1,27298.5,Failed,QR Code
TXN003030,131,9,20,1806,2,1,48201.09,Failed,Phone Number
TXN003031,7,15,10,568,2,1,61299.84,Failed,UPI ID
TXN003032,75,1,5,742,1,1,66855.82,Success,QR Code
TXN003033,77,7,4,1706,2,2,35292.82,Success,Phone Number
TXN003034,40,17,16,416,2,1,65326.28,Success,Phone Number
TXN003035,85,7,7,957,2,1,61986.38,Success,QR Code
TXN003036,39,5,4,1216,2,1,22663.69,Failed,Phone Number
TXN003037,23,6,16,851,2,2,27433.54,Success,UPI ID
TXN003038,5,14,19,713,2,1,65494.6,Success,QR Code
TXN003039,110,5,3,579,2,1,4894.25,Success,QR Code
TXN003040,46,13,9,1018,2,1,31559.42,Success,QR Code
TXN003041,91,17,13,864,2,3,41357.95,Success,Phone Number
TXN003042,94,16,8,2088,2,1,66151.08,Failed,Phone Number
TXN003043,89,1,12,650,2,1,58461.43,Success,QR Code
TXN003044,11,7,2,1723,2,2,29060.56,Success,Phone Number
TXN003045,73,16,19,374,2,2,67988.77,Success,QR Code
TXN003046,50,7,7,1350,2,4,1242.9,Success,UPI ID
TXN003047,28,18,19,1285,2,2,38028.98,Success,QR Code
TXN003048,4,13,12,1390,1,1,53644.33,Success,UPI ID
TXN003049,1,12,11,1624,2,4,11282.43,Success,QR Code
TXN003050,132,20,9,1874,2,1,63980.84,Success,UPI ID
TXN003051,41,15,19,1136,2,1,73192.1,Success,UPI ID
TXN003052,77,10,3,926,2,1,6885.62,Success,QR Code
TXN003053,42,12,13,1664,2,3,47041.6,Success,QR Code
TXN003054,148,13,1,684,2,2,70266.72,Success,QR Code
TXN003055,36,10,3,988,2,1,17831.09,Success,UPI ID
TXN003056,146,10,17,794,2,1,14170.48,Success,UPI ID
TXN003057,59,13,14,720,2,3,10776.45,Success,Phone Number
TXN003058,25,18,1,1253,2,1,31454.45,Success,QR Code
TXN003059,38,7,6,108,2,1,9165.58,Success,UPI ID
TXN003060,134,19,16,856,2,1,37826.98,Success,Phone Number
TXN003061,25,16,17,1126,2,2,41552.02,Success,Phone Number
TXN003062,111,8,14,1882,2,1,17603.63,Success,Phone Number
TXN003063,7,8,11,1536,2,1,49672.37,Success,Phone Number
TXN003064,21,15,14,1959,2,1,61575.18,Success,QR Code
TXN003065,28,10,5,192,2,2,18348.05,Success,Phone Number
TXN003066,31,20,2,1310,2,1,66082.45,Success,UPI ID
TXN003067,22,1,18,764,1,1,25449.93,Success,QR Code
TXN003068,11,3,3,2169,1,1,72406.9,Failed,UPI ID
TXN003069,45,3,11,435,2,2,5174.02,Success,UPI ID
TXN003070,82,10,2,41,2,1,26339.92,Success,QR Code
TXN003071,35,20,10,1652,2,1,28585.07,Failed,Phone Number
TXN003072,25,10,9,1509,1,3,21233.77,Success,QR Code
TXN003073,96,8,8,1282,2,1,15679.54,Success,Phone Number
TXN003074,108,15,3,722,1,2,8517.7,Failed,UPI ID
TXN003075,147,20,1,631,1,1,1903.22,Success,UPI ID
TXN003076,101,13,1,73,2,1,27577.47,Success,UPI ID
TXN003077,33,19,5,360,2,1,13120.34,Success,UPI ID
TXN003078,114,19,14,1315,2,1,14240.17,Success,UPI ID
TXN003079,9,16,1,1059,2,1,64677.78,Success,UPI ID
TXN003080,110,15,11,1135,2,4,58709.02,Success,QR Code
TXN003081,34,14,9,90,1,1,34711.61,Failed,UPI ID
TXN003082,135,5,15,1680,2,2,56210.92,Success,UPI ID
TXN003083,88,9,3,312,2,1,64443.94,Success,QR Code
TXN003084,9,14,5,250,2,1,23202.51,Success,QR Code
TXN003085,136,11,17,604,2,1,6201.9,Success,QR Code
TXN003086,133,5,13,2093,2,1,1782.91,Failed,QR Code
TXN003087,9,14,13,1669,2,1,41970.15,Success,QR Code
TXN003088,57,4,18,704,2,1,67545.33,Success,QR Code
TXN003089,87,8,20,1633,2,1,44026.67,Success,UPI ID
TXN003090,130,5,19,1062,1,1,42904.04,Success,UPI ID
TXN003091,122,1,19,1856,1,1,53200.65,Success,UPI ID
TXN003092,6,16,3,381,2,4,26203.65,Success,UPI ID
TXN003093,75,19,13,990,2,1,47117.99,Success,Phone Number
TXN003094,147,7,11,1666,1,1,74340.91,Success,Phone Number
TXN003095,102,3,4,783,2,3,9383.83,Failed,UPI ID
TXN003096,3,19,17,810,2,1,59593.04,Success,UPI ID
TXN003097,125,2,9,87,2,4,65667.14,Success,QR Code
TXN003098,77,12,17,579,2,1,53880.19,Success,UPI ID
TXN003099,37,15,20,1590,2,1,60617.76,Success,QR Code
TXN003100,150,20,5,1481,1,1,60902.05,Success,UPI ID
TXN003101,30,8,20,2050,1,1,65794.82,Success,QR Code
TXN003102,7,14,18,544,2,1,21209.4,Success,Phone Number
TXN003103,86,6,6,1356,2,1,55499.18,Success,UPI ID
TXN003104,43,11,13,298,2,1,4324.73,Success,QR Code
TXN003105,86,12,10,1762,1,1,71069.57,Success,QR Code
TXN003106,21,12,4,966,2,1,130.04,Success,QR Code
TXN003107,10,10,15,321,2,1,44358.42,Failed,QR Code
TXN003108,67,15,14,39,2,1,7580.2,Success,Phone Number
TXN003109,19,11,15,1707,2,1,59999.84,Success,QR Code
TXN003110,125,17,10,1934,2,1,63072.87,Success,UPI ID
TXN003111,68,12,11,1984,2,1,56760.5,Success,QR Code
TXN003112,57,13,2,762,2,2,52953.13,Success,UPI ID
TXN003113,127,6,7,277,2,1,13744.83,Success,QR Code
TXN003114,13,2,2,2,2,1,39463.45,Success,UPI ID
TXN003115,70,20,11,1361,1,4,68083.33,Success,QR Code
TXN003116,78,10,2,311,1,1,35601.4,Success,UPI ID
TXN003117,58,11,8,1753,2,2,41827.25,Success,UPI ID
TXN003118,115,18,16,2011,2,1,66747.86,Success,Phone Number
TXN003119,34,9,20,227,2,2,48878.24,Success,QR Code
TXN003120,131,17,5,198,2,1,54670.57,Success,QR Code
TXN003121,143,1,2,2192,2,1,22608.7,Success,UPI ID
TXN003122,26,16,6,1240,2,1,52006.2,Success,Phone Number
TXN003123,77,7,19,527,2,1,66820.95,Success,QR Code
TXN003124,21,4,6,680,2,1,19134.74,Success,Phone Number
TXN003125,3,3,17,1154,2,1,1717.17,Success,QR Code
TXN003126,78,19,1,2112,2,1,63957.06,Success,UPI ID
TXN003127,127,9,2,250,1,3,50019.76,Success,QR Code
TXN003128,89,4,17,563,2,1,10912.84,Success,QR Code
TXN003129,79,10,7,1574,2,1,24589.31,Failed,Phone Number
TXN003130,109,17,13,943,2,1,64715.78,Success,UPI ID
TXN003131,33,11,4,1525,1,4,62675.98,Success,QR Code
TXN003132,70,14,16,1585,1,1,39170.65,Failed,UPI ID
TXN003133,13,8,5,291,2,1,14628.53,Success,QR Code
TXN003134,51,15,13,1481,2,1,24072.19,Success,QR Code
TXN003135,56,18,8,1316,2,1,37711.51,Failed,Phone Number
TXN003136,82,14,8,1900,2,2,17665.43,Success,QR Code
TXN003137,125,6,16,133,2,1,12438.96,Success,QR Code
TXN003138,90,4,5,1762,2,1,56160.55,Success,Phone Number
TXN003139,3,12,7,1108,1,1,18346.1,Success,QR Code
TXN003140,54,10,12,1235,2,1,74833.08,Success,QR Code
TXN003141,50,1,11,923,2,1,51552.78,Success,Phone Number
TXN003142,130,20,7,1816,2,1,28168.95,Success,QR Code
TXN003143,84,15,6,662,2,1,22139.79,Success,QR Code
TXN003144,72,16,20,1468,2,1,5455.02,Success,UPI ID
TXN003145,140,2,20,1896,2,1,45910.71,Success,QR Code
TXN003146,91,10,5,2100,2,1,19841.99,Success,UPI ID
TXN003147,32,14,18,1117,1,1,70640.37,Success,QR Code
TXN003148,125,6,9,698,2,2,53158.12,Success,UPI ID
TXN003149,46,20,10,1675,2,1,65994.65,Success,QR Code
TXN003150,136,1,17,403,1,3,25031.22,Failed,QR Code
TXN003151,122,8,8,2172,2,1,74293.63,Success,UPI ID
TXN003152,43,8,15,2162,2,1,12804.95,Success,Phone Number
TXN003153,70,12,14,1148,2,1,55272.05,Success,QR Code
TXN003154,18,11,7,1228,1,4,69779.57,Success,Phone Number
TXN003155,127,10,3,1415,2,3,74984.28,Failed,QR Code
TXN003156,87,4,15,2153,1,4,10682.13,Success,Phone Number
TXN003157,66,8,19,1941,1,1,72844.27,Success,QR Code
TXN003158,94,18,6,1730,2,1,64836.27,Success,Phone Number
TXN003159,75,20,10,1509,1,1,9527.26,Success,Phone Number
TXN003160,130,11,6,1052,1,4,72812.9,Success,QR Code
TXN003161,4,12,7,1778,2,1,5336.23,Success,QR Code
TXN003162,13,17,16,1314,2,1,16840.68,Success,QR Code
TXN003163,116,9,18,1505,2,1,58239.53,Success,QR Code
TXN003164,47,18,9,1687,2,1,29155.57,Success,QR Code
TXN003165,63,12,2,893,2,1,48527.62,Success,QR Code
TXN003166,113,16,13,50,2,1,17997.04,Success,UPI ID
TXN003167,113,16,4,1458,2,1,9397.79,Success,QR Code
TXN003168,71,3,16,1715,2,1,59931.29,Success,UPI ID
TXN003169,47,2,4,140,2,1,66854.54,Success,QR Code
TXN003170,78,5,12,630,1,1,73332.86,Success,QR Code
TXN003171,36,14,6,1854,2,1,1941.74,Success,UPI ID
TXN003172,127,17,7,1657,2,1,39996.58,Success,UPI ID
TXN003173,106,4,7,361,2,4,47131.76,Success,QR Code
TXN003174,48,5,14,803,2,1,18588.73,Success,UPI ID
TXN003175,73,11,18,1608,2,1,901.89,Success,QR Code
TXN003176,39,10,10,1658,2,1,41614.26,Success,QR Code
TXN003177,79,20,18,1765,2,1,7791.02,Failed,QR Code
TXN003178,65,10,14,1403,2,1,26393.92,Success,UPI ID
TXN003179,61,11,5,1348,1,3,40962.04,Success,QR Code
TXN003180,130,8,9,1218,1,1,56120.39,Success,Phone Number
TXN003181,112,10,19,611,2,1,54296.83,Success,QR Code
TXN003182,146,19,10,2181,1,1,9705.05,Success,QR Code
TXN003183,55,16,3,1997,1,1,22305.08,Success,UPI ID
TXN003184,53,8,14,1931,1,1,28439.73,Success,QR Code
TXN003185,22,16,6,1682,2,3,5830.35,Failed,UPI ID
TXN003186,72,17,18,914,1,1,63998.94,Success,Phone Number
TXN003187,92,15,12,384,2,1,4374.81,Success,UPI ID
TXN003188,20,18,9,817,2,1,47637.73,Success,QR Code
TXN003189,10,9,4,356,2,1,5781.03,Success,QR Code
TXN003190,95,18,12,1661,2,1,33082.31,Success,Phone Number
TXN003191,73,19,16,344,2,1,51187.52,Failed,UPI ID
TXN003192,133,4,1,558,2,1,1742.47,Success,QR Code
TXN003193,90,17,5,357,1,1,13899.96,Success,QR Code
TXN003194,102,3,6,15,1,1,7287.13,Success,UPI ID
TXN003195,84,12,19,1239,2,1,55593.75,Success,UPI ID
TXN003196,28,4,18,793,2,2,67689.49,Success,QR Code
TXN003197,33,10,15,1488,2,1,6449.6,Success,Phone Number
TXN003198,23,3,12,1873,2,1,49998.18,Success,QR Code
TXN003199,65,1,7,483,2,2,8995.87,Success,UPI ID
TXN003200,115,1,10,1777,2,1,4467.24,Success,QR Code
TXN003201,10,2,11,1548,2,1,49196.18,Success,QR Code
TXN003202,94,7,5,767,2,1,22388.36,Success,UPI ID
TXN003203,140,7,9,1823,2,2,40370.99,Success,QR Code
TXN003204,92,18,20,252,2,1,38559.68,Success,UPI ID
TXN003205,104,16,15,1380,2,1,38268.58,Success,QR Code
TXN003206,105,20,20,201,2,1,5275.06,Success,UPI ID
TXN003207,149,5,6,748,2,1,50616.62,Success,QR Code
TXN003208,115,9,20,1279,2,1,24174.7,Success,QR Code
TXN003209,29,5,11,694,2,1,16664.8,Success,UPI ID
TXN003210,105,2,11,1073,2,1,26251.79,Success,Phone Number
TXN003211,39,10,17,999,1,1,18125.16,Success,UPI ID
TXN003212,114,18,14,1311,1,1,64785.09,Failed,QR Code
TXN003213,146,12,9,1588,2,1,17281.03,Success,UPI ID
TXN003214,56,12,14,2095,2,1,54007.1,Success,UPI ID
TXN003215,61,7,3,996,2,1,36332.14,Success,QR Code
TXN003216,121,4,17,1544,2,4,27951.78,Success,QR Code
TXN003217,131,4,16,2027,2,1,39865.56,Success,QR Code
TXN003218,11,8,20,1388,2,1,3419.92,Success,QR Code
TXN003219,141,9,9,1631,2,1,21737.15,Failed,UPI ID
TXN003220,118,18,6,1282,2,4,31374.68,Failed,QR Code
TXN003221,73,14,16,355,1,1,33773.3,Success,Phone Number
TXN003222,47,11,8,1796,2,3,57580.35,Failed,UPI ID
TXN003223,10,8,12,1318,2,1,62502.11,Success,QR Code
TXN003224,139,19,11,781,1,4,49509.72,Success,QR Code
TXN003225,52,9,19,1097,2,1,66421.68,Success,Phone Number
TXN003226,94,14,2,1437,2,1,65144.09,Success,UPI ID
TXN003227,121,6,1,201,2,1,9811.01,Success,QR Code
TXN003228,142,16,19,1423,2,1,542.87,Success,UPI ID
TXN003229,96,19,18,1305,2,3,41908.54,Success,QR Code
TXN003230,68,4,13,1055,2,1,39178.11,Success,UPI ID
TXN003231,21,12,19,2190,2,1,46379.73,Success,Phone Number
TXN003232,92,15,19,115,2,1,36359.89,Success,QR Code
TXN003233,70,10,7,1404,1,1,52174.94,Success,QR Code
TXN003234,115,10,2,439,2,1,12696.19,Failed,QR Code
TXN003235,104,18,19,1240,2,1,13041.93,Success,Phone Number
TXN003236,21,9,4,951,2,1,28462.4,Success,QR Code
TXN003237,39,1,4,231,1,1,3420.78,Failed,UPI ID
TXN003238,126,9,13,847,2,2,63815.96,Success,Phone Number
TXN003239,32,4,20,1688,1,1,9088.2,Success,QR Code
TXN003240,130,13,12,1339,2,1,40220.36,Success,QR Code
TXN003241,7,19,12,1785,2,1,16270.23,Success,QR Code
TXN003242,35,8,9,1356,1,1,44015.33,Success,QR Code
TXN003243,55,5,14,102,2,4,39812.47,Success,Phone Number
TXN003244,78,17,19,2055,2,1,33877.97,Success,QR Code
TXN003245,58,17,18,773,2,1,57783.24,Success,UPI ID
TXN003246,95,9,15,597,2,1,36711.59,Success,QR Code
TXN003247,53,1,8,266,1,1,36417.47,Failed,UPI ID
TXN003248,74,4,12,1006,2,1,14914.57,Success,QR Code
TXN003249,42,8,9,1396,2,4,49004.56,Failed,QR Code
TXN003250,36,19,11,321,2,2,25013.54,Success,Phone Number
TXN003251,22,9,7,1598,2,2,42653.78,Success,QR Code
TXN003252,54,3,4,1534,2,1,31552.36,Success,UPI ID
TXN003253,63,4,20,1865,2,1,60046.23,Success,QR Code
TXN003254,61,4,15,1165,1,3,65971.28,Success,UPI ID
TXN003255,75,18,5,233,2,1,52993.07,Failed,QR Code
TXN003256,32,3,5,682,2,1,20127.23,Success,QR Code
TXN003257,78,20,9,832,2,1,7674.67,Success,QR Code
TXN003258,43,2,20,1304,2,1,40981.65,Failed,UPI ID
TXN003259,111,18,6,1164,1,1,18261.18,Success,QR Code
TXN003260,119,3,14,1261,2,1,70075.06,Success,QR Code
TXN003261,1,8,12,753,2,1,64176.0,Success,QR Code
TXN003262,91,9,11,1943,2,1,13449.67,Success,UPI ID
TXN003263,92,14,9,1298,2,1,47094.76,Success,UPI ID
TXN003264,66,14,16,1676,1,1,70744.71,Success,QR Code
TXN003265,86,13,2,1976,2,1,37588.66,Success,QR Code
TXN003266,7,9,9,569,2,1,38987.94,Success,UPI ID
TXN003267,116,4,10,644,1,2,14661.35,Success,UPI ID
TXN003268,113,18,18,369,2,1,12212.13,Success,UPI ID
TXN003269,51,2,17,1503,1,1,32613.28,Success,UPI ID
TXN003270,37,6,2,789,2,1,74466.07,Success,Phone Number
TXN003271,34,18,10,960,2,1,18317.18,Success,QR Code
TXN003272,10,13,11,500,2,1,47871.52,Success,QR Code
TXN003273,59,2,5,538,2,3,7192.88,Success,UPI ID
TXN003274,50,20,20,1198,2,1,44036.05,Success,Phone Number
TXN003275,28,4,14,1351,2,1,24038.28,Success,QR Code
TXN003276,20,11,2,1162,2,1,24202.52,Success,QR Code
TXN003277,132,4,17,593,2,2,68371.74,Success,UPI ID
TXN003278,77,15,13,1766,1,1,55484.48,Success,QR Code
TXN003279,69,11,2,827,2,1,7322.02,Success,UPI ID
TXN003280,149,19,1,240,2,1,30617.75,Success,UPI ID
TXN003281,120,2,18,108,2,1,13780.35,Success,QR Code
TXN003282,137,13,6,1399,1,1,56320.07,Success,UPI ID
TXN003283,59,3,2,1082,2,1,59995.0,Failed,Phone Number
TXN003284,54,1,13,903,1,2,60687.56,Success,QR Code
TXN003285,11,10,3,1093,2,1,12454.32,Success,QR Code
TXN003286,14,6,19,1957,2,1,63798.83,Failed,UPI ID
TXN003287,42,14,15,2138,2,1,68877.19,Success,QR Code
TXN003288,143,7,2,1507,2,4,54883.27,Success,QR Code
TXN003289,74,12,7,528,2,2,21817.76,Success,QR Code
TXN003290,79,18,4,1354,1,1,55300.59,Success,QR Code
TXN003291,92,11,2,1467,1,1,65251.65,Success,UPI ID
TXN003292,121,14,8,2038,2,1,9812.19,Success,QR Code
TXN003293,140,14,15,1692,2,2,2848.24,Failed,QR Code
TXN003294,117,9,2,106,2,3,15297.9,Success,QR Code
TXN003295,18,18,11,434,1,4,23094.0,Success,UPI ID
TXN003296,82,3,8,333,2,2,55770.09,Success,QR Code
TXN003297,150,7,11,1708,2,2,6107.58,Success,QR Code
TXN003298,82,5,7,1183,2,4,52069.12,Success,QR Code
TXN003299,59,8,2,915,1,3,36704.73,Success,QR Code
TXN003300,56,17,12,42,2,1,25079.9,Success,QR Code
TXN003301,87,10,13,775,2,1,46582.55,Success,Phone Number
TXN003302,20,11,19,169,2,1,7635.96,Success,QR Code
TXN003303,23,1,1,845,2,1,64193.5,Failed,UPI ID
TXN003304,44,6,15,457,2,1,42458.38,Success,QR Code
TXN003305,32,16,15,936,2,1,30423.44,Failed,QR Code
TXN003306,87,9,4,505,1,3,31423.56,Success,UPI ID
TXN003307,149,18,14,1033,1,1,65835.87,Success,QR Code
TXN003308,58,11,10,765,2,1,14367.39,Success,QR Code
TXN003309,69,16,10,2167,2,4,63720.82,Failed,QR Code
TXN003310,148,12,12,2007,2,1,54265.74,Success,QR Code
TXN003311,132,7,13,342,2,1,46182.59,Success,QR Code
TXN003312,87,14,15,1217,2,1,65720.3,Success,QR Code
TXN003313,124,20,2,413,2,4,62798.11,Success,QR Code
TXN003314,147,2,13,197,2,2,15270.84,Success,QR Code
TXN003315,139,12,1,1447,2,1,42622.85,Failed,QR Code
TXN003316,98,10,14,30,1,1,43074.44,Success,QR Code
TXN003317,47,4,11,1646,2,1,6990.4,Success,Phone Number
TXN003318,49,11,4,2025,2,3,21039.45,Failed,UPI ID
TXN003319,49,19,17,1696,1,1,41417.24,Success,QR Code
TXN003320,27,12,14,465,2,1,64424.7,Success,QR Code
TXN003321,118,18,10,304,1,1,38319.55,Success,QR Code
TXN003322,106,6,4,1249,2,1,3690.34,Success,QR Code
TXN003323,67,8,7,1595,2,1,2066.27,Success,QR Code
TXN003324,9,9,6,403,2,1,24708.31,Success,QR Code
TXN003325,114,2,6,1402,2,1,73514.55,Success,UPI ID
TXN003326,139,4,17,1010,1,3,74213.65,Success,Phone Number
TXN003327,78,9,15,1540,2,2,65705.27,Success,QR Code
TXN003328,89,2,4,70,2,1,44822.5,Success,UPI ID
TXN003329,44,6,10,432,2,1,56448.0,Success,Phone Number
TXN003330,6,11,20,1752,2,1,43965.0,Success,Phone Number
TXN003331,58,5,16,596,2,1,10774.95,Success,QR Code
TXN003332,123,3,2,119,2,1,74392.69,Success,QR Code
TXN003333,133,19,15,1899,2,4,46036.58,Success,UPI ID
TXN003334,59,15,7,1202,2,1,34458.63,Success,UPI ID
TXN003335,129,8,6,775,2,1,12861.25,Success,Phone Number
TXN003336,30,10,1,1677,1,1,48797.13,Failed,QR Code
TXN003337,69,6,20,2165,2,1,49839.12,Success,QR Code
TXN003338,132,18,4,544,2,4,60473.67,Success,UPI ID
TXN003339,144,6,14,1527,2,1,18569.93,Success,QR Code
TXN003340,146,16,10,1651,2,1,5983.67,Success,QR Code
TXN003341,13,16,7,801,2,1,72671.15,Success,QR Code
TXN003342,113,19,3,121,2,1,65163.1,Success,QR Code
TXN003343,58,11,6,1694,1,2,25123.91,Success,UPI ID
TXN003344,41,1,14,354,1,1,38900.31,Success,QR Code
TXN003345,110,20,11,95,2,2,50574.19,Success,UPI ID
TXN003346,8,7,4,37,1,1,74532.32,Success,UPI ID
TXN003347,46,18,5,1295,2,1,74159.82,Success,QR Code
TXN003348,138,18,11,704,2,1,8929.12,Success,Phone Number
TXN003349,88,11,7,1992,1,1,12886.42,Success,QR Code
TXN003350,48,2,3,1912,2,1,41974.82,Success,Phone Number
TXN003351,70,9,15,1015,2,4,46058.23,Success,QR Code
TXN003352,140,12,3,532,1,3,9348.39,Success,QR Code
TXN003353,88,11,18,1301,2,2,15716.1,Failed,QR Code
TXN003354,129,7,13,443,2,3,18972.19,Success,Phone Number
TXN003355,75,11,20,1685,2,1,45035.68,Success,QR Code
TXN003356,56,11,6,1453,1,1,38345.02,Success,UPI ID
TXN003357,34,17,16,962,2,1,14804.01,Success,UPI ID
TXN003358,19,11,1,391,2,1,49562.35,Success,QR Code
TXN003359,1,2,8,53,2,1,46701.47,Success,Phone Number
TXN003360,135,7,19,964,1,1,56283.9,Success,Phone Number
TXN003361,86,6,3,1052,2,1,14354.06,Success,QR Code
TXN003362,105,14,8,268,2,1,33768.79,Success,Phone Number
TXN003363,62,12,11,1856,1,1,64926.24,Success,UPI ID
TXN003364,68,4,10,626,2,2,59484.05,Success,QR Code
TXN003365,14,3,15,488,2,1,9003.8,Success,Phone Number
TXN003366,130,15,19,121,2,1,59098.35,Success,UPI ID
TXN003367,109,18,1,1945,1,1,16441.58,Success,UPI ID
TXN003368,129,7,4,597,2,1,53808.54,Success,QR Code
TXN003369,84,20,2,805,2,1,28132.38,Success,Phone Number
TXN003370,24,8,19,1448,1,1,22879.27,Success,Phone Number
TXN003371,134,3,15,987,2,1,13245.53,Success,Phone Number
TXN003372,115,18,16,163,2,1,28395.95,Success,Phone Number
TXN003373,17,20,9,175,2,1,40057.92,Success,Phone Number
TXN003374,148,16,15,1298,1,1,49701.74,Success,UPI ID
TXN003375,106,11,5,2001,2,1,14616.35,Success,QR Code
TXN003376,79,17,14,837,2,1,30756.88,Success,QR Code
TXN003377,91,17,16,1077,2,1,15124.21,Success,QR Code
TXN003378,6,14,2,4,2,1,3243.49,Success,UPI ID
TXN003379,24,20,2,970,2,1,72654.51,Success,UPI ID
TXN003380,51,19,8,1443,2,1,40469.35,Success,Phone Number
TXN003381,93,8,20,1354,2,2,7170.34,Success,QR Code
TXN003382,64,2,18,802,2,1,6759.89,Failed,QR Code
TXN003383,120,3,4,765,2,1,32357.45,Success,UPI ID
TXN003384,128,8,10,1233,2,1,68324.69,Success,QR Code
TXN003385,73,18,1,1894,1,1,27116.26,Success,Phone Number
TXN003386,10,14,10,674,1,1,2662.87,Success,QR Code
TXN003387,20,9,17,2047,1,1,46636.58,Success,QR Code
TXN003388,80,12,9,794,2,1,58552.2,Success,QR Code
TXN003389,110,12,11,899,2,1,8179.03,Success,QR Code
TXN003390,132,1,6,1294,2,3,15773.35,Success,UPI ID
TXN003391,89,1,20,617,1,1,7222.27,Success,QR Code
TXN003392,36,8,19,723,2,1,7677.93,Success,UPI ID
TXN003393,72,1,12,2088,1,3,35212.63,Success,UPI ID
TXN003394,124,2,13,442,2,1,32937.26,Success,Phone Number
TXN003395,125,13,19,934,2,1,4419.47,Success,QR Code
TXN003396,130,6,3,607,1,1,44735.61,Success,Phone Number
TXN003397,94,16,14,1387,2,4,6995.84,Success,QR Code
TXN003398,137,12,9,860,2,1,8583.99,Success,QR Code
TXN003399,118,13,18,1454,1,1,5826.95,Success,UPI ID
TXN003400,148,6,16,19,2,1,12425.42,Success,QR Code
TXN003401,144,9,16,748,1,1,44970.77,Success,QR Code
TXN003402,27,20,10,1486,2,2,35317.3,Success,UPI ID
TXN003403,82,16,3,2057,2,1,18899.92,Success,QR Code
TXN003404,110,8,2,2122,2,2,14549.57,Success,UPI ID
TXN003405,6,20,18,1855,2,1,38567.3,Success,UPI ID
TXN003406,48,3,7,1819,2,1,74301.93,Success,QR Code
TXN003407,95,17,17,388,2,4,1797.38,Success,QR Code
TXN003408,88,12,2,561,2,1,2631.38,Success,Phone Number
TXN003409,149,15,18,707,2,1,31303.75,Success,QR Code
TXN003410,120,1,2,17,2,1,49459.62,Success,QR Code
TXN003411,25,5,3,911,2,1,58632.21,Success,QR Code
TXN003412,101,4,19,2045,1,1,68542.68,Success,UPI ID
TXN003413,107,4,18,246,1,1,27969.79,Success,QR Code
TXN003414,81,16,6,1636,2,2,13249.93,Success,QR Code
TXN003415,109,12,10,1374,1,3,14920.9,Success,QR Code
TXN003416,81,11,17,1485,2,1,46324.22,Success,QR Code
TXN003417,147,19,15,369,2,3,9837.21,Success,QR Code
TXN003418,6,17,9,217,2,1,17318.03,Success,UPI ID
TXN003419,72,20,8,925,1,1,58919.77,Success,Phone Number
TXN003420,47,20,17,493,2,1,37196.26,Success,QR Code
TXN003421,99,6,3,1166,2,1,55506.32,Failed,QR Code
TXN003422,14,9,5,2008,2,1,37944.79,Success,UPI ID
TXN003423,120,17,14,1320,2,1,18893.68,Success,Phone Number
TXN003424,81,15,11,1146,2,4,9263.15,Failed,UPI ID
TXN003425,132,14,5,1996,2,1,37598.75,Success,Phone Number
TXN003426,81,5,19,1165,2,1,25971.92,Success,QR Code
TXN003427,9,9,9,370,2,1,46026.86,Success,QR Code
TXN003428,88,13,12,1562,2,1,16396.14,Success,Phone Number
TXN003429,57,14,13,1178,2,1,10128.97,Success,QR Code
TXN003430,85,20,7,711,1,1,67638.4,Success,UPI ID
TXN003431,149,11,13,598,2,1,73350.69,Success,QR Code
TXN003432,42,20,7,1218,2,1,4545.76,Success,QR Code
TXN003433,147,8,7,1249,2,1,16574.97,Success,UPI ID
TXN003434,20,4,18,12,2,1,58816.53,Success,Phone Number
TXN003435,71,7,10,586,2,1,59244.87,Success,QR Code
TXN003436,10,6,1,293,2,1,34951.19,Success,QR Code
TXN003437,79,1,13,1172,1,1,54112.22,Success,Phone Number
TXN003438,90,4,5,562,2,2,27549.4,Success,QR Code
TXN003439,32,6,20,958,2,1,1313.73,Success,UPI ID
TXN003440,148,3,3,1214,1,1,23405.28,Success,Phone Number
TXN003441,115,4,19,2023,2,1,54912.77,Success,QR Code
TXN003442,74,9,9,2141,2,2,17574.04,Success,Phone Number
TXN003443,68,12,12,302,1,1,31831.62,Success,QR Code
TXN003444,66,13,1,582,2,4,71289.11,Success,UPI ID
TXN003445,140,5,18,931,2,1,48279.45,Success,UPI ID
TXN003446,45,8,4,1636,1,1,50389.13,Success,QR Code
TXN003447,54,3,13,2068,2,1,38938.49,Success,QR Code
TXN003448,52,20,7,82,2,1,35283.58,Success,QR Code
TXN003449,121,16,12,126,2,1,54158.1,Success,Phone Number
TXN003450,62,14,14,417,1,1,19771.68,Success,UPI ID
TXN003451,125,2,9,1739,2,4,23821.8,Failed,Phone Number
TXN003452,114,10,9,921,1,1,8301.43,Success,Phone Number
TXN003453,111,10,20,88,2,1,3913.45,Success,UPI ID
TXN003454,25,4,15,72,2,1,35402.71,Success,Phone Number
TXN003455,41,8,6,1292,1,1,1817.6,Success,UPI ID
TXN003456,99,9,13,135,2,1,64770.69,Success,QR Code
TXN003457,136,11,4,1980,2,4,47242.61,Success,Phone Number
TXN003458,93,17,6,497,1,1,56723.59,Failed,QR Code
TXN003459,66,17,18,1862,2,2,42305.61,Success,UPI ID
TXN003460,141,10,1,147,1,1,65808.58,Success,UPI ID
TXN003461,97,16,16,1936,2,4,46859.56,Success,QR Code
TXN003462,130,19,11,289,2,1,49341.11,Success,UPI ID
TXN003463,73,19,10,392,1,3,47913.49,Success,QR Code
TXN003464,95,2,11,1122,1,2,18839.25,Success,QR Code
TXN003465,8,19,6,944,2,1,69077.81,Success,UPI ID
TXN003466,143,3,16,1426,2,1,42078.84,Failed,UPI ID
TXN003467,41,13,17,152,2,1,70176.88,Success,QR Code
TXN003468,51,19,5,25,2,1,54526.82,Success,QR Code
TXN003469,120,15,17,307,2,1,37308.53,Success,QR Code
TXN003470,58,15,7,1746,1,1,60984.13,Success,Phone Number
TXN003471,29,9,14,702,2,1,6128.29,Success,UPI ID
TXN003472,86,14,3,1345,1,4,7281.81,Success,QR Code
TXN003473,83,9,4,731,2,1,40988.79,Success,QR Code
TXN003474,81,15,11,1208,2,1,46791.73,Success,QR Code
TXN003475,131,19,3,757,2,1,38341.68,Success,UPI ID
TXN003476,61,10,14,1640,2,1,64895.05,Success,Phone Number
TXN003477,59,16,18,1853,1,1,28758.86,Success,Phone Number
TXN003478,76,9,2,893,2,1,49054.76,Success,QR Code
TXN003479,8,16,8,1840,2,3,26644.4,Success,UPI ID
TXN003480,82,15,8,1653,2,4,17870.0,Success,QR Code
TXN003481,122,9,1,980,2,1,40173.92,Success,QR Code
TXN003482,103,6,8,286,1,1,16121.53,Success,UPI ID
TXN003483,58,19,7,1495,2,1,724.21,Success,QR Code
TXN003484,76,19,14,638,2,1,23336.61,Success,QR Code
TXN003485,45,9,11,1937,2,1,64652.43,Success,QR Code
TXN003486,37,4,13,638,2,2,6739.39,Failed,UPI ID
TXN003487,105,18,11,1667,2,1,23319.51,Success,UPI ID
TXN003488,23,3,11,1975,2,3,51053.1,Success,QR Code
TXN003489,51,16,19,566,1,1,69064.44,Success,QR Code
TXN003490,136,15,9,442,2,1,51253.45,Success,Phone Number
TXN003491,138,5,1,2164,1,2,35409.53,Success,QR Code
TXN003492,115,14,12,1911,2,4,62306.34,Success,QR Code
TXN003493,5,10,20,1785,2,1,31044.15,Success,QR Code
TXN003494,21,17,5,949,2,4,67306.9,Failed,QR Code
TXN003495,41,18,5,1466,1,1,74523.32,Success,QR Code
TXN003496,100,9,10,1042,2,1,4137.28,Success,QR Code
TXN003497,145,5,2,925,2,1,40044.36,Success,UPI ID
TXN003498,85,1,11,487,2,1,43887.19,Success,Phone Number
TXN003499,1,8,7,2019,2,1,71171.85,Success,UPI ID
TXN003500,88,11,20,2172,2,1,35692.4,Success,QR Code
TXN003501,78,3,16,1899,2,1,1019.1,Success,UPI ID
TXN003502,71,20,18,1177,2,1,66721.53,Success,QR Code
TXN003503,134,11,7,1849,2,1,53820.07,Success,QR Code
TXN003504,83,19,19,2147,2,1,39322.7,Success,QR Code
TXN003505,47,6,15,1514,2,1,21628.52,Failed,Phone Number
TXN003506,112,7,11,1688,2,1,73505.81,Success,QR Code
TXN003507,54,6,18,588,1,1,38993.65,Success,UPI ID
TXN003508,74,20,8,316,1,1,31058.81,Success,Phone Number
TXN003509,87,16,4,337,2,1,63703.61,Success,UPI ID
TXN003510,38,17,1,1453,2,3,3739.45,Success,UPI ID
TXN003511,36,19,6,571,2,2,70212.0,Success,QR Code
TXN003512,78,13,18,1063,2,1,67169.33,Failed,QR Code
TXN003513,109,7,2,1019,2,1,61660.47,Success,Phone Number
TXN003514,137,14,14,1917,1,1,22056.83,Success,QR Code
TXN003515,123,2,18,1262,1,1,55905.9,Success,QR Code
TXN003516,44,11,11,593,2,1,5717.84,Success,Phone Number
TXN003517,26,16,6,541,2,1,57996.04,Success,UPI ID
TXN003518,146,8,4,1194,2,1,43485.16,Success,QR Code
TXN003519,32,2,7,1069,2,1,27508.88,Success,QR Code
TXN003520,111,3,4,103,2,1,21525.8,Success,UPI ID
TXN003521,32,7,9,68,1,1,31044.72,Success,Phone Number
TXN003522,139,7,19,1830,2,3,18077.98,Success,QR Code
TXN003523,127,7,3,1298,2,4,10578.29,Success,UPI ID
TXN003524,29,10,16,45,1,3,69790.32,Success,QR Code
TXN003525,144,4,16,37,2,1,9815.05,Success,QR Code
TXN003526,4,2,1,1929,2,1,11883.99,Success,UPI ID
TXN003527,65,4,7,101,2,1,32574.63,Success,QR Code
TXN003528,141,11,7,1535,2,1,57814.84,Success,QR Code
TXN003529,105,2,2,802,2,2,22425.73,Success,QR Code
TXN003530,87,15,7,1167,2,1,40553.49,Success,QR Code
TXN003531,76,18,8,461,2,1,62649.76,Success,UPI ID
TXN003532,7,14,10,813,1,2,70481.6,Success,UPI ID
TXN003533,89,17,15,1811,2,1,22283.61,Success,UPI ID
TXN003534,84,9,6,2169,2,1,34179.51,Success,UPI ID
TXN003535,119,1,20,1996,1,1,36698.9,Success,Phone Number
TXN003536,8,9,9,1935,2,1,44636.78,Success,QR Code
TXN003537,37,14,18,1380,1,1,47341.55,Success,Phone Number
TXN003538,36,6,14,247,2,1,41042.7,Success,QR Code
TXN003539,99,16,10,813,2,4,8668.28,Success,Phone Number
TXN003540,63,17,3,2010,2,1,55715.5,Success,Phone Number
TXN003541,102,7,1,1972,1,1,21429.74,Success,Phone Number
TXN003542,10,1,2,2143,2,1,52226.2,Success,UPI ID
TXN003543,23,20,13,1695,2,1,19735.41,Success,Phone Number
TXN003544,59,7,20,1680,1,2,32940.09,Success,QR Code
TXN003545,58,16,3,2152,2,1,22489.74,Success,Phone Number
TXN003546,37,9,17,399,2,1,61415.14,Success,QR Code
TXN003547,12,11,7,1467,2,1,68090.71,Success,QR Code
TXN003548,70,14,10,1496,1,1,70668.01,Success,Phone Number
TXN003549,138,12,5,729,1,2,22982.47,Success,QR Code
TXN003550,89,3,10,1541,2,4,1647.26,Success,UPI ID
TXN003551,11,7,17,703,2,1,72188.45,Success,QR Code
TXN003552,87,17,14,1497,1,1,51111.11,Success,UPI ID
TXN003553,110,1,9,835,2,2,59423.31,Success,QR Code
TXN003554,88,20,3,1441,2,1,21231.65,Success,UPI ID
TXN003555,17,17,20,2017,2,1,15342.87,Success,Phone Number
TXN003556,113,2,9,186,2,1,2249.52,Success,QR Code
TXN003557,27,20,14,643,2,1,26915.65,Failed,QR Code
TXN003558,126,16,12,921,2,1,18775.17,Failed,Phone Number
TXN003559,141,19,14,943,2,3,21812.12,Failed,QR Code
TXN003560,3,19,9,1239,2,1,45664.84,Success,UPI ID
TXN003561,150,6,20,317,2,1,71899.44,Success,UPI ID
TXN003562,116,10,9,1259,2,2,63044.73,Success,QR Code
TXN003563,129,11,8,1863,2,1,9621.81,Success,QR Code
TXN003564,4,3,6,1389,2,1,39663.53,Success,QR Code
TXN003565,134,12,15,646,1,1,35518.32,Failed,QR Code
TXN003566,20,11,20,46,1,1,53940.0,Success,UPI ID
TXN003567,38,2,11,1496,2,1,53044.19,Success,UPI ID
TXN003568,59,10,12,1562,2,1,29063.89,Failed,QR Code
TXN003569,68,12,3,1287,2,1,52106.22,Failed,UPI ID
TXN003570,95,3,14,1756,2,4,18333.74,Success,QR Code
TXN003571,83,15,16,2124,2,1,61790.48,Success,QR Code
TXN003572,60,12,4,431,1,1,40139.5,Success,QR Code
TXN003573,88,18,14,1575,2,1,38479.5,Success,QR Code
TXN003574,50,18,12,580,2,1,19102.97,Success,QR Code
TXN003575,99,12,7,2160,2,1,52300.22,Success,UPI ID
TXN003576,128,13,11,1716,2,1,40710.24,Success,QR Code
TXN003577,89,11,17,1311,2,1,20204.51,Success,QR Code
TXN003578,110,16,7,1769,2,3,52797.09,Success,QR Code
TXN003579,1,6,1,1500,2,1,74897.11,Success,QR Code
TXN003580,131,14,12,1348,2,1,68888.21,Success,UPI ID
TXN003581,92,12,8,2041,2,1,55593.3,Success,QR Code
TXN003582,103,4,2,654,1,1,72425.51,Success,UPI ID
TXN003583,19,20,1,1197,2,1,57161.3,Success,Phone Number
TXN003584,138,3,19,1073,2,1,56301.85,Success,UPI ID
TXN003585,82,5,6,1138,2,1,33213.95,Success,Phone Number
TXN003586,34,14,18,929,2,1,33864.57,Success,QR Code
TXN003587,63,5,4,244,1,1,59669.4,Success,QR Code
TXN003588,56,2,6,1702,2,1,69503.17,Success,QR Code
TXN003589,13,2,18,1695,2,1,56267.63,Failed,UPI ID
TXN003590,144,4,6,1872,2,4,69007.08,Success,QR Code
TXN003591,75,1,11,103,2,1,42239.17,Success,Phone Number
TXN003592,86,17,6,464,1,3,32732.28,Success,QR Code
TXN003593,57,6,19,451,2,1,62911.81,Success,QR Code
TXN003594,133,2,20,128,1,1,38120.17,Success,Phone Number
TXN003595,48,19,13,112,2,2,50665.37,Success,UPI ID
TXN003596,150,8,12,1999,2,1,10045.07,Success,UPI ID
TXN003597,15,6,10,693,1,2,17804.17,Failed,QR Code
TXN003598,148,4,7,1059,2,1,16167.8,Success,UPI ID
TXN003599,7,16,5,1880,1,1,72553.76,Success,QR Code
TXN003600,8,1,6,1453,2,1,65841.48,Success,UPI ID
TXN003601,52,7,12,635,2,1,25412.26,Failed,QR Code
TXN003602,63,14,16,71,1,1,14457.9,Success,QR Code
TXN003603,89,12,7,1392,1,1,40956.59,Success,QR Code
TXN003604,84,18,4,1543,2,1,1334.34,Success,QR Code
TXN003605,41,17,4,2141,2,1,43319.62,Success,QR Code
TXN003606,48,8,19,1402,2,1,13807.15,Success,QR Code
TXN003607,141,8,15,386,2,1,25195.97,Success,QR Code
TXN003608,117,15,2,1591,2,1,19788.4,Success,QR Code
TXN003609,123,7,9,1510,2,3,19083.15,Success,Phone Number
TXN003610,96,12,11,706,2,1,54923.18,Success,UPI ID
TXN003611,32,1,18,1497,2,1,60695.02,Success,QR Code
TXN003612,106,7,6,158,2,1,52968.01,Success,UPI ID
TXN003613,133,12,7,503,2,1,45577.45,Success,UPI ID
TXN003614,44,14,17,829,2,1,74769.32,Success,QR Code
TXN003615,107,9,12,1214,2,1,2253.85,Success,QR Code
TXN003616,101,16,10,1420,2,3,12579.27,Failed,UPI ID
TXN003617,93,19,16,1107,2,1,57709.22,Success,QR Code
TXN003618,63,9,3,1408,2,2,9395.96,Success,QR Code
TXN003619,107,7,1,1752,2,1,45956.64,Failed,QR Code
TXN003620,37,20,3,1431,2,1,38188.31,Success,QR Code
TXN003621,110,8,16,1203,2,1,37288.38,Success,Phone Number
TXN003622,144,14,1,423,2,1,29237.35,Success,QR Code
TXN003623,115,19,15,586,1,2,18479.07,Success,QR Code
TXN003624,99,6,3,917,2,1,61157.7,Success,QR Code
TXN003625,135,15,20,357,2,4,2119.33,Success,QR Code
TXN003626,35,6,1,1687,2,1,56477.05,Success,QR Code
TXN003627,65,5,16,1480,1,2,66568.71,Success,QR Code
TXN003628,103,5,1,234,2,1,23640.85,Success,QR Code
TXN003629,121,12,13,1047,2,3,17988.97,Success,Phone Number
TXN003630,30,11,9,1985,2,1,31860.09,Failed,Phone Number
TXN003631,46,6,5,505,2,1,73473.81,Success,Phone Number
TXN003632,86,2,8,1694,1,1,69561.52,Success,UPI ID
TXN003633,135,7,16,1193,1,3,17949.56,Success,UPI ID
TXN003634,111,3,14,1659,2,1,48640.44,Success,QR Code
TXN003635,20,15,4,1083,2,1,4940.02,Success,QR Code
TXN003636,147,1,1,113,2,1,59251.68,Failed,QR Code
TXN003637,107,9,11,1729,2,3,30927.79,Success,QR Code
TXN003638,70,4,7,384,2,1,20347.06,Success,UPI ID
TXN003639,136,17,18,963,2,1,13572.4,Failed,QR Code
TXN003640,79,8,9,1353,1,1,73738.18,Success,QR Code
TXN003641,71,10,6,132,2,1,71853.84,Success,UPI ID
TXN003642,50,9,4,824,1,1,12263.62,Success,UPI ID
TXN003643,145,13,8,326,2,1,7730.84,Success,UPI ID
TXN003644,83,4,10,1777,1,1,34811.23,Failed,Phone Number
TXN003645,126,20,12,329,2,1,60593.69,Success,Phone Number
TXN003646,75,20,9,388,2,1,68893.93,Success,QR Code
TXN003647,84,17,7,2058,2,1,14317.04,Success,UPI ID
TXN003648,28,19,9,891,2,1,11611.7,Success,Phone Number
TXN003649,108,15,19,1419,2,1,52292.29,Success,QR Code
TXN003650,107,5,10,1512,1,1,27809.81,Success,QR Code
TXN003651,147,10,6,775,1,3,23094.5,Success,Phone Number
TXN003652,66,15,6,977,2,1,15971.26,Failed,UPI ID
TXN003653,145,12,13,1057,2,2,28118.07,Success,QR Code
TXN003654,26,7,6,847,2,2,34742.2,Success,QR Code
TXN003655,11,19,11,2058,2,1,3781.99,Success,Phone Number
TXN003656,100,6,13,1301,2,4,49349.68,Success,QR Code
TXN003657,37,20,4,1808,1,1,41236.55,Success,UPI ID
TXN003658,14,9,12,1351,2,1,9723.31,Success,QR Code
TXN003659,6,17,20,1839,1,3,43429.25,Success,QR Code
TXN003660,143,13,16,2080,2,1,25782.77,Success,UPI ID
TXN003661,79,16,14,1843,1,1,26835.82,Success,QR Code
TXN003662,26,8,8,1032,2,4,61348.29,Success,QR Code
TXN003663,101,16,17,332,1,1,2860.34,Success,Phone Number
TXN003664,145,16,9,1053,2,1,71468.97,Success,QR Code
TXN003665,126,2,5,510,2,2,27967.72,Success,QR Code
TXN003666,60,16,6,182,2,1,39603.93,Failed,QR Code
TXN003667,116,6,16,1041,2,1,18085.2,Failed,Phone Number
TXN003668,82,12,2,412,1,1,3524.66,Success,Phone Number
TXN003669,50,1,14,885,1,1,63617.66,Success,QR Code
TXN003670,105,6,5,1620,2,1,27110.11,Success,Phone Number
TXN003671,62,15,5,1616,2,1,10673.83,Success,QR Code
TXN003672,5,17,5,665,2,1,36483.01,Success,UPI ID
TXN003673,109,2,14,1634,2,1,12857.14,Success,QR Code
TXN003674,133,15,5,2128,2,2,40040.96,Success,UPI ID
TXN003675,65,7,15,1841,2,1,14263.07,Success,UPI ID
TXN003676,118,12,9,1660,2,2,43246.58,Success,Phone Number
TXN003677,32,7,12,2004,2,1,39282.64,Success,QR Code
TXN003678,123,10,3,175,2,2,22029.02,Success,QR Code
TXN003679,91,8,16,794,2,1,43874.0,Success,UPI ID
TXN003680,19,12,6,486,1,1,43295.62,Success,UPI ID
TXN003681,135,15,8,1023,1,1,41470.94,Success,QR Code
TXN003682,11,11,3,1442,2,1,14984.87,Success,Phone Number
TXN003683,113,12,20,1873,2,2,34961.75,Success,UPI ID
TXN003684,128,16,18,755,2,1,57165.51,Failed,UPI ID
TXN003685,147,18,12,355,1,1,7469.04,Failed,QR Code
TXN003686,64,14,17,863,2,1,12961.19,Success,UPI ID
TXN003687,121,6,6,932,2,1,48493.22,Success,QR Code
TXN003688,78,2,9,1532,2,2,47667.58,Success,QR Code
TXN003689,39,11,20,675,2,1,65689.09,Success,QR Code
TXN003690,137,3,8,378,1,1,37249.85,Success,QR Code
TXN003691,45,13,12,1477,1,1,25291.44,Success,QR Code
TXN003692,78,6,2,1550,1,3,63444.79,Success,QR Code
TXN003693,105,19,5,1505,2,1,32527.68,Success,QR Code
TXN003694,55,20,3,716,2,1,22246.39,Success,Phone Number
TXN003695,45,3,12,1342,2,1,29115.76,Success,UPI ID
TXN003696,18,6,1,1918,1,1,40474.2,Success,QR Code
TXN003697,141,1,15,1730,2,4,15067.77,Success,Phone Number
TXN003698,63,10,1,66,2,1,53352.36,Success,Phone Number
TXN003699,77,18,10,2076,1,1,22507.34,Success,QR Code
TXN003700,87,19,20,1790,2,1,48931.82,Success,UPI ID
TXN003701,12,9,5,38,2,1,19747.62,Success,QR Code
TXN003702,93,11,10,950,1,1,16018.35,Success,QR Code
TXN003703,132,9,14,2116,2,2,40891.36,Success,QR Code
TXN003704,119,14,13,25,1,1,38102.12,Failed,UPI ID
TXN003705,69,17,20,1027,2,1,69332.23,Failed,UPI ID
TXN003706,8,7,1,2,2,1,21153.4,Success,QR Code
TXN003707,149,9,4,891,2,1,35614.21,Success,Phone Number
TXN003708,109,17,18,474,2,1,64356.36,Success,Phone Number
TXN003709,60,18,1,1000,2,1,32058.31,Success,UPI ID
TXN003710,58,9,6,2128,2,1,31147.09,Success,UPI ID
TXN003711,87,8,18,1842,1,1,18147.97,Success,Phone Number
TXN003712,22,13,5,1784,2,1,52230.2,Success,QR Code
TXN003713,25,17,7,2063,2,2,24551.91,Success,Phone Number
TXN003714,82,20,6,1685,2,3,24085.71,Success,Phone Number
TXN003715,69,16,2,1401,2,1,59809.86,Success,QR Code
TXN003716,24,8,10,659,2,1,73833.71,Failed,QR Code
TXN003717,91,13,8,291,1,1,25411.81,Success,QR Code
TXN003718,106,14,18,1640,1,1,10918.9,Success,QR Code
TXN003719,23,4,12,1315,1,1,37084.16,Success,QR Code
TXN003720,58,18,7,179,1,1,45844.52,Success,QR Code
TXN003721,73,10,1,181,2,1,37292.52,Success,QR Code
TXN003722,143,14,19,1107,2,1,45274.23,Success,Phone Number
TXN003723,149,14,4,1917,1,1,29301.96,Success,QR Code
TXN003724,133,14,15,440,2,1,28217.75,Success,UPI ID
TXN003725,138,1,17,1483,2,4,40901.21,Success,Phone Number
TXN003726,100,15,13,1821,2,1,63326.61,Success,Phone Number
TXN003727,27,3,12,360,2,1,20038.86,Success,UPI ID
TXN003728,24,15,20,165,2,1,66835.34,Success,UPI ID
TXN003729,93,10,3,840,1,1,73319.9,Success,QR Code
TXN003730,103,10,14,567,2,2,26500.97,Success,QR Code
TXN003731,76,18,4,690,2,1,3989.95,Failed,QR Code
TXN003732,92,17,12,1169,2,4,7506.86,Success,UPI ID
TXN003733,99,8,20,1693,2,3,70415.52,Success,UPI ID
TXN003734,49,15,3,1294,1,1,60686.91,Success,QR Code
TXN003735,108,2,6,616,2,1,24172.87,Success,QR Code
TXN003736,76,6,5,2021,2,2,48809.16,Success,Phone Number
TXN003737,65,19,3,1789,2,1,44652.3,Success,QR Code
TXN003738,39,6,15,644,2,4,74253.96,Success,QR Code
TXN003739,47,7,17,339,2,1,27508.69,Success,QR Code
TXN003740,23,1,4,2074,2,1,62642.17,Success,Phone Number
TXN003741,138,19,6,1333,2,1,70755.21,Success,QR Code
TXN003742,97,20,2,1446,2,1,26496.86,Success,QR Code
TXN003743,139,6,11,1561,1,1,36274.02,Success,QR Code
TXN003744,63,12,16,2048,2,1,32877.79,Success,QR Code
TXN003745,40,6,3,1172,2,1,41513.2,Success,UPI ID
TXN003746,72,4,8,1653,1,3,6898.15,Success,QR Code
TXN003747,150,4,12,764,2,1,71760.68,Success,UPI ID
TXN003748,44,20,1,802,2,1,32397.19,Success,QR Code
TXN003749,143,14,6,755,1,1,37935.46,Success,QR Code
TXN003750,6,2,16,626,1,2,30066.03,Success,QR Code
TXN003751,39,11,10,2052,2,1,1801.85,Success,QR Code
TXN003752,116,2,16,997,1,1,9526.02,Success,QR Code
TXN003753,75,1,11,539,1,1,56023.03,Success,QR Code
TXN003754,77,4,11,1478,2,1,10197.06,Success,QR Code
TXN003755,81,14,1,2014,2,1,62046.68,Success,QR Code
TXN003756,86,20,13,768,2,2,63148.01,Success,Phone Number
TXN003757,133,7,6,439,2,1,37366.15,Success,UPI ID
TXN003758,99,2,9,499,1,1,22232.56,Success,Phone Number
TXN003759,129,12,14,508,2,1,50798.51,Success,QR Code
TXN003760,37,9,19,1068,1,1,29018.39,Success,UPI ID
TXN003761,68,14,9,853,2,1,32059.8,Success,QR Code
TXN003762,136,10,8,254,2,1,39289.77,Success,QR Code
TXN003763,80,18,17,1138,2,1,52316.78,Success,Phone Number
TXN003764,58,17,8,2104,2,2,61779.12,Success,Phone Number
TXN003765,115,19,3,1264,2,1,74103.67,Success,QR Code
TXN003766,105,2,18,409,2,1,44737.85,Failed,Phone Number
TXN003767,54,10,2,811,2,2,72959.38,Success,UPI ID
TXN003768,56,7,14,1765,2,1,69739.68,Success,Phone Number
TXN003769,83,11,20,2059,2,1,50237.94,Success,Phone Number
TXN003770,15,20,16,2036,2,1,16045.88,Success,Phone Number
TXN003771,49,17,19,343,2,1,71377.09,Success,QR Code
TXN003772,81,3,17,371,1,1,10014.43,Success,UPI ID
TXN003773,70,6,2,1619,1,1,54362.32,Success,QR Code
TXN003774,95,7,11,829,2,1,1713.94,Success,Phone Number
TXN003775,47,16,4,262,2,1,4061.46,Success,QR Code
TXN003776,141,12,9,1481,2,1,26374.37,Success,UPI ID
TXN003777,35,6,6,646,1,1,41789.69,Success,UPI ID
TXN003778,54,15,20,233,2,1,45004.58,Success,QR Code
TXN003779,148,6,9,983,2,1,67364.45,Failed,UPI ID
TXN003780,57,5,19,498,2,1,38127.56,Success,QR Code
TXN003781,72,14,9,1529,2,1,31839.74,Success,Phone Number
TXN003782,134,1,16,1054,1,1,27773.41,Success,QR Code
TXN003783,88,9,20,2184,1,1,26299.43,Success,QR Code
TXN003784,42,8,9,316,2,1,48969.25,Success,QR Code
TXN003785,107,9,6,1928,2,1,25226.23,Success,QR Code
TXN003786,76,7,17,463,2,1,38259.68,Success,QR Code
TXN003787,135,2,7,2053,2,3,56346.41,Success,UPI ID
TXN003788,36,20,3,630,2,1,26807.26,Success,QR Code
TXN003789,11,19,18,56,1,1,48486.22,Success,QR Code
TXN003790,115,2,5,745,1,1,1219.87,Success,Phone Number
TXN003791,48,9,20,1276,1,1,50143.44,Success,Phone Number
TXN003792,105,16,8,827,1,1,16057.32,Success,UPI ID
TXN003793,6,11,8,866,2,1,8620.86,Success,Phone Number
TXN003794,81,9,20,367,2,1,19751.9,Failed,QR Code
TXN003795,129,14,13,1065,1,1,59380.7,Success,Phone Number
TXN003796,23,10,3,1532,2,1,55648.78,Failed,QR Code
TXN003797,103,4,16,1491,1,1,11096.34,Failed,Phone Number
TXN003798,128,7,9,1668,2,1,40988.6,Success,Phone Number
TXN003799,107,19,3,2084,2,1,28402.84,Success,QR Code
TXN003800,35,17,1,284,2,1,16982.91,Success,QR Code
TXN003801,64,3,20,31,2,1,62223.06,Success,QR Code
TXN003802,76,8,15,1436,2,1,42311.73,Success,Phone Number
TXN003803,83,19,8,1792,2,1,27408.17,Success,QR Code
TXN003804,4,20,13,924,2,1,65677.74,Success,Phone Number
TXN003805,88,16,20,2093,2,1,35168.23,Success,Phone Number
TXN003806,8,17,14,1071,2,2,31859.49,Success,QR Code
TXN003807,94,1,9,1975,1,1,60846.64,Success,QR Code
TXN003808,148,19,11,274,2,1,49628.24,Failed,Phone Number
TXN003809,137,2,20,388,2,1,49154.74,Success,Phone Number
TXN003810,64,9,10,515,2,1,61117.94,Success,QR Code
TXN003811,110,2,6,1660,2,1,50924.93,Success,QR Code
TXN003812,68,6,11,849,2,1,51664.2,Success,QR Code
TXN003813,149,14,8,678,2,3,14512.94,Success,UPI ID
TXN003814,41,8,11,127,2,1,8234.85,Success,QR Code
TXN003815,138,11,16,179,2,1,13949.95,Success,QR Code
TXN003816,65,3,3,577,2,1,19981.79,Success,QR Code
TXN003817,4,14,2,1544,2,1,35711.92,Success,QR Code
TXN003818,9,5,16,957,2,1,34944.35,Success,QR Code
TXN003819,112,12,8,1791,2,1,15903.16,Success,QR Code
TXN003820,81,6,20,803,2,1,33714.33,Success,UPI ID
TXN003821,26,19,7,1673,2,3,43925.04,Success,QR Code
TXN003822,24,4,4,1464,2,1,62075.32,Success,QR Code
TXN003823,52,6,15,750,2,1,57081.2,Success,QR Code
TXN003824,31,8,7,1987,1,1,68543.91,Success,UPI ID
TXN003825,75,9,2,618,2,1,37360.54,Success,QR Code
TXN003826,32,3,18,3,2,3,63420.23,Success,UPI ID
TXN003827,143,1,3,530,2,1,1622.28,Success,QR Code
TXN003828,127,5,9,445,2,3,385.56,Success,Phone Number
TXN003829,30,12,6,736,2,3,10730.28,Success,UPI ID
TXN003830,1,8,10,2007,2,1,63929.07,Success,QR Code
TXN003831,3,20,13,1698,2,1,3106.6,Success,QR Code
TXN003832,22,3,15,793,1,1,42757.75,Success,QR Code
TXN003833,24,20,13,455,1,1,27812.61,Failed,UPI ID
TXN003834,109,13,20,2090,2,1,8724.23,Success,QR Code
TXN003835,70,17,2,1914,2,1,43872.94,Success,QR Code
TXN003836,79,10,14,338,1,1,11160.99,Success,UPI ID
TXN003837,113,17,12,924,1,4,60819.38,Success,QR Code
TXN003838,49,8,17,272,2,1,39430.29,Success,UPI ID
TXN003839,117,1,10,1926,2,1,23905.26,Success,UPI ID
TXN003840,19,4,3,315,2,2,41270.88,Success,QR Code
TXN003841,119,17,17,2166,2,1,26942.59,Success,QR Code
TXN003842,121,20,11,1181,1,1,822.09,Success,QR Code
TXN003843,46,1,3,1057,2,1,52872.96,Failed,QR Code
TXN003844,130,18,18,962,2,1,59685.08,Success,QR Code
TXN003845,54,17,15,1777,2,1,1395.33,Success,QR Code
TXN003846,117,13,2,1553,1,1,20461.57,Success,QR Code
TXN003847,70,11,15,2131,2,1,66419.19,Success,UPI ID
TXN003848,78,2,13,2118,1,1,2086.08,Success,QR Code
TXN003849,67,15,11,2130,1,1,40533.9,Success,Phone Number
TXN003850,26,19,19,1115,2,1,63020.13,Success,UPI ID
TXN003851,90,17,8,806,2,1,67782.09,Success,UPI ID
TXN003852,65,20,4,1005,1,3,73282.5,Failed,Phone Number
TXN003853,83,20,13,1394,1,1,31833.24,Success,QR Code
TXN003854,79,9,16,91,2,1,74359.33,Failed,UPI ID
TXN003855,13,16,19,2072,2,1,39440.5,Success,QR Code
TXN003856,108,8,1,344,2,1,28393.8,Success,QR Code
TXN003857,12,13,3,837,1,1,11475.69,Failed,UPI ID
TXN003858,44,19,9,885,2,1,41328.59,Failed,Phone Number
TXN003859,68,19,16,2165,2,1,18269.77,Success,UPI ID
TXN003860,12,17,4,245,2,1,7459.49,Success,UPI ID
TXN003861,4,8,14,526,1,2,51936.93,Success,Phone Number
TXN003862,38,12,13,1609,2,1,19622.0,Success,UPI ID
TXN003863,21,1,9,212,1,1,59109.97,Success,QR Code
TXN003864,18,9,15,1459,1,1,43877.02,Success,UPI ID
TXN003865,117,3,2,1439,2,3,57688.18,Success,QR Code
TXN003866,149,12,1,264,2,1,64148.25,Success,QR Code
TXN003867,146,19,2,1726,2,1,16177.71,Success,QR Code
TXN003868,87,11,7,1585,1,1,7834.81,Success,UPI ID
TXN003869,105,7,3,937,1,1,38580.02,Success,QR Code
TXN003870,62,4,7,977,2,3,64731.61,Success,QR Code
TXN003871,70,3,16,44,2,1,64566.84,Success,UPI ID
TXN003872,27,18,1,230,2,3,39069.92,Success,UPI ID
TXN003873,109,18,15,1791,2,1,9991.14,Success,UPI ID
TXN003874,100,18,6,2120,2,1,23798.65,Success,QR Code
TXN003875,70,16,1,1864,1,1,15243.78,Success,UPI ID
TXN003876,49,9,17,610,2,1,72670.06,Success,UPI ID
TXN003877,113,16,2,652,2,2,44317.26,Success,QR Code
TXN003878,37,3,9,1647,2,1,46311.21,Success,QR Code
TXN003879,52,2,18,1805,1,1,32250.69,Success,QR Code
TXN003880,19,5,8,51,2,1,67610.06,Success,QR Code
TXN003881,100,18,1,422,2,1,68347.45,Success,UPI ID
TXN003882,85,14,14,446,2,1,63663.86,Success,QR Code
TXN003883,76,17,17,553,2,4,59027.98,Success,UPI ID
TXN003884,80,7,15,1056,2,1,74755.19,Success,QR Code
TXN003885,80,20,17,928,2,1,3614.95,Failed,Phone Number
TXN003886,68,2,20,1058,2,1,53957.59,Success,QR Code
TXN003887,98,7,6,866,2,1,21721.13,Success,QR Code
TXN003888,19,8,18,1376,2,3,33803.36,Success,QR Code
TXN003889,67,12,11,1249,2,1,20867.05,Success,QR Code
TXN003890,23,17,4,1188,2,1,53917.73,Success,UPI ID
TXN003891,33,14,8,222,1,4,49519.05,Success,QR Code
TXN003892,30,18,6,1154,2,4,28768.65,Success,QR Code
TXN003893,117,3,17,762,2,1,9109.83,Failed,QR Code
TXN003894,22,16,5,1257,1,1,37553.85,Success,QR Code
TXN003895,51,8,9,562,2,1,23082.83,Failed,Phone Number
TXN003896,53,16,8,393,1,1,51167.81,Success,UPI ID
TXN003897,52,8,7,1894,2,1,10027.75,Failed,Phone Number
TXN003898,133,18,4,2181,2,1,5661.84,Success,Phone Number
TXN003899,130,14,18,826,1,3,26609.29,Failed,QR Code
TXN003900,18,7,20,317,2,1,59961.85,Success,Phone Number
TXN003901,11,18,2,1692,2,1,64424.76,Success,QR Code
TXN003902,89,18,17,253,2,1,15646.37,Failed,UPI ID
TXN003903,59,4,15,1370,1,1,52893.56,Success,Phone Number
TXN003904,23,5,2,480,2,1,71411.54,Success,QR Code
TXN003905,97,16,8,1442,2,1,48337.03,Success,QR Code
TXN003906,149,11,17,792,2,1,7945.29,Success,Phone Number
TXN003907,35,3,11,119,1,1,36148.85,Success,Phone Number
TXN003908,43,10,1,1036,1,1,38322.18,Success,Phone Number
TXN003909,70,9,11,63,1,1,57876.96,Success,QR Code
TXN003910,66,2,10,1078,2,1,3875.18,Success,Phone Number
TXN003911,96,17,20,964,2,1,21409.47,Success,QR Code
TXN003912,105,2,14,814,2,1,11594.66,Success,QR Code
TXN003913,57,2,19,1643,2,1,56043.09,Success,QR Code
TXN003914,51,7,13,2064,2,1,21947.89,Success,Phone Number
TXN003915,60,9,17,1431,2,1,58607.41,Success,QR Code
TXN003916,71,8,12,864,1,4,22082.97,Success,UPI ID
TXN003917,108,4,15,1841,2,2,31628.42,Success,UPI ID
TXN003918,130,12,16,1417,2,1,61378.39,Success,QR Code
TXN003919,12,16,20,386,2,2,45974.2,Success,UPI ID
TXN003920,43,8,9,401,2,1,65460.64,Success,QR Code
TXN003921,37,8,8,4,2,1,48711.39,Success,QR Code
TXN003922,62,16,10,1989,2,1,24844.3,Success,UPI ID
TXN003923,86,3,7,1351,2,1,27496.57,Success,QR Code
TXN003924,87,15,15,1043,2,2,6127.64,Success,QR Code
TXN003925,99,9,11,124,2,1,23064.85,Success,QR Code
TXN003926,32,16,8,992,2,1,5694.45,Failed,QR Code
TXN003927,121,12,11,1072,2,1,29725.73,Success,Phone Number
TXN003928,70,11,8,1169,2,1,11602.6,Success,QR Code
TXN003929,1,12,14,409,2,1,44920.95,Success,QR Code
TXN003930,7,10,15,882,2,1,3213.35,Success,UPI ID
TXN003931,138,13,11,746,2,1,17380.26,Success,UPI ID
TXN003932,132,17,15,1623,2,1,19441.04,Success,QR Code
TXN003933,82,8,8,268,2,1,53764.56,Success,QR Code
TXN003934,126,18,17,1332,2,1,6281.68,Success,QR Code
TXN003935,58,5,2,819,2,1,45861.33,Success,QR Code
TXN003936,15,11,4,736,1,1,73526.93,Success,UPI ID
TXN003937,79,13,11,1612,1,1,48677.05,Success,QR Code
TXN003938,77,14,13,2102,2,3,8720.77,Success,UPI ID
TXN003939,42,9,9,1900,1,1,72616.92,Success,UPI ID
TXN003940,16,12,15,231,2,1,24961.52,Success,QR Code
TXN003941,38,13,20,647,2,3,54517.92,Success,QR Code
TXN003942,18,20,11,919,1,4,47825.0,Success,Phone Number
TXN003943,133,17,17,1943,2,1,9916.78,Success,QR Code
TXN003944,41,18,1,633,2,3,1747.09,Success,UPI ID
TXN003945,93,12,1,1821,1,1,31097.37,Success,QR Code
TXN003946,19,17,5,1990,2,1,67608.59,Success,QR Code
TXN003947,8,19,18,207,2,1,65230.19,Success,Phone Number
TXN003948,28,2,19,874,1,3,74505.41,Success,Phone Number
TXN003949,71,9,5,1381,2,1,29432.39,Success,QR Code
TXN003950,100,10,16,876,2,1,54699.43,Success,QR Code
TXN003951,66,18,5,1765,2,3,69587.53,Failed,QR Code
TXN003952,116,1,10,1201,2,1,22634.26,Success,UPI ID
TXN003953,52,3,1,1318,1,1,44888.79,Success,Phone Number
TXN003954,125,4,7,1898,2,1,70376.18,Success,UPI ID
TXN003955,143,15,9,2145,1,1,17054.04,Failed,UPI ID
TXN003956,121,12,20,1297,2,4,64255.96,Success,QR Code
TXN003957,76,17,3,556,2,2,16254.39,Success,UPI ID
TXN003958,147,11,15,900,1,1,54596.18,Success,QR Code
TXN003959,37,18,7,1118,2,1,6159.66,Success,QR Code
TXN003960,83,2,14,145,2,1,34755.88,Success,QR Code
TXN003961,48,6,8,2071,2,1,25091.03,Success,UPI ID
TXN003962,79,8,2,591,2,1,40750.35,Success,UPI ID
TXN003963,140,6,1,979,2,1,36453.31,Success,QR Code
TXN003964,48,9,3,1997,2,3,16786.21,Success,Phone Number
TXN003965,92,13,9,1335,2,1,14996.78,Failed,Phone Number
TXN003966,36,13,6,1528,2,1,71628.9,Success,Phone Number
TXN003967,107,8,10,958,2,1,20743.76,Success,Phone Number
TXN003968,69,19,6,403,1,1,14525.94,Success,QR Code
TXN003969,25,6,18,1126,1,1,27767.5,Success,QR Code
TXN003970,120,1,20,444,1,1,37983.33,Success,QR Code
TXN003971,45,16,4,1384,2,1,62720.63,Failed,Phone Number
TXN003972,28,10,19,1400,1,3,49834.06,Success,QR Code
TXN003973,20,7,2,1563,1,2,46038.46,Success,Phone Number
TXN003974,25,17,18,1046,2,3,8455.17,Success,Phone Number
TXN003975,12,1,15,329,2,3,74622.52,Success,UPI ID
TXN003976,149,9,11,1064,2,1,42830.92,Success,UPI ID
TXN003977,76,9,6,1306,1,1,41828.11,Success,UPI ID
TXN003978,124,20,10,1333,2,4,3097.02,Success,QR Code
TXN003979,102,4,19,2150,2,1,21041.43,Success,QR Code
TXN003980,125,10,1,1056,2,1,4743.87,Failed,QR Code
TXN003981,88,13,12,2118,2,4,52147.05,Success,Phone Number
TXN003982,145,18,17,2059,2,1,43826.53,Success,QR Code
TXN003983,84,1,12,1834,2,2,30934.34,Success,QR Code
TXN003984,62,12,14,488,2,1,21469.98,Success,UPI ID
TXN003985,13,15,14,2018,2,1,13627.05,Success,QR Code
TXN003986,103,3,8,706,1,1,59654.48,Success,UPI ID
TXN003987,65,6,15,1484,2,1,43556.11,Success,Phone Number
TXN003988,131,3,1,931,2,1,46783.07,Success,QR Code
TXN003989,48,2,19,1818,2,1,57229.72,Success,UPI ID
TXN003990,86,15,5,177,2,1,10574.99,Success,QR Code
TXN003991,102,5,6,818,2,1,30287.82,Success,QR Code
TXN003992,96,16,13,2059,2,1,13064.91,Success,UPI ID
TXN003993,138,10,20,1924,2,4,49356.72,Failed,UPI ID
TXN003994,56,4,13,600,2,4,12114.34,Success,UPI ID
TXN003995,12,20,6,712,2,1,69757.03,Success,QR Code
TXN003996,84,18,1,979,1,1,15517.11,Success,QR Code
TXN003997,96,7,3,1489,1,1,64540.59,Success,QR Code
TXN003998,63,9,18,1119,2,1,12171.13,Success,QR Code
TXN003999,16,14,20,873,2,1,65315.1,Success,QR Code
TXN004000,113,5,11,1757,2,1,4254.5,Success,QR Code
TXN004001,50,6,8,1511,2,1,59369.28,Success,UPI ID
TXN004002,22,19,16,652,2,1,68390.17,Failed,QR Code
TXN004003,50,6,6,2122,2,1,1283.85,Failed,QR Code
TXN004004,104,3,19,996,2,1,14216.47,Success,Phone Number
TXN004005,65,20,3,1380,2,1,18968.4,Failed,UPI ID
TXN004006,134,15,3,1598,2,1,10545.64,Success,UPI ID
TXN004007,110,1,5,528,1,1,37060.57,Success,Phone Number
TXN004008,83,20,17,1968,1,1,63856.69,Failed,QR Code
TXN004009,63,12,13,1023,2,1,15427.79,Success,Phone Number
TXN004010,50,11,1,723,2,3,48711.38,Success,QR Code
TXN004011,26,11,5,1008,2,1,28215.96,Success,UPI ID
TXN004012,112,14,5,1310,2,2,65385.49,Success,UPI ID
TXN004013,148,15,4,1623,1,1,64023.82,Success,Phone Number
TXN004014,67,18,18,1334,2,1,14145.31,Failed,QR Code
TXN004015,9,20,18,1485,2,1,49902.63,Success,UPI ID
TXN004016,59,19,12,2045,2,1,60951.13,Success,QR Code
TXN004017,147,11,12,1825,1,1,48212.8,Success,QR Code
TXN004018,117,11,9,928,2,1,5912.06,Success,QR Code
TXN004019,19,14,4,564,1,1,35608.28,Success,QR Code
TXN004020,27,4,18,807,1,1,54584.76,Success,Phone Number
TXN004021,86,1,16,1018,2,2,31175.79,Failed,QR Code
TXN004022,139,5,8,1791,2,1,52959.95,Success,QR Code
TXN004023,109,19,5,1135,2,1,25382.79,Success,QR Code
TXN004024,74,5,19,1729,2,1,4224.04,Success,QR Code
TXN004025,40,12,4,1661,2,1,53877.99,Success,QR Code
TXN004026,135,3,9,1182,2,1,55765.23,Success,Phone Number
TXN004027,142,20,17,1361,2,1,50044.73,Success,Phone Number
TXN004028,5,7,10,841,1,1,52667.04,Failed,QR Code
TXN004029,130,10,3,1390,2,1,59323.29,Success,QR Code
TXN004030,97,20,17,982,2,1,9640.38,Success,Phone Number
TXN004031,113,14,20,161,1,1,47376.25,Success,UPI ID
TXN004032,41,16,17,425,2,1,6030.34,Success,QR Code
TXN004033,94,6,3,783,2,1,39293.46,Success,Phone Number
TXN004034,105,1,5,256,1,1,43850.3,Success,QR Code
TXN004035,123,9,19,524,1,2,950.73,Success,QR Code
TXN004036,122,13,16,1612,2,1,74313.21,Success,QR Code
TXN004037,5,13,18,1920,1,1,58668.92,Success,QR Code
TXN004038,132,6,13,591,1,1,72295.28,Success,QR Code
TXN004039,4,11,18,2097,2,3,72623.53,Success,UPI ID
TXN004040,124,8,18,1090,2,3,58408.4,Success,QR Code
TXN004041,9,11,9,1694,2,1,50523.87,Success,Phone Number
TXN004042,17,18,16,1259,2,1,6467.57,Success,QR Code
TXN004043,18,1,8,1498,2,1,70610.52,Failed,QR Code
TXN004044,148,12,13,1182,2,1,26179.28,Success,UPI ID
TXN004045,114,13,8,849,2,1,53153.87,Success,UPI ID
TXN004046,40,3,1,343,1,1,43316.13,Success,UPI ID
TXN004047,105,13,2,1999,2,1,31750.17,Success,QR Code
TXN004048,38,3,3,949,2,1,70706.91,Failed,Phone Number
TXN004049,98,5,1,1816,2,1,7299.11,Success,QR Code
TXN004050,110,4,4,1917,2,1,11002.74,Success,QR Code
TXN004051,20,17,16,446,2,2,21533.03,Success,Phone Number
TXN004052,112,1,14,1512,2,1,54912.25,Success,QR Code
TXN004053,13,14,5,728,2,3,56014.49,Success,UPI ID
TXN004054,127,6,12,2073,1,1,34353.03,Failed,UPI ID
TXN004055,17,1,11,425,2,3,17649.55,Success,QR Code
TXN004056,115,7,20,377,2,1,37300.34,Success,UPI ID
TXN004057,73,9,13,1471,2,1,66899.39,Success,QR Code
TXN004058,59,13,17,1245,1,1,60861.92,Failed,UPI ID
TXN004059,37,20,12,519,2,3,26357.7,Success,QR Code
TXN004060,85,15,20,2164,2,1,2649.4,Failed,QR Code
TXN004061,138,15,1,321,2,1,50998.34,Success,QR Code
TXN004062,143,9,13,494,2,2,35977.36,Success,UPI ID
TXN004063,83,10,6,191,2,1,51469.65,Success,UPI ID
TXN004064,147,14,16,279,1,1,21768.46,Success,Phone Number
TXN004065,98,12,15,2003,2,2,44844.98,Success,Phone Number
TXN004066,106,15,11,1381,2,1,36630.98,Success,QR Code
TXN004067,26,7,7,1988,2,1,26837.43,Success,QR Code
TXN004068,97,18,10,1277,2,1,6159.03,Success,QR Code
TXN004069,48,20,3,303,2,1,36799.15,Success,QR Code
TXN004070,46,20,20,921,2,1,12409.08,Success,QR Code
TXN004071,26,11,11,977,2,1,68794.84,Success,QR Code
TXN004072,47,7,17,804,1,1,6135.88,Success,QR Code
TXN004073,8,7,10,2089,1,1,35183.59,Success,UPI ID
TXN004074,65,4,19,1978,2,1,39532.2,Success,QR Code
TXN004075,57,3,20,1811,1,1,70636.65,Success,QR Code
TXN004076,7,13,18,646,2,1,24377.48,Success,UPI ID
TXN004077,87,9,12,479,2,1,18551.3,Failed,UPI ID
TXN004078,26,16,14,187,2,1,24263.53,Success,UPI ID
TXN004079,134,9,8,2140,1,1,10735.23,Success,UPI ID
TXN004080,123,2,15,1913,1,1,9120.45,Success,QR Code
TXN004081,51,1,17,1653,2,1,28704.03,Success,QR Code
TXN004082,143,15,7,455,2,4,29960.97,Success,Phone Number
TXN004083,25,8,4,2067,2,1,19541.38,Success,UPI ID
TXN004084,99,7,12,1404,2,3,5370.93,Success,QR Code
TXN004085,94,2,17,316,2,1,42235.86,Success,Phone Number
TXN004086,59,14,4,1845,2,1,42003.0,Success,QR Code
TXN004087,48,17,10,455,1,1,37593.89,Success,QR Code
TXN004088,119,8,16,1971,1,1,63345.77,Failed,QR Code
TXN004089,6,17,13,1955,2,1,27473.03,Success,Phone Number
TXN004090,37,13,6,1519,2,4,38175.05,Success,QR Code
TXN004091,41,15,12,1610,1,3,70621.49,Success,Phone Number
TXN004092,40,19,5,1883,2,1,65117.4,Success,QR Code
TXN004093,150,15,17,746,1,1,43956.51,Success,Phone Number
TXN004094,74,16,19,1218,2,1,11313.68,Success,QR Code
TXN004095,78,18,5,959,2,2,60821.55,Success,UPI ID
TXN004096,108,6,16,800,2,1,58905.33,Success,QR Code
TXN004097,100,11,13,1283,2,2,20026.71,Success,QR Code
TXN004098,102,6,12,353,2,1,34651.55,Success,QR Code
TXN004099,26,9,9,987,2,1,71354.13,Success,QR Code
TXN004100,73,2,13,1214,2,1,1300.37,Success,Phone Number
TXN004101,33,14,12,1575,1,1,71895.72,Failed,QR Code
TXN004102,78,6,19,214,2,1,55525.78,Success,Phone Number
TXN004103,131,17,1,149,2,1,66699.5,Success,Phone Number
TXN004104,102,9,19,1128,2,1,7039.76,Success,QR Code
TXN004105,123,12,6,323,2,1,19522.79,Success,QR Code
TXN004106,84,4,18,573,1,2,66264.15,Success,UPI ID
TXN004107,70,14,8,375,2,1,44267.62,Success,UPI ID
TXN004108,58,17,15,1898,2,1,26583.71,Success,Phone Number
TXN004109,53,6,16,2008,2,1,54369.75,Success,UPI ID
TXN004110,76,9,10,1279,2,1,64698.82,Success,QR Code
TXN004111,70,7,8,1175,2,1,38780.25,Success,QR Code
TXN004112,5,6,8,1433,2,1,52975.85,Failed,UPI ID
TXN004113,132,13,6,547,2,1,65586.74,Success,Phone Number
TXN004114,36,10,19,234,2,4,50406.27,Success,QR Code
TXN004115,132,11,18,161,2,1,66673.46,Success,UPI ID
TXN004116,60,15,2,268,2,1,29776.02,Success,QR Code
TXN004117,68,18,9,1846,1,1,14628.35,Success,QR Code
TXN004118,29,3,9,1949,2,4,65058.98,Success,QR Code
TXN004119,95,13,10,495,1,1,67081.34,Success,QR Code
TXN004120,54,14,1,795,2,2,35607.53,Success,UPI ID
TXN004121,112,6,5,2059,2,1,2951.26,Success,UPI ID
TXN004122,128,13,13,1351,2,2,66219.69,Success,QR Code
TXN004123,9,8,6,590,2,1,68564.5,Success,QR Code
TXN004124,129,13,14,1399,2,1,32695.46,Success,QR Code
TXN004125,64,3,2,1119,2,1,36688.1,Success,UPI ID
TXN004126,120,13,14,246,2,1,51641.31,Failed,UPI ID
TXN004127,139,8,5,1657,2,1,14070.77,Success,QR Code
TXN004128,107,2,4,190,2,1,12100.54,Success,QR Code
TXN004129,26,15,8,843,1,3,10807.37,Success,UPI ID
TXN004130,49,5,20,1790,2,1,1213.15,Success,UPI ID
TXN004131,98,2,2,782,1,1,69714.63,Success,QR Code
TXN004132,70,20,2,1883,2,2,66158.41,Success,UPI ID
TXN004133,44,20,13,175,2,1,31944.09,Success,QR Code
TXN004134,43,8,13,1055,2,1,33911.59,Success,UPI ID
TXN004135,25,15,16,993,2,1,54456.65,Success,Phone Number
TXN004136,126,18,20,933,2,2,27226.73,Success,QR Code
TXN004137,108,15,6,200,2,1,70654.01,Success,UPI ID
TXN004138,82,20,7,509,1,1,38910.93,Success,UPI ID
TXN004139,44,5,3,1475,2,1,15108.32,Success,QR Code
TXN004140,120,17,9,620,2,1,68977.09,Success,QR Code
TXN004141,35,9,17,1566,2,1,69480.43,Success,QR Code
TXN004142,23,17,16,78,1,1,48794.78,Success,UPI ID
TXN004143,115,11,8,1595,2,1,60780.16,Success,QR Code
TXN004144,47,7,6,1065,2,1,44563.94,Success,UPI ID
TXN004145,106,9,11,76,1,1,49442.31,Success,UPI ID
TXN004146,110,18,17,843,2,3,14320.95,Success,QR Code
TXN004147,75,19,10,254,2,1,5107.58,Success,UPI ID
TXN004148,147,5,19,472,2,1,55187.95,Success,UPI ID
TXN004149,98,13,17,93,2,1,46149.32,Success,Phone Number
TXN004150,37,8,14,1606,1,1,69145.24,Success,Phone Number
TXN004151,53,5,12,1161,2,1,29487.59,Failed,QR Code
TXN004152,125,3,2,1669,2,1,33363.96,Success,UPI ID
TXN004153,54,19,12,624,1,1,8969.78,Success,QR Code
TXN004154,54,3,11,439,2,1,438.26,Failed,QR Code
TXN004155,105,8,16,1407,2,1,2781.71,Success,UPI ID
TXN004156,106,9,9,1375,1,1,45411.1,Success,UPI ID
TXN004157,40,3,19,1334,2,1,29405.36,Success,Phone Number
TXN004158,30,14,4,1201,2,1,50704.48,Success,UPI ID
TXN004159,57,1,7,236,2,1,31127.18,Failed,QR Code
TXN004160,63,20,17,1481,2,1,2421.95,Success,QR Code
TXN004161,24,12,9,1900,2,1,23478.55,Success,Phone Number
TXN004162,41,12,18,1486,2,3,42557.04,Success,QR Code
TXN004163,64,4,17,255,1,1,1544.09,Success,UPI ID
TXN004164,39,19,3,28,2,1,72430.52,Success,QR Code
TXN004165,34,20,11,524,1,1,42816.61,Success,QR Code
TXN004166,5,12,6,227,2,2,55206.65,Success,UPI ID
TXN004167,83,3,2,15,1,3,28710.57,Success,QR Code
TXN004168,44,8,12,1007,1,1,65995.61,Success,UPI ID
TXN004169,77,9,5,8,2,1,42806.48,Success,Phone Number
TXN004170,67,6,8,1320,2,1,52679.39,Success,UPI ID
TXN004171,11,3,13,1644,2,1,70097.22,Success,UPI ID
TXN004172,125,2,4,1247,2,3,23258.46,Failed,UPI ID
TXN004173,135,15,5,1691,2,1,61397.03,Success,UPI ID
TXN004174,29,9,7,1085,2,1,41319.76,Success,Phone Number
TXN004175,5,8,4,1880,2,1,70312.63,Success,Phone Number
TXN004176,54,1,6,1180,2,1,9208.01,Success,UPI ID
TXN004177,27,14,9,1595,2,3,69404.2,Success,UPI ID
TXN004178,6,11,11,1766,2,1,28348.3,Success,QR Code
TXN004179,149,11,14,771,2,1,39317.05,Success,Phone Number
TXN004180,1,14,1,653,2,1,61594.49,Success,Phone Number
TXN004181,42,17,5,845,2,3,50944.22,Success,QR Code
TXN004182,124,14,8,2056,2,1,22224.67,Failed,QR Code
TXN004183,121,6,6,176,2,4,71298.27,Success,QR Code
TXN004184,125,14,8,612,2,1,47232.92,Success,QR Code
TXN004185,97,17,7,2187,2,1,42146.68,Success,UPI ID
TXN004186,142,1,11,1532,2,2,4246.31,Success,QR Code
TXN004187,103,15,4,1813,2,1,29584.99,Success,UPI ID
TXN004188,55,10,5,1291,2,1,55754.58,Failed,UPI ID
TXN004189,4,1,7,1491,2,1,29703.68,Success,QR Code
TXN004190,118,4,8,1293,2,1,46347.32,Failed,QR Code
TXN004191,126,4,5,836,2,3,48322.82,Success,Phone Number
TXN004192,138,14,20,1724,2,4,37308.92,Success,UPI ID
TXN004193,129,8,12,1237,2,3,57953.14,Success,QR Code
TXN004194,103,15,6,1177,1,1,30526.38,Success,UPI ID
TXN004195,116,12,13,555,2,1,8329.32,Success,QR Code
TXN004196,102,7,18,1576,1,1,73513.32,Success,UPI ID
TXN004197,23,3,9,1657,2,1,28184.69,Success,QR Code
TXN004198,119,10,17,1988,2,1,47623.02,Success,UPI ID
TXN004199,16,11,12,1736,2,1,32013.98,Success,QR Code
TXN004200,81,20,19,1207,2,2,12332.79,Failed,QR Code
TXN004201,109,4,9,1524,2,1,41238.64,Success,UPI ID
TXN004202,114,3,1,1111,1,2,18682.03,Success,QR Code
TXN004203,140,3,8,2184,2,1,33585.91,Success,QR Code
TXN004204,16,2,8,776,1,1,18621.45,Success,Phone Number
TXN004205,33,19,12,724,2,2,43348.77,Success,Phone Number
TXN004206,54,12,6,705,2,1,2771.53,Success,UPI ID
TXN004207,128,8,12,680,2,1,40216.46,Success,Phone Number
TXN004208,133,9,9,1490,2,1,45314.3,Success,UPI ID
TXN004209,16,11,15,1452,2,2,27112.1,Success,Phone Number
TXN004210,15,17,20,1422,2,3,37226.27,Success,Phone Number
TXN004211,139,7,16,200,2,1,39625.61,Success,UPI ID
TXN004212,46,6,17,1589,2,2,54675.47,Success,UPI ID
TXN004213,150,9,12,2190,2,1,3862.05,Success,UPI ID
TXN004214,40,13,3,85,1,1,45656.43,Success,QR Code
TXN004215,38,9,17,274,2,1,66172.68,Success,Phone Number
TXN004216,1,16,17,808,1,1,58103.11,Success,UPI ID
TXN004217,35,14,12,1099,2,1,41963.19,Success,UPI ID
TXN004218,142,5,19,522,2,1,13562.05,Success,UPI ID
TXN004219,58,19,11,1600,2,1,30992.02,Success,QR Code
TXN004220,90,4,18,942,1,1,12734.09,Failed,QR Code
TXN004221,91,15,9,1425,2,2,69626.86,Success,UPI ID
TXN004222,113,12,2,555,2,1,23793.12,Success,UPI ID
TXN004223,50,18,8,598,2,3,14776.74,Success,Phone Number
TXN004224,95,2,11,1115,2,1,53505.38,Success,QR Code
TXN004225,32,1,13,1945,1,1,2069.01,Failed,QR Code
TXN004226,31,6,14,900,2,1,26876.34,Success,QR Code
TXN004227,68,18,11,1564,2,2,28824.3,Success,QR Code
TXN004228,121,19,13,2176,1,1,65360.72,Success,UPI ID
TXN004229,143,14,5,1255,2,1,65029.86,Success,QR Code
TXN004230,56,13,4,1429,2,1,39756.06,Success,QR Code
TXN004231,12,7,2,2056,2,1,16981.16,Success,UPI ID
TXN004232,80,15,4,1349,2,1,49254.17,Success,Phone Number
TXN004233,104,13,10,781,2,1,3404.51,Success,QR Code
TXN004234,32,8,11,1057,2,1,55255.99,Success,UPI ID
TXN004235,40,6,13,687,2,1,33084.98,Success,UPI ID
TXN004236,131,15,1,1975,2,1,31188.43,Failed,UPI ID
TXN004237,48,7,18,815,2,1,30105.75,Success,UPI ID
TXN004238,86,10,13,1981,2,1,14455.24,Success,QR Code
TXN004239,129,8,5,815,1,4,62426.93,Success,UPI ID
TXN004240,14,3,7,1811,2,1,45187.08,Success,UPI ID
TXN004241,145,1,12,836,2,1,38590.11,Success,UPI ID
TXN004242,28,6,3,2156,2,1,16175.06,Success,UPI ID
TXN004243,124,5,20,1805,2,3,39285.08,Failed,UPI ID
TXN004244,136,9,7,1428,2,1,45724.71,Success,UPI ID
TXN004245,3,20,17,296,2,1,9891.98,Success,QR Code
TXN004246,93,5,11,882,2,1,32896.46,Success,QR Code
TXN004247,58,11,6,826,1,1,24080.91,Success,Phone Number
TXN004248,20,6,15,1838,2,1,3441.56,Success,UPI ID
TXN004249,135,4,20,1397,2,1,31967.49,Success,QR Code
TXN004250,120,13,18,1850,2,1,17446.09,Success,Phone Number
TXN004251,124,14,17,830,2,1,23004.6,Success,QR Code
TXN004252,7,20,18,1876,2,1,57068.51,Success,QR Code
TXN004253,108,2,16,1086,2,1,1201.36,Success,QR Code
TXN004254,15,17,5,1996,2,1,6360.32,Success,QR Code
TXN004255,140,3,16,392,2,1,71124.79,Success,Phone Number
TXN004256,35,11,12,392,2,1,7713.56,Failed,Phone Number
TXN004257,25,10,16,630,1,4,7637.85,Success,Phone Number
TXN004258,130,14,12,111,2,3,52423.63,Success,QR Code
TXN004259,75,11,9,364,2,1,40379.22,Success,QR Code
TXN004260,51,12,18,1903,2,1,23938.96,Success,UPI ID
TXN004261,149,8,8,1782,2,3,6700.73,Success,QR Code
TXN004262,53,6,16,1823,1,1,39619.41,Success,QR Code
TXN004263,40,12,10,659,1,1,7013.61,Success,QR Code
TXN004264,75,10,7,957,1,1,66349.04,Success,Phone Number
TXN004265,100,16,14,2135,1,1,65501.06,Success,UPI ID
TXN004266,88,4,11,1094,2,1,56061.26,Success,QR Code
TXN004267,137,9,3,563,2,1,61795.28,Success,QR Code
TXN004268,114,19,13,592,2,1,66359.18,Success,UPI ID
TXN004269,41,18,3,1570,2,1,30238.09,Success,UPI ID
TXN004270,109,19,6,1583,2,1,44397.47,Success,QR Code
TXN004271,44,20,9,857,2,1,73978.76,Success,Phone Number
TXN004272,100,19,4,44,2,2,13959.47,Failed,QR Code
TXN004273,57,3,3,1317,1,1,63822.45,Success,QR Code
TXN004274,66,20,14,756,2,1,34592.23,Success,Phone Number
TXN004275,42,1,11,639,2,1,5219.88,Success,UPI ID
TXN004276,102,13,3,1425,2,1,59667.15,Success,QR Code
TXN004277,48,10,13,419,2,1,37418.27,Success,QR Code
TXN004278,136,7,17,1193,2,2,31752.92,Failed,UPI ID
TXN004279,119,13,3,831,2,1,1369.46,Success,QR Code
TXN004280,84,18,10,1867,1,1,45947.61,Success,Phone Number
TXN004281,146,13,3,1486,2,4,3544.6,Failed,QR Code
TXN004282,82,13,3,312,2,1,48877.91,Success,Phone Number
TXN004283,140,2,19,2073,2,1,49803.19,Success,UPI ID
TXN004284,14,18,17,220,2,1,32592.7,Success,Phone Number
TXN004285,28,11,17,2126,2,1,2322.59,Success,QR Code
TXN004286,76,8,14,519,1,2,14480.31,Success,QR Code
TXN004287,88,4,20,1974,1,1,59538.84,Success,UPI ID
TXN004288,123,18,3,2167,2,1,56084.1,Success,Phone Number
TXN004289,68,5,4,2093,2,1,23140.25,Failed,UPI ID
TXN004290,27,13,19,939,2,3,28707.06,Success,UPI ID
TXN004291,91,13,1,614,1,1,19436.26,Success,Phone Number
TXN004292,27,4,11,1318,1,2,45227.57,Failed,Phone Number
TXN004293,50,7,10,181,2,1,21818.59,Success,QR Code
TXN004294,76,8,18,413,2,1,35955.19,Failed,QR Code
TXN004295,123,4,13,188,2,1,70241.27,Success,Phone Number
TXN004296,99,17,19,893,2,1,29600.02,Success,Phone Number
TXN004297,109,1,10,1028,2,1,10703.93,Success,Phone Number
TXN004298,43,6,14,1635,2,1,51996.52,Success,UPI ID
TXN004299,117,9,19,1208,2,2,8973.04,Success,QR Code
TXN004300,89,16,2,1848,1,4,41959.44,Success,Phone Number
TXN004301,78,2,8,535,2,1,30842.61,Success,QR Code
TXN004302,133,7,19,1296,1,1,24967.99,Success,Phone Number
TXN004303,76,8,3,1852,2,1,43005.07,Success,QR Code
TXN004304,138,5,11,1048,2,1,49474.73,Success,QR Code
TXN004305,101,2,14,721,2,1,18457.41,Success,QR Code
TXN004306,141,3,12,1987,1,1,16836.73,Success,QR Code
TXN004307,131,9,15,1105,2,1,23211.99,Success,QR Code
TXN004308,41,7,11,610,2,1,57051.71,Success,QR Code
TXN004309,97,17,2,1918,2,1,56009.05,Success,UPI ID
TXN004310,87,20,14,1706,2,1,74370.36,Success,QR Code
TXN004311,8,1,4,2077,2,1,39565.68,Success,QR Code
TXN004312,137,12,5,527,2,1,53673.65,Success,Phone Number
TXN004313,129,15,19,348,2,1,15767.12,Success,QR Code
TXN004314,66,19,10,1222,1,1,8872.4,Success,QR Code
TXN004315,9,17,9,1176,1,1,20733.93,Success,Phone Number
TXN004316,143,8,5,1025,2,1,54687.41,Success,UPI ID
TXN004317,25,18,15,933,1,1,15151.31,Success,QR Code
TXN004318,138,5,12,183,2,1,65950.99,Failed,Phone Number
TXN004319,80,1,1,420,1,1,60359.91,Success,QR Code
TXN004320,93,4,4,2076,2,1,73444.79,Success,Phone Number
TXN004321,59,9,20,1607,2,1,37894.53,Success,QR Code
TXN004322,41,7,20,2009,2,1,63720.51,Failed,UPI ID
TXN004323,134,4,12,377,2,1,61213.22,Success,Phone Number
TXN004324,108,10,7,815,2,1,56119.28,Success,UPI ID
TXN004325,136,12,7,2130,2,1,10354.56,Success,QR Code
TXN004326,111,15,3,1922,1,1,65819.32,Success,UPI ID
TXN004327,109,13,12,801,2,1,37231.05,Failed,QR Code
TXN004328,12,11,14,1945,2,1,70527.14,Success,UPI ID
TXN004329,124,5,17,506,2,3,17162.76,Success,UPI ID
TXN004330,147,2,13,1641,1,1,20138.61,Success,QR Code
TXN004331,47,20,20,1582,2,2,44241.51,Success,QR Code
TXN004332,5,15,16,720,2,1,32628.8,Success,UPI ID
TXN004333,119,4,13,1272,2,1,3835.6,Success,QR Code
TXN004334,102,20,13,2136,2,1,14205.15,Success,QR Code
TXN004335,37,7,5,1884,1,1,31067.32,Success,UPI ID
TXN004336,10,9,20,1934,2,1,45909.81,Success,Phone Number
TXN004337,143,4,10,886,2,1,10565.51,Success,QR Code
TXN004338,140,19,5,173,2,1,30473.41,Success,UPI ID
TXN004339,30,4,3,132,2,1,41821.39,Success,QR Code
TXN004340,66,5,12,1582,1,1,60126.96,Success,UPI ID
TXN004341,25,6,20,42,2,1,13124.57,Success,QR Code
TXN004342,115,1,11,522,2,2,17702.23,Success,QR Code
TXN004343,149,14,12,2078,2,1,23241.08,Success,QR Code
TXN004344,73,3,11,1452,2,1,69153.99,Failed,UPI ID
TXN004345,63,3,19,252,1,1,37775.38,Success,UPI ID
TXN004346,58,15,5,627,2,3,32719.6,Success,QR Code
TXN004347,129,15,15,1913,1,1,67124.11,Success,QR Code
TXN004348,45,9,20,1132,1,1,72738.91,Success,Phone Number
TXN004349,102,12,1,78,2,1,5942.94,Success,QR Code
TXN004350,7,14,8,1104,2,1,54999.42,Success,QR Code
TXN004351,92,3,13,1395,1,1,74083.76,Success,Phone Number
TXN004352,38,9,16,1053,2,1,9157.2,Success,UPI ID
TXN004353,108,4,2,1379,2,1,18611.66,Success,Phone Number
TXN004354,94,19,19,1405,1,1,53068.31,Failed,QR Code
TXN004355,148,20,19,837,2,1,64282.08,Success,QR Code
TXN004356,29,11,4,971,2,1,35014.29,Success,QR Code
TXN004357,50,9,18,567,2,1,16739.98,Success,QR Code
TXN004358,120,17,13,1626,1,1,11038.93,Success,UPI ID
TXN004359,107,13,4,1549,1,2,58608.55,Success,QR Code
TXN004360,141,6,18,967,2,1,48504.82,Success,QR Code
TXN004361,139,16,5,2049,1,2,22960.68,Success,QR Code
TXN004362,96,6,18,1150,2,1,55697.35,Failed,Phone Number
TXN004363,134,19,11,560,1,1,61217.35,Success,QR Code
TXN004364,141,10,6,1964,2,1,61641.34,Success,QR Code
TXN004365,72,8,5,669,1,1,24482.85,Success,QR Code
TXN004366,53,5,2,1914,1,1,67299.86,Success,QR Code
TXN004367,57,3,7,490,2,1,27788.15,Success,UPI ID
TXN004368,112,3,6,206,2,1,27178.72,Success,QR Code
TXN004369,19,14,12,424,2,1,71885.17,Success,QR Code
TXN004370,12,5,14,110,1,1,34708.46,Success,QR Code
TXN004371,102,6,15,117,1,2,52215.42,Success,UPI ID
TXN004372,94,12,14,219,2,4,66404.39,Success,QR Code
TXN004373,82,5,20,1322,1,1,64053.0,Success,Phone Number
TXN004374,107,12,4,1915,1,1,73858.17,Success,Phone Number
TXN004375,99,20,6,621,2,4,21391.49,Failed,QR Code
TXN004376,81,20,7,1123,1,2,70927.64,Failed,QR Code
TXN004377,138,8,16,1052,2,1,16903.38,Success,Phone Number
TXN004378,54,11,5,2061,2,1,44238.85,Success,QR Code
TXN004379,30,5,15,655,2,2,19969.93,Success,QR Code
TXN004380,102,2,20,1320,1,2,60662.53,Success,QR Code
TXN004381,140,8,16,1006,2,1,55464.58,Success,QR Code
TXN004382,146,10,10,112,2,1,43224.55,Success,UPI ID
TXN004383,90,10,18,1836,1,1,20915.83,Success,Phone Number
TXN004384,118,14,11,1625,2,4,25733.58,Success,QR Code
TXN004385,86,13,14,753,2,2,45152.95,Success,Phone Number
TXN004386,39,18,12,23,2,4,37645.72,Success,Phone Number
TXN004387,103,3,15,242,2,1,36482.2,Success,UPI ID
TXN004388,94,4,8,447,2,1,39194.6,Success,Phone Number
TXN004389,147,9,12,2138,2,1,10605.23,Success,QR Code
TXN004390,136,19,15,679,1,4,35149.99,Success,UPI ID
TXN004391,8,1,8,1535,2,1,70047.47,Success,QR Code
TXN004392,50,9,2,1571,2,1,9048.79,Success,UPI ID
TXN004393,32,2,16,1440,1,1,62172.19,Success,UPI ID
TXN004394,43,18,5,1531,2,1,49422.21,Success,UPI ID
TXN004395,99,19,11,2178,1,1,54024.59,Success,Phone Number
TXN004396,22,16,20,1082,1,1,20427.07,Success,UPI ID
TXN004397,18,10,7,636,2,1,21311.81,Success,Phone Number
TXN004398,15,14,9,136,2,3,24336.25,Failed,QR Code
TXN004399,48,1,11,550,2,1,21839.13,Success,QR Code
TXN004400,22,2,19,89,2,1,1779.73,Success,QR Code
TXN004401,54,12,6,443,2,1,69721.47,Success,Phone Number
TXN004402,131,1,7,359,2,1,38498.9,Success,QR Code
TXN004403,45,10,6,1971,2,1,46324.49,Success,UPI ID
TXN004404,86,4,17,2124,2,1,4971.41,Success,Phone Number
TXN004405,45,7,17,1266,2,1,49957.41,Success,UPI ID
TXN004406,135,14,19,1455,2,1,61232.39,Success,Phone Number
TXN004407,124,16,10,2068,1,1,11067.32,Success,UPI ID
TXN004408,39,18,7,50,2,1,13220.94,Success,QR Code
TXN004409,107,1,1,1637,2,1,41217.28,Success,QR Code
TXN004410,37,8,1,1084,2,1,23939.94,Success,Phone Number
TXN004411,5,7,2,1408,2,1,64040.5,Success,UPI ID
TXN004412,33,20,14,840,2,1,49102.12,Success,QR Code
TXN004413,112,14,10,1617,2,1,69132.17,Success,Phone Number
TXN004414,103,3,12,1052,2,4,10953.74,Success,UPI ID
TXN004415,31,19,16,2122,1,1,9267.67,Success,UPI ID
TXN004416,42,6,2,1967,1,1,53628.01,Success,Phone Number
TXN004417,22,20,10,66,1,1,26041.38,Success,QR Code
TXN004418,37,5,16,1469,2,1,13406.4,Success,UPI ID
TXN004419,84,5,18,1546,2,1,30213.22,Success,Phone Number
TXN004420,108,12,20,2146,1,1,7483.77,Success,UPI ID
TXN004421,4,6,12,1563,2,4,72478.2,Success,Phone Number
TXN004422,4,17,10,96,2,1,36018.85,Success,QR Code
TXN004423,111,20,20,667,2,1,22105.95,Success,Phone Number
TXN004424,142,14,14,1809,1,2,7420.09,Failed,QR Code
TXN004425,127,1,20,2063,1,1,8514.79,Success,Phone Number
TXN004426,124,17,18,2084,1,2,32036.71,Failed,QR Code
TXN004427,67,5,14,1467,1,1,23453.53,Failed,QR Code
TXN004428,72,20,14,967,2,1,61174.32,Success,QR Code
TXN004429,118,9,19,1837,2,1,26435.44,Success,Phone Number
TXN004430,141,10,14,595,2,1,69982.96,Success,UPI ID
TXN004431,80,16,18,1716,2,1,50331.41,Success,QR Code
TXN004432,133,16,6,1836,1,2,48538.7,Success,QR Code
TXN004433,48,10,7,1260,1,2,47771.72,Failed,Phone Number
TXN004434,96,4,4,941,1,1,35588.42,Success,UPI ID
TXN004435,49,5,20,851,2,3,55750.59,Failed,UPI ID
TXN004436,91,10,6,716,2,1,10239.58,Success,UPI ID
TXN004437,2,4,18,752,1,1,46484.05,Success,Phone Number
TXN004438,64,20,13,1089,2,2,24342.95,Success,QR Code
TXN004439,46,12,3,1671,2,1,54536.51,Success,UPI ID
TXN004440,130,6,1,1357,2,3,42399.49,Success,QR Code
TXN004441,72,9,14,1794,1,1,50804.0,Success,QR Code
TXN004442,5,1,20,1142,2,1,24983.76,Success,UPI ID
TXN004443,6,15,19,1777,1,1,25480.94,Success,QR Code
TXN004444,148,1,7,911,1,1,15112.11,Success,QR Code
TXN004445,138,17,6,1016,2,3,8075.36,Failed,UPI ID
TXN004446,108,6,15,834,2,3,66762.9,Success,QR Code
TXN004447,148,15,3,906,2,1,8880.78,Success,QR Code
TXN004448,40,17,10,680,2,1,22738.54,Success,UPI ID
TXN004449,14,17,2,863,2,1,66606.76,Success,Phone Number
TXN004450,149,6,7,419,2,1,32325.63,Success,UPI ID
TXN004451,22,14,13,1263,2,1,23495.15,Success,QR Code
TXN004452,117,1,1,1119,2,1,18425.84,Success,QR Code
TXN004453,89,18,19,388,2,1,5855.06,Success,QR Code
TXN004454,102,14,17,1130,1,1,51166.3,Success,Phone Number
TXN004455,99,16,15,1919,2,1,70081.45,Failed,Phone Number
TXN004456,117,6,2,122,2,1,73351.75,Success,QR Code
TXN004457,58,18,3,1217,2,1,73502.05,Failed,UPI ID
TXN004458,129,9,16,1077,2,1,37300.26,Success,UPI ID
TXN004459,20,15,4,882,2,2,34499.82,Success,QR Code
TXN004460,103,15,7,73,1,1,66265.38,Success,QR Code
TXN004461,38,13,1,1414,1,1,67961.74,Success,QR Code
TXN004462,26,17,13,1243,2,1,7631.94,Success,QR Code
TXN004463,143,3,12,63,2,1,11738.76,Success,Phone Number
TXN004464,112,4,12,709,2,3,45010.91,Success,QR Code
TXN004465,75,9,14,2107,1,1,20018.04,Success,QR Code
TXN004466,49,5,20,755,1,1,68453.11,Success,UPI ID
TXN004467,57,20,5,1804,2,2,2131.68,Success,QR Code
TXN004468,64,15,7,1545,2,1,24948.84,Failed,UPI ID
TXN004469,88,8,3,1401,2,3,49876.05,Success,QR Code
TXN004470,64,16,3,654,1,1,30340.76,Success,Phone Number
TXN004471,145,14,4,988,2,2,74793.32,Success,QR Code
TXN004472,61,14,11,115,1,1,20280.18,Success,Phone Number
TXN004473,80,5,6,1634,2,2,57495.15,Success,QR Code
TXN004474,2,19,7,688,1,1,34752.71,Success,QR Code
TXN004475,102,11,10,1032,2,3,9134.09,Success,UPI ID
TXN004476,42,4,6,949,2,1,71054.39,Success,UPI ID
TXN004477,37,4,19,377,2,2,37449.13,Failed,UPI ID
TXN004478,29,18,10,2010,2,1,5971.82,Success,UPI ID
TXN004479,149,17,13,911,2,2,50057.85,Success,QR Code
TXN004480,87,12,12,1316,2,2,32262.8,Failed,QR Code
TXN004481,72,18,11,644,2,3,55378.72,Success,QR Code
TXN004482,38,7,2,1580,2,1,12026.52,Success,QR Code
TXN004483,118,3,4,1761,2,1,30080.45,Success,UPI ID
TXN004484,17,12,1,1735,2,1,73122.42,Success,UPI ID
TXN004485,139,17,3,31,2,1,53749.58,Success,QR Code
TXN004486,121,11,16,1908,1,4,26106.52,Success,QR Code
TXN004487,116,13,19,2049,2,1,4594.73,Success,QR Code
TXN004488,81,4,13,291,2,2,31203.19,Failed,UPI ID
TXN004489,88,13,17,728,2,1,59548.86,Success,QR Code
TXN004490,57,2,9,1109,2,2,60069.26,Success,QR Code
TXN004491,80,2,15,190,2,1,64325.45,Success,Phone Number
TXN004492,142,10,19,1213,1,1,25256.49,Success,Phone Number
TXN004493,135,8,20,1306,1,1,46589.32,Success,UPI ID
TXN004494,31,5,1,958,2,1,43896.32,Failed,QR Code
TXN004495,119,15,9,1363,2,1,67567.74,Success,QR Code
TXN004496,133,16,15,1453,1,1,13903.67,Success,UPI ID
TXN004497,47,7,13,1408,2,1,15346.67,Success,UPI ID
TXN004498,106,13,19,1521,2,1,11213.69,Success,Phone Number
TXN004499,134,18,6,1439,2,1,39544.09,Success,Phone Number
TXN004500,114,7,15,984,2,1,59287.04,Success,UPI ID
TXN004501,71,17,13,36,2,1,9350.85,Success,UPI ID
TXN004502,3,12,11,1325,2,1,71440.11,Success,Phone Number
TXN004503,36,2,12,780,2,1,55524.06,Success,QR Code
TXN004504,123,17,13,1522,2,1,73825.82,Success,UPI ID
TXN004505,84,8,17,543,2,1,15492.98,Success,QR Code
TXN004506,56,20,19,690,1,1,38702.14,Success,QR Code
TXN004507,31,15,6,326,2,1,29373.3,Success,QR Code
TXN004508,45,10,17,1197,2,1,6780.55,Success,QR Code
TXN004509,67,10,8,526,2,1,55650.37,Success,Phone Number
TXN004510,91,3,4,940,1,1,72077.82,Failed,UPI ID
TXN004511,146,15,12,388,2,1,51770.53,Success,QR Code
TXN004512,128,18,8,620,2,1,4967.34,Success,QR Code
TXN004513,7,19,16,1050,1,1,34266.42,Success,QR Code
TXN004514,37,12,4,188,2,1,68207.47,Success,UPI ID
TXN004515,112,10,14,1070,2,1,1047.99,Success,UPI ID
TXN004516,10,5,1,1342,1,1,12293.78,Success,Phone Number
TXN004517,121,1,15,81,2,1,55006.85,Success,UPI ID
TXN004518,92,19,2,70,2,3,11687.72,Success,QR Code
TXN004519,17,11,17,391,2,1,61389.59,Success,UPI ID
TXN004520,85,5,5,1503,2,1,42189.37,Success,Phone Number
TXN004521,91,15,14,425,2,1,12097.71,Success,UPI ID
TXN004522,148,3,12,1559,2,1,66121.18,Success,QR Code
TXN004523,92,17,17,841,2,1,32212.59,Success,UPI ID
TXN004524,133,11,10,1060,2,1,24757.07,Success,QR Code
TXN004525,21,3,12,731,2,3,5778.7,Success,UPI ID
TXN004526,55,16,4,165,2,4,47585.24,Success,QR Code
TXN004527,123,6,10,75,2,1,72897.04,Success,QR Code
TXN004528,58,17,14,4,2,1,13113.35,Failed,UPI ID
TXN004529,66,1,19,1310,1,1,49500.02,Success,UPI ID
TXN004530,80,11,20,529,2,2,54345.62,Success,UPI ID
TXN004531,149,4,12,1636,1,1,23555.6,Success,QR Code
TXN004532,51,15,8,818,2,3,18837.76,Success,QR Code
TXN004533,63,17,11,1647,1,1,58820.03,Success,QR Code
TXN004534,72,4,10,1224,2,1,25496.59,Success,UPI ID
TXN004535,60,3,1,1544,2,1,8391.22,Success,QR Code
TXN004536,129,8,5,402,2,4,72146.2,Success,QR Code
TXN004537,28,14,14,1654,1,4,68989.48,Success,QR Code
TXN004538,18,15,15,758,2,1,64764.11,Success,Phone Number
TXN004539,24,3,12,1971,2,1,43133.63,Failed,Phone Number
TXN004540,61,8,6,375,1,3,73880.45,Success,UPI ID
TXN004541,73,17,12,1117,2,1,58832.46,Success,QR Code
TXN004542,99,7,19,2192,1,3,17601.86,Success,UPI ID
TXN004543,38,19,7,1781,2,1,61837.28,Success,QR Code
TXN004544,72,7,6,960,2,1,25749.56,Success,QR Code
TXN004545,1,3,10,1408,2,2,24661.78,Success,Phone Number
TXN004546,59,13,7,135,2,1,44733.23,Success,Phone Number
TXN004547,87,12,8,775,2,1,29305.11,Success,QR Code
TXN004548,130,1,18,1494,2,2,67216.65,Success,QR Code
TXN004549,64,14,18,987,2,1,22176.9,Success,QR Code
TXN004550,30,8,20,142,1,1,20642.83,Success,QR Code
TXN004551,40,1,18,39,1,1,57406.37,Success,QR Code
TXN004552,4,15,10,428,2,1,46242.18,Success,Phone Number
TXN004553,111,4,4,172,2,1,21734.68,Success,QR Code
TXN004554,105,13,3,498,2,1,65012.19,Failed,QR Code
TXN004555,53,2,18,283,1,1,66649.34,Success,QR Code
TXN004556,146,18,17,1390,2,1,18728.28,Success,Phone Number
TXN004557,119,5,5,1923,1,1,19587.0,Success,Phone Number
TXN004558,135,8,10,327,2,1,26231.9,Failed,UPI ID
TXN004559,96,11,11,1783,2,4,55814.03,Success,Phone Number
TXN004560,136,7,13,1192,2,1,73273.83,Success,QR Code
TXN004561,3,12,15,293,2,1,64756.81,Success,QR Code
TXN004562,97,1,8,229,2,3,67703.61,Success,Phone Number
TXN004563,79,4,4,1386,1,3,53809.75,Success,QR Code
TXN004564,45,10,5,98,2,1,24555.48,Failed,QR Code
TXN004565,99,10,6,1066,2,1,14205.04,Success,QR Code
TXN004566,110,19,14,1834,2,1,40257.89,Success,Phone Number
TXN004567,52,10,3,2006,2,1,11290.46,Success,Phone Number
TXN004568,143,3,8,972,1,1,59769.58,Success,QR Code
TXN004569,123,12,16,1970,2,1,74624.16,Success,QR Code
TXN004570,34,12,2,37,1,1,42505.72,Success,UPI ID
TXN004571,86,2,19,2053,2,1,49593.57,Success,UPI ID
TXN004572,30,13,17,917,2,1,12492.83,Success,UPI ID
TXN004573,114,7,2,237,1,1,22352.52,Success,UPI ID
TXN004574,124,3,4,2187,2,2,42653.44,Success,UPI ID
TXN004575,80,9,7,1060,2,1,46207.7,Success,UPI ID
TXN004576,137,12,4,1123,2,1,5472.58,Success,Phone Number
TXN004577,62,14,13,1592,2,1,42328.79,Failed,QR Code
TXN004578,26,17,8,847,1,1,15405.66,Success,QR Code
TXN004579,64,12,19,1777,1,1,10886.67,Success,QR Code
TXN004580,103,13,3,482,2,1,4426.15,Success,UPI ID
TXN004581,118,16,11,1774,1,1,29003.23,Success,QR Code
TXN004582,119,16,3,1692,1,1,67369.66,Success,UPI ID
TXN004583,58,17,18,1571,1,1,24882.08,Failed,Phone Number
TXN004584,59,1,19,2161,2,3,15149.03,Success,UPI ID
TXN004585,148,20,16,1668,2,1,64296.15,Success,Phone Number
TXN004586,51,19,20,482,2,4,68178.65,Success,UPI ID
TXN004587,128,6,14,368,2,1,21908.59,Success,QR Code
TXN004588,139,16,3,212,2,1,25415.24,Success,QR Code
TXN004589,128,8,14,1086,2,3,68304.82,Failed,Phone Number
TXN004590,87,18,20,524,1,1,8353.51,Success,UPI ID
TXN004591,5,5,2,867,2,3,67942.63,Success,UPI ID
TXN004592,13,9,17,662,2,2,56722.55,Success,QR Code
TXN004593,43,17,17,804,2,1,17222.47,Success,Phone Number
TXN004594,62,17,9,138,2,1,14012.02,Success,UPI ID
TXN004595,34,12,14,2019,1,1,66921.76,Success,Phone Number
TXN004596,113,5,5,1428,2,1,36763.18,Failed,UPI ID
TXN004597,104,20,1,1028,2,1,55402.59,Success,Phone Number
TXN004598,8,20,6,1404,2,1,65309.55,Success,UPI ID
TXN004599,146,19,13,456,2,1,33792.58,Success,QR Code
TXN004600,6,10,20,296,2,2,72406.89,Success,UPI ID
TXN004601,92,4,10,789,2,1,7541.4,Success,UPI ID
TXN004602,112,1,17,913,2,2,32660.3,Success,Phone Number
TXN004603,143,16,16,1121,2,1,3975.32,Failed,UPI ID
TXN004604,82,18,20,2163,2,1,70897.89,Success,QR Code
TXN004605,51,9,19,56,2,1,7902.72,Success,QR Code
TXN004606,138,18,19,671,2,3,32298.22,Failed,QR Code
TXN004607,10,15,18,509,1,1,61447.68,Success,QR Code
TXN004608,96,5,3,1979,2,2,23806.4,Success,UPI ID
TXN004609,119,18,17,1686,2,1,42716.06,Failed,QR Code
TXN004610,95,7,3,823,2,1,15206.63,Success,UPI ID
TXN004611,109,3,9,1816,2,1,59571.76,Success,UPI ID
TXN004612,128,11,19,1037,1,1,25763.25,Success,UPI ID
TXN004613,128,12,15,1911,2,2,65775.07,Success,Phone Number
TXN004614,35,17,5,26,2,1,13048.16,Success,QR Code
TXN004615,25,13,15,1612,2,4,59837.53,Success,QR Code
TXN004616,48,8,4,865,2,1,15410.39,Failed,UPI ID
TXN004617,20,14,12,2108,2,1,22344.85,Success,UPI ID
TXN004618,136,16,7,1980,2,1,10432.15,Success,QR Code
TXN004619,42,18,18,287,2,1,16176.87,Success,UPI ID
TXN004620,60,17,5,2024,1,1,56255.58,Success,UPI ID
TXN004621,146,8,16,2111,2,1,6910.57,Success,QR Code
TXN004622,103,16,13,1252,2,1,39971.84,Success,QR Code
TXN004623,44,12,19,152,2,1,73683.66,Success,Phone Number
TXN004624,90,11,15,1600,2,3,64128.65,Success,QR Code
TXN004625,75,7,11,1411,1,4,54927.53,Success,UPI ID
TXN004626,79,14,19,2108,2,1,51892.37,Success,QR Code
TXN004627,131,18,2,253,1,1,3722.24,Success,QR Code
TXN004628,138,5,2,2048,2,1,74295.97,Success,UPI ID
TXN004629,50,8,16,1525,2,1,46877.54,Success,QR Code
TXN004630,50,15,3,857,1,4,6978.13,Success,UPI ID
TXN004631,131,1,16,1903,2,1,69464.93,Success,QR Code
TXN004632,134,2,6,767,2,1,31175.35,Success,Phone Number
TXN004633,82,11,13,434,2,3,31301.37,Success,QR Code
TXN004634,149,3,19,1392,2,4,40757.66,Success,UPI ID
TXN004635,86,2,5,1539,2,1,60783.82,Success,QR Code
TXN004636,22,5,19,161,2,1,22366.16,Success,QR Code
TXN004637,98,15,3,1614,2,4,13573.57,Success,QR Code
TXN004638,63,6,11,1806,2,1,33748.42,Success,UPI ID
TXN004639,44,17,9,881,2,3,37439.17,Failed,QR Code
TXN004640,100,5,12,759,2,1,61444.85,Success,QR Code
TXN004641,1,12,3,386,2,1,47111.47,Success,UPI ID
TXN004642,49,6,3,246,2,3,62435.17,Success,QR Code
TXN004643,130,16,1,994,2,1,13492.29,Success,QR Code
TXN004644,145,7,9,726,1,1,51763.58,Success,UPI ID
TXN004645,35,13,1,697,2,1,6839.39,Success,QR Code
TXN004646,39,14,4,2089,2,1,19937.39,Success,QR Code
TXN004647,139,18,17,678,2,4,6856.56,Success,Phone Number
TXN004648,87,11,19,684,1,1,10547.12,Success,QR Code
TXN004649,24,18,19,1067,2,1,16213.57,Success,QR Code
TXN004650,126,3,20,1280,2,1,69080.63,Success,QR Code
TXN004651,73,18,15,2103,1,1,9566.44,Success,Phone Number
TXN004652,20,17,20,1128,2,1,35625.79,Success,Phone Number
TXN004653,75,14,10,1440,2,1,12628.94,Success,QR Code
TXN004654,60,8,9,1774,1,2,67432.12,Success,UPI ID
TXN004655,40,2,9,2087,2,1,63013.13,Failed,UPI ID
TXN004656,77,5,7,2174,2,1,41429.62,Success,UPI ID
TXN004657,16,12,14,1512,2,1,57777.15,Success,QR Code
TXN004658,54,14,14,976,1,1,64999.79,Success,UPI ID
TXN004659,3,2,12,676,2,4,54747.57,Success,QR Code
TXN004660,121,5,15,2160,1,1,4161.54,Success,QR Code
TXN004661,38,3,16,1565,2,1,22115.68,Success,UPI ID
TXN004662,45,16,9,767,1,4,9503.68,Failed,QR Code
TXN004663,132,16,6,967,1,1,52797.1,Success,UPI ID
TXN004664,76,13,3,1940,2,1,23794.33,Success,QR Code
TXN004665,40,16,7,1192,2,1,32039.99,Success,Phone Number
TXN004666,43,15,20,743,2,1,38659.47,Success,QR Code
TXN004667,111,10,9,1169,2,1,52326.59,Failed,QR Code
TXN004668,47,11,9,475,2,4,60596.28,Success,Phone Number
TXN004669,142,17,3,982,2,3,16516.53,Success,UPI ID
TXN004670,47,8,7,758,1,1,45575.38,Success,Phone Number
TXN004671,82,17,19,649,2,1,45097.85,Success,QR Code
TXN004672,57,14,7,379,2,1,27147.18,Success,QR Code
TXN004673,95,10,13,1746,1,3,72833.12,Success,UPI ID
TXN004674,147,19,14,1534,1,1,67200.95,Success,UPI ID
TXN004675,10,4,16,1946,2,1,18885.67,Success,QR Code
TXN004676,81,16,17,1273,1,1,22949.34,Success,QR Code
TXN004677,101,19,11,426,2,1,55824.79,Success,UPI ID
TXN004678,9,19,15,1443,2,1,73115.37,Success,QR Code
TXN004679,14,10,3,2130,2,1,39651.08,Success,UPI ID
TXN004680,137,17,19,157,2,1,7868.83,Success,QR Code
TXN004681,100,11,10,1206,2,1,36974.28,Success,Phone Number
TXN004682,131,7,3,1060,2,1,51425.15,Success,QR Code
TXN004683,31,6,13,189,1,1,67803.53,Success,Phone Number
TXN004684,37,1,6,1911,2,1,18948.25,Success,QR Code
TXN004685,37,17,14,334,2,1,1900.17,Success,QR Code
TXN004686,18,6,5,1919,2,2,40834.34,Success,QR Code
TXN004687,144,15,9,407,2,1,66666.01,Success,UPI ID
TXN004688,76,13,8,196,1,1,57785.55,Success,QR Code
TXN004689,117,11,7,1398,2,1,51729.53,Success,UPI ID
TXN004690,126,12,12,627,2,1,14595.45,Success,QR Code
TXN004691,134,16,20,1170,2,1,69200.69,Success,Phone Number
TXN004692,84,12,17,801,2,1,58858.99,Success,UPI ID
TXN004693,4,12,16,1237,2,2,57445.07,Success,QR Code
TXN004694,110,9,1,1909,2,1,1232.73,Success,UPI ID
TXN004695,57,9,10,337,1,1,834.45,Success,QR Code
TXN004696,41,18,13,704,2,4,72382.49,Success,QR Code
TXN004697,132,14,17,1787,2,1,22278.55,Success,UPI ID
TXN004698,134,11,15,805,2,2,24353.07,Success,UPI ID
TXN004699,45,11,1,278,2,1,41733.85,Success,QR Code
TXN004700,121,8,7,126,1,1,39468.95,Success,Phone Number
TXN004701,26,19,5,175,2,1,56932.14,Success,QR Code
TXN004702,53,18,19,1836,2,1,32133.91,Success,Phone Number
TXN004703,30,3,15,1752,2,1,47561.81,Success,UPI ID
TXN004704,121,13,20,1378,2,1,14281.93,Success,QR Code
TXN004705,141,5,6,1293,2,3,35506.6,Success,UPI ID
TXN004706,22,13,4,1085,2,1,11911.08,Success,UPI ID
TXN004707,136,6,9,1467,2,1,13417.19,Success,QR Code
TXN004708,34,4,5,1240,2,1,46479.68,Success,QR Code
TXN004709,149,10,5,1919,2,1,51443.37,Success,Phone Number
TXN004710,39,11,7,816,2,2,18719.47,Success,UPI ID
TXN004711,25,6,5,56,2,1,18560.87,Success,QR Code
TXN004712,53,20,20,1876,1,3,14739.54,Failed,QR Code
TXN004713,94,1,1,224,1,2,4401.56,Failed,UPI ID
TXN004714,30,10,18,525,2,1,31145.12,Success,Phone Number
TXN004715,43,16,17,35,2,1,40869.18,Success,UPI ID
TXN004716,131,2,5,1074,2,1,29078.98,Success,Phone Number
TXN004717,115,3,5,1412,2,1,31813.07,Success,UPI ID
TXN004718,115,1,4,1226,2,1,23033.31,Success,UPI ID
TXN004719,44,20,4,1472,2,1,25326.64,Success,Phone Number
TXN004720,78,18,14,2118,2,1,65504.25,Success,UPI ID
TXN004721,79,10,18,474,2,1,50275.57,Success,UPI ID
TXN004722,57,2,17,923,1,2,68190.76,Success,QR Code
TXN004723,4,1,10,23,2,3,4432.18,Success,Phone Number
TXN004724,101,9,6,116,2,4,14812.09,Success,Phone Number
TXN004725,124,12,12,878,1,1,68356.44,Failed,UPI ID
TXN004726,115,19,16,120,2,1,6768.43,Success,QR Code
TXN004727,31,8,9,1090,2,1,63973.54,Success,QR Code
TXN004728,2,12,20,1605,2,1,15768.85,Success,QR Code
TXN004729,92,17,10,1029,2,1,53408.22,Success,QR Code
TXN004730,10,3,9,1995,1,1,63834.49,Success,QR Code
TXN004731,99,4,18,1094,2,1,5030.1,Success,Phone Number
TXN004732,50,19,12,1832,2,2,62779.02,Success,QR Code
TXN004733,85,14,5,770,2,1,34318.27,Success,UPI ID
TXN004734,43,15,2,191,2,1,57148.53,Success,QR Code
TXN004735,104,14,20,1392,2,1,68917.86,Success,QR Code
TXN004736,133,19,17,1338,2,1,61896.52,Success,Phone Number
TXN004737,2,10,9,202,2,1,31502.24,Success,Phone Number
TXN004738,69,7,12,1452,2,4,6048.75,Success,QR Code
TXN004739,18,7,3,1998,2,2,40790.49,Failed,QR Code
TXN004740,91,15,13,1805,2,2,60612.67,Success,UPI ID
TXN004741,100,12,10,1270,2,3,44359.22,Success,QR Code
TXN004742,53,15,19,651,2,1,60196.61,Success,UPI ID
TXN004743,58,14,14,1633,1,1,17921.36,Success,Phone Number
TXN004744,59,13,1,681,2,1,57143.31,Success,QR Code
TXN004745,81,10,19,2122,2,2,48629.49,Success,UPI ID
TXN004746,59,17,15,244,2,4,61514.36,Failed,UPI ID
TXN004747,83,1,18,1350,1,1,38528.6,Success,UPI ID
TXN004748,71,19,15,831,2,2,35350.0,Success,QR Code
TXN004749,95,10,15,842,2,2,59123.22,Success,UPI ID
TXN004750,43,7,3,531,2,3,18687.87,Success,UPI ID
TXN004751,91,13,15,232,2,1,46645.09,Success,QR Code
TXN004752,96,9,20,2021,1,1,163.09,Success,QR Code
TXN004753,83,9,18,223,1,1,35737.54,Success,QR Code
TXN004754,64,7,11,993,1,1,36904.99,Success,Phone Number
TXN004755,39,18,12,1353,2,1,69877.05,Success,UPI ID
TXN004756,80,14,12,107,2,1,11662.43,Success,Phone Number
TXN004757,105,5,1,523,2,1,65204.02,Success,UPI ID
TXN004758,87,19,6,261,2,1,69878.62,Success,QR Code
TXN004759,89,1,17,1455,2,1,28153.86,Success,QR Code
TXN004760,108,7,6,965,1,1,56169.22,Success,UPI ID
TXN004761,100,2,11,932,2,1,74045.91,Success,Phone Number
TXN004762,61,9,8,1029,2,1,27842.83,Success,Phone Number
TXN004763,8,2,17,1076,2,4,2768.68,Failed,QR Code
TXN004764,28,5,12,1875,2,3,5865.87,Success,QR Code
TXN004765,110,2,18,1290,1,2,50392.45,Success,UPI ID
TXN004766,94,8,14,118,2,1,16685.49,Success,QR Code
TXN004767,148,5,7,390,2,4,52991.9,Success,Phone Number
TXN004768,148,13,10,1983,1,1,71275.03,Success,Phone Number
TXN004769,28,1,15,445,2,4,3535.27,Success,UPI ID
TXN004770,139,1,5,1149,2,1,3218.94,Success,QR Code
TXN004771,105,14,4,214,2,1,13749.52,Success,Phone Number
TXN004772,55,10,1,906,2,1,53078.16,Failed,QR Code
TXN004773,53,5,9,2062,2,2,32815.52,Success,Phone Number
TXN004774,93,11,12,754,2,1,37237.18,Success,QR Code
TXN004775,70,18,13,613,2,1,46615.48,Success,QR Code
TXN004776,90,4,7,1484,2,1,55126.89,Success,QR Code
TXN004777,54,16,4,475,2,1,74392.59,Success,QR Code
TXN004778,113,19,18,511,2,1,36753.54,Success,Phone Number
TXN004779,98,13,4,1734,2,2,14277.01,Success,Phone Number
TXN004780,29,4,16,52,2,2,30573.16,Success,QR Code
TXN004781,104,19,3,796,2,1,21600.97,Success,UPI ID
TXN004782,74,9,14,874,1,1,67570.97,Success,QR Code
TXN004783,139,14,2,2051,2,1,21506.74,Success,QR Code
TXN004784,146,12,9,291,2,1,948.01,Success,QR Code
TXN004785,20,9,8,1986,2,1,63412.36,Success,QR Code
TXN004786,101,14,15,2153,1,1,14886.72,Success,QR Code
TXN004787,9,10,2,1791,2,4,36944.69,Success,Phone Number
TXN004788,117,16,13,797,1,4,38536.98,Success,QR Code
TXN004789,118,18,10,1550,2,1,5629.6,Success,UPI ID
TXN004790,57,19,1,1613,2,1,32243.37,Success,UPI ID
TXN004791,41,9,5,75,2,1,56446.72,Success,Phone Number
TXN004792,4,9,20,2010,1,1,71916.13,Success,QR Code
TXN004793,84,9,2,999,2,1,22016.24,Success,QR Code
TXN004794,39,20,20,800,1,2,33532.01,Success,QR Code
TXN004795,100,9,19,1132,1,1,16506.98,Failed,UPI ID
TXN004796,34,13,4,1693,2,1,34100.75,Success,Phone Number
TXN004797,129,12,13,1043,1,1,3289.87,Success,UPI ID
TXN004798,107,16,13,850,2,1,53107.74,Success,QR Code
TXN004799,14,16,5,343,1,1,70237.17,Success,QR Code
TXN004800,14,1,8,1261,2,1,48035.73,Failed,UPI ID
TXN004801,123,18,4,1535,2,4,47283.7,Success,UPI ID
TXN004802,122,13,8,607,1,1,1720.31,Failed,QR Code
TXN004803,54,1,15,1820,2,1,30114.07,Success,Phone Number
TXN004804,124,19,10,386,2,1,43802.25,Success,UPI ID
TXN004805,22,12,1,1115,2,1,47071.68,Failed,UPI ID
TXN004806,7,4,12,1637,2,1,11843.31,Success,QR Code
TXN004807,92,13,2,2117,2,1,13493.62,Success,Phone Number
TXN004808,63,1,8,266,1,1,56307.86,Success,UPI ID
TXN004809,90,17,5,1106,2,1,58484.92,Success,QR Code
TXN004810,35,1,11,1264,2,3,24506.92,Success,QR Code
TXN004811,112,8,2,2122,2,1,39296.51,Failed,Phone Number
TXN004812,105,15,1,2177,1,1,65991.85,Success,UPI ID
TXN004813,131,14,19,1616,2,1,39901.19,Success,Phone Number
TXN004814,137,7,12,2020,2,3,54539.03,Success,QR Code
TXN004815,48,17,17,343,1,1,60507.91,Success,Phone Number
TXN004816,51,16,2,130,2,2,42079.62,Failed,Phone Number
TXN004817,56,6,14,1207,1,1,73430.81,Failed,UPI ID
TXN004818,108,8,18,1150,1,1,68484.15,Success,UPI ID
TXN004819,47,2,16,659,2,1,60894.93,Success,QR Code
TXN004820,42,12,7,777,2,2,55634.93,Success,UPI ID
TXN004821,60,15,10,599,2,1,70775.38,Success,QR Code
TXN004822,88,8,16,1398,2,1,22051.79,Success,QR Code
TXN004823,45,2,3,1354,2,1,71795.39,Success,QR Code
TXN004824,85,17,17,87,2,1,32999.28,Success,Phone Number
TXN004825,144,20,18,2095,2,3,2932.5,Failed,QR Code
TXN004826,65,15,7,1389,2,1,69334.95,Success,Phone Number
TXN004827,75,12,18,1912,2,1,22451.03,Success,Phone Number
TXN004828,23,13,1,1792,1,1,65594.46,Success,QR Code
TXN004829,52,10,11,1920,1,1,28179.59,Success,QR Code
TXN004830,147,3,12,1296,2,1,15739.97,Success,QR Code
TXN004831,11,8,19,1535,2,1,57536.55,Failed,Phone Number
TXN004832,129,15,17,166,2,1,33902.03,Failed,Phone Number
TXN004833,78,10,18,1432,2,1,57007.86,Success,QR Code
TXN004834,124,1,9,732,1,1,62039.67,Failed,QR Code
TXN004835,32,3,13,1997,2,3,15745.23,Failed,QR Code
TXN004836,115,3,15,851,1,1,60525.49,Success,UPI ID
TXN004837,95,5,11,1090,2,1,29814.53,Failed,UPI ID
TXN004838,136,16,6,1248,2,4,3252.97,Success,QR Code
TXN004839,92,19,5,1865,1,1,2156.96,Success,QR Code
TXN004840,32,2,5,1073,2,1,32189.36,Success,UPI ID
TXN004841,149,8,2,251,2,1,26468.44,Success,QR Code
TXN004842,143,20,15,1419,2,1,39644.55,Success,QR Code
TXN004843,82,15,16,1259,2,1,20408.54,Success,QR Code
TXN004844,38,6,16,1605,2,1,60756.78,Success,QR Code
TXN004845,46,12,20,1940,2,1,52894.03,Success,QR Code
TXN004846,97,3,19,346,2,1,64262.19,Success,UPI ID
TXN004847,20,12,18,684,2,1,67491.04,Success,QR Code
TXN004848,94,11,9,1032,2,1,28111.43,Success,UPI ID
TXN004849,37,9,10,1260,1,1,65007.9,Success,UPI ID
TXN004850,115,14,13,2099,2,2,22257.19,Success,QR Code
TXN004851,134,3,1,127,2,4,13810.14,Success,QR Code
TXN004852,82,2,12,2087,2,1,21486.52,Success,QR Code
TXN004853,49,16,14,833,2,1,51221.02,Success,Phone Number
TXN004854,47,1,5,1751,1,1,61867.21,Success,QR Code
TXN004855,94,18,8,1650,2,1,59961.71,Success,QR Code
TXN004856,21,18,18,1107,2,1,29374.71,Success,UPI ID
TXN004857,42,14,10,1439,1,1,49234.39,Success,Phone Number
TXN004858,1,15,4,758,1,1,56698.57,Success,QR Code
TXN004859,35,3,8,1324,1,1,27922.37,Success,QR Code
TXN004860,124,8,1,1832,2,1,60546.96,Success,QR Code
TXN004861,105,16,17,455,2,1,14017.24,Success,QR Code
TXN004862,118,12,8,1722,2,1,7906.58,Success,UPI ID
TXN004863,20,11,16,1024,1,4,26565.48,Success,QR Code
TXN004864,57,10,2,250,2,1,15437.45,Success,Phone Number
TXN004865,82,12,18,1808,2,1,34487.69,Failed,QR Code
TXN004866,24,17,16,1133,1,1,42476.79,Success,UPI ID
TXN004867,108,17,1,1796,2,4,10002.28,Success,UPI ID
TXN004868,96,1,4,1844,2,1,58535.01,Success,QR Code
TXN004869,117,20,13,311,2,2,50912.22,Failed,QR Code
TXN004870,80,16,3,1843,2,1,60770.74,Success,Phone Number
TXN004871,14,13,4,910,2,1,64200.55,Success,UPI ID
TXN004872,40,16,4,1481,2,3,6761.45,Success,QR Code
TXN004873,28,9,17,1948,2,1,59452.45,Success,Phone Number
TXN004874,3,10,19,836,2,2,43928.3,Success,UPI ID
TXN004875,6,10,12,1312,1,2,47217.07,Success,QR Code
TXN004876,36,10,8,718,2,4,70377.49,Success,QR Code
TXN004877,128,13,15,2100,2,1,16848.2,Success,UPI ID
TXN004878,115,4,15,1003,2,2,60694.97,Success,QR Code
TXN004879,65,3,18,1192,1,2,51293.48,Success,QR Code
TXN004880,114,12,6,1428,2,1,22696.56,Success,QR Code
TXN004881,112,10,20,113,2,1,37592.73,Success,UPI ID
TXN004882,104,1,2,1061,2,1,72861.96,Success,QR Code
TXN004883,2,1,13,1299,2,1,5844.39,Success,Phone Number
TXN004884,69,5,6,1005,1,2,6980.53,Success,UPI ID
TXN004885,138,13,15,1760,2,1,66657.13,Success,UPI ID
TXN004886,44,18,3,1858,1,2,20294.6,Success,QR Code
TXN004887,92,12,1,2177,1,3,41842.08,Success,UPI ID
TXN004888,20,11,6,1438,2,1,46553.35,Success,QR Code
TXN004889,8,7,19,1462,2,1,37431.87,Success,UPI ID
TXN004890,138,9,10,79,2,1,16987.44,Success,UPI ID
TXN004891,49,9,20,148,2,1,35364.07,Success,QR Code
TXN004892,145,7,18,986,1,1,7991.07,Success,UPI ID
TXN004893,119,11,5,1109,1,1,45329.47,Success,Phone Number
TXN004894,141,8,1,1680,2,1,70857.33,Success,UPI ID
TXN004895,2,14,1,1964,1,1,14370.55,Success,UPI ID
TXN004896,29,15,17,2024,1,1,6751.55,Success,QR Code
TXN004897,66,6,13,1034,2,2,43552.14,Success,QR Code
TXN004898,45,19,3,1619,1,1,1265.63,Success,Phone Number
TXN004899,66,11,13,835,2,1,52517.35,Failed,UPI ID
TXN004900,44,9,1,324,2,1,63523.38,Success,Phone Number
TXN004901,120,15,2,1509,2,1,51620.08,Success,UPI ID
TXN004902,109,13,7,1671,1,4,9820.03,Success,QR Code
TXN004903,39,5,6,484,2,1,26168.85,Success,QR Code
TXN004904,132,20,8,1964,2,1,31271.64,Success,QR Code
TXN004905,121,16,18,393,1,2,50238.22,Success,UPI ID
TXN004906,124,15,18,35,2,1,28579.89,Success,QR Code
TXN004907,98,1,19,133,2,1,40307.69,Failed,UPI ID
TXN004908,26,11,10,1201,2,1,58350.28,Success,UPI ID
TXN004909,41,13,12,1749,2,1,59969.74,Failed,UPI ID
TXN004910,45,18,6,277,2,1,33298.08,Failed,Phone Number
TXN004911,39,10,4,1931,2,1,48752.17,Failed,QR Code
TXN004912,114,8,17,1156,2,1,29395.8,Success,Phone Number
TXN004913,97,6,17,1028,2,1,56138.77,Success,Phone Number
TXN004914,102,18,12,429,2,1,13578.74,Success,QR Code
TXN004915,15,10,6,1664,2,2,24487.52,Success,QR Code
TXN004916,76,10,8,95,2,4,53891.15,Success,UPI ID
TXN004917,2,15,3,303,2,1,51856.34,Success,QR Code
TXN004918,147,20,8,1473,2,1,67926.25,Success,QR Code
TXN004919,13,2,10,1732,2,1,8725.33,Success,Phone Number
TXN004920,103,3,12,1304,2,1,39826.48,Success,QR Code
TXN004921,74,4,15,2176,2,1,65921.11,Success,QR Code
TXN004922,104,16,7,16,2,1,7647.17,Success,UPI ID
TXN004923,53,20,4,755,2,1,6506.43,Success,UPI ID
TXN004924,65,1,11,958,1,4,46941.55,Success,UPI ID
TXN004925,104,6,14,65,1,1,17101.33,Failed,UPI ID
TXN004926,22,14,3,299,2,1,52525.15,Success,UPI ID
TXN004927,2,12,3,1183,1,1,13196.85,Success,QR Code
TXN004928,19,7,2,1562,2,1,5962.3,Success,UPI ID
TXN004929,104,11,2,98,2,1,53433.12,Success,QR Code
TXN004930,100,13,16,1758,2,1,44521.38,Success,QR Code
TXN004931,80,13,12,1329,2,1,19099.16,Success,UPI ID
TXN004932,41,10,7,1115,2,4,3610.6,Success,QR Code
TXN004933,111,3,6,1698,2,1,63045.64,Success,QR Code
TXN004934,118,17,3,1440,2,1,66865.93,Success,UPI ID
TXN004935,64,7,13,2090,2,1,10066.07,Success,QR Code
TXN004936,74,16,10,17,2,1,27307.83,Success,Phone Number
TXN004937,14,16,19,731,2,4,33165.73,Success,QR Code
TXN004938,112,14,16,1860,1,1,38920.92,Success,Phone Number
TXN004939,142,4,19,463,2,1,46506.54,Success,QR Code
TXN004940,114,11,6,1249,1,2,10726.04,Success,QR Code
TXN004941,64,19,16,2047,2,1,38900.8,Success,QR Code
TXN004942,78,18,4,291,2,2,30537.24,Success,QR Code
TXN004943,119,4,14,370,2,1,66859.98,Success,Phone Number
TXN004944,32,12,20,1018,2,1,57293.12,Success,UPI ID
TXN004945,63,12,16,902,1,1,32039.35,Success,Phone Number
TXN004946,49,13,13,1817,1,2,54998.03,Success,QR Code
TXN004947,100,2,19,1184,1,2,51830.64,Success,QR Code
TXN004948,47,8,11,341,2,1,12890.8,Success,Phone Number
TXN004949,100,7,18,1883,2,1,28090.41,Failed,QR Code
TXN004950,61,13,3,1608,2,1,376.7,Success,UPI ID
TXN004951,138,15,11,825,2,1,33667.89,Success,UPI ID
TXN004952,117,15,17,1180,2,2,14518.12,Success,Phone Number
TXN004953,138,10,17,260,2,1,62983.93,Failed,Phone Number
TXN004954,39,8,12,863,1,1,15246.81,Success,UPI ID
TXN004955,139,19,10,444,2,1,58701.06,Success,Phone Number
TXN004956,90,17,9,1239,2,1,30360.18,Success,Phone Number
TXN004957,76,15,8,706,2,1,7081.72,Success,UPI ID
TXN004958,87,6,8,884,2,1,10330.03,Success,QR Code
TXN004959,63,18,3,725,1,1,64153.59,Failed,QR Code
TXN004960,119,15,10,2027,2,1,11910.41,Success,QR Code
TXN004961,98,15,3,1377,2,1,35059.66,Success,QR Code
TXN004962,149,17,14,207,2,2,13110.28,Success,QR Code
TXN004963,66,18,17,2100,2,1,73444.21,Success,UPI ID
TXN004964,35,12,10,1155,2,1,11250.2,Success,Phone Number
TXN004965,50,1,13,1515,1,1,47411.47,Success,Phone Number
TXN004966,9,14,7,172,2,1,29127.37,Success,QR Code
TXN004967,140,1,8,294,1,1,10833.12,Success,UPI ID
TXN004968,123,18,13,284,2,1,11954.61,Success,UPI ID
TXN004969,145,7,3,1841,1,4,35792.44,Success,QR Code
TXN004970,64,3,18,1768,2,1,19122.51,Failed,QR Code
TXN004971,140,13,18,1179,2,1,41558.4,Success,QR Code
TXN004972,65,14,20,319,2,1,32100.26,Success,QR Code
TXN004973,142,20,14,1846,2,1,18264.15,Failed,UPI ID
TXN004974,19,13,11,1329,1,1,46309.57,Success,QR Code
TXN004975,122,20,4,1410,1,1,24095.34,Failed,QR Code
TXN004976,96,12,15,2135,1,1,48982.53,Success,UPI ID
TXN004977,86,14,8,1775,2,1,51584.18,Success,Phone Number
TXN004978,73,2,3,1166,2,1,59970.6,Success,QR Code
TXN004979,125,4,20,517,1,1,4945.46,Success,Phone Number
TXN004980,5,18,18,940,2,1,14478.4,Success,UPI ID
TXN004981,125,3,7,864,1,1,27665.56,Success,QR Code
TXN004982,33,5,10,202,2,1,18245.55,Success,UPI ID
TXN004983,101,6,1,266,1,1,17988.57,Success,Phone Number
TXN004984,142,10,17,891,2,1,3833.03,Success,UPI ID
TXN004985,22,18,1,833,2,1,57595.25,Success,QR Code
TXN004986,95,9,6,385,2,1,34427.17,Success,UPI ID
TXN004987,26,6,12,845,2,2,6188.54,Success,QR Code
TXN004988,85,12,12,1631,2,1,67797.89,Success,QR Code
TXN004989,28,3,18,1453,2,1,63942.17,Success,UPI ID
TXN004990,140,15,19,1927,2,1,58647.93,Failed,Phone Number
TXN004991,27,8,18,1922,1,1,58839.26,Success,QR Code
TXN004992,137,10,13,665,1,3,13374.86,Success,Phone Number
TXN004993,144,15,17,1764,2,1,2133.8,Success,QR Code
TXN004994,26,3,5,1371,2,1,40634.76,Success,Phone Number
TXN004995,143,10,16,176,2,1,8438.49,Success,QR Code
TXN004996,88,5,16,2006,1,1,37580.79,Success,UPI ID
TXN004997,69,3,6,335,2,1,5566.41,Success,UPI ID
TXN004998,6,3,17,932,2,1,6516.08,Success,QR Code
TXN004999,46,16,14,116,2,1,17098.19,Success,QR Code
TXN005000,17,15,8,1804,2,1,31258.31,Success,UPI ID
TXN005001,87,8,16,1491,2,1,27467.46,Success,Phone Number
TXN005002,111,5,14,500,2,1,74281.93,Success,Phone Number
TXN005003,36,17,14,27,2,3,65001.71,Success,QR Code
TXN005004,68,7,10,1626,2,1,68689.81,Success,Phone Number
TXN005005,104,5,14,1573,2,2,61868.94,Success,UPI ID
TXN005006,31,12,14,219,2,1,69821.47,Success,QR Code
TXN005007,39,11,8,1610,2,2,72319.14,Success,UPI ID
TXN005008,48,15,5,2150,2,3,74990.59,Failed,Phone Number
TXN005009,10,2,8,1440,2,3,51688.19,Success,Phone Number
TXN005010,67,3,15,20,2,4,20155.87,Success,Phone Number
TXN005011,73,20,8,31,2,3,23408.53,Success,UPI ID
TXN005012,43,5,6,2073,2,1,43395.63,Success,QR Code
TXN005013,79,17,18,1189,2,1,21649.95,Failed,QR Code
TXN005014,66,13,4,1373,2,2,11834.1,Success,UPI ID
TXN005015,44,9,2,1434,2,3,69186.78,Success,Phone Number
TXN005016,146,18,15,1448,2,1,32995.32,Success,UPI ID
TXN005017,115,20,5,1573,2,1,48170.07,Success,UPI ID
TXN005018,22,2,2,1560,2,1,66180.05,Success,QR Code
TXN005019,22,20,5,842,1,1,73109.09,Success,QR Code
TXN005020,50,8,12,1603,2,1,4410.38,Success,UPI ID
TXN005021,29,3,9,461,1,2,8067.43,Success,Phone Number
TXN005022,71,2,17,597,2,1,71318.68,Success,QR Code
TXN005023,48,19,20,2016,1,1,32676.57,Success,QR Code
TXN005024,149,11,7,1775,2,1,24785.33,Success,UPI ID
TXN005025,109,17,14,14,1,1,38366.01,Success,QR Code
TXN005026,65,20,13,1249,2,1,38660.03,Success,Phone Number
TXN005027,84,9,17,1836,2,3,60416.63,Success,Phone Number
TXN005028,23,15,13,780,2,1,345.58,Success,QR Code
TXN005029,94,2,10,283,2,1,44852.72,Success,UPI ID
TXN005030,81,13,5,1064,2,1,68903.69,Success,QR Code
TXN005031,115,1,15,588,2,3,10453.55,Success,QR Code
TXN005032,128,8,13,2051,2,1,11234.1,Success,QR Code
TXN005033,138,15,1,800,2,3,37780.56,Success,UPI ID
TXN005034,109,20,5,1453,2,1,17042.34,Success,QR Code
TXN005035,18,4,18,1675,2,2,10730.22,Success,QR Code
TXN005036,51,3,7,824,2,1,73744.9,Success,QR Code
TXN005037,21,16,12,157,2,1,18211.19,Success,Phone Number
TXN005038,69,20,1,164,1,1,72515.99,Success,UPI ID
TXN005039,131,5,20,2064,2,2,3923.12,Failed,QR Code
TXN005040,1,20,17,1379,2,3,17417.67,Success,QR Code
TXN005041,20,19,14,76,2,1,24235.33,Success,QR Code
TXN005042,38,15,3,1099,1,4,33134.76,Success,QR Code
TXN005043,28,2,12,588,2,1,56322.29,Success,Phone Number
TXN005044,42,9,3,1844,2,1,2007.28,Success,QR Code
TXN005045,77,13,3,1371,2,1,23898.61,Success,QR Code
TXN005046,37,2,5,1174,1,1,22178.13,Success,QR Code
TXN005047,144,16,20,840,2,1,68628.82,Failed,QR Code
TXN005048,111,18,14,506,2,4,70417.88,Success,QR Code
TXN005049,119,12,10,518,1,2,23736.43,Success,UPI ID
TXN005050,105,6,2,1378,2,1,44527.28,Success,QR Code
TXN005051,101,7,8,1975,1,3,44224.35,Success,Phone Number
TXN005052,33,11,8,1522,2,1,203.97,Success,QR Code
TXN005053,81,2,7,1157,2,1,36458.91,Success,Phone Number
TXN005054,1,2,9,1829,2,1,71349.86,Success,QR Code
TXN005055,72,9,7,525,1,2,60326.22,Success,UPI ID
TXN005056,9,1,14,1306,2,1,8064.41,Success,UPI ID
TXN005057,38,9,15,2023,2,1,17342.71,Failed,QR Code
TXN005058,17,19,20,1117,2,1,36203.49,Success,QR Code
TXN005059,100,5,10,630,1,1,70592.77,Success,UPI ID
TXN005060,34,12,16,1795,2,1,68880.99,Success,UPI ID
TXN005061,76,6,4,2030,1,1,32774.14,Success,QR Code
TXN005062,72,15,20,1157,2,1,11474.35,Success,UPI ID
TXN005063,113,17,20,1809,2,1,15445.08,Success,QR Code
TXN005064,103,14,15,1930,2,1,49537.87,Success,UPI ID
TXN005065,67,10,13,495,2,1,29153.58,Success,QR Code
TXN005066,38,11,4,761,2,4,18968.42,Success,UPI ID
TXN005067,104,15,4,462,1,1,71755.13,Success,Phone Number
TXN005068,66,10,11,1272,2,1,69240.94,Success,QR Code
TXN005069,12,19,14,1875,2,1,61000.25,Success,Phone Number
TXN005070,117,3,20,2020,2,1,25495.62,Success,Phone Number
TXN005071,114,11,6,354,1,1,71428.57,Success,QR Code
TXN005072,74,11,17,1750,2,1,1705.23,Failed,Phone Number
TXN005073,29,1,2,480,1,1,60978.74,Success,Phone Number
TXN005074,65,8,2,954,2,1,845.22,Success,UPI ID
TXN005075,11,19,11,1424,2,1,2203.64,Success,QR Code
TXN005076,52,14,8,816,2,1,31184.04,Success,Phone Number
TXN005077,79,6,18,974,2,1,47985.01,Success,QR Code
TXN005078,139,10,15,14,2,1,147.87,Success,Phone Number
TXN005079,31,14,8,327,2,1,55281.66,Success,UPI ID
TXN005080,59,14,12,2167,2,1,22213.34,Success,QR Code
TXN005081,6,16,8,1022,1,1,55652.3,Success,QR Code
TXN005082,34,19,3,668,1,2,43492.45,Success,UPI ID
TXN005083,72,10,19,577,2,2,10355.11,Success,UPI ID
TXN005084,42,8,1,1300,2,1,36568.82,Success,QR Code
TXN005085,28,1,20,327,2,1,58829.13,Success,UPI ID
TXN005086,17,8,11,1696,2,2,8031.54,Success,QR Code
TXN005087,72,1,17,1967,1,1,9447.48,Success,UPI ID
TXN005088,48,11,17,857,1,1,50832.64,Success,QR Code
TXN005089,132,5,4,284,2,1,66756.28,Failed,QR Code
TXN005090,57,12,18,1272,2,1,29439.75,Success,UPI ID
TXN005091,116,5,9,1712,2,3,19342.16,Success,QR Code
TXN005092,41,9,5,1220,2,2,653.88,Success,QR Code
TXN005093,122,15,18,796,1,1,46236.85,Success,QR Code
TXN005094,108,16,10,827,1,1,63534.16,Success,QR Code
TXN005095,64,12,8,1999,1,1,32676.4,Success,QR Code
TXN005096,70,19,11,307,1,4,16771.79,Success,QR Code
TXN005097,105,9,18,1890,2,4,23803.14,Success,QR Code
TXN005098,136,5,12,756,2,1,2638.59,Failed,QR Code
TXN005099,4,17,4,556,2,1,66430.63,Success,Phone Number
TXN005100,148,10,2,1597,2,1,28159.46,Success,UPI ID
TXN005101,74,17,13,624,2,1,485.37,Success,QR Code
TXN005102,116,20,14,1645,2,3,42196.93,Success,Phone Number
TXN005103,56,19,9,518,1,1,65482.48,Success,UPI ID
TXN005104,145,9,15,771,2,1,71796.35,Success,UPI ID
TXN005105,21,5,17,1147,2,1,65482.47,Success,QR Code
TXN005106,82,9,1,1340,2,1,51021.98,Success,QR Code
TXN005107,50,14,6,907,1,1,50676.88,Success,UPI ID
TXN005108,26,9,4,1635,2,3,38954.86,Success,QR Code
TXN005109,106,20,19,1387,2,1,67660.8,Success,QR Code
TXN005110,7,14,1,271,2,3,55120.59,Success,QR Code
TXN005111,57,2,4,1002,2,1,36295.68,Success,QR Code
TXN005112,129,7,17,629,1,1,17029.48,Failed,UPI ID
TXN005113,128,2,15,1266,1,1,42407.83,Success,UPI ID
TXN005114,39,14,5,322,2,1,8266.15,Success,UPI ID
TXN005115,148,12,2,80,2,1,19996.26,Success,UPI ID
TXN005116,123,13,3,68,2,1,4369.8,Success,Phone Number
TXN005117,87,14,19,1416,2,1,24467.25,Success,QR Code
TXN005118,18,13,1,1868,2,1,46543.34,Success,QR Code
TXN005119,70,6,16,603,2,1,55253.68,Success,Phone Number
TXN005120,2,4,9,1759,2,1,67321.42,Success,Phone Number
TXN005121,114,16,6,524,2,1,65975.67,Failed,UPI ID
TXN005122,78,17,13,857,2,1,20483.26,Success,QR Code
TXN005123,26,17,3,2090,2,1,22658.65,Success,UPI ID
TXN005124,11,19,18,174,2,1,15676.27,Success,QR Code
TXN005125,12,1,8,835,2,1,1025.44,Success,UPI ID
TXN005126,80,8,6,1666,1,1,40561.48,Success,UPI ID
TXN005127,52,16,12,731,2,1,62930.74,Success,QR Code
TXN005128,26,6,16,358,1,1,6369.91,Success,QR Code
TXN005129,108,1,15,385,1,1,48894.34,Success,QR Code
TXN005130,32,13,4,1289,2,1,63515.03,Success,Phone Number
TXN005131,39,5,1,238,2,1,15585.66,Success,Phone Number
TXN005132,39,9,9,1409,2,1,47081.6,Success,UPI ID
TXN005133,117,10,9,1079,2,2,24624.45,Success,UPI ID
TXN005134,59,18,6,916,2,1,51454.24,Success,Phone Number
TXN005135,21,20,16,1469,1,1,64306.04,Success,UPI ID
TXN005136,104,3,11,1172,2,1,11555.15,Success,Phone Number
TXN005137,9,20,14,1931,2,1,67627.09,Success,Phone Number
TXN005138,76,13,18,490,1,1,7416.72,Success,QR Code
TXN005139,17,5,6,2184,1,1,11833.49,Success,QR Code
TXN005140,75,3,19,258,1,1,54115.7,Success,QR Code
TXN005141,83,12,9,1131,2,1,13228.94,Success,UPI ID
TXN005142,116,10,16,66,2,4,44923.79,Failed,QR Code
TXN005143,52,6,2,119,2,1,6761.11,Success,UPI ID
TXN005144,144,4,4,1736,2,1,64557.76,Success,Phone Number
TXN005145,128,10,6,877,1,1,23213.24,Success,QR Code
TXN005146,72,5,20,450,2,1,64921.57,Success,QR Code
TXN005147,125,4,13,327,1,1,56768.34,Success,QR Code
TXN005148,22,17,14,115,1,1,296.23,Success,UPI ID
TXN005149,126,6,7,1272,1,1,37959.76,Success,QR Code
TXN005150,11,17,7,966,1,1,24009.54,Success,QR Code
TXN005151,98,11,17,517,2,1,19944.58,Success,QR Code
TXN005152,112,20,17,785,2,1,49422.96,Success,QR Code
TXN005153,23,6,10,1319,2,1,30778.35,Success,UPI ID
TXN005154,14,2,15,2128,2,1,30876.47,Success,UPI ID
TXN005155,98,17,16,1534,2,1,29384.05,Success,QR Code
TXN005156,26,14,19,1922,2,1,33786.5,Success,QR Code
TXN005157,76,2,10,1328,1,1,64515.93,Success,UPI ID
TXN005158,139,16,10,168,2,1,46822.28,Success,Phone Number
TXN005159,48,5,18,817,2,1,30108.37,Success,Phone Number
TXN005160,84,10,6,662,2,1,62044.4,Success,QR Code
TXN005161,102,8,11,1674,2,1,62372.42,Success,UPI ID
TXN005162,34,8,6,467,2,1,10064.35,Success,QR Code
TXN005163,82,6,15,465,2,1,47693.23,Success,Phone Number
TXN005164,88,18,9,1684,2,1,63238.65,Success,Phone Number
TXN005165,60,1,11,591,2,1,34815.05,Failed,QR Code
TXN005166,92,17,20,182,2,1,43146.9,Success,QR Code
TXN005167,18,1,14,1465,2,1,25113.52,Success,Phone Number
TXN005168,77,9,8,2173,2,1,5898.9,Success,QR Code
TXN005169,86,9,6,784,1,3,5865.28,Success,Phone Number
TXN005170,63,7,12,1167,2,1,48371.96,Success,QR Code
TXN005171,65,10,11,772,2,1,11992.64,Success,QR Code
TXN005172,121,16,9,122,1,2,67524.4,Success,QR Code
TXN005173,82,13,14,1740,2,1,73070.4,Success,QR Code
TXN005174,77,6,9,700,2,1,65723.14,Success,UPI ID
TXN005175,56,3,4,1672,2,4,53714.29,Success,UPI ID
TXN005176,6,8,9,1560,2,1,60586.72,Failed,QR Code
TXN005177,137,14,18,1085,2,1,28728.11,Success,QR Code
TXN005178,52,17,7,2015,2,1,6389.26,Success,QR Code
TXN005179,109,4,12,819,2,1,52521.28,Success,QR Code
TXN005180,92,18,18,1446,1,1,52109.29,Success,UPI ID
TXN005181,112,10,20,1721,2,4,22035.2,Success,UPI ID
TXN005182,137,18,14,334,2,1,45837.51,Success,UPI ID
TXN005183,5,10,8,384,1,4,21122.45,Success,UPI ID
TXN005184,33,15,7,1372,2,4,71005.17,Success,UPI ID
TXN005185,142,17,19,851,2,1,57078.43,Success,QR Code
TXN005186,102,5,6,4,1,1,67668.0,Success,QR Code
TXN005187,116,1,4,923,2,1,7810.05,Failed,QR Code
TXN005188,67,2,5,808,2,1,72827.56,Success,Phone Number
TXN005189,146,20,19,2164,2,1,18769.7,Success,UPI ID
TXN005190,38,15,6,1780,2,1,17166.17,Success,QR Code
TXN005191,103,9,6,1065,2,1,67832.98,Failed,UPI ID
TXN005192,32,1,16,1328,2,4,59057.79,Success,QR Code
TXN005193,28,20,11,672,2,1,42891.66,Failed,UPI ID
TXN005194,34,10,9,205,2,1,36752.23,Success,Phone Number
TXN005195,86,8,1,1350,2,1,44653.94,Success,Phone Number
TXN005196,62,2,2,1788,2,1,70043.4,Success,Phone Number
TXN005197,96,9,3,131,2,1,29013.35,Success,Phone Number
TXN005198,25,1,1,1261,2,1,52262.4,Success,Phone Number
TXN005199,125,14,2,944,2,3,70653.12,Success,UPI ID
TXN005200,139,20,19,1283,2,3,45012.23,Success,Phone Number
TXN005201,48,1,1,1606,1,1,4853.21,Success,UPI ID
TXN005202,142,5,4,552,2,1,44750.82,Success,QR Code
TXN005203,51,10,2,2027,2,1,54384.33,Success,QR Code
TXN005204,61,18,13,1663,2,4,37705.97,Failed,UPI ID
TXN005205,54,3,10,455,2,1,62719.0,Success,QR Code
TXN005206,30,12,14,140,2,1,37209.69,Success,UPI ID
TXN005207,92,13,12,951,2,3,24224.69,Success,QR Code
TXN005208,20,7,10,275,1,1,30403.32,Success,QR Code
TXN005209,126,17,10,1189,2,1,58672.86,Success,UPI ID
TXN005210,72,17,16,1014,2,1,54120.87,Success,Phone Number
TXN005211,74,2,17,795,2,1,34263.98,Success,QR Code
TXN005212,17,9,14,1191,2,1,16785.05,Success,QR Code
TXN005213,94,4,2,746,2,3,5620.95,Success,UPI ID
TXN005214,114,12,12,888,2,1,3951.01,Success,UPI ID
TXN005215,141,4,14,1492,1,1,45905.47,Success,QR Code
TXN005216,123,3,11,556,1,1,62737.7,Success,UPI ID
TXN005217,90,20,6,1994,2,1,3041.66,Success,QR Code
TXN005218,129,13,7,1756,2,4,62280.13,Success,QR Code
TXN005219,54,3,14,298,2,1,33732.18,Success,QR Code
TXN005220,54,12,7,889,2,1,41425.91,Success,UPI ID
TXN005221,117,13,20,797,2,4,46484.15,Success,QR Code
TXN005222,2,5,3,367,2,1,31871.23,Success,QR Code
TXN005223,42,17,20,277,2,1,64552.77,Success,Phone Number
TXN005224,73,15,13,1876,2,1,59022.84,Success,QR Code
TXN005225,147,1,19,1103,1,1,58697.95,Success,QR Code
TXN005226,30,7,10,63,1,4,10527.49,Success,QR Code
TXN005227,81,9,16,1284,1,1,24772.38,Failed,UPI ID
TXN005228,144,12,8,757,2,1,45801.9,Success,Phone Number
TXN005229,118,13,17,1222,2,4,66879.53,Success,QR Code
TXN005230,105,11,1,1526,2,1,53389.25,Success,QR Code
TXN005231,142,7,13,303,2,3,36048.54,Failed,Phone Number
TXN005232,45,20,4,2095,2,1,10961.6,Success,Phone Number
TXN005233,69,2,19,2107,1,1,45194.97,Success,QR Code
TXN005234,121,16,19,1485,2,1,61151.3,Success,Phone Number
TXN005235,79,1,17,96,2,1,41682.39,Success,QR Code
TXN005236,76,14,10,1893,2,1,66975.32,Success,UPI ID
TXN005237,11,17,15,1022,1,1,55328.64,Success,UPI ID
TXN005238,55,16,17,196,2,1,20065.23,Success,QR Code
TXN005239,48,5,9,527,1,1,59814.12,Success,QR Code
TXN005240,39,10,15,1478,2,1,35554.6,Failed,Phone Number
TXN005241,105,20,9,1554,1,3,60032.0,Success,UPI ID
TXN005242,48,20,17,498,2,1,62898.15,Success,UPI ID
TXN005243,134,17,10,774,2,3,39343.69,Success,Phone Number
TXN005244,120,16,9,726,2,1,3940.15,Success,UPI ID
TXN005245,61,12,19,1226,1,1,41016.81,Success,Phone Number
TXN005246,133,1,16,986,2,1,48441.49,Success,QR Code
TXN005247,52,4,6,306,1,1,19869.67,Success,UPI ID
TXN005248,14,10,5,823,2,2,42480.68,Success,UPI ID
TXN005249,20,6,20,972,2,3,48016.14,Success,UPI ID
TXN005250,72,11,9,495,2,1,35074.14,Success,Phone Number
TXN005251,22,8,18,1995,2,2,26463.37,Success,Phone Number
TXN005252,84,2,20,252,2,1,55166.01,Failed,QR Code
TXN005253,20,5,14,832,2,1,43943.57,Success,Phone Number
TXN005254,135,13,5,1058,2,1,17153.68,Success,UPI ID
TXN005255,104,13,19,605,2,1,28220.14,Success,Phone Number
TXN005256,144,5,12,1152,1,1,71017.84,Success,UPI ID
TXN005257,25,9,5,2094,2,1,73829.87,Success,Phone Number
TXN005258,94,14,10,2012,1,1,45530.17,Success,QR Code
TXN005259,137,7,5,214,1,2,69730.59,Success,UPI ID
TXN005260,84,9,16,1099,2,1,20291.38,Success,QR Code
TXN005261,150,3,8,672,2,3,7692.28,Success,QR Code
TXN005262,109,9,1,1393,2,3,10630.47,Success,QR Code
TXN005263,60,10,9,1215,2,2,63902.64,Failed,QR Code
TXN005264,24,12,13,329,2,1,35120.04,Success,UPI ID
TXN005265,34,11,9,1648,1,1,23778.72,Success,QR Code
TXN005266,21,11,1,1934,1,3,2514.93,Success,UPI ID
TXN005267,6,1,18,1609,2,1,3128.62,Success,QR Code
TXN005268,125,9,15,1115,1,1,13266.48,Success,UPI ID
TXN005269,34,16,10,2126,1,1,72297.31,Success,Phone Number
TXN005270,30,6,10,2045,2,1,58338.18,Success,QR Code
TXN005271,81,4,16,802,2,1,17801.49,Success,UPI ID
TXN005272,22,3,18,42,2,1,2368.04,Success,QR Code
TXN005273,4,1,1,1755,2,1,39312.43,Success,QR Code
TXN005274,48,17,13,1898,2,3,45437.04,Success,UPI ID
TXN005275,96,8,19,2160,2,1,4780.78,Success,QR Code
TXN005276,60,14,17,34,2,4,27937.68,Success,UPI ID
TXN005277,11,18,10,274,2,1,45990.48,Success,UPI ID
TXN005278,130,13,13,1106,2,1,61793.55,Success,UPI ID
TXN005279,32,11,18,351,2,1,23274.59,Success,Phone Number
TXN005280,20,12,10,592,2,2,64925.29,Success,UPI ID
TXN005281,17,4,12,1142,1,2,24329.93,Success,Phone Number
TXN005282,22,5,8,419,2,1,51500.77,Success,QR Code
TXN005283,45,3,17,1493,2,1,67510.73,Success,QR Code
TXN005284,65,4,1,1686,2,2,24474.54,Success,UPI ID
TXN005285,69,14,2,1448,1,1,50311.86,Success,UPI ID
TXN005286,147,12,16,1616,2,1,74037.8,Success,UPI ID
TXN005287,86,15,19,1553,2,1,72762.67,Success,QR Code
TXN005288,78,6,15,971,2,1,12002.43,Success,QR Code
TXN005289,41,20,15,1375,2,1,21998.37,Success,QR Code
TXN005290,57,18,18,1703,2,1,67148.9,Success,QR Code
TXN005291,19,3,1,1814,1,3,10983.83,Success,Phone Number
TXN005292,142,5,14,329,2,1,57535.37,Success,QR Code
TXN005293,42,12,10,438,2,1,56131.02,Success,UPI ID
TXN005294,89,10,3,1441,2,1,14523.29,Success,Phone Number
TXN005295,61,4,3,902,2,1,4322.38,Success,QR Code
TXN005296,94,7,9,353,2,1,9176.36,Success,Phone Number
TXN005297,102,5,9,2143,2,1,18362.27,Success,UPI ID
TXN005298,40,2,14,2171,2,1,27447.96,Success,QR Code
TXN005299,140,2,10,784,2,1,18126.77,Success,UPI ID
TXN005300,134,1,3,1164,2,2,41796.33,Success,UPI ID
TXN005301,140,13,6,983,2,1,28463.94,Success,QR Code
TXN005302,54,15,11,651,2,2,60698.81,Success,QR Code
TXN005303,66,11,9,1446,2,1,74067.82,Success,QR Code
TXN005304,35,19,19,1870,2,4,32921.01,Success,UPI ID
TXN005305,38,14,17,1060,2,1,66334.56,Success,QR Code
TXN005306,81,16,19,1959,2,1,32950.7,Success,QR Code
TXN005307,126,10,5,435,1,1,63503.06,Success,Phone Number
TXN005308,104,10,17,1548,2,1,10982.88,Success,QR Code
TXN005309,145,16,5,1364,1,1,42290.42,Success,QR Code
TXN005310,67,11,18,1106,2,1,10673.43,Success,QR Code
TXN005311,3,7,17,1106,2,1,17465.19,Success,UPI ID
TXN005312,75,2,7,1071,2,1,18805.29,Success,QR Code
TXN005313,141,8,18,1746,2,2,9077.76,Success,UPI ID
TXN005314,4,17,20,2035,2,1,11863.4,Failed,QR Code
TXN005315,56,9,11,2052,2,4,67221.45,Success,QR Code
TXN005316,55,5,8,1689,2,1,45518.99,Failed,Phone Number
TXN005317,130,9,18,1280,2,1,6134.33,Success,QR Code
TXN005318,129,3,18,1278,2,1,26466.61,Failed,UPI ID
TXN005319,99,10,11,1397,2,1,26140.38,Success,Phone Number
TXN005320,106,1,4,271,1,1,37352.44,Success,UPI ID
TXN005321,86,12,3,1977,2,1,50647.13,Success,Phone Number
TXN005322,77,9,9,1573,1,1,40707.26,Success,UPI ID
TXN005323,27,20,13,14,2,1,30564.02,Success,QR Code
TXN005324,23,10,5,1930,1,2,4132.04,Success,UPI ID
TXN005325,9,2,19,919,2,1,36188.65,Failed,QR Code
TXN005326,20,12,17,523,1,3,18660.33,Failed,Phone Number
TXN005327,9,17,15,1397,2,1,14071.47,Success,Phone Number
TXN005328,145,17,11,1245,2,1,6641.28,Failed,UPI ID
TXN005329,135,6,18,1540,2,1,59925.45,Success,QR Code
TXN005330,92,4,14,1908,2,1,9311.36,Success,UPI ID
TXN005331,124,1,2,1457,2,1,30327.9,Success,Phone Number
TXN005332,98,8,15,970,2,1,41307.23,Success,Phone Number
TXN005333,38,19,3,2160,2,1,17913.98,Success,UPI ID
TXN005334,33,17,13,700,2,1,27313.38,Success,UPI ID
TXN005335,64,3,3,1879,1,1,37093.18,Success,QR Code
TXN005336,87,2,15,1673,1,1,65395.73,Success,UPI ID
TXN005337,53,11,2,1995,2,1,42269.76,Failed,Phone Number
TXN005338,35,12,12,2167,2,1,44809.98,Success,QR Code
TXN005339,107,13,20,1209,2,1,7261.5,Success,Phone Number
TXN005340,55,7,13,1964,2,1,8623.07,Success,UPI ID
TXN005341,66,10,8,709,2,3,69025.78,Success,QR Code
TXN005342,98,16,14,1737,1,1,58670.37,Success,QR Code
TXN005343,3,15,12,1727,2,1,55166.31,Success,Phone Number
TXN005344,103,10,7,1883,2,3,9928.02,Failed,QR Code
TXN005345,130,9,4,1917,1,1,64699.26,Success,QR Code
TXN005346,64,15,2,1240,2,1,13087.48,Success,QR Code
TXN005347,102,10,12,1496,2,1,69956.62,Failed,QR Code
TXN005348,101,2,12,257,2,2,74316.45,Failed,UPI ID
TXN005349,124,6,12,226,2,1,20148.07,Success,UPI ID
TXN005350,129,10,10,1703,2,2,5334.07,Success,UPI ID
TXN005351,88,8,3,783,2,1,58321.72,Success,QR Code
TXN005352,94,11,19,1903,2,1,95.44,Failed,QR Code
TXN005353,68,19,13,1762,2,1,16731.52,Success,Phone Number
TXN005354,87,11,5,474,2,1,2531.67,Success,QR Code
TXN005355,41,18,3,231,2,1,4606.14,Success,UPI ID
TXN005356,107,19,14,1467,2,1,1632.16,Success,Phone Number
TXN005357,44,7,9,1571,1,1,5934.66,Success,QR Code
TXN005358,93,5,2,929,2,1,29585.96,Success,Phone Number
TXN005359,40,10,19,43,2,2,31552.78,Success,QR Code
TXN005360,60,18,16,1154,2,1,21255.64,Success,QR Code
TXN005361,79,14,7,1778,2,4,64515.89,Success,QR Code
TXN005362,96,16,15,313,2,1,19633.84,Success,QR Code
TXN005363,83,7,14,1239,1,1,70317.14,Success,UPI ID
TXN005364,146,10,9,2119,2,1,42042.5,Success,UPI ID
TXN005365,11,13,4,2018,2,1,10433.24,Success,Phone Number
TXN005366,57,9,9,1830,2,2,30653.14,Success,UPI ID
TXN005367,29,18,4,1606,2,1,1985.81,Success,UPI ID
TXN005368,91,11,16,1602,1,1,24986.24,Success,UPI ID
TXN005369,33,17,7,1931,2,1,13415.23,Success,QR Code
TXN005370,65,9,1,1902,1,4,7141.53,Success,Phone Number
TXN005371,113,10,19,148,2,4,64027.04,Success,QR Code
TXN005372,52,8,10,484,1,1,23125.36,Success,QR Code
TXN005373,18,6,18,1586,1,1,20942.6,Success,Phone Number
TXN005374,131,17,6,247,2,1,47254.49,Success,UPI ID
TXN005375,93,15,5,425,2,1,40347.04,Success,UPI ID
TXN005376,27,18,4,418,1,2,58774.98,Success,Phone Number
TXN005377,16,12,6,1540,2,4,7258.22,Success,UPI ID
TXN005378,101,9,17,337,1,1,30438.04,Success,QR Code
TXN005379,143,2,12,1541,2,1,50246.28,Success,QR Code
TXN005380,123,6,18,834,1,2,33473.44,Success,UPI ID
TXN005381,12,7,6,1928,2,4,28561.63,Success,UPI ID
TXN005382,1,6,13,2099,2,1,34727.79,Failed,UPI ID
TXN005383,64,7,2,1831,2,1,62829.21,Success,QR Code
TXN005384,2,14,19,1138,2,2,30312.74,Success,QR Code
TXN005385,31,10,20,738,2,1,39867.46,Success,QR Code
TXN005386,144,14,5,239,1,1,74141.25,Success,UPI ID
TXN005387,51,15,13,1757,2,1,34030.13,Success,QR Code
TXN005388,87,12,18,1854,1,1,61543.79,Success,QR Code
TXN005389,115,15,12,1604,2,1,37368.67,Failed,QR Code
TXN005390,2,4,10,355,1,2,3627.89,Success,QR Code
TXN005391,46,20,17,651,2,1,32656.97,Failed,UPI ID
TXN005392,107,19,3,926,1,1,72322.69,Success,Phone Number
TXN005393,25,5,14,908,2,2,35222.93,Success,Phone Number
TXN005394,95,17,1,277,2,1,50836.08,Success,UPI ID
TXN005395,106,12,9,338,2,3,1331.67,Success,UPI ID
TXN005396,60,9,15,772,2,1,74472.1,Success,QR Code
TXN005397,2,13,8,1738,1,1,47461.1,Success,UPI ID
TXN005398,6,9,19,1548,1,1,2130.2,Success,QR Code
TXN005399,88,16,8,1075,2,1,35677.14,Success,UPI ID
TXN005400,51,6,17,533,2,2,51565.82,Success,UPI ID
TXN005401,97,18,20,206,2,1,5920.77,Success,QR Code
TXN005402,79,17,18,1121,2,1,50739.96,Success,QR Code
TXN005403,80,18,16,55,2,1,66883.6,Success,Phone Number
TXN005404,12,18,15,2072,1,1,21427.1,Success,QR Code
TXN005405,103,8,14,832,2,1,5056.94,Success,QR Code
TXN005406,45,7,12,1868,2,1,30609.0,Success,Phone Number
TXN005407,142,11,4,1054,2,4,52114.97,Success,UPI ID
TXN005408,17,5,17,346,2,1,62338.82,Success,UPI ID
TXN005409,81,17,3,767,2,1,64529.56,Success,QR Code
TXN005410,147,4,16,1285,2,4,74330.38,Success,UPI ID
TXN005411,77,20,8,2115,2,1,12497.63,Success,UPI ID
TXN005412,143,5,7,1268,2,3,44911.24,Success,UPI ID
TXN005413,75,10,2,2100,2,1,34901.35,Success,QR Code
TXN005414,130,8,13,1445,1,1,18540.76,Failed,Phone Number
TXN005415,130,18,7,1805,2,4,32079.9,Success,UPI ID
TXN005416,110,15,17,493,1,1,7137.69,Failed,Phone Number
TXN005417,50,17,13,1222,2,3,43917.15,Success,UPI ID
TXN005418,78,11,16,29,2,3,8619.78,Failed,QR Code
TXN005419,56,17,14,1886,2,1,4109.85,Success,UPI ID
TXN005420,102,14,20,604,2,2,46316.16,Success,QR Code
TXN005421,26,6,12,2134,2,1,9171.74,Success,Phone Number
TXN005422,4,17,17,908,2,1,27180.41,Success,QR Code
TXN005423,80,9,7,752,2,2,28292.86,Success,UPI ID
TXN005424,64,14,15,1289,2,1,40568.71,Success,Phone Number
TXN005425,118,16,4,1487,2,1,34815.19,Success,QR Code
TXN005426,98,4,9,1770,2,1,53330.97,Success,QR Code
TXN005427,22,14,16,46,2,1,17973.88,Success,QR Code
TXN005428,50,11,10,1641,2,1,67847.03,Failed,Phone Number
TXN005429,108,11,15,1928,1,1,59332.86,Success,QR Code
TXN005430,36,11,8,2036,2,1,26856.06,Success,QR Code
TXN005431,43,8,16,83,2,1,15162.98,Success,QR Code
TXN005432,5,12,20,736,2,1,45059.76,Success,QR Code
TXN005433,46,16,20,348,2,1,36730.58,Success,QR Code
TXN005434,102,20,7,735,2,1,47515.0,Success,UPI ID
TXN005435,105,4,11,1865,2,1,65347.25,Success,QR Code
TXN005436,34,1,17,2015,1,1,50244.25,Success,Phone Number
TXN005437,31,18,8,510,1,1,5190.12,Failed,UPI ID
TXN005438,117,12,12,1069,2,1,30015.34,Success,UPI ID
TXN005439,144,3,6,1012,2,1,52187.15,Success,QR Code
TXN005440,27,18,4,1547,2,1,51712.98,Success,QR Code
TXN005441,6,20,10,1425,2,3,14282.07,Success,Phone Number
TXN005442,37,3,15,1910,1,1,19524.95,Success,QR Code
TXN005443,61,15,5,459,2,2,56041.09,Success,QR Code
TXN005444,99,4,15,1766,2,1,45408.44,Success,QR Code
TXN005445,73,20,15,1437,2,1,11651.69,Success,UPI ID
TXN005446,42,20,4,2047,2,1,7344.4,Success,QR Code
TXN005447,21,10,14,335,2,1,68671.16,Success,UPI ID
TXN005448,149,18,4,536,1,3,46232.52,Success,Phone Number
TXN005449,28,14,19,886,1,1,10499.81,Success,QR Code
TXN005450,117,6,10,99,2,1,60064.42,Success,Phone Number
TXN005451,43,8,19,1505,2,1,27497.96,Success,QR Code
TXN005452,150,7,5,900,2,1,33305.75,Failed,UPI ID
TXN005453,125,9,7,1300,2,1,43047.71,Success,UPI ID
TXN005454,83,1,11,1018,2,1,4274.05,Failed,QR Code
TXN005455,139,5,18,1757,2,1,59004.82,Success,Phone Number
TXN005456,111,12,2,2100,2,1,23812.58,Success,QR Code
TXN005457,21,14,8,118,1,3,73670.29,Failed,UPI ID
TXN005458,134,19,17,1563,2,2,955.03,Success,QR Code
TXN005459,122,5,4,1027,2,1,49525.92,Success,QR Code
TXN005460,47,4,4,560,1,1,19367.42,Success,UPI ID
TXN005461,100,13,8,546,2,1,22459.37,Success,Phone Number
TXN005462,14,16,5,355,2,1,61315.38,Success,Phone Number
TXN005463,25,7,4,1754,2,4,35241.2,Success,QR Code
TXN005464,40,17,6,365,2,1,44545.72,Success,Phone Number
TXN005465,4,16,2,2025,1,1,19298.63,Success,UPI ID
TXN005466,86,15,6,1600,2,1,72538.71,Failed,UPI ID
TXN005467,122,17,11,1686,2,1,34960.54,Success,Phone Number
TXN005468,63,1,4,1306,1,1,65482.73,Success,Phone Number
TXN005469,29,11,19,1028,1,3,35910.68,Success,QR Code
TXN005470,30,6,6,1687,2,4,43821.19,Success,UPI ID
TXN005471,6,3,4,221,1,1,50814.48,Success,Phone Number
TXN005472,59,16,14,1158,2,1,57164.84,Failed,QR Code
TXN005473,59,17,4,1511,2,1,59616.24,Success,QR Code
TXN005474,139,13,20,1129,2,1,66232.23,Success,Phone Number
TXN005475,76,20,15,908,2,1,6465.31,Success,Phone Number
TXN005476,27,1,18,696,2,1,54936.75,Success,QR Code
TXN005477,141,17,15,707,2,1,68812.86,Success,QR Code
TXN005478,22,18,16,109,1,1,29783.49,Failed,QR Code
TXN005479,18,14,20,2179,1,1,6796.37,Success,UPI ID
TXN005480,73,15,14,1712,1,1,66544.43,Success,QR Code
TXN005481,116,10,17,1460,1,1,6522.91,Success,QR Code
TXN005482,147,10,8,905,2,3,37247.73,Success,UPI ID
TXN005483,25,19,9,500,1,1,42325.28,Success,QR Code
TXN005484,101,8,17,950,2,2,21034.58,Success,QR Code
TXN005485,9,11,20,1125,2,4,44230.02,Success,QR Code
TXN005486,12,11,5,1593,2,1,7306.56,Success,UPI ID
TXN005487,42,12,12,203,2,1,39681.53,Success,QR Code
TXN005488,31,10,4,939,2,1,28948.72,Success,QR Code
TXN005489,129,13,1,92,1,2,37475.4,Success,QR Code
TXN005490,54,9,9,278,1,1,20531.47,Success,QR Code
TXN005491,31,17,11,158,2,4,38378.91,Success,Phone Number
TXN005492,8,20,6,493,2,2,35585.63,Failed,QR Code
TXN005493,94,3,8,545,2,1,50298.46,Success,Phone Number
TXN005494,30,20,13,2035,1,1,45399.89,Success,UPI ID
TXN005495,57,6,8,2138,2,1,44961.68,Success,QR Code
TXN005496,26,16,10,1085,1,1,33830.36,Success,UPI ID
TXN005497,12,6,8,2118,2,1,5924.96,Success,UPI ID
TXN005498,46,1,6,1536,2,1,19969.72,Success,UPI ID
TXN005499,141,4,2,1082,2,1,45438.86,Success,QR Code
TXN005500,118,16,6,1150,2,2,6069.02,Success,QR Code
TXN005501,8,4,4,675,2,1,36427.11,Success,UPI ID
TXN005502,84,1,12,825,2,1,1944.88,Success,UPI ID
TXN005503,29,19,13,1381,2,1,67309.1,Success,QR Code
TXN005504,64,11,1,548,2,4,56393.68,Success,QR Code
TXN005505,99,7,13,1884,1,1,4941.38,Success,Phone Number
TXN005506,37,1,2,1563,1,1,42868.9,Success,UPI ID
TXN005507,57,11,11,914,1,1,60431.08,Success,QR Code
TXN005508,53,6,15,1860,2,1,22343.79,Success,UPI ID
TXN005509,144,7,20,155,2,3,56521.99,Success,UPI ID
TXN005510,138,5,14,553,2,1,31082.71,Success,Phone Number
TXN005511,41,9,10,1533,2,2,37819.62,Success,QR Code
TXN005512,23,18,16,133,2,1,73818.79,Success,UPI ID
TXN005513,46,2,13,1491,1,1,40506.35,Success,Phone Number
TXN005514,64,15,13,826,1,1,26081.39,Success,QR Code
TXN005515,113,13,11,1708,2,1,74619.99,Success,Phone Number
TXN005516,82,20,18,1378,2,1,50624.82,Success,QR Code
TXN005517,25,6,16,1814,2,1,57644.29,Success,UPI ID
TXN005518,69,6,10,1445,1,1,30811.34,Success,UPI ID
TXN005519,110,17,17,447,2,1,53922.65,Success,UPI ID
TXN005520,100,3,5,565,2,1,57537.16,Success,UPI ID
TXN005521,114,1,17,143,1,1,46945.19,Success,Phone Number
TXN005522,146,6,16,1685,2,1,25435.05,Success,QR Code
TXN005523,18,11,11,57,2,1,55606.66,Success,UPI ID
TXN005524,144,14,1,2136,1,2,47777.11,Success,Phone Number
TXN005525,19,10,3,1107,1,1,8358.95,Success,QR Code
TXN005526,140,14,4,259,1,1,43636.9,Success,Phone Number
TXN005527,12,16,5,1135,2,4,39940.74,Success,UPI ID
TXN005528,72,19,15,1047,2,1,3641.68,Success,Phone Number
TXN005529,76,3,8,929,2,1,33110.71,Success,QR Code
TXN005530,37,3,12,645,2,1,2320.25,Success,QR Code
TXN005531,26,9,14,1842,2,1,18898.09,Success,QR Code
TXN005532,62,13,1,1509,2,1,43968.13,Success,QR Code
TXN005533,29,13,19,1650,2,1,44463.12,Success,UPI ID
TXN005534,138,15,5,262,2,1,41770.38,Failed,QR Code
TXN005535,91,12,14,1944,2,2,14591.21,Success,QR Code
TXN005536,138,3,20,1508,2,2,40058.04,Success,QR Code
TXN005537,150,4,9,2129,2,1,3243.98,Success,Phone Number
TXN005538,33,18,19,1678,2,1,30856.2,Failed,UPI ID
TXN005539,144,6,11,507,1,1,44935.78,Success,QR Code
TXN005540,23,10,16,396,2,4,23751.92,Success,Phone Number
TXN005541,114,3,16,5,1,1,43667.05,Success,Phone Number
TXN005542,41,6,6,1714,2,1,4925.03,Success,QR Code
TXN005543,98,20,8,1300,1,3,67120.27,Success,UPI ID
TXN005544,96,20,3,335,1,1,36693.58,Success,Phone Number
TXN005545,56,18,11,2049,2,1,69759.08,Success,UPI ID
TXN005546,121,19,6,288,2,3,22436.69,Success,QR Code
TXN005547,106,20,1,1480,2,1,58177.57,Success,Phone Number
TXN005548,110,20,3,458,2,1,73689.19,Success,QR Code
TXN005549,72,4,11,1675,2,1,4901.06,Success,Phone Number
TXN005550,112,13,1,827,1,1,47866.79,Success,QR Code
TXN005551,31,1,8,16,2,1,26790.92,Success,QR Code
TXN005552,39,1,18,1602,1,1,65782.99,Success,UPI ID
TXN005553,9,3,14,1530,2,1,57405.72,Success,QR Code
TXN005554,127,17,9,1398,1,1,31419.83,Success,QR Code
TXN005555,140,18,2,2169,2,1,6104.68,Success,QR Code
TXN005556,56,4,16,1845,2,1,52085.07,Success,QR Code
TXN005557,48,18,14,1556,1,1,74289.85,Success,Phone Number
TXN005558,141,1,15,1083,2,1,21760.58,Success,QR Code
TXN005559,137,5,6,1771,2,3,7629.82,Success,QR Code
TXN005560,52,16,15,2004,1,1,45558.04,Success,QR Code
TXN005561,66,10,15,1836,2,1,33575.19,Success,QR Code
TXN005562,46,18,2,779,2,4,47725.18,Success,QR Code
TXN005563,51,15,16,179,2,1,57135.23,Failed,UPI ID
TXN005564,149,13,10,1315,1,1,35890.85,Success,QR Code
TXN005565,12,9,13,471,2,3,39549.04,Success,UPI ID
TXN005566,22,10,2,1501,1,1,11583.88,Success,QR Code
TXN005567,19,6,18,887,2,1,32198.75,Success,UPI ID
TXN005568,25,3,20,538,1,3,73647.86,Success,UPI ID
TXN005569,109,8,4,673,2,1,38131.11,Success,UPI ID
TXN005570,68,7,7,757,2,1,20302.18,Success,QR Code
TXN005571,94,1,11,1267,2,1,24804.99,Success,UPI ID
TXN005572,95,17,4,548,2,1,43906.87,Success,UPI ID
TXN005573,92,6,17,1147,2,1,64831.19,Success,QR Code
TXN005574,108,2,9,1615,2,1,35908.66,Success,UPI ID
TXN005575,112,15,1,1876,2,1,59142.41,Success,QR Code
TXN005576,80,16,2,995,2,1,65174.15,Success,QR Code
TXN005577,64,7,3,1873,2,1,59969.52,Success,UPI ID
TXN005578,148,11,14,373,1,4,31295.44,Success,UPI ID
TXN005579,131,1,9,1561,1,1,55290.47,Success,QR Code
TXN005580,1,5,19,721,2,1,59576.82,Success,Phone Number
TXN005581,113,11,10,783,2,4,50644.5,Success,QR Code
TXN005582,125,16,4,412,2,1,26662.79,Success,QR Code
TXN005583,100,15,8,452,1,1,50046.97,Failed,UPI ID
TXN005584,2,6,18,605,1,1,42126.07,Success,QR Code
TXN005585,50,20,8,5,2,1,26546.38,Success,QR Code
TXN005586,31,17,15,669,2,1,8294.01,Success,QR Code
TXN005587,67,9,6,1310,2,1,34100.27,Success,Phone Number
TXN005588,21,5,2,929,2,1,55019.4,Success,UPI ID
TXN005589,70,9,10,737,2,1,29383.73,Success,Phone Number
TXN005590,90,18,5,67,2,1,53326.93,Failed,QR Code
TXN005591,70,9,14,2162,1,1,68263.93,Success,QR Code
TXN005592,137,13,16,236,2,1,2176.35,Success,QR Code
TXN005593,82,6,18,480,1,3,54470.47,Success,Phone Number
TXN005594,60,12,17,712,1,1,4604.88,Success,QR Code
TXN005595,57,12,2,1751,1,4,8513.39,Success,UPI ID
TXN005596,112,9,3,208,2,1,63603.45,Success,Phone Number
TXN005597,76,6,12,375,2,3,33609.78,Success,QR Code
TXN005598,148,4,8,841,1,1,31101.36,Success,UPI ID
TXN005599,55,5,17,462,1,3,3167.98,Success,UPI ID
TXN005600,134,3,16,1805,2,2,2644.6,Success,UPI ID
TXN005601,25,7,14,1726,2,1,46790.22,Success,UPI ID
TXN005602,60,13,1,1825,1,1,8432.19,Success,QR Code
TXN005603,150,3,17,2010,2,1,13925.01,Success,UPI ID
TXN005604,64,2,17,1090,2,1,54967.08,Success,QR Code
TXN005605,84,5,6,1631,2,1,61455.61,Success,QR Code
TXN005606,124,9,13,1281,2,1,3471.61,Success,UPI ID
TXN005607,7,18,13,556,1,1,31301.23,Success,QR Code
TXN005608,56,6,6,1586,2,1,68296.61,Success,Phone Number
TXN005609,111,6,11,2188,1,1,68882.99,Success,QR Code
TXN005610,46,10,13,1490,2,3,68512.99,Success,UPI ID
TXN005611,117,19,16,461,2,1,64333.81,Success,QR Code
TXN005612,74,9,3,385,2,2,56658.08,Success,UPI ID
TXN005613,36,4,8,2020,2,1,39582.98,Success,QR Code
TXN005614,2,16,4,350,2,4,7636.23,Success,QR Code
TXN005615,41,1,19,758,1,1,50711.68,Success,UPI ID
TXN005616,124,16,7,477,2,4,2420.88,Failed,QR Code
TXN005617,8,10,19,1217,2,4,39583.35,Success,QR Code
TXN005618,42,7,7,381,1,1,52869.53,Success,UPI ID
TXN005619,120,4,20,655,2,1,30233.02,Success,UPI ID
TXN005620,13,13,17,113,2,1,25147.28,Success,QR Code
TXN005621,144,2,5,1293,2,1,33101.31,Success,QR Code
TXN005622,59,17,1,1686,2,4,35259.2,Success,QR Code
TXN005623,123,8,19,196,1,1,36098.94,Success,UPI ID
TXN005624,77,3,9,236,2,2,48466.78,Success,QR Code
TXN005625,149,12,16,2140,1,1,65072.69,Success,Phone Number
TXN005626,112,15,19,1284,2,1,36996.67,Success,Phone Number
TXN005627,77,4,11,70,2,3,411.48,Success,UPI ID
TXN005628,91,10,4,1157,1,1,67498.29,Success,Phone Number
TXN005629,62,18,1,1231,2,1,17682.46,Success,Phone Number
TXN005630,68,8,16,1923,1,3,54591.78,Success,Phone Number
TXN005631,31,20,11,1245,2,1,932.28,Failed,UPI ID
TXN005632,143,4,16,765,2,2,40730.79,Success,QR Code
TXN005633,4,14,6,130,2,1,44468.67,Success,Phone Number
TXN005634,26,6,4,384,1,3,62178.03,Success,QR Code
TXN005635,19,1,16,1639,2,1,71708.69,Success,QR Code
TXN005636,100,6,16,2119,2,1,34469.1,Success,Phone Number
TXN005637,42,7,17,346,1,1,41818.01,Success,QR Code
TXN005638,6,5,20,1227,1,1,39549.71,Success,QR Code
TXN005639,39,6,4,2011,2,2,58551.85,Failed,Phone Number
TXN005640,103,19,11,2180,2,1,40100.53,Success,QR Code
TXN005641,31,1,11,932,2,1,50613.88,Success,QR Code
TXN005642,131,8,10,2117,2,1,63676.32,Success,UPI ID
TXN005643,133,10,4,677,2,1,20071.84,Success,Phone Number
TXN005644,88,10,18,907,1,1,16368.89,Success,QR Code
TXN005645,140,5,15,488,1,1,46366.09,Success,QR Code
TXN005646,3,12,19,1677,2,1,34397.18,Success,Phone Number
TXN005647,138,15,1,1291,2,1,23001.61,Success,UPI ID
TXN005648,14,4,4,843,2,1,45982.12,Success,Phone Number
TXN005649,134,8,18,1425,2,1,35769.44,Success,Phone Number
TXN005650,57,15,1,77,2,1,31424.22,Success,Phone Number
TXN005651,17,1,16,321,2,3,68901.14,Success,Phone Number
TXN005652,37,6,19,2084,2,4,59388.88,Success,QR Code
TXN005653,12,9,13,2103,2,1,27530.2,Success,UPI ID
TXN005654,44,12,8,514,2,1,60657.31,Success,UPI ID
TXN005655,46,1,6,1782,2,1,45206.46,Failed,QR Code
TXN005656,2,12,8,620,2,1,56258.16,Success,UPI ID
TXN005657,35,14,20,1512,2,1,8497.6,Success,QR Code
TXN005658,146,13,16,1278,2,1,31292.51,Failed,QR Code
TXN005659,132,17,10,832,2,1,33153.48,Success,QR Code
TXN005660,22,14,12,318,2,1,55493.84,Success,QR Code
TXN005661,40,14,6,1297,2,1,48327.35,Success,UPI ID
TXN005662,121,16,11,1114,2,1,72423.7,Success,UPI ID
TXN005663,65,19,4,1205,1,2,2556.13,Success,QR Code
TXN005664,21,16,4,945,2,1,26289.36,Success,UPI ID
TXN005665,10,10,15,544,2,1,73997.22,Success,UPI ID
TXN005666,14,5,9,1340,1,4,39601.12,Success,UPI ID
TXN005667,102,15,7,1272,1,1,44102.29,Success,Phone Number
TXN005668,71,13,11,1321,2,1,62030.59,Success,QR Code
TXN005669,84,19,20,1009,2,1,26536.43,Success,UPI ID
TXN005670,13,2,3,1395,2,1,15149.93,Success,Phone Number
TXN005671,46,13,11,256,2,1,33802.12,Failed,UPI ID
TXN005672,139,13,3,1365,2,1,16412.96,Success,QR Code
TXN005673,67,13,5,1937,1,1,26180.71,Success,QR Code
TXN005674,55,16,2,1367,2,1,61847.96,Success,Phone Number
TXN005675,65,11,10,251,2,1,64523.85,Success,QR Code
TXN005676,131,13,12,1577,1,1,15902.31,Success,Phone Number
TXN005677,91,9,6,476,2,3,70445.67,Success,QR Code
TXN005678,78,7,14,1754,2,2,22056.6,Success,Phone Number
TXN005679,25,1,20,440,2,1,25868.18,Success,QR Code
TXN005680,98,20,2,1034,2,2,14849.15,Success,QR Code
TXN005681,130,19,14,1655,2,1,39469.61,Success,UPI ID
TXN005682,52,6,17,1120,2,4,5783.61,Success,QR Code
TXN005683,11,4,14,874,1,1,45664.59,Success,QR Code
TXN005684,36,18,4,131,1,1,69562.79,Success,UPI ID
TXN005685,90,13,7,1425,2,3,30737.23,Failed,Phone Number
TXN005686,50,1,3,1234,2,1,70248.84,Success,UPI ID
TXN005687,113,19,19,320,2,2,20736.4,Success,QR Code
TXN005688,125,11,20,1005,2,1,38661.88,Success,Phone Number
TXN005689,86,20,1,1110,2,1,54456.33,Failed,Phone Number
TXN005690,28,6,3,1363,1,1,20170.72,Success,QR Code
TXN005691,31,17,4,2126,1,3,3745.75,Success,QR Code
TXN005692,53,8,15,634,2,1,39270.75,Success,Phone Number
TXN005693,112,4,18,1428,2,1,29212.53,Success,QR Code
TXN005694,24,16,13,1562,2,1,50547.7,Success,UPI ID
TXN005695,93,1,2,596,1,1,18295.5,Success,UPI ID
TXN005696,102,14,16,137,2,1,9429.64,Success,UPI ID
TXN005697,40,1,11,82,2,1,65788.61,Success,UPI ID
TXN005698,34,20,1,1696,2,1,70604.21,Success,QR Code
TXN005699,122,7,3,1891,2,1,39074.95,Success,QR Code
TXN005700,137,15,6,549,1,1,21472.9,Success,QR Code
TXN005701,51,10,15,760,2,1,39030.15,Success,QR Code
TXN005702,136,3,11,1178,2,1,71559.54,Success,Phone Number
TXN005703,80,8,2,468,2,1,5327.69,Success,QR Code
TXN005704,84,11,13,2008,2,4,3017.79,Success,Phone Number
TXN005705,140,17,15,109,2,1,28450.06,Success,QR Code
TXN005706,26,18,1,1123,2,1,58590.74,Success,QR Code
TXN005707,106,6,14,1698,2,1,21881.59,Failed,QR Code
TXN005708,59,4,17,199,2,1,47431.33,Success,Phone Number
TXN005709,121,8,14,1781,1,2,8327.19,Success,QR Code
TXN005710,51,15,17,404,1,4,6072.66,Success,UPI ID
TXN005711,5,11,13,1906,2,1,42341.13,Success,UPI ID
TXN005712,147,16,4,586,2,3,35380.22,Success,UPI ID
TXN005713,108,1,3,11,1,1,27238.2,Success,QR Code
TXN005714,117,12,11,1126,2,1,59779.57,Failed,QR Code
TXN005715,70,16,11,1459,2,1,327.0,Success,Phone Number
TXN005716,97,18,11,1654,2,1,34790.66,Success,UPI ID
TXN005717,96,17,3,1553,2,2,70963.58,Success,QR Code
TXN005718,84,3,9,1344,2,2,73699.61,Failed,QR Code
TXN005719,64,15,20,840,2,1,71387.87,Success,QR Code
TXN005720,71,11,3,1554,2,1,59385.78,Success,UPI ID
TXN005721,116,10,1,1914,2,1,46567.25,Success,Phone Number
TXN005722,143,6,17,240,1,1,23454.47,Success,QR Code
TXN005723,59,1,12,1789,1,1,42719.64,Success,UPI ID
TXN005724,47,4,16,731,1,1,21467.5,Success,Phone Number
TXN005725,56,18,16,1263,2,1,40667.22,Success,UPI ID
TXN005726,86,2,10,8,2,1,21248.97,Success,Phone Number
TXN005727,109,16,13,1818,2,1,47865.39,Failed,UPI ID
TXN005728,70,19,17,624,2,1,72710.81,Success,UPI ID
TXN005729,36,12,9,1480,1,1,67728.99,Success,Phone Number
TXN005730,18,18,14,1594,2,2,13331.49,Success,QR Code
TXN005731,89,20,6,1018,1,1,43985.1,Success,QR Code
TXN005732,143,18,2,665,2,1,57587.2,Success,QR Code
TXN005733,40,2,9,330,2,1,1985.32,Failed,UPI ID
TXN005734,69,14,16,286,2,1,66974.09,Success,UPI ID
TXN005735,33,1,16,2023,1,1,22766.72,Success,UPI ID
TXN005736,104,17,14,1856,2,1,25915.75,Success,QR Code
TXN005737,35,3,1,1472,2,1,19022.78,Failed,QR Code
TXN005738,35,11,4,548,2,1,49811.71,Success,QR Code
TXN005739,17,6,15,1395,1,4,17271.98,Failed,UPI ID
TXN005740,62,7,3,461,2,1,21042.88,Success,Phone Number
TXN005741,118,17,1,1168,1,1,29284.61,Success,QR Code
TXN005742,105,6,6,352,2,1,45072.26,Success,QR Code
TXN005743,94,4,4,2161,1,1,3831.37,Success,Phone Number
TXN005744,77,17,2,314,2,1,5949.88,Success,QR Code
TXN005745,95,12,8,1514,2,1,29815.07,Success,UPI ID
TXN005746,11,8,9,1849,2,1,35695.19,Success,UPI ID
TXN005747,63,4,12,534,1,3,64892.05,Success,UPI ID
TXN005748,136,17,10,1408,1,1,54714.32,Success,Phone Number
TXN005749,58,20,20,1353,1,1,72653.41,Success,UPI ID
TXN005750,108,7,17,1024,2,3,35331.6,Success,UPI ID
TXN005751,124,15,19,2174,2,1,33981.79,Success,QR Code
TXN005752,64,10,3,1059,2,1,71232.78,Success,Phone Number
TXN005753,44,12,3,1789,2,1,45201.78,Success,UPI ID
TXN005754,9,17,7,101,2,3,13539.54,Success,UPI ID
TXN005755,135,20,19,362,2,1,22987.3,Success,UPI ID
TXN005756,15,12,20,2111,1,2,64669.93,Success,Phone Number
TXN005757,134,1,16,270,2,1,10950.84,Success,QR Code
TXN005758,63,4,8,1250,2,1,3010.0,Success,UPI ID
TXN005759,140,13,20,1894,1,1,25007.77,Success,QR Code
TXN005760,116,8,13,1761,2,2,31582.93,Success,QR Code
TXN005761,146,14,13,889,1,1,40653.1,Success,UPI ID
TXN005762,9,6,11,597,1,2,731.1,Failed,UPI ID
TXN005763,12,11,12,2014,2,1,57590.28,Success,UPI ID
TXN005764,23,8,9,1215,1,1,32019.42,Success,UPI ID
TXN005765,85,9,18,514,2,1,3729.77,Success,UPI ID
TXN005766,86,13,12,2150,2,1,19878.29,Success,Phone Number
TXN005767,51,6,15,1395,2,1,6766.74,Success,QR Code
TXN005768,126,7,12,1333,2,1,17669.97,Success,Phone Number
TXN005769,98,14,5,1653,2,1,27643.86,Success,QR Code
TXN005770,57,5,16,1774,2,1,41307.28,Success,QR Code
TXN005771,87,12,1,1808,2,1,12822.27,Success,QR Code
TXN005772,150,6,1,1284,2,1,6797.74,Success,Phone Number
TXN005773,115,16,3,533,2,2,42992.4,Success,Phone Number
TXN005774,69,14,3,959,2,3,4656.32,Success,UPI ID
TXN005775,56,20,5,1325,2,3,74156.84,Success,QR Code
TXN005776,133,1,19,341,2,1,34017.23,Success,UPI ID
TXN005777,5,2,16,818,2,1,8171.42,Success,QR Code
TXN005778,100,19,14,1955,1,1,59454.11,Success,Phone Number
TXN005779,73,14,12,1418,2,1,69226.16,Success,QR Code
TXN005780,37,7,11,302,2,1,20698.94,Success,QR Code
TXN005781,142,1,20,402,2,1,32294.88,Success,QR Code
TXN005782,105,1,12,775,2,1,62622.88,Success,UPI ID
TXN005783,55,16,9,1140,2,2,25686.95,Failed,QR Code
TXN005784,39,10,4,1745,1,1,20924.92,Success,QR Code
TXN005785,147,17,14,1631,2,1,64227.05,Success,UPI ID
TXN005786,57,7,1,1829,2,1,71819.39,Success,UPI ID
TXN005787,146,8,11,725,2,1,17163.83,Success,QR Code
TXN005788,110,19,6,1463,1,1,68713.06,Success,Phone Number
TXN005789,9,14,19,174,1,1,34072.39,Success,UPI ID
TXN005790,77,17,14,209,2,1,53846.89,Success,Phone Number
TXN005791,140,5,5,135,1,1,23727.88,Success,UPI ID
TXN005792,135,14,18,72,1,3,70881.05,Success,UPI ID
TXN005793,47,3,1,1524,2,2,40786.92,Success,QR Code
TXN005794,123,19,17,1207,1,1,60468.64,Success,QR Code
TXN005795,118,5,13,1945,2,1,28636.68,Success,UPI ID
TXN005796,75,11,3,1852,2,2,29548.91,Success,QR Code
TXN005797,69,4,15,1464,1,1,47469.4,Success,UPI ID
TXN005798,58,17,9,1152,2,1,30937.91,Success,QR Code
TXN005799,138,11,6,1845,1,2,1994.93,Failed,QR Code
TXN005800,63,1,7,1915,1,1,44763.95,Success,UPI ID
TXN005801,113,4,5,414,2,1,19894.82,Success,QR Code
TXN005802,143,12,17,1332,2,1,1318.52,Success,Phone Number
TXN005803,17,10,5,153,2,4,56318.94,Success,QR Code
TXN005804,116,2,11,2074,1,1,65652.52,Success,UPI ID
TXN005805,73,3,3,869,2,1,69090.49,Success,UPI ID
TXN005806,24,10,8,1012,1,1,50846.41,Success,UPI ID
TXN005807,37,12,12,1688,2,1,48092.19,Success,UPI ID
TXN005808,107,20,15,65,2,1,58481.89,Success,QR Code
TXN005809,94,20,12,548,2,1,5188.26,Success,UPI ID
TXN005810,6,16,11,1530,2,1,47500.35,Failed,QR Code
TXN005811,97,16,13,1469,1,1,6298.09,Success,QR Code
TXN005812,45,16,10,2041,2,1,2745.95,Success,QR Code
TXN005813,12,19,9,1803,1,1,43909.02,Failed,QR Code
TXN005814,77,8,6,275,2,1,17370.42,Success,Phone Number
TXN005815,150,13,16,1605,2,1,58370.81,Success,Phone Number
TXN005816,104,1,10,1208,2,1,73032.15,Success,QR Code
TXN005817,30,10,4,320,1,1,56922.64,Success,Phone Number
TXN005818,150,1,2,796,1,1,39842.87,Success,QR Code
TXN005819,118,18,18,1819,2,3,71770.48,Success,QR Code
TXN005820,85,5,5,1428,1,4,69793.07,Failed,QR Code
TXN005821,76,6,10,209,2,1,29196.17,Success,QR Code
TXN005822,70,15,12,71,2,2,39591.54,Success,UPI ID
TXN005823,32,9,6,1644,2,1,63145.58,Success,QR Code
TXN005824,88,3,15,146,2,1,34245.76,Success,UPI ID
TXN005825,35,14,5,942,2,1,39715.49,Success,QR Code
TXN005826,127,3,8,1167,2,1,29271.58,Success,QR Code
TXN005827,3,14,2,1720,2,3,67180.92,Success,Phone Number
TXN005828,114,3,7,1545,2,1,61565.61,Success,QR Code
TXN005829,25,18,14,2046,2,1,70230.37,Success,Phone Number
TXN005830,123,9,8,1956,2,1,14670.45,Failed,QR Code
TXN005831,98,13,13,1531,1,1,40126.76,Success,QR Code
TXN005832,84,8,10,1528,2,2,36953.58,Failed,QR Code
TXN005833,110,12,13,452,1,1,9720.11,Success,UPI ID
TXN005834,2,9,1,1058,2,1,31716.23,Success,QR Code
TXN005835,37,14,20,284,1,1,26561.13,Success,UPI ID
TXN005836,79,1,1,1376,1,1,9719.79,Failed,UPI ID
TXN005837,17,10,7,327,1,3,51164.47,Success,Phone Number
TXN005838,12,6,12,1704,2,2,28783.92,Success,Phone Number
TXN005839,118,3,1,1550,2,3,20344.46,Success,QR Code
TXN005840,49,2,1,1628,1,2,27924.61,Success,QR Code
TXN005841,37,10,6,1834,2,1,32783.06,Success,QR Code
TXN005842,73,20,4,786,1,1,61436.09,Success,QR Code
TXN005843,138,6,9,1278,2,3,27823.13,Success,QR Code
TXN005844,1,4,1,170,2,1,57997.3,Success,QR Code
TXN005845,48,15,13,124,2,1,33855.93,Success,QR Code
TXN005846,19,7,3,915,2,1,24516.66,Success,QR Code
TXN005847,77,3,15,431,2,1,55972.48,Success,QR Code
TXN005848,136,14,15,725,2,1,25994.86,Success,QR Code
TXN005849,85,19,19,327,1,1,52070.9,Success,QR Code
TXN005850,54,13,7,50,1,1,63250.46,Success,QR Code
TXN005851,105,20,14,1631,2,1,24844.26,Success,QR Code
TXN005852,28,8,20,387,2,1,69339.0,Success,QR Code
TXN005853,117,16,2,1265,2,1,57721.93,Success,QR Code
TXN005854,44,4,5,1301,2,1,2744.93,Success,Phone Number
TXN005855,150,5,9,474,2,3,9734.91,Success,UPI ID
TXN005856,85,11,3,873,1,1,32090.94,Success,QR Code
TXN005857,78,2,14,1782,2,2,23872.41,Success,Phone Number
TXN005858,51,9,17,76,1,1,20546.98,Success,Phone Number
TXN005859,55,6,18,305,2,1,51262.17,Success,QR Code
TXN005860,10,3,12,1703,2,1,57266.4,Success,QR Code
TXN005861,59,19,15,1630,1,1,60482.64,Success,QR Code
TXN005862,69,2,15,2154,2,1,73901.2,Success,QR Code
TXN005863,10,9,18,2039,1,1,16433.76,Success,QR Code
TXN005864,108,14,19,1090,2,1,49222.91,Success,QR Code
TXN005865,139,1,16,1139,2,1,44453.95,Failed,QR Code
TXN005866,90,20,16,2128,2,1,375.26,Success,Phone Number
TXN005867,100,18,5,532,2,1,28689.33,Success,Phone Number
TXN005868,62,11,2,1602,2,1,72084.09,Success,UPI ID
TXN005869,46,1,11,348,1,1,14577.32,Failed,QR Code
TXN005870,26,13,13,1788,2,3,48550.77,Success,UPI ID
TXN005871,138,17,1,1945,2,1,21832.98,Success,QR Code
TXN005872,141,19,18,2122,2,1,43915.47,Success,QR Code
TXN005873,108,1,12,277,2,3,28421.25,Success,UPI ID
TXN005874,124,13,9,337,2,4,1427.96,Success,UPI ID
TXN005875,114,16,13,774,2,1,69244.52,Success,UPI ID
TXN005876,102,13,8,1785,2,1,10695.55,Success,Phone Number
TXN005877,16,13,15,1205,2,1,46044.03,Failed,QR Code
TXN005878,147,6,1,1851,1,1,2925.01,Success,UPI ID
TXN005879,127,16,3,1304,2,1,4362.5,Success,Phone Number
TXN005880,113,19,19,1520,2,1,28094.12,Success,UPI ID
TXN005881,89,5,18,762,1,1,44508.0,Success,Phone Number
TXN005882,89,2,10,1944,2,1,70180.1,Success,UPI ID
TXN005883,89,19,2,1075,1,1,40042.78,Success,UPI ID
TXN005884,50,6,9,465,1,1,57920.08,Failed,UPI ID
TXN005885,52,6,3,649,2,1,58595.38,Success,Phone Number
TXN005886,118,8,20,7,2,1,6373.95,Success,UPI ID
TXN005887,142,9,14,819,2,1,119.25,Success,Phone Number
TXN005888,59,1,17,653,2,2,66849.05,Success,QR Code
TXN005889,18,9,12,301,2,1,26329.51,Success,Phone Number
TXN005890,35,13,4,119,2,1,23266.81,Success,Phone Number
TXN005891,90,1,14,828,2,1,36588.66,Success,Phone Number
TXN005892,95,6,13,710,2,1,55170.89,Success,UPI ID
TXN005893,127,15,14,260,1,1,45324.82,Success,QR Code
TXN005894,84,6,5,81,2,1,12445.69,Success,QR Code
TXN005895,16,4,14,1641,2,2,59339.19,Success,QR Code
TXN005896,96,10,20,1691,2,1,42397.48,Failed,UPI ID
TXN005897,105,15,3,311,2,1,21724.4,Success,QR Code
TXN005898,76,18,4,324,2,1,11364.17,Success,Phone Number
TXN005899,3,16,18,1519,2,1,41841.62,Success,QR Code
TXN005900,69,14,9,1829,2,1,69405.83,Failed,UPI ID
TXN005901,14,3,1,1640,2,2,21733.05,Success,UPI ID
TXN005902,140,8,7,944,2,1,2033.17,Success,UPI ID
TXN005903,45,9,20,483,2,1,45415.56,Success,UPI ID
TXN005904,69,2,20,995,2,1,29102.94,Success,QR Code
TXN005905,2,18,1,854,2,1,59511.14,Success,QR Code
TXN005906,89,2,20,851,1,2,21927.47,Success,Phone Number
TXN005907,32,4,15,2187,2,1,23139.35,Success,QR Code
TXN005908,67,12,16,1512,2,1,6260.58,Success,QR Code
TXN005909,34,9,3,1517,1,2,1222.84,Success,UPI ID
TXN005910,13,20,13,125,2,1,27934.0,Success,Phone Number
TXN005911,122,6,4,1570,1,1,20999.99,Success,QR Code
TXN005912,118,12,13,792,2,1,49559.91,Success,Phone Number
TXN005913,137,18,11,1488,1,1,40887.71,Success,QR Code
TXN005914,132,18,1,559,2,1,21510.64,Success,UPI ID
TXN005915,84,3,20,1937,1,1,454.87,Success,QR Code
TXN005916,84,11,3,2000,2,1,2386.83,Success,QR Code
TXN005917,61,11,3,298,1,2,41801.52,Success,Phone Number
TXN005918,90,5,7,1983,2,2,1954.7,Success,QR Code
TXN005919,49,12,6,507,2,1,73212.71,Failed,QR Code
TXN005920,67,18,13,590,1,2,30187.11,Success,UPI ID
TXN005921,64,12,2,1912,2,1,66377.96,Success,QR Code
TXN005922,66,16,2,643,1,4,68525.71,Success,QR Code
TXN005923,119,4,16,257,1,1,42122.6,Success,QR Code
TXN005924,126,14,12,1973,2,1,21396.08,Success,UPI ID
TXN005925,29,3,15,812,2,2,9093.83,Success,QR Code
TXN005926,39,16,1,1782,2,1,60737.51,Success,UPI ID
TXN005927,83,19,10,734,1,1,42016.6,Success,Phone Number
TXN005928,75,4,8,733,2,1,38361.57,Success,UPI ID
TXN005929,148,7,16,2004,2,1,7548.73,Success,Phone Number
TXN005930,45,20,11,1893,2,1,61620.7,Success,QR Code
TXN005931,6,5,1,2040,2,1,11975.54,Success,QR Code
TXN005932,117,12,4,342,2,1,21443.93,Success,QR Code
TXN005933,69,17,12,354,2,2,50221.27,Failed,QR Code
TXN005934,62,7,20,486,2,1,37462.17,Success,UPI ID
TXN005935,28,17,2,2044,2,3,31278.5,Success,Phone Number
TXN005936,53,2,14,988,2,1,23147.52,Success,UPI ID
TXN005937,12,2,13,683,2,1,4971.79,Success,QR Code
TXN005938,18,1,16,1434,2,1,13354.94,Success,QR Code
TXN005939,24,5,8,2068,1,1,50086.26,Success,Phone Number
TXN005940,94,1,3,1205,2,1,4725.93,Success,Phone Number
TXN005941,27,4,3,1139,1,1,41926.83,Success,Phone Number
TXN005942,20,10,6,1557,2,2,18100.67,Success,QR Code
TXN005943,42,3,15,1124,2,2,53037.6,Failed,QR Code
TXN005944,84,1,7,159,2,1,63506.51,Success,UPI ID
TXN005945,12,11,19,563,2,1,557.14,Success,UPI ID
TXN005946,123,1,3,1789,1,1,55389.07,Success,UPI ID
TXN005947,37,12,11,974,2,2,24994.94,Success,QR Code
TXN005948,99,20,9,1999,2,4,35348.62,Success,QR Code
TXN005949,48,14,13,1036,1,1,61303.83,Success,QR Code
TXN005950,129,4,2,817,2,1,23431.92,Success,Phone Number
TXN005951,124,15,15,2051,2,1,10656.44,Failed,UPI ID
TXN005952,93,16,3,439,2,1,26759.93,Success,QR Code
TXN005953,85,18,19,1853,2,1,46419.01,Success,QR Code
TXN005954,45,19,5,2110,2,1,50571.9,Failed,UPI ID
TXN005955,105,10,20,1681,1,1,30991.34,Success,QR Code
TXN005956,141,7,17,1633,2,1,21317.12,Success,Phone Number
TXN005957,72,4,10,1367,1,1,71614.54,Success,QR Code
TXN005958,97,14,17,1476,2,1,27374.32,Success,Phone Number
TXN005959,54,17,4,1806,2,1,35005.12,Success,QR Code
TXN005960,99,14,17,557,2,1,44331.92,Success,QR Code
TXN005961,114,20,17,2111,2,1,25651.62,Success,QR Code
TXN005962,89,20,9,1193,2,1,43601.65,Success,QR Code
TXN005963,150,2,9,439,2,1,15979.25,Success,QR Code
TXN005964,66,7,7,1001,2,1,63880.42,Success,Phone Number
TXN005965,145,8,9,868,2,2,10775.71,Success,Phone Number
TXN005966,6,11,20,1454,1,1,6473.62,Failed,QR Code
TXN005967,13,20,19,2088,2,1,4648.95,Success,QR Code
TXN005968,82,1,14,1540,2,3,4791.52,Failed,QR Code
TXN005969,131,7,12,432,2,1,53310.68,Success,QR Code
TXN005970,12,16,18,543,2,1,23914.91,Success,Phone Number
TXN005971,43,17,5,2005,2,1,63171.52,Failed,UPI ID
TXN005972,12,20,14,885,1,1,13682.87,Success,UPI ID
TXN005973,47,2,20,1867,2,1,69510.71,Success,UPI ID
TXN005974,89,9,5,1489,2,2,55297.07,Success,UPI ID
TXN005975,123,8,12,1727,2,1,39732.4,Success,Phone Number
TXN005976,46,9,19,86,2,4,3992.0,Success,Phone Number
TXN005977,140,18,2,1621,2,3,13164.09,Success,QR Code
TXN005978,50,11,13,1193,1,1,45423.69,Success,UPI ID
TXN005979,125,19,4,1124,2,4,31950.89,Failed,QR Code
TXN005980,63,13,15,1374,2,1,1233.45,Success,QR Code
TXN005981,7,5,3,1687,2,1,58369.42,Success,QR Code
TXN005982,3,12,10,1458,1,1,11672.23,Success,Phone Number
TXN005983,45,19,20,535,1,1,48075.9,Success,Phone Number
TXN005984,126,6,13,1338,2,1,11766.51,Success,QR Code
TXN005985,119,10,2,888,2,1,53155.54,Success,QR Code
TXN005986,54,14,17,1981,2,3,24582.02,Success,UPI ID
TXN005987,62,5,19,1102,1,1,31258.24,Success,QR Code
TXN005988,13,19,1,1792,1,1,30024.8,Failed,Phone Number
TXN005989,17,1,14,295,2,1,46660.1,Success,QR Code
TXN005990,139,7,19,1694,1,3,64201.03,Success,QR Code
TXN005991,53,6,8,1985,2,2,28193.02,Failed,QR Code
TXN005992,109,6,10,451,2,1,35417.42,Success,QR Code
TXN005993,76,2,16,423,1,1,57136.59,Success,QR Code
TXN005994,17,11,6,1317,2,2,8767.3,Success,Phone Number
TXN005995,57,16,20,865,2,3,1250.39,Success,QR Code
TXN005996,138,18,6,1718,2,2,65520.94,Success,QR Code
TXN005997,33,18,10,1723,2,1,4174.3,Success,Phone Number
TXN005998,38,4,19,618,2,1,24600.62,Failed,QR Code
TXN005999,71,20,1,435,2,1,34717.94,Success,QR Code
TXN006000,128,16,12,544,1,1,24716.89,Success,QR Code
