PolicyNumber,CustomerID,Name,City,Gender,Age,PolicyType,PolicyStartDate,PolicyEndDate,PremiumAmount,CoverageAmount,ClaimNumber,ClaimDate,ClaimAmount,ClaimStatus
P1,C1,Sneha Iyer,Chennai,Male,66,Auto,08-04-2023,07-04-2024,793.23,56350.15,CL1,14-05-2023,5761.06,Pending
P2,C2,Vivaan Patel,Pune,Male,49,Auto,08-08-2024,08-08-2025,1155.21,60345.04,CL2,28-11-2024,5169.5,Pending
P3,C3,Kunal Mehta,Chennai,Female,47,Auto,01-06-2025,01-06-2026,930.95,24127.61,CL3,,0,Rejected
P4,C4,Kunal Mehta,Pune,Female,25,Health,02-12-2025,02-12-2026,411.08,77597.95,CL4,29-11-2026,6855,Pending
P5,C5,Vihaan Reddy,Hyderabad,Male,57,Auto,02-05-2023,01-05-2024,430.99,40394.57,CL5,23-07-2023,3840.43,Settled
P6,C6,Vivaan Patel,Hyderabad,Female,49,Auto,04-09-2023,03-09-2024,1017.82,75608.45,CL6,,0,Rejected
P7,C7,Aditya Verma,Hyderabad,Female,27,Travel,31-07-2025,31-07-2026,1038.28,89644.23,CL7,21-12-2025,6464.54,Rejected
P8,C8,Aditya Verma,Bengaluru,Male,62,Travel,01-11-2023,31-10-2024,1260.84,63567.64,CL8,10-02-2024,8475.78,Settled
P9,C9,Sai Kumar,Delhi,Female,66,Health,26-09-2025,26-09-2026,1170.73,26905.54,CL9,18-01-2026,4323.95,Pending
P10,C10,Kunal Mehta,Bengaluru,Male,34,Travel,10-02-2025,10-02-2026,512.75,23612.21,CL10,05-01-2026,7318.78,Pending
P11,C11,Kavya Reddy,Hyderabad,Male,73,Travel,11-09-2024,11-09-2025,892.49,40675.35,CL11,,0,Rejected
P12,C12,Pooja Sharma,Chandigarh,Male,60,Auto,30-10-2025,30-10-2026,1052.45,98406.73,CL12,16-03-2026,4849.47,Rejected
P13,C13,Rohan Desai,Bengaluru,Female,25,Auto,28-05-2024,28-05-2025,804.84,26921.79,CL13,28-11-2024,8894.71,Rejected
P14,C14,Vivaan Patel,Ahmedabad,Male,34,Auto,30-10-2024,30-10-2025,753.63,28693.87,CL14,19-04-2025,7406.17,Settled
P15,C15,Sneha Iyer,Lucknow,Female,37,Health,18-03-2023,17-03-2024,876.08,66378.27,CL15,30-07-2023,3751.41,Pending
P16,C16,Aditya Verma,Kolkata,Female,74,Travel,03-06-2025,03-06-2026,463.19,48607.47,CL16,11-10-2025,7400.73,Rejected
P17,C17,Neha Joshi,Indore,Male,52,Health,14-10-2023,13-10-2024,573.83,73375.46,CL17,25-10-2023,4461.05,Settled
P18,C18,Rohan Desai,Indore,Male,34,Health,02-11-2023,01-11-2024,341.44,76134.32,CL18,06-01-2024,1582.19,Settled
P19,C19,Priya Nair,Kolkata,Female,34,Health,09-07-2025,09-07-2026,717.52,69487.62,CL19,10-06-2026,5112.44,Rejected
P20,C20,Priya Nair,Lucknow,Female,56,Health,31-03-2023,30-03-2024,1386.1,55453.08,CL20,,0,Rejected
P21,C21,Arjun Nair,Chandigarh,Male,48,Travel,02-06-2025,02-06-2026,1335.06,84059.79,CL21,,0,Rejected
P22,C22,Sai Kumar,Hyderabad,Male,33,Auto,08-02-2025,08-02-2026,1285.32,69528.58,CL22,11-11-2025,7711.51,Pending
P23,C23,Rohan Desai,Bengaluru,Male,34,Travel,15-04-2024,15-04-2025,747.95,37814.43,CL23,23-12-2024,5316.34,Rejected
P24,C24,Rohan Desai,Chandigarh,Female,63,Travel,29-07-2024,29-07-2025,1155.48,69492.77,CL24,03-09-2024,7965.43,Rejected
P25,C25,Vihaan Reddy,Ahmedabad,Female,61,Auto,27-02-2024,26-02-2025,859.43,87458.18,CL25,25-06-2024,1625.67,Rejected
P26,C26,Neha Joshi,Kolkata,Male,75,Travel,25-05-2024,25-05-2025,1473.92,36281.94,CL26,,0,Rejected
P27,C27,Meera Kulkarni,Bengaluru,Female,26,Auto,04-09-2024,04-09-2025,829.14,85060.83,CL27,18-06-2025,4691.62,Rejected
P28,C28,Kunal Mehta,Pune,Female,57,Health,24-09-2023,23-09-2024,1111.22,54341.77,CL28,28-01-2024,2222.74,Rejected
P29,C29,Vihaan Reddy,Kolkata,Male,73,Health,28-12-2024,28-12-2025,1477.03,81103.01,CL29,,0,Rejected
P30,C30,Aarav Sharma,Mumbai,Male,51,Health,20-09-2023,19-09-2024,1310.21,40388.31,CL30,,0,Rejected
P31,C31,Meera Kulkarni,Pune,Female,69,Auto,12-09-2025,12-09-2026,398.94,63871.98,CL31,20-10-2025,2350.28,Settled
P32,C32,Aditya Verma,Lucknow,Female,38,Health,24-08-2025,24-08-2026,852.59,44946.35,CL32,,0,Rejected
P33,C33,Ananya Gupta,Kolkata,Female,50,Travel,04-11-2023,03-11-2024,718.88,95535.93,CL33,22-02-2024,8169.58,Settled
P34,C34,Aarav Sharma,Ahmedabad,Male,33,Travel,21-04-2025,21-04-2026,684.59,51577.87,CL34,28-12-2025,5563.18,Settled
P35,C35,Aditya Verma,Ahmedabad,Male,65,Auto,25-08-2025,25-08-2026,754.02,47861.3,CL35,,0,Rejected
P36,C36,Rohan Desai,Lucknow,Female,26,Health,28-12-2023,27-12-2024,457.44,37050.44,CL36,,0,Rejected
P37,C37,Sai Kumar,Mumbai,Female,44,Health,16-01-2024,15-01-2025,842.05,23971.57,CL37,26-12-2024,1282.94,Pending
P38,C38,Priya Nair,Lucknow,Female,49,Health,03-10-2023,02-10-2024,1412.19,69840.87,CL38,07-06-2024,6491.64,Settled
P39,C39,Sneha Iyer,Lucknow,Male,29,Health,14-07-2023,13-07-2024,1440.55,24050.14,CL39,,0,Rejected
P40,C40,Ananya Gupta,Delhi,Male,67,Health,21-05-2024,21-05-2025,496.6,91614.48,CL40,12-03-2025,2571.48,Settled
P41,C41,Vihaan Reddy,Chennai,Female,68,Health,29-09-2025,29-09-2026,583.97,37952.71,CL41,06-12-2025,4549.41,Rejected
P42,C42,Sai Kumar,Kolkata,Male,35,Health,28-08-2024,28-08-2025,330.8,28559.27,CL42,04-05-2025,1781.86,Settled
P43,C43,Aarav Sharma,Delhi,Male,71,Auto,13-06-2023,12-06-2024,459.06,57384.74,CL43,18-11-2023,5977.96,Rejected
P44,C44,Vivaan Patel,Bengaluru,Female,27,Auto,20-06-2024,20-06-2025,366.5,21627.61,CL44,15-08-2024,2999.15,Rejected
P45,C45,Neha Joshi,Mumbai,Male,50,Auto,20-10-2023,19-10-2024,709.93,32015.01,CL45,08-11-2023,7497.41,Settled
P46,C46,Kunal Mehta,Indore,Female,45,Auto,10-04-2024,10-04-2025,1000.46,42739.99,CL46,05-12-2024,4502.98,Pending
P47,C47,Sai Kumar,Delhi,Male,49,Auto,24-12-2023,23-12-2024,1033.22,33859.48,CL47,09-02-2024,8746.31,Settled
P48,C48,Ishita Singh,Hyderabad,Male,48,Auto,26-04-2025,26-04-2026,301.18,20673.38,CL48,,0,Rejected
P49,C49,Rohan Desai,Chennai,Male,28,Auto,06-02-2023,06-02-2024,470.49,46726.42,CL49,30-12-2023,4066.2,Rejected
P50,C50,Priya Nair,Kolkata,Female,59,Travel,01-11-2023,31-10-2024,342.48,69378.02,CL50,,0,Rejected
P51,C51,Sneha Iyer,Bengaluru,Female,27,Auto,09-01-2024,08-01-2025,857.51,50976.74,CL51,06-08-2024,8273.5,Rejected
P52,C52,Vivaan Patel,Mumbai,Male,47,Health,23-04-2023,22-04-2024,1122.28,34035.74,CL52,12-03-2024,6513.52,Pending
P53,C53,Pooja Sharma,Jaipur,Female,31,Travel,18-09-2025,18-09-2026,561.4,31696.16,CL53,09-03-2026,7273.24,Settled
P54,C54,Aarav Sharma,Chandigarh,Female,73,Health,18-07-2023,17-07-2024,1181.41,24700.58,CL54,,0,Rejected
P55,C55,Neha Joshi,Kolkata,Female,70,Auto,10-11-2025,10-11-2026,291.17,27440.9,CL55,,0,Rejected
P56,C56,Aditya Verma,Chennai,Male,56,Health,07-06-2024,07-06-2025,1279.76,71512.98,CL56,29-11-2024,9983.57,Rejected
P57,C57,Ananya Gupta,Indore,Female,71,Travel,14-05-2024,14-05-2025,338.51,68814.99,CL57,27-08-2024,3248.36,Settled
P58,C58,Priya Nair,Delhi,Male,29,Auto,08-07-2023,07-07-2024,532.22,64435.17,CL58,18-01-2024,2122.37,Pending
P59,C59,Vivaan Patel,Bengaluru,Female,47,Auto,21-09-2024,21-09-2025,337.68,99626.38,CL59,,0,Rejected
P60,C60,Aditya Verma,Jaipur,Male,56,Travel,04-12-2023,03-12-2024,907.5,81363.04,CL60,24-07-2024,6952.12,Rejected
P61,C61,Arjun Nair,Hyderabad,Male,58,Health,15-09-2023,14-09-2024,1487.99,85103.4,CL61,11-04-2024,7802.64,Rejected
P62,C62,Kunal Mehta,Ahmedabad,Female,73,Auto,06-05-2023,05-05-2024,483.07,26132.07,CL62,21-10-2023,1037.1,Rejected
P63,C63,Neha Joshi,Pune,Male,22,Travel,08-06-2024,08-06-2025,761.75,91639.6,CL63,05-03-2025,3473.86,Settled
P64,C64,Aarav Sharma,Bengaluru,Female,66,Health,16-11-2023,15-11-2024,362.4,79069.18,CL64,03-04-2024,4129.6,Settled
P65,C65,Meera Kulkarni,Delhi,Male,52,Health,16-04-2025,16-04-2026,1278.68,36945.33,CL65,21-01-2026,4629.82,Pending
P66,C66,Kunal Mehta,Pune,Female,53,Travel,17-11-2025,17-11-2026,527.65,77697.56,CL66,13-01-2026,6202.71,Pending
P67,C67,Kunal Mehta,Jaipur,Male,42,Auto,07-07-2024,07-07-2025,1194.18,46351,CL67,24-08-2024,8098.9,Settled
P68,C68,Kunal Mehta,Kolkata,Male,45,Travel,16-12-2025,16-12-2026,977.9,49955.21,CL68,,0,Rejected
P69,C69,Aditya Verma,Bengaluru,Female,47,Health,22-08-2025,22-08-2026,1050.43,61650.15,CL69,13-06-2026,7211.17,Settled
P70,C70,Arjun Nair,Hyderabad,Male,47,Health,11-11-2025,11-11-2026,1408.77,65561.69,CL70,17-08-2026,9482.03,Pending
P71,C71,Rohan Desai,Kolkata,Female,69,Auto,24-07-2024,24-07-2025,716.26,64696.31,CL71,21-10-2024,9358.43,Settled
P72,C72,Ananya Gupta,Mumbai,Female,69,Auto,13-03-2024,13-03-2025,710.84,52243,CL72,18-03-2024,9209.65,Settled
P73,C73,Ishita Singh,Ahmedabad,Male,64,Travel,04-01-2024,03-01-2025,884.91,33080.69,CL73,23-09-2024,6702.46,Rejected
P74,C74,Priya Nair,Ahmedabad,Female,58,Auto,15-10-2023,14-10-2024,1435.69,73945.77,CL74,25-08-2024,1316.21,Pending
P75,C75,Sneha Iyer,Jaipur,Male,42,Travel,05-08-2025,05-08-2026,1393.33,57098.99,CL75,20-03-2026,1139.14,Pending
P76,C76,Vihaan Reddy,Delhi,Male,46,Health,22-01-2025,22-01-2026,757.5,50155.14,CL76,03-01-2026,1367.14,Settled
P77,C77,Sai Kumar,Mumbai,Female,25,Health,16-09-2024,16-09-2025,742.84,78870.13,CL77,,0,Rejected
P78,C78,Rohan Desai,Lucknow,Female,50,Travel,18-04-2023,17-04-2024,1100.18,54993.17,CL78,26-08-2023,9356.65,Settled
P79,C79,Priya Nair,Bengaluru,Male,38,Health,24-12-2025,24-12-2026,933.42,44068.88,CL79,28-08-2026,8991.82,Rejected
P80,C80,Kavya Reddy,Jaipur,Female,48,Travel,26-08-2023,25-08-2024,654.98,86545.18,CL80,02-09-2023,4025.59,Pending
P81,C81,Arjun Nair,Chandigarh,Male,33,Health,20-04-2024,20-04-2025,1412.68,29906.88,CL81,07-04-2025,2952.88,Rejected
P82,C82,Arjun Nair,Lucknow,Male,51,Health,30-08-2023,29-08-2024,434.97,28848.58,CL82,25-05-2024,4068.09,Rejected
P83,C83,Sneha Iyer,Delhi,Male,52,Travel,07-02-2023,07-02-2024,1409.47,36206.61,CL83,25-04-2023,2855.78,Settled
P84,C84,Ishita Singh,Indore,Female,28,Health,15-04-2024,15-04-2025,1082.34,25007.93,CL84,05-11-2024,9159.85,Pending
P85,C85,Rohan Desai,Chennai,Female,34,Auto,11-08-2024,11-08-2025,503.29,36654.93,CL85,06-07-2025,2188.95,Settled
P86,C86,Aditya Verma,Pune,Male,46,Travel,21-06-2025,21-06-2026,377.47,28540.41,CL86,,0,Rejected
P87,C87,Priya Nair,Bengaluru,Male,33,Auto,15-12-2023,14-12-2024,467.09,32942.13,CL87,26-10-2024,4413.62,Pending
P88,C88,Sneha Iyer,Pune,Female,23,Travel,12-11-2024,12-11-2025,605.97,80553.38,CL88,19-01-2025,3898.54,Rejected
P89,C89,Rohan Desai,Jaipur,Male,41,Auto,20-06-2025,20-06-2026,910.12,36745.27,CL89,,0,Rejected
P90,C90,Kunal Mehta,Pune,Female,25,Health,10-02-2025,10-02-2026,471.66,67924.89,CL90,,0,Rejected
P91,C91,Neha Joshi,Kolkata,Male,24,Auto,10-03-2024,10-03-2025,1493.15,92245.51,CL91,18-11-2024,2448.56,Rejected
P92,C92,Vihaan Reddy,Ahmedabad,Female,58,Travel,18-10-2025,18-10-2026,1025.15,85857.01,CL92,21-11-2025,3776.61,Pending
P93,C93,Vihaan Reddy,Mumbai,Female,43,Health,23-04-2023,22-04-2024,311.76,37832.95,CL93,23-05-2023,7864.58,Rejected
P94,C94,Meera Kulkarni,Kolkata,Female,72,Auto,19-08-2025,19-08-2026,920.64,67617.92,CL94,21-10-2025,3501.41,Pending
P95,C95,Aditya Verma,Lucknow,Female,24,Health,23-08-2025,23-08-2026,383.28,70853.27,CL95,12-09-2025,1470.08,Rejected
P96,C96,Meera Kulkarni,Hyderabad,Male,73,Travel,08-02-2024,07-02-2025,921.74,48706.01,CL96,,0,Rejected
P97,C97,Aditya Verma,Jaipur,Female,35,Auto,02-07-2023,01-07-2024,780.99,43128.49,CL97,09-01-2024,1401.61,Settled
P98,C98,Rohan Desai,Kolkata,Female,31,Travel,21-08-2025,21-08-2026,834.12,88499.46,CL98,,0,Rejected
P99,C99,Pooja Sharma,Hyderabad,Female,23,Travel,21-02-2024,20-02-2025,1021.39,57622.36,CL99,16-06-2024,8462.99,Rejected
P100,C100,Ishita Singh,Delhi,Male,45,Travel,07-07-2024,07-07-2025,1157.49,63472.58,CL100,21-03-2025,1766.61,Settled
P101,C101,Aarav Sharma,Hyderabad,Female,29,Auto,21-01-2024,20-01-2025,1305.43,85075.08,CL101,,0,Rejected
P102,C102,Ananya Gupta,Lucknow,Female,54,Health,06-05-2024,06-05-2025,1392.52,42435.17,CL102,26-02-2025,8901.53,Pending
P103,C103,Neha Joshi,Bengaluru,Male,46,Health,07-07-2023,06-07-2024,282.89,24276.08,CL103,01-10-2023,4324.1,Pending
P104,C104,Aarav Sharma,Chennai,Male,58,Auto,23-08-2023,22-08-2024,1266.81,39986.55,CL104,30-09-2023,5477.03,Settled
P105,C105,Ananya Gupta,Hyderabad,Male,45,Travel,29-05-2025,29-05-2026,1413.85,45919.8,CL105,11-12-2025,1509.38,Settled
P106,C106,Kavya Reddy,Bengaluru,Female,71,Auto,25-02-2025,25-02-2026,274.05,93486.27,CL106,27-05-2025,5929.04,Pending
P107,C107,Aditya Verma,Indore,Female,54,Health,09-05-2025,09-05-2026,1157.11,64991.09,CL107,12-04-2026,8351.74,Pending
P108,C108,Sai Kumar,Chandigarh,Male,23,Health,29-11-2025,29-11-2026,1488.88,37103.92,CL108,26-09-2026,4280.81,Pending
P109,C109,Rohan Desai,Lucknow,Female,35,Travel,28-02-2024,27-02-2025,1312.1,62321.75,CL109,,0,Rejected
P110,C110,Arjun Nair,Kolkata,Female,65,Travel,24-07-2024,24-07-2025,395.24,74147.21,CL110,30-01-2025,6360.77,Settled
P111,C111,Vihaan Reddy,Mumbai,Male,23,Auto,18-04-2025,18-04-2026,392.54,27144.25,CL111,09-07-2025,7596.9,Rejected
P112,C112,Vihaan Reddy,Kolkata,Male,35,Auto,16-12-2024,16-12-2025,1237.42,95361.89,CL112,,0,Rejected
P113,C113,Aarav Sharma,Kolkata,Male,72,Health,06-03-2025,06-03-2026,1466.71,64572.54,CL113,06-03-2025,6037.44,Rejected
P114,C114,Sai Kumar,Indore,Female,65,Auto,04-08-2024,04-08-2025,1391.69,69855.2,CL114,19-10-2024,6714.91,Rejected
P115,C115,Meera Kulkarni,Hyderabad,Female,32,Health,12-05-2025,12-05-2026,904.67,41646.25,CL115,,0,Rejected
P116,C116,Kavya Reddy,Indore,Male,73,Travel,24-09-2024,24-09-2025,537.27,82176.19,CL116,24-08-2025,2693.78,Pending
P117,C117,Aarav Sharma,Pune,Male,21,Auto,21-11-2025,21-11-2026,443.55,64224.88,CL117,21-01-2026,4773.37,Rejected
P118,C118,Pooja Sharma,Ahmedabad,Male,67,Health,07-07-2024,07-07-2025,1269.09,89501.33,CL118,23-07-2024,5395.25,Rejected
P119,C119,Aditya Verma,Chennai,Female,21,Travel,19-10-2025,19-10-2026,521.57,32905.34,CL119,,0,Rejected
P120,C120,Sneha Iyer,Lucknow,Male,24,Health,05-05-2025,05-05-2026,775.55,81324.02,CL120,26-09-2025,9895.95,Settled
P121,C121,Pooja Sharma,Delhi,Male,52,Auto,04-09-2023,03-09-2024,1328.36,85633.3,CL121,,0,Rejected
P122,C122,Aditya Verma,Jaipur,Male,63,Travel,16-02-2025,16-02-2026,274.69,42938.39,CL122,,0,Rejected
P123,C123,Pooja Sharma,Mumbai,Male,29,Auto,13-06-2025,13-06-2026,613.12,96149.78,CL123,30-09-2025,2224.43,Settled
P124,C124,Kavya Reddy,Hyderabad,Female,51,Auto,09-09-2023,08-09-2024,1111.49,58566.38,CL124,19-08-2024,4508.99,Pending
P125,C125,Kunal Mehta,Indore,Male,37,Auto,30-04-2023,29-04-2024,551.04,52929.26,CL125,,0,Rejected
P126,C126,Neha Joshi,Lucknow,Female,56,Travel,02-08-2023,01-08-2024,403.53,63125.55,CL126,,0,Rejected
P127,C127,Kavya Reddy,Pune,Female,47,Travel,20-01-2024,19-01-2025,480.13,50986.58,CL127,,0,Rejected
P128,C128,Rohan Desai,Hyderabad,Female,46,Auto,10-07-2023,09-07-2024,1035.69,67341.39,CL128,24-04-2024,5689.86,Rejected
P129,C129,Arjun Nair,Chennai,Female,37,Health,07-07-2023,06-07-2024,748.95,86425.93,CL129,18-11-2023,3612.06,Settled
P130,C130,Sai Kumar,Lucknow,Male,42,Health,26-07-2023,25-07-2024,1162.07,56666.11,CL130,23-10-2023,8976.11,Settled
P131,C131,Neha Joshi,Lucknow,Female,54,Health,08-01-2024,07-01-2025,429.94,34889.24,CL131,,0,Rejected
P132,C132,Kavya Reddy,Lucknow,Female,58,Auto,24-05-2025,24-05-2026,366.99,44435.75,CL132,14-12-2025,2465.3,Settled
P133,C133,Vivaan Patel,Jaipur,Female,66,Travel,04-10-2024,04-10-2025,1118.73,85570.43,CL133,30-09-2025,1150.5,Rejected
P134,C134,Kunal Mehta,Bengaluru,Female,33,Health,20-07-2024,20-07-2025,285.49,29195.25,CL134,26-04-2025,7172.12,Rejected
P135,C135,Sneha Iyer,Bengaluru,Male,63,Health,11-12-2024,11-12-2025,682.19,57683.78,CL135,21-05-2025,1310.67,Settled
P136,C136,Vivaan Patel,Bengaluru,Female,70,Travel,10-03-2025,10-03-2026,804.86,46052.27,CL136,27-03-2025,2149.57,Pending
P137,C137,Kunal Mehta,Delhi,Female,30,Travel,15-07-2024,15-07-2025,297.16,29508.53,CL137,12-02-2025,5222.35,Rejected
P138,C138,Sai Kumar,Chandigarh,Female,32,Auto,02-06-2023,01-06-2024,1358.58,23582.8,CL138,28-01-2024,2671.46,Rejected
P139,C139,Ananya Gupta,Bengaluru,Female,27,Travel,26-06-2025,26-06-2026,332.38,92025.16,CL139,30-11-2025,8435.71,Rejected
P140,C140,Sneha Iyer,Chandigarh,Female,49,Travel,26-12-2024,26-12-2025,645.64,80318.07,CL140,,0,Rejected
P141,C141,Aditya Verma,Ahmedabad,Male,31,Auto,13-04-2023,12-04-2024,511.31,36349.23,CL141,14-05-2023,2639.31,Settled
P142,C142,Rohan Desai,Hyderabad,Male,37,Auto,21-11-2025,21-11-2026,1492.99,53734.78,CL142,10-05-2026,5567.63,Rejected
P143,C143,Priya Nair,Delhi,Female,60,Travel,23-09-2024,23-09-2025,1206.52,87861.82,CL143,,0,Rejected
P144,C144,Meera Kulkarni,Chennai,Female,68,Auto,27-10-2025,27-10-2026,820.01,52280.3,CL144,20-05-2026,6738.32,Rejected
P145,C145,Kunal Mehta,Jaipur,Female,54,Travel,03-09-2024,03-09-2025,904.51,78906,CL145,21-09-2024,4205.74,Rejected
P146,C146,Sneha Iyer,Jaipur,Female,27,Health,09-09-2024,09-09-2025,1277.15,97689.94,CL146,07-08-2025,1484.43,Pending
P147,C147,Vihaan Reddy,Ahmedabad,Female,44,Travel,04-12-2025,04-12-2026,881.05,64784.28,CL147,08-08-2026,4422.52,Pending
P148,C148,Vihaan Reddy,Kolkata,Male,72,Travel,04-02-2023,04-02-2024,715,72240.95,CL148,12-08-2023,4132.86,Settled
P149,C149,Meera Kulkarni,Bengaluru,Female,68,Auto,18-07-2024,18-07-2025,1381.27,91165,CL149,07-02-2025,8043.62,Pending
P150,C150,Rohan Desai,Pune,Male,62,Travel,06-12-2023,05-12-2024,275.88,27699.24,CL150,03-03-2024,7966.72,Rejected
P151,C151,Rohan Desai,Delhi,Male,71,Health,22-05-2024,22-05-2025,1407.44,67675.89,CL151,,0,Rejected
P152,C152,Aarav Sharma,Lucknow,Female,70,Auto,01-11-2023,31-10-2024,273.59,38175.85,CL152,16-03-2024,5745.01,Settled
P153,C153,Kavya Reddy,Mumbai,Male,69,Auto,03-08-2025,03-08-2026,997.75,42627.58,CL153,15-09-2025,5361.35,Settled
P154,C154,Vihaan Reddy,Chandigarh,Male,23,Auto,16-09-2025,16-09-2026,1115.25,57242.71,CL154,16-07-2026,1930.47,Rejected
P155,C155,Vivaan Patel,Chennai,Male,52,Health,16-08-2023,15-08-2024,1216.02,90271.78,CL155,27-05-2024,4200.7,Pending
P156,C156,Arjun Nair,Pune,Male,62,Auto,23-02-2025,23-02-2026,831.62,97192.26,CL156,,0,Rejected
P157,C157,Neha Joshi,Pune,Male,75,Health,24-11-2023,23-11-2024,1461.81,75395.62,CL157,,0,Rejected
P158,C158,Vihaan Reddy,Pune,Male,34,Travel,17-05-2024,17-05-2025,877.92,24418.13,CL158,,0,Rejected
P159,C159,Vihaan Reddy,Lucknow,Male,72,Travel,23-06-2025,23-06-2026,884.06,94708.62,CL159,16-11-2025,7842.38,Pending
P160,C160,Pooja Sharma,Bengaluru,Male,75,Health,15-12-2023,14-12-2024,706.17,52607.73,CL160,05-02-2024,7685.78,Settled
P161,C161,Kavya Reddy,Hyderabad,Female,57,Travel,19-12-2024,19-12-2025,1044.95,60252.68,CL161,10-05-2025,3729.98,Settled
P162,C162,Aarav Sharma,Chennai,Female,38,Travel,04-07-2025,04-07-2026,855.3,96026.69,CL162,16-07-2025,6271.45,Settled
P163,C163,Aarav Sharma,Jaipur,Male,29,Travel,07-08-2025,07-08-2026,1001.03,65653.35,CL163,04-10-2025,7146.71,Settled
P164,C164,Kavya Reddy,Lucknow,Female,42,Health,16-09-2024,16-09-2025,1026.86,38116.53,CL164,,0,Rejected
P165,C165,Priya Nair,Jaipur,Male,50,Travel,08-05-2024,08-05-2025,302.04,86608.21,CL165,,0,Rejected
P166,C166,Pooja Sharma,Jaipur,Male,51,Health,05-09-2024,05-09-2025,995.32,93709.16,CL166,21-09-2024,6196.44,Pending
P167,C167,Sneha Iyer,Chandigarh,Female,39,Travel,04-05-2025,04-05-2026,518.61,34076.14,CL167,01-08-2025,4922.43,Rejected
P168,C168,Neha Joshi,Chandigarh,Male,64,Auto,10-06-2025,10-06-2026,876.75,52062.84,CL168,,0,Rejected
P169,C169,Arjun Nair,Pune,Female,22,Travel,12-12-2024,12-12-2025,558.24,23467.28,CL169,27-10-2025,6902.03,Settled
P170,C170,Meera Kulkarni,Delhi,Female,67,Auto,18-03-2025,18-03-2026,765.96,90344.44,CL170,,0,Rejected
P171,C171,Kunal Mehta,Ahmedabad,Female,50,Travel,11-12-2023,10-12-2024,437.71,81205.87,CL171,13-09-2024,6941.92,Settled
P172,C172,Priya Nair,Chandigarh,Male,64,Travel,14-10-2025,14-10-2026,1172.55,76299.18,CL172,25-04-2026,7049.16,Settled
P173,C173,Vihaan Reddy,Chennai,Female,66,Auto,04-04-2025,04-04-2026,395.82,28334.81,CL173,24-02-2026,8084.21,Rejected
P174,C174,Ishita Singh,Ahmedabad,Male,34,Health,03-06-2023,02-06-2024,328.9,90458.87,CL174,22-09-2023,2972.67,Rejected
P175,C175,Meera Kulkarni,Indore,Male,53,Travel,28-04-2023,27-04-2024,538.34,21888.5,CL175,,0,Rejected
P176,C176,Arjun Nair,Kolkata,Female,47,Travel,21-05-2024,21-05-2025,837.27,26128.42,CL176,,0,Rejected
P177,C177,Pooja Sharma,Kolkata,Male,40,Auto,17-02-2023,17-02-2024,1186.68,24551.06,CL177,11-02-2024,4818.87,Settled
P178,C178,Sai Kumar,Pune,Female,22,Travel,24-12-2024,24-12-2025,1074.66,99535.39,CL178,10-12-2025,5325.79,Rejected
P179,C179,Ishita Singh,Chennai,Female,59,Travel,25-07-2024,25-07-2025,937.58,49384.54,CL179,,0,Rejected
P180,C180,Arjun Nair,Chennai,Male,50,Auto,31-05-2023,30-05-2024,1168.55,80691.24,CL180,07-02-2024,7399.09,Settled
P181,C181,Ananya Gupta,Lucknow,Male,66,Auto,21-11-2024,21-11-2025,1410.73,92966.15,CL181,05-03-2025,1316.61,Settled
P182,C182,Sai Kumar,Hyderabad,Male,67,Health,11-05-2024,11-05-2025,671.99,35204.61,CL182,29-08-2024,6070.99,Rejected
P183,C183,Pooja Sharma,Chennai,Female,30,Health,13-04-2023,12-04-2024,1205.28,94535.64,CL183,16-06-2023,4682.24,Settled
P184,C184,Meera Kulkarni,Mumbai,Male,43,Auto,30-01-2023,30-01-2024,946.77,44217.79,CL184,17-09-2023,2151.26,Pending
P185,C185,Meera Kulkarni,Chandigarh,Female,73,Health,10-08-2024,10-08-2025,545.94,51836.71,CL185,22-08-2024,4024.92,Pending
P186,C186,Kunal Mehta,Hyderabad,Male,22,Travel,08-11-2025,08-11-2026,1170.15,27837.75,CL186,,0,Rejected
P187,C187,Arjun Nair,Pune,Male,75,Auto,21-10-2025,21-10-2026,816.53,31117.16,CL187,28-07-2026,9985.48,Rejected
P188,C188,Kunal Mehta,Chennai,Female,33,Auto,09-08-2024,09-08-2025,1364.68,98007.22,CL188,21-12-2024,3000.34,Settled
P189,C189,Priya Nair,Ahmedabad,Female,67,Travel,22-10-2023,21-10-2024,755.37,79137.14,CL189,12-12-2023,7397.94,Settled
P190,C190,Kavya Reddy,Jaipur,Female,34,Travel,19-10-2024,19-10-2025,1327.55,83081.04,CL190,08-03-2025,3312.08,Rejected
P191,C191,Meera Kulkarni,Hyderabad,Male,66,Travel,11-01-2025,11-01-2026,1028.93,56316.97,CL191,20-04-2025,2834.84,Rejected
P192,C192,Aarav Sharma,Mumbai,Male,70,Travel,03-02-2025,03-02-2026,785.45,31046.06,CL192,22-11-2025,4031.81,Settled
P193,C193,Ananya Gupta,Lucknow,Female,66,Travel,28-01-2023,28-01-2024,705.26,78709.59,CL193,04-11-2023,4866.98,Pending
P194,C194,Pooja Sharma,Kolkata,Female,44,Travel,21-09-2023,20-09-2024,1447.6,34039.04,CL194,,0,Rejected
P195,C195,Vihaan Reddy,Chandigarh,Female,53,Health,19-09-2024,19-09-2025,864.28,99279.7,CL195,07-08-2025,8402.73,Pending
P196,C196,Ishita Singh,Indore,Female,75,Auto,02-09-2025,02-09-2026,909.47,26880.21,CL196,17-03-2026,7047.84,Pending
P197,C197,Sai Kumar,Bengaluru,Male,28,Health,28-05-2025,28-05-2026,252.98,96038.2,CL197,06-06-2025,2506.66,Pending
P198,C198,Vivaan Patel,Chennai,Female,74,Travel,14-08-2025,14-08-2026,1162.59,90281.6,CL198,,0,Rejected
P199,C199,Vihaan Reddy,Hyderabad,Female,33,Travel,07-02-2025,07-02-2026,841.62,87904.44,CL199,15-11-2025,5722.05,Settled
P200,C200,Ishita Singh,Ahmedabad,Male,54,Health,31-08-2025,31-08-2026,997.72,22454.33,CL200,,0,Rejected
P201,C201,Kunal Mehta,Bengaluru,Female,53,Auto,23-01-2023,23-01-2024,916.5,26227.77,CL201,18-02-2023,4212.29,Rejected
P202,C202,Kunal Mehta,Ahmedabad,Female,57,Health,16-12-2025,16-12-2026,411.7,68236.12,CL202,,0,Rejected
P203,C203,Kunal Mehta,Chandigarh,Female,71,Travel,08-07-2024,08-07-2025,1456.32,25043.37,CL203,05-08-2024,5569.36,Settled
P204,C204,Arjun Nair,Ahmedabad,Male,25,Health,05-11-2025,05-11-2026,597.43,56983.02,CL204,21-11-2025,5077.41,Settled
P205,C205,Aarav Sharma,Ahmedabad,Male,58,Health,17-05-2024,17-05-2025,274.36,23589.9,CL205,,0,Rejected
P206,C206,Sai Kumar,Lucknow,Female,56,Health,22-12-2024,22-12-2025,372.63,43081.46,CL206,,0,Rejected
P207,C207,Kavya Reddy,Jaipur,Female,29,Health,19-04-2023,18-04-2024,801.6,68895.91,CL207,06-04-2024,1893.73,Rejected
P208,C208,Kunal Mehta,Chennai,Male,51,Travel,09-03-2025,09-03-2026,826.02,59893.21,CL208,,0,Rejected
P209,C209,Sai Kumar,Bengaluru,Female,55,Health,24-05-2025,24-05-2026,825.82,75998.03,CL209,,0,Rejected
P210,C210,Pooja Sharma,Jaipur,Female,32,Health,12-07-2024,12-07-2025,694.77,39438.34,CL210,13-03-2025,1262.57,Pending
P211,C211,Meera Kulkarni,Delhi,Female,35,Travel,07-09-2025,07-09-2026,1417.71,35499.67,CL211,09-02-2026,6027.31,Settled
P212,C212,Aditya Verma,Hyderabad,Female,53,Auto,25-05-2025,25-05-2026,703.04,28068.09,CL212,18-01-2026,9751.07,Settled
P213,C213,Sneha Iyer,Chennai,Male,48,Auto,03-02-2025,03-02-2026,1440.33,20331,CL213,,0,Rejected
P214,C214,Aarav Sharma,Indore,Female,70,Health,01-04-2024,01-04-2025,1295.72,80000.59,CL214,03-04-2024,1471.32,Pending
P215,C215,Meera Kulkarni,Ahmedabad,Male,47,Health,01-09-2025,01-09-2026,1193.5,90339.43,CL215,,0,Rejected
P216,C216,Pooja Sharma,Delhi,Male,73,Health,11-06-2024,11-06-2025,869.31,77970.75,CL216,29-10-2024,5969.09,Rejected
P217,C217,Sneha Iyer,Kolkata,Male,53,Health,29-11-2025,29-11-2026,1099.86,46005.42,CL217,03-09-2026,7043.41,Rejected
P218,C218,Sneha Iyer,Lucknow,Female,41,Auto,21-10-2025,21-10-2026,1494.47,63887.29,CL218,25-01-2026,4713.67,Rejected
P219,C219,Ishita Singh,Delhi,Male,60,Travel,21-02-2023,21-02-2024,828.4,67236.75,CL219,16-10-2023,8920.83,Rejected
P220,C220,Kunal Mehta,Delhi,Male,30,Health,08-04-2025,08-04-2026,707.54,94496.53,CL220,06-03-2026,8779.96,Settled
P221,C221,Vihaan Reddy,Hyderabad,Male,59,Auto,17-02-2023,17-02-2024,737.47,92640.45,CL221,,0,Rejected
P222,C222,Sneha Iyer,Delhi,Male,72,Travel,21-09-2024,21-09-2025,419.11,64230.62,CL222,27-12-2024,9049,Settled
P223,C223,Priya Nair,Chandigarh,Female,46,Travel,29-12-2023,28-12-2024,709.8,39173.02,CL223,25-04-2024,8493.95,Settled
P224,C224,Meera Kulkarni,Lucknow,Female,43,Auto,10-10-2024,10-10-2025,527.28,81272.04,CL224,11-07-2025,4285.04,Rejected
P225,C225,Arjun Nair,Indore,Male,70,Travel,27-08-2023,26-08-2024,1297.24,22355.02,CL225,07-08-2024,5091.45,Settled
P226,C226,Priya Nair,Indore,Male,56,Auto,19-11-2023,18-11-2024,904.29,51204.01,CL226,24-07-2024,6650.14,Rejected
P227,C227,Rohan Desai,Chandigarh,Male,73,Health,12-02-2023,12-02-2024,1161.81,86407.43,CL227,07-09-2023,4051.95,Settled
P228,C228,Ishita Singh,Bengaluru,Male,41,Travel,15-09-2023,14-09-2024,1150.8,98159.89,CL228,,0,Rejected
P229,C229,Sneha Iyer,Pune,Female,51,Travel,08-03-2023,07-03-2024,1325.41,35392.75,CL229,,0,Rejected
P230,C230,Vivaan Patel,Bengaluru,Male,32,Travel,16-07-2025,16-07-2026,835.68,74881.82,CL230,15-12-2025,3247.68,Rejected
P231,C231,Kunal Mehta,Pune,Female,54,Auto,17-05-2025,17-05-2026,564.98,97621.69,CL231,23-08-2025,3930.31,Rejected
P232,C232,Meera Kulkarni,Chennai,Female,49,Auto,23-04-2024,23-04-2025,1215.04,41520.78,CL232,,0,Rejected
P233,C233,Pooja Sharma,Ahmedabad,Female,66,Health,16-05-2024,16-05-2025,292.3,44043.9,CL233,30-12-2024,1495.75,Pending
P234,C234,Pooja Sharma,Jaipur,Female,33,Travel,17-02-2025,17-02-2026,1327.86,54840.33,CL234,14-04-2025,8129.81,Rejected
P235,C235,Sai Kumar,Pune,Female,48,Auto,10-03-2023,09-03-2024,399.5,45573.59,CL235,26-06-2023,7483.22,Pending
P236,C236,Ishita Singh,Kolkata,Male,59,Travel,07-12-2023,06-12-2024,671.47,49481.49,CL236,30-04-2024,5504.8,Rejected
P237,C237,Pooja Sharma,Chennai,Male,53,Auto,18-05-2024,18-05-2025,970.13,97300.39,CL237,,0,Rejected
P238,C238,Meera Kulkarni,Pune,Male,59,Auto,12-07-2024,12-07-2025,281.34,43864.2,CL238,28-08-2024,6631.17,Pending
P239,C239,Sai Kumar,Bengaluru,Male,66,Health,13-05-2025,13-05-2026,803.98,74909.96,CL239,04-12-2025,5680.11,Settled
P240,C240,Neha Joshi,Pune,Male,36,Auto,04-11-2025,04-11-2026,1280.14,99225.98,CL240,21-08-2026,4770.91,Pending
P241,C241,Sai Kumar,Ahmedabad,Female,26,Auto,17-12-2023,16-12-2024,1267.83,74962.3,CL241,08-06-2024,8369.01,Rejected
P242,C242,Vivaan Patel,Ahmedabad,Male,45,Health,20-02-2024,19-02-2025,404.89,73784.89,CL242,,0,Rejected
P243,C243,Rohan Desai,Ahmedabad,Male,47,Health,05-03-2024,05-03-2025,1062.15,77995.79,CL243,30-12-2024,7427.27,Rejected
P244,C244,Vivaan Patel,Hyderabad,Male,30,Health,21-08-2025,21-08-2026,816.46,66181.33,CL244,22-09-2025,8534.52,Settled
P245,C245,Kavya Reddy,Jaipur,Male,34,Travel,05-06-2025,05-06-2026,322.82,99041.68,CL245,23-12-2025,6782.03,Rejected
P246,C246,Vihaan Reddy,Mumbai,Male,58,Travel,02-01-2025,02-01-2026,256.46,70098.16,CL246,,0,Rejected
P247,C247,Rohan Desai,Indore,Male,29,Travel,28-06-2024,28-06-2025,894.7,60931.32,CL247,30-03-2025,7322.03,Pending
P248,C248,Vivaan Patel,Bengaluru,Female,36,Auto,06-04-2025,06-04-2026,496.02,27431.06,CL248,07-08-2025,7561.29,Settled
P249,C249,Arjun Nair,Ahmedabad,Female,31,Health,25-09-2025,25-09-2026,1244.37,29591.45,CL249,,0,Rejected
P250,C250,Pooja Sharma,Kolkata,Male,31,Auto,10-10-2023,09-10-2024,1171.87,88785.08,CL250,19-08-2024,7432.34,Rejected
P251,C251,Ananya Gupta,Indore,Male,42,Health,13-08-2025,13-08-2026,1155.49,31410.41,CL251,27-11-2025,1002.37,Rejected
P252,C252,Kunal Mehta,Delhi,Male,23,Travel,16-09-2023,15-09-2024,1498.38,58815.43,CL252,28-08-2024,5502.98,Rejected
P253,C253,Ananya Gupta,Mumbai,Male,58,Travel,25-08-2024,25-08-2025,937.43,35506.49,CL253,26-06-2025,4940.03,Settled
P254,C254,Neha Joshi,Pune,Female,65,Auto,01-03-2025,01-03-2026,1222.21,20518.78,CL254,,0,Rejected
P255,C255,Vivaan Patel,Chandigarh,Female,41,Travel,27-04-2024,27-04-2025,497.12,95073.9,CL255,,0,Rejected
P256,C256,Sneha Iyer,Bengaluru,Female,34,Auto,08-05-2023,07-05-2024,606.5,56267.8,CL256,23-11-2023,6259.76,Pending
P257,C257,Aarav Sharma,Mumbai,Male,60,Auto,04-06-2023,03-06-2024,915.97,99869.95,CL257,12-04-2024,7621.15,Settled
P258,C258,Sai Kumar,Delhi,Male,54,Travel,29-10-2024,29-10-2025,1058.94,23315.97,CL258,14-03-2025,6535.91,Pending
P259,C259,Vihaan Reddy,Pune,Male,40,Health,18-07-2023,17-07-2024,724.26,94394.88,CL259,17-03-2024,1899.54,Rejected
P260,C260,Aarav Sharma,Indore,Female,72,Travel,14-03-2025,14-03-2026,598.58,83755.51,CL260,19-09-2025,4252.36,Rejected
P261,C261,Priya Nair,Delhi,Male,60,Health,23-04-2025,23-04-2026,585.41,75176.78,CL261,,0,Rejected
P262,C262,Vihaan Reddy,Pune,Female,46,Auto,06-05-2023,05-05-2024,305.06,63866.19,CL262,05-03-2024,1462.04,Settled
P263,C263,Pooja Sharma,Delhi,Female,54,Health,07-04-2023,06-04-2024,1202.72,64718.08,CL263,25-12-2023,3790.07,Rejected
P264,C264,Vihaan Reddy,Chandigarh,Female,66,Auto,05-07-2025,05-07-2026,1303.58,80523.55,CL264,,0,Rejected
P265,C265,Pooja Sharma,Mumbai,Female,43,Travel,05-05-2025,05-05-2026,1145.91,78295.69,CL265,10-11-2025,6349.88,Pending
P266,C266,Arjun Nair,Pune,Male,63,Health,03-11-2023,02-11-2024,1444.24,82807.5,CL266,12-02-2024,7706.96,Pending
P267,C267,Kavya Reddy,Pune,Female,72,Travel,24-01-2023,24-01-2024,929.44,85770.54,CL267,,0,Rejected
P268,C268,Arjun Nair,Indore,Male,36,Travel,28-07-2025,28-07-2026,266.06,53959.79,CL268,26-11-2025,8924.81,Rejected
P269,C269,Vihaan Reddy,Lucknow,Male,47,Travel,21-08-2023,20-08-2024,1337.64,28200.04,CL269,,0,Rejected
P270,C270,Kavya Reddy,Lucknow,Female,68,Auto,20-02-2025,20-02-2026,442.44,48165.49,CL270,01-09-2025,2860.07,Pending
P271,C271,Vivaan Patel,Delhi,Male,50,Auto,07-07-2025,07-07-2026,765.8,83198.74,CL271,21-08-2025,9069,Rejected
P272,C272,Pooja Sharma,Delhi,Male,56,Travel,16-01-2024,15-01-2025,1004.18,21836.58,CL272,09-08-2024,6640.36,Pending
P273,C273,Sai Kumar,Pune,Male,61,Travel,17-11-2024,17-11-2025,1326.74,46156.08,CL273,02-03-2025,2458.38,Pending
P274,C274,Kunal Mehta,Hyderabad,Female,44,Auto,22-02-2024,21-02-2025,520.41,97002.62,CL274,19-02-2025,8446.88,Rejected
P275,C275,Vivaan Patel,Indore,Male,51,Travel,01-07-2024,01-07-2025,1485.93,52792.82,CL275,,0,Rejected
P276,C276,Kavya Reddy,Mumbai,Male,47,Travel,10-06-2023,09-06-2024,740.17,52416.51,CL276,14-08-2023,4110.51,Rejected
P277,C277,Kunal Mehta,Kolkata,Male,62,Health,05-06-2025,05-06-2026,790.34,27696.69,CL277,,0,Rejected
P278,C278,Ishita Singh,Kolkata,Male,64,Health,03-12-2024,03-12-2025,324.64,36007.49,CL278,18-12-2024,9699.42,Pending
P279,C279,Ananya Gupta,Chennai,Male,28,Auto,29-07-2025,29-07-2026,1292.52,41806.21,CL279,,0,Rejected
P280,C280,Arjun Nair,Ahmedabad,Male,32,Auto,18-05-2023,17-05-2024,867.55,37656.35,CL280,13-06-2023,2002.89,Rejected
P281,C281,Kavya Reddy,Delhi,Male,29,Health,18-11-2024,18-11-2025,588.62,58943.33,CL281,05-08-2025,2356.12,Pending
P282,C282,Vivaan Patel,Bengaluru,Female,44,Health,02-10-2023,01-10-2024,518.84,49409.37,CL282,31-10-2023,6175.64,Pending
P283,C283,Meera Kulkarni,Bengaluru,Male,64,Auto,15-02-2023,15-02-2024,1067.3,37815.5,CL283,20-12-2023,3579.51,Settled
P284,C284,Ishita Singh,Pune,Female,64,Health,26-06-2023,25-06-2024,517.04,63080.19,CL284,,0,Rejected
P285,C285,Vihaan Reddy,Delhi,Male,26,Travel,24-10-2025,24-10-2026,589.08,66109.57,CL285,26-01-2026,4305.03,Rejected
P286,C286,Kavya Reddy,Chennai,Male,65,Auto,02-08-2025,02-08-2026,1437.23,99142.6,CL286,01-08-2026,5611.2,Rejected
P287,C287,Sneha Iyer,Chennai,Male,57,Health,22-10-2025,22-10-2026,465.82,63631.05,CL287,,0,Rejected
P288,C288,Priya Nair,Lucknow,Male,25,Health,25-10-2023,24-10-2024,1471.48,75158.93,CL288,,0,Rejected
P289,C289,Sai Kumar,Indore,Female,47,Health,26-09-2023,25-09-2024,1465.85,84123.11,CL289,19-05-2024,9756.22,Settled
P290,C290,Meera Kulkarni,Chandigarh,Female,52,Auto,19-07-2023,18-07-2024,794.71,22309.24,CL290,27-06-2024,3685.73,Rejected
P291,C291,Meera Kulkarni,Hyderabad,Male,35,Travel,02-10-2025,02-10-2026,1180.72,70731.21,CL291,28-10-2025,5125.74,Pending
P292,C292,Vivaan Patel,Indore,Female,56,Auto,06-06-2024,06-06-2025,1419.42,88814.24,CL292,,0,Rejected
P293,C293,Pooja Sharma,Lucknow,Female,26,Auto,01-10-2024,01-10-2025,767.22,74088.82,CL293,23-12-2024,5818.19,Rejected
P294,C294,Rohan Desai,Chennai,Female,24,Travel,06-08-2023,05-08-2024,959.1,65438.64,CL294,,0,Rejected
P295,C295,Rohan Desai,Ahmedabad,Female,37,Auto,14-04-2024,14-04-2025,392.44,42140.79,CL295,,0,Rejected
P296,C296,Vihaan Reddy,Hyderabad,Female,75,Health,22-11-2025,22-11-2026,962.67,80343.2,CL296,,0,Rejected
P297,C297,Neha Joshi,Delhi,Male,63,Health,19-11-2025,19-11-2026,1158.88,27117.15,CL297,,0,Rejected
P298,C298,Aarav Sharma,Pune,Female,68,Health,03-02-2024,02-02-2025,512.07,20113.27,CL298,24-04-2024,8677.25,Rejected
P299,C299,Aarav Sharma,Indore,Male,73,Travel,17-11-2024,17-11-2025,1489.07,91139.57,CL299,,0,Rejected
P300,C300,Rohan Desai,Pune,Female,56,Health,24-05-2024,24-05-2025,1336.6,69083.81,CL300,,0,Rejected
P301,C301,Rohan Desai,Hyderabad,Male,57,Travel,03-05-2025,03-05-2026,974.67,44844.47,CL301,22-03-2026,6766.88,Settled
P302,C302,Ananya Gupta,Ahmedabad,Female,30,Travel,27-06-2023,26-06-2024,277.63,44228.07,CL302,14-10-2023,5444.06,Rejected
P303,C303,Aarav Sharma,Chandigarh,Female,67,Health,19-04-2023,18-04-2024,1009.68,39646.4,CL303,18-02-2024,4778.26,Rejected
P304,C304,Sneha Iyer,Jaipur,Female,42,Travel,30-03-2024,30-03-2025,473.09,97799.75,CL304,,0,Rejected
P305,C305,Priya Nair,Kolkata,Female,41,Travel,09-08-2024,09-08-2025,1218.71,83402.01,CL305,,0,Rejected
P306,C306,Pooja Sharma,Hyderabad,Female,70,Auto,26-09-2025,26-09-2026,948.91,78077.98,CL306,,0,Rejected
P307,C307,Sneha Iyer,Kolkata,Female,49,Auto,14-07-2025,14-07-2026,339.25,23103.98,CL307,25-09-2025,6134.38,Rejected
P308,C308,Kunal Mehta,Hyderabad,Female,65,Auto,13-06-2025,13-06-2026,1070.34,53031.56,CL308,,0,Rejected
P309,C309,Vihaan Reddy,Ahmedabad,Female,43,Health,16-04-2023,15-04-2024,924.74,63567.55,CL309,23-03-2024,6954.07,Rejected
P310,C310,Rohan Desai,Indore,Male,26,Auto,11-10-2025,11-10-2026,1140.75,47761.56,CL310,,0,Rejected
P311,C311,Rohan Desai,Jaipur,Male,68,Auto,11-04-2023,10-04-2024,1078.32,95109.76,CL311,04-01-2024,9475.62,Rejected
P312,C312,Aarav Sharma,Bengaluru,Male,35,Auto,31-03-2025,31-03-2026,454.39,92321.55,CL312,29-12-2025,3273.16,Rejected
P313,C313,Kavya Reddy,Delhi,Female,39,Travel,21-03-2023,20-03-2024,407.01,64941.81,CL313,13-10-2023,6079.28,Rejected
P314,C314,Aarav Sharma,Delhi,Female,26,Auto,04-01-2023,04-01-2024,1325.08,54014.47,CL314,19-09-2023,4609.07,Settled
P315,C315,Kavya Reddy,Jaipur,Female,50,Travel,16-06-2023,15-06-2024,1433.72,20959.71,CL315,,0,Rejected
P316,C316,Ishita Singh,Delhi,Female,70,Travel,02-02-2025,02-02-2026,717.86,84172.81,CL316,30-09-2025,4699.59,Rejected
P317,C317,Kunal Mehta,Ahmedabad,Male,35,Auto,27-11-2023,26-11-2024,1468.07,64041.66,CL317,,0,Rejected
P318,C318,Aditya Verma,Bengaluru,Female,74,Travel,25-07-2025,25-07-2026,971.14,52259.65,CL318,29-08-2025,9653.5,Rejected
P319,C319,Vihaan Reddy,Kolkata,Male,56,Auto,01-01-2023,01-01-2024,1434.41,28718.81,CL319,19-10-2023,9900.69,Settled
P320,C320,Vivaan Patel,Jaipur,Male,52,Auto,30-09-2024,30-09-2025,1499.42,87874.21,CL320,11-03-2025,4089.32,Pending
P321,C321,Aarav Sharma,Indore,Male,49,Health,11-01-2023,11-01-2024,1318.74,35851.41,CL321,,0,Rejected
P322,C322,Aarav Sharma,Kolkata,Male,58,Health,09-11-2023,08-11-2024,1065.95,63277.93,CL322,,0,Rejected
P323,C323,Sai Kumar,Ahmedabad,Female,51,Health,25-09-2023,24-09-2024,857.83,41420.69,CL323,10-09-2024,8408.75,Settled
P324,C324,Ishita Singh,Jaipur,Female,34,Health,25-12-2025,25-12-2026,905.69,67826.71,CL324,,0,Rejected
P325,C325,Arjun Nair,Chandigarh,Female,41,Travel,20-03-2025,20-03-2026,858.5,64299.99,CL325,,0,Rejected
P326,C326,Aarav Sharma,Pune,Male,67,Auto,18-12-2023,17-12-2024,898.45,61719.61,CL326,15-08-2024,3019.36,Rejected
P327,C327,Kavya Reddy,Pune,Female,21,Auto,21-12-2023,20-12-2024,276.05,39048.64,CL327,27-08-2024,9185.2,Pending
P328,C328,Arjun Nair,Bengaluru,Female,33,Travel,06-02-2025,06-02-2026,1009.32,82337.75,CL328,28-08-2025,5442.82,Rejected
P329,C329,Kunal Mehta,Lucknow,Female,22,Travel,08-11-2024,08-11-2025,341.07,31929.04,CL329,12-09-2025,9443.95,Settled
P330,C330,Pooja Sharma,Bengaluru,Male,51,Travel,06-06-2024,06-06-2025,1322.72,60220.77,CL330,,0,Rejected
P331,C331,Neha Joshi,Kolkata,Female,37,Auto,20-12-2023,19-12-2024,1083.76,71197.03,CL331,16-11-2024,9025.03,Rejected
P332,C332,Sai Kumar,Delhi,Male,47,Auto,15-09-2023,14-09-2024,485.24,81004.36,CL332,,0,Rejected
P333,C333,Vihaan Reddy,Indore,Female,73,Auto,10-02-2025,10-02-2026,346.15,83584.27,CL333,04-02-2026,1619.82,Pending
P334,C334,Rohan Desai,Mumbai,Female,43,Auto,06-07-2023,05-07-2024,1132.08,66050.23,CL334,,0,Rejected
P335,C335,Aditya Verma,Hyderabad,Male,29,Health,23-03-2024,23-03-2025,534.79,48239.9,CL335,25-04-2024,7032.69,Rejected
P336,C336,Vivaan Patel,Indore,Male,25,Auto,31-07-2023,30-07-2024,632.62,69534.87,CL336,11-09-2023,9567.64,Pending
P337,C337,Aditya Verma,Jaipur,Female,52,Auto,10-03-2025,10-03-2026,984.75,31826.5,CL337,01-01-2026,7781.14,Pending
P338,C338,Aditya Verma,Lucknow,Female,25,Auto,16-07-2024,16-07-2025,1496.93,96946.97,CL338,19-11-2024,2294.71,Rejected
P339,C339,Priya Nair,Indore,Female,57,Travel,06-06-2024,06-06-2025,1352.8,94777.55,CL339,06-01-2025,1041.92,Pending
P340,C340,Meera Kulkarni,Kolkata,Female,48,Auto,29-09-2024,29-09-2025,1380.58,57978.53,CL340,01-09-2025,7842.28,Rejected
P341,C341,Priya Nair,Lucknow,Male,64,Travel,11-06-2025,11-06-2026,1351.1,47256.44,CL341,08-08-2025,3860.19,Pending
P342,C342,Priya Nair,Lucknow,Male,52,Travel,04-06-2025,04-06-2026,1236.99,83484.58,CL342,17-08-2025,4915.92,Pending
P343,C343,Kunal Mehta,Bengaluru,Male,27,Travel,07-06-2024,07-06-2025,962.02,43064.19,CL343,04-05-2025,2555.26,Pending
P344,C344,Neha Joshi,Mumbai,Female,51,Auto,14-03-2025,14-03-2026,1306.83,58304.85,CL344,04-09-2025,5386.09,Settled
P345,C345,Aarav Sharma,Lucknow,Female,66,Travel,02-11-2023,01-11-2024,724.83,25174.57,CL345,26-04-2024,9632.32,Pending
P346,C346,Kavya Reddy,Kolkata,Female,38,Auto,24-04-2025,24-04-2026,530.05,50736.36,CL346,,0,Rejected
P347,C347,Priya Nair,Chennai,Male,54,Health,29-10-2024,29-10-2025,1310.9,76292.52,CL347,02-11-2024,8709.27,Pending
P348,C348,Vihaan Reddy,Kolkata,Male,35,Health,29-12-2025,29-12-2026,272.17,50710.38,CL348,02-06-2026,3535.21,Settled
P349,C349,Kunal Mehta,Lucknow,Male,44,Travel,09-05-2024,09-05-2025,341.51,40950.95,CL349,04-05-2025,4835.94,Settled
P350,C350,Ananya Gupta,Pune,Female,68,Travel,14-10-2024,14-10-2025,542.84,49731.25,CL350,,0,Rejected
P351,C351,Kavya Reddy,Hyderabad,Female,58,Travel,12-04-2024,12-04-2025,1437.83,31929.36,CL351,26-01-2025,7094.34,Pending
P352,C352,Pooja Sharma,Pune,Female,67,Auto,14-06-2024,14-06-2025,1241.56,65233.21,CL352,18-12-2024,6636.78,Pending
P353,C353,Priya Nair,Chandigarh,Female,73,Health,03-05-2023,02-05-2024,267.82,31480.87,CL353,,0,Rejected
P354,C354,Kunal Mehta,Jaipur,Female,72,Travel,23-03-2025,23-03-2026,700.82,97649.79,CL354,,0,Rejected
P355,C355,Aditya Verma,Chandigarh,Female,55,Travel,20-05-2024,20-05-2025,868.27,60947.47,CL355,21-07-2024,1456.31,Settled
P356,C356,Vivaan Patel,Chandigarh,Female,35,Auto,20-04-2025,20-04-2026,1188.53,55992.56,CL356,29-11-2025,1173.65,Pending
P357,C357,Ananya Gupta,Mumbai,Male,65,Health,22-10-2025,22-10-2026,1088.15,61604.34,CL357,08-01-2026,5813.04,Rejected
P358,C358,Priya Nair,Delhi,Male,22,Travel,22-03-2025,22-03-2026,1112.53,20416.18,CL358,,0,Rejected
P359,C359,Sai Kumar,Jaipur,Female,55,Travel,03-07-2024,03-07-2025,257.43,48676.61,CL359,,0,Rejected
P360,C360,Kavya Reddy,Indore,Female,34,Travel,29-01-2024,28-01-2025,480.18,80406.48,CL360,14-12-2024,4219.48,Pending
P361,C361,Priya Nair,Jaipur,Female,22,Health,25-09-2023,24-09-2024,363.33,77978.72,CL361,29-10-2023,3050.37,Settled
P362,C362,Sai Kumar,Jaipur,Male,55,Travel,09-06-2023,08-06-2024,1479.3,35069.13,CL362,,0,Rejected
P363,C363,Pooja Sharma,Hyderabad,Male,55,Travel,19-11-2023,18-11-2024,1243.68,23983.31,CL363,25-05-2024,7754.65,Pending
P364,C364,Sneha Iyer,Hyderabad,Female,62,Travel,24-03-2024,24-03-2025,393.69,69742.28,CL364,08-09-2024,8474.18,Rejected
P365,C365,Rohan Desai,Lucknow,Female,46,Travel,28-01-2024,27-01-2025,1296.33,45191.64,CL365,,0,Rejected
P366,C366,Sai Kumar,Chennai,Male,52,Health,24-04-2023,23-04-2024,289.51,38939.81,CL366,,0,Rejected
P367,C367,Vihaan Reddy,Bengaluru,Female,38,Auto,14-06-2024,14-06-2025,837.86,56339,CL367,08-10-2024,1043.25,Rejected
P368,C368,Vihaan Reddy,Pune,Male,49,Auto,20-09-2025,20-09-2026,1032.99,27717.38,CL368,,0,Rejected
P369,C369,Priya Nair,Jaipur,Male,43,Travel,18-04-2025,18-04-2026,288.98,35466.59,CL369,01-10-2025,1606.37,Rejected
P370,C370,Ishita Singh,Chennai,Male,27,Auto,30-05-2025,30-05-2026,1076.17,98526,CL370,30-07-2025,4723.97,Pending
P371,C371,Meera Kulkarni,Hyderabad,Female,72,Auto,28-07-2024,28-07-2025,1123.31,84477.89,CL371,17-02-2025,7520.94,Rejected
P372,C372,Rohan Desai,Kolkata,Male,51,Travel,07-06-2023,06-06-2024,883.16,35759.23,CL372,08-03-2024,3473.33,Pending
P373,C373,Neha Joshi,Ahmedabad,Male,54,Travel,18-03-2025,18-03-2026,936.45,33541.85,CL373,,0,Rejected
P374,C374,Sneha Iyer,Hyderabad,Male,47,Auto,04-12-2024,04-12-2025,1284.08,22179.83,CL374,13-09-2025,1406.2,Pending
P375,C375,Priya Nair,Lucknow,Male,74,Auto,16-01-2023,16-01-2024,370.87,42721.39,CL375,14-08-2023,3516.86,Rejected
P376,C376,Aditya Verma,Ahmedabad,Male,71,Health,14-10-2024,14-10-2025,721.94,74585.89,CL376,05-06-2025,2362.41,Settled
P377,C377,Priya Nair,Mumbai,Female,67,Auto,06-10-2025,06-10-2026,403.94,23475.45,CL377,11-11-2025,6010.63,Pending
P378,C378,Neha Joshi,Jaipur,Female,39,Health,09-04-2023,08-04-2024,710.06,97806.89,CL378,20-03-2024,9548.07,Settled
P379,C379,Pooja Sharma,Indore,Female,65,Health,02-04-2023,01-04-2024,823.61,61454.53,CL379,,0,Rejected
P380,C380,Sai Kumar,Mumbai,Male,58,Auto,04-12-2023,03-12-2024,260.94,79648.41,CL380,06-07-2024,8619.23,Pending
P381,C381,Ananya Gupta,Kolkata,Female,41,Travel,04-03-2024,04-03-2025,1353.1,52877.57,CL381,,0,Rejected
P382,C382,Aditya Verma,Lucknow,Female,39,Travel,16-01-2024,15-01-2025,1177.9,72747.69,CL382,16-09-2024,5864.82,Rejected
P383,C383,Meera Kulkarni,Delhi,Male,40,Auto,10-04-2024,10-04-2025,945.92,36628.72,CL383,,0,Rejected
P384,C384,Kavya Reddy,Indore,Male,50,Auto,03-08-2023,02-08-2024,1152.62,69307.03,CL384,25-01-2024,4694.23,Rejected
P385,C385,Ananya Gupta,Chennai,Female,74,Health,06-08-2025,06-08-2026,410.38,21805.77,CL385,10-11-2025,3838.32,Settled
P386,C386,Kunal Mehta,Jaipur,Male,37,Health,18-05-2024,18-05-2025,1331.94,45735.8,CL386,27-06-2024,9465.2,Settled
P387,C387,Vivaan Patel,Chennai,Male,49,Health,11-11-2023,10-11-2024,903.41,35475.16,CL387,,0,Rejected
P388,C388,Sneha Iyer,Mumbai,Male,71,Travel,29-03-2023,28-03-2024,584.36,92422.02,CL388,18-11-2023,5359.47,Settled
P389,C389,Aarav Sharma,Ahmedabad,Male,45,Auto,08-04-2023,07-04-2024,896.95,20442.37,CL389,22-11-2023,4448.46,Rejected
P390,C390,Aarav Sharma,Delhi,Male,67,Health,03-05-2023,02-05-2024,1156.09,50218.96,CL390,31-10-2023,2740.51,Settled
P391,C391,Neha Joshi,Chennai,Female,74,Travel,17-10-2025,17-10-2026,846.76,65093.23,CL391,,0,Rejected
P392,C392,Sai Kumar,Bengaluru,Female,46,Travel,27-10-2025,27-10-2026,539.61,52989.02,CL392,,0,Rejected
P393,C393,Ishita Singh,Ahmedabad,Male,55,Health,14-08-2025,14-08-2026,298.82,78974.56,CL393,,0,Rejected
P394,C394,Sneha Iyer,Delhi,Female,42,Auto,08-08-2025,08-08-2026,1262.98,53813.33,CL394,15-02-2026,5920.8,Pending
P395,C395,Vivaan Patel,Indore,Male,48,Travel,23-05-2024,23-05-2025,937.4,55858.57,CL395,12-10-2024,5777.01,Settled
P396,C396,Aditya Verma,Bengaluru,Female,31,Health,24-12-2025,24-12-2026,763.13,43433.13,CL396,05-06-2026,8683.78,Settled
P397,C397,Kavya Reddy,Lucknow,Male,55,Travel,17-11-2025,17-11-2026,1022.6,22150.77,CL397,19-11-2025,3605.38,Rejected
P398,C398,Sai Kumar,Indore,Male,63,Travel,21-04-2025,21-04-2026,884.62,90748.34,CL398,27-08-2025,7707.97,Pending
P399,C399,Kunal Mehta,Hyderabad,Male,40,Travel,05-08-2025,05-08-2026,355.06,29526.63,CL399,14-01-2026,7966.63,Rejected
P400,C400,Meera Kulkarni,Indore,Male,39,Auto,05-03-2024,05-03-2025,531.72,74139.68,CL400,27-01-2025,5066.08,Pending
P401,C401,Vivaan Patel,Chennai,Male,21,Health,08-01-2023,08-01-2024,476.58,21425.82,CL401,,0,Rejected
P402,C402,Priya Nair,Chennai,Female,41,Travel,02-12-2025,02-12-2026,260.12,25952.87,CL402,24-10-2026,8850.18,Settled
P403,C403,Vihaan Reddy,Indore,Female,38,Health,20-03-2024,20-03-2025,1168.38,47251.5,CL403,06-08-2024,4477.48,Settled
P404,C404,Sai Kumar,Chandigarh,Male,33,Health,17-04-2024,17-04-2025,276.27,42048.97,CL404,,0,Rejected
P405,C405,Ananya Gupta,Delhi,Male,63,Health,17-04-2024,17-04-2025,292.37,37884.18,CL405,20-05-2024,5041.9,Settled
P406,C406,Ananya Gupta,Indore,Female,26,Auto,01-03-2023,29-02-2024,1077.29,27385.27,CL406,,0,Rejected
P407,C407,Kavya Reddy,Indore,Female,72,Travel,16-01-2023,16-01-2024,1215.06,72926.24,CL407,25-10-2023,2082.6,Rejected
P408,C408,Aditya Verma,Lucknow,Male,58,Travel,21-01-2024,20-01-2025,1225.06,73963.52,CL408,02-09-2024,7091.21,Rejected
P409,C409,Arjun Nair,Chennai,Female,62,Health,18-12-2024,18-12-2025,785.3,55969.6,CL409,29-11-2025,8106.94,Pending
P410,C410,Sai Kumar,Kolkata,Male,71,Travel,07-06-2025,07-06-2026,738.06,86220.39,CL410,15-10-2025,2370.23,Pending
P411,C411,Vihaan Reddy,Indore,Female,49,Auto,05-01-2025,05-01-2026,534.46,77511.91,CL411,,0,Rejected
P412,C412,Priya Nair,Chennai,Male,58,Travel,09-07-2025,09-07-2026,1133.37,25327.59,CL412,25-08-2025,8748.51,Pending
P413,C413,Aditya Verma,Lucknow,Male,70,Health,13-12-2024,13-12-2025,859.56,42840.45,CL413,24-10-2025,9069.94,Settled
P414,C414,Vivaan Patel,Bengaluru,Male,34,Travel,27-06-2023,26-06-2024,1498.74,86622.55,CL414,05-02-2024,5822.94,Settled
P415,C415,Vihaan Reddy,Indore,Female,25,Travel,23-02-2024,22-02-2025,478.3,41735.73,CL415,,0,Rejected
P416,C416,Pooja Sharma,Hyderabad,Male,31,Travel,04-09-2024,04-09-2025,787.77,76725.15,CL416,13-07-2025,2394.45,Settled
P417,C417,Kunal Mehta,Chennai,Male,68,Health,26-10-2023,25-10-2024,1127.3,54616.43,CL417,01-08-2024,5696.42,Pending
P418,C418,Sneha Iyer,Kolkata,Male,34,Travel,26-05-2023,25-05-2024,570.12,53922.47,CL418,,0,Rejected
P419,C419,Ishita Singh,Ahmedabad,Female,34,Health,13-10-2023,12-10-2024,868.82,34187.29,CL419,13-05-2024,2353.23,Settled
P420,C420,Sneha Iyer,Delhi,Male,42,Health,26-11-2025,26-11-2026,415.41,78909.06,CL420,22-03-2026,4479.39,Rejected
P421,C421,Vihaan Reddy,Hyderabad,Female,37,Auto,21-08-2024,21-08-2025,1134.17,97074.82,CL421,22-11-2024,6948.36,Pending
P422,C422,Ishita Singh,Chandigarh,Male,48,Auto,27-08-2024,27-08-2025,430.34,36663.21,CL422,,0,Rejected
P423,C423,Ishita Singh,Pune,Male,26,Health,18-07-2025,18-07-2026,804.63,47973.81,CL423,,0,Rejected
P424,C424,Meera Kulkarni,Ahmedabad,Female,60,Auto,30-07-2023,29-07-2024,613.11,38999.42,CL424,31-01-2024,6801.24,Settled
P425,C425,Priya Nair,Hyderabad,Male,25,Travel,12-11-2024,12-11-2025,732.79,49016.52,CL425,,0,Rejected
P426,C426,Vihaan Reddy,Kolkata,Male,35,Health,04-09-2023,03-09-2024,547.58,51757.92,CL426,12-06-2024,9050.53,Settled
P427,C427,Priya Nair,Bengaluru,Male,40,Health,19-05-2023,18-05-2024,991.77,81546.01,CL427,10-04-2024,3802.59,Settled
P428,C428,Neha Joshi,Bengaluru,Female,75,Auto,10-05-2024,10-05-2025,821.72,99650.69,CL428,,0,Rejected
P429,C429,Kavya Reddy,Lucknow,Male,42,Auto,14-11-2023,13-11-2024,922.69,99499.5,CL429,09-04-2024,9215.6,Settled
P430,C430,Ishita Singh,Kolkata,Female,62,Health,23-11-2024,23-11-2025,778.93,57270.04,CL430,,0,Rejected
P431,C431,Aarav Sharma,Hyderabad,Female,65,Auto,21-01-2023,21-01-2024,941.6,98497.38,CL431,08-07-2023,8222.85,Settled
P432,C432,Kunal Mehta,Delhi,Female,58,Travel,15-05-2024,15-05-2025,1183.84,49361.05,CL432,31-01-2025,6656.8,Settled
P433,C433,Kavya Reddy,Indore,Male,38,Auto,19-08-2024,19-08-2025,716.22,40109.96,CL433,,0,Rejected
P434,C434,Kavya Reddy,Ahmedabad,Male,72,Travel,26-06-2023,25-06-2024,712.8,29202.2,CL434,01-02-2024,5455.12,Pending
P435,C435,Meera Kulkarni,Chandigarh,Male,60,Health,08-07-2025,08-07-2026,987.4,60892.25,CL435,17-10-2025,5075.59,Settled
P436,C436,Ananya Gupta,Chandigarh,Female,60,Auto,19-10-2025,19-10-2026,1324.43,40826.52,CL436,12-07-2026,5879.1,Rejected
P437,C437,Kunal Mehta,Mumbai,Male,37,Travel,14-04-2025,14-04-2026,725.04,33684.96,CL437,,0,Rejected
P438,C438,Kavya Reddy,Pune,Female,58,Health,02-05-2023,01-05-2024,1356.39,60694.78,CL438,22-03-2024,5025.19,Rejected
P439,C439,Kavya Reddy,Mumbai,Female,34,Auto,21-01-2024,20-01-2025,599.98,35406.36,CL439,30-09-2024,5668.79,Rejected
P440,C440,Priya Nair,Chennai,Female,46,Auto,25-06-2025,25-06-2026,1011.88,31856.11,CL440,,0,Rejected
P441,C441,Ishita Singh,Pune,Male,34,Travel,01-10-2023,30-09-2024,373.22,74421.4,CL441,27-01-2024,9099.76,Rejected
P442,C442,Pooja Sharma,Kolkata,Male,56,Health,09-11-2023,08-11-2024,692.91,87081.32,CL442,29-11-2023,8336.95,Pending
P443,C443,Kavya Reddy,Delhi,Female,34,Auto,22-04-2025,22-04-2026,1284.36,59108.89,CL443,09-01-2026,1161.91,Pending
P444,C444,Ananya Gupta,Pune,Female,43,Auto,28-08-2025,28-08-2026,624.72,62434.13,CL444,,0,Rejected
P445,C445,Kunal Mehta,Delhi,Male,54,Health,20-01-2023,20-01-2024,480.01,99798.13,CL445,22-01-2023,6102.13,Settled
P446,C446,Aditya Verma,Kolkata,Female,44,Health,14-03-2025,14-03-2026,458.04,96682.53,CL446,05-12-2025,7849.29,Rejected
P447,C447,Neha Joshi,Hyderabad,Female,62,Travel,03-03-2025,03-03-2026,832.97,34176.64,CL447,,0,Rejected
P448,C448,Neha Joshi,Hyderabad,Female,44,Health,06-09-2024,06-09-2025,517.83,77231.16,CL448,,0,Rejected
P449,C449,Sneha Iyer,Bengaluru,Male,43,Health,21-12-2025,21-12-2026,1086.91,68937.73,CL449,01-03-2026,9246.34,Rejected
P450,C450,Sai Kumar,Jaipur,Female,25,Health,07-01-2023,07-01-2024,616.9,30188.01,CL450,,0,Rejected
P451,C451,Priya Nair,Pune,Female,61,Auto,20-05-2025,20-05-2026,752.24,22472.73,CL451,24-08-2025,1393.23,Pending
P452,C452,Aditya Verma,Indore,Female,27,Auto,07-11-2024,07-11-2025,582.4,32095.78,CL452,23-05-2025,9568.11,Settled
P453,C453,Priya Nair,Hyderabad,Male,66,Health,05-12-2024,05-12-2025,451.02,34037.42,CL453,01-07-2025,4625.79,Settled
P454,C454,Priya Nair,Indore,Female,49,Auto,03-07-2024,03-07-2025,1356.69,50904.76,CL454,19-10-2024,2940.38,Pending
P455,C455,Ananya Gupta,Jaipur,Male,25,Travel,11-10-2024,11-10-2025,1136.3,89056.16,CL455,,0,Rejected
P456,C456,Sai Kumar,Bengaluru,Female,69,Health,06-08-2024,06-08-2025,503.09,40246.19,CL456,23-04-2025,7127.68,Settled
P457,C457,Rohan Desai,Chandigarh,Male,45,Auto,21-06-2023,20-06-2024,772.57,68491.33,CL457,01-01-2024,6556.22,Rejected
P458,C458,Aarav Sharma,Bengaluru,Male,64,Auto,28-07-2025,28-07-2026,491.48,84062.12,CL458,05-11-2025,2056.74,Settled
P459,C459,Ananya Gupta,Lucknow,Female,60,Travel,29-07-2024,29-07-2025,1406.24,30699.79,CL459,23-10-2024,7981.28,Settled
P460,C460,Ishita Singh,Chennai,Female,60,Travel,18-12-2023,17-12-2024,1428.91,34447.23,CL460,,0,Rejected
P461,C461,Vihaan Reddy,Chandigarh,Male,60,Travel,18-11-2025,18-11-2026,1272.07,59911.04,CL461,09-09-2026,4373.7,Rejected
P462,C462,Pooja Sharma,Lucknow,Male,53,Auto,01-01-2024,31-12-2024,1176.79,35797.27,CL462,13-07-2024,9895.01,Settled
P463,C463,Vivaan Patel,Chennai,Female,43,Travel,15-01-2023,15-01-2024,1361.04,35571.46,CL463,19-06-2023,5972.01,Rejected
P464,C464,Kunal Mehta,Delhi,Female,30,Health,11-02-2024,10-02-2025,257.15,40231.81,CL464,09-06-2024,4248.86,Settled
P465,C465,Aditya Verma,Delhi,Male,27,Health,25-07-2025,25-07-2026,297.14,61133.31,CL465,07-01-2026,3920.52,Settled
P466,C466,Ishita Singh,Indore,Male,37,Travel,14-10-2025,14-10-2026,910.28,45673.56,CL466,06-07-2026,7651.47,Pending
P467,C467,Kunal Mehta,Kolkata,Male,29,Auto,09-07-2023,08-07-2024,441,86559.33,CL467,27-10-2023,8473.45,Rejected
P468,C468,Rohan Desai,Jaipur,Male,42,Travel,31-12-2025,31-12-2026,678,51636.88,CL468,,0,Rejected
P469,C469,Pooja Sharma,Chandigarh,Female,38,Travel,31-10-2024,31-10-2025,1317.44,90594.05,CL469,03-02-2025,7349.51,Rejected
P470,C470,Rohan Desai,Hyderabad,Female,66,Auto,02-06-2025,02-06-2026,1034.41,23253.14,CL470,16-07-2025,1715.89,Pending
P471,C471,Vihaan Reddy,Mumbai,Male,32,Auto,07-07-2023,06-07-2024,659.85,47575.21,CL471,10-04-2024,2959.19,Rejected
P472,C472,Ananya Gupta,Ahmedabad,Male,65,Travel,24-07-2023,23-07-2024,339.36,31960.18,CL472,20-02-2024,3541.68,Rejected
P473,C473,Aditya Verma,Indore,Male,57,Travel,31-12-2023,30-12-2024,654.7,63545.69,CL473,,0,Rejected
P474,C474,Pooja Sharma,Lucknow,Female,37,Auto,06-07-2025,06-07-2026,523.64,81467.39,CL474,,0,Rejected
P475,C475,Arjun Nair,Pune,Female,62,Health,03-11-2024,03-11-2025,411,95312.7,CL475,17-01-2025,4731,Rejected
P476,C476,Aditya Verma,Jaipur,Male,70,Auto,16-11-2025,16-11-2026,1158.73,22435.8,CL476,24-09-2026,8305.5,Pending
P477,C477,Priya Nair,Hyderabad,Female,46,Health,21-04-2024,21-04-2025,1111.19,46448.68,CL477,27-11-2024,9803.24,Settled
P478,C478,Priya Nair,Mumbai,Female,67,Auto,18-11-2025,18-11-2026,806.22,64502.04,CL478,03-07-2026,4476.11,Settled
P479,C479,Sai Kumar,Chennai,Male,52,Health,15-10-2025,15-10-2026,1165.33,48022.76,CL479,13-02-2026,2508.51,Settled
P480,C480,Rohan Desai,Hyderabad,Female,53,Travel,17-10-2025,17-10-2026,821.01,60849.63,CL480,,0,Rejected
P481,C481,Neha Joshi,Jaipur,Female,30,Auto,03-09-2024,03-09-2025,1264.52,73465.14,CL481,01-10-2024,3487.01,Settled
P482,C482,Aarav Sharma,Pune,Female,47,Travel,01-03-2024,01-03-2025,560.33,43263.99,CL482,26-03-2024,7723.54,Rejected
P483,C483,Aarav Sharma,Lucknow,Male,50,Health,13-03-2025,13-03-2026,1315.59,73728.45,CL483,18-01-2026,3942.28,Settled
P484,C484,Aditya Verma,Ahmedabad,Female,48,Travel,24-03-2024,24-03-2025,374.64,78029.8,CL484,07-02-2025,3167.67,Settled
P485,C485,Sai Kumar,Chennai,Male,65,Health,11-01-2025,11-01-2026,1016.15,68505.6,CL485,15-10-2025,1550.23,Pending
P486,C486,Kunal Mehta,Chandigarh,Male,26,Health,07-01-2024,06-01-2025,1252.45,39677.73,CL486,11-10-2024,5393.83,Pending
P487,C487,Vivaan Patel,Indore,Female,21,Auto,01-07-2024,01-07-2025,1185.9,42701.72,CL487,22-02-2025,6934.83,Rejected
P488,C488,Sai Kumar,Bengaluru,Male,42,Health,03-12-2023,02-12-2024,1019.89,22533.04,CL488,,0,Rejected
P489,C489,Kavya Reddy,Kolkata,Male,36,Travel,09-06-2024,09-06-2025,1451.66,54064.88,CL489,24-12-2024,4874.47,Pending
P490,C490,Arjun Nair,Kolkata,Female,24,Auto,16-01-2025,16-01-2026,714.66,65116.75,CL490,,0,Rejected
P491,C491,Sai Kumar,Pune,Female,39,Health,02-08-2024,02-08-2025,422.28,41896.74,CL491,17-08-2024,1853.07,Settled
P492,C492,Vivaan Patel,Pune,Male,62,Travel,13-05-2024,13-05-2025,973.32,55502.87,CL492,06-04-2025,8986,Pending
P493,C493,Neha Joshi,Chandigarh,Male,38,Auto,16-12-2023,15-12-2024,1272.25,58085.33,CL493,25-12-2023,6151.51,Settled
P494,C494,Arjun Nair,Ahmedabad,Male,65,Health,23-07-2025,23-07-2026,1387.44,50109.18,CL494,01-09-2025,1871.85,Settled
P495,C495,Sneha Iyer,Delhi,Female,55,Travel,03-05-2025,03-05-2026,1344.97,95001.3,CL495,,0,Rejected
P496,C496,Vihaan Reddy,Ahmedabad,Male,40,Health,24-10-2025,24-10-2026,864.45,52543.62,CL496,,0,Rejected
P497,C497,Sai Kumar,Ahmedabad,Male,28,Health,01-09-2024,01-09-2025,309.79,36015.92,CL497,26-04-2025,5802.87,Rejected
P498,C498,Priya Nair,Pune,Male,59,Auto,25-04-2025,25-04-2026,822.41,20095.53,CL498,02-02-2026,5267.08,Pending
P499,C499,Ishita Singh,Ahmedabad,Female,62,Health,26-03-2023,25-03-2024,488.6,42978.55,CL499,,0,Rejected
P500,C500,Kavya Reddy,Delhi,Female,73,Travel,16-10-2025,16-10-2026,1054.43,69049.41,CL500,07-04-2026,7564.26,Rejected
P501,C501,Ishita Singh,Kolkata,Male,39,Health,11-03-2025,11-03-2026,291.67,77990.52,CL501,27-04-2025,6452.26,Settled
P502,C502,Meera Kulkarni,Chandigarh,Male,22,Health,23-08-2023,22-08-2024,1175.38,41838.63,CL502,,0,Rejected
P503,C503,Kavya Reddy,Hyderabad,Female,41,Auto,19-05-2024,19-05-2025,256.89,76646.89,CL503,18-12-2024,7029.83,Pending
P504,C504,Ananya Gupta,Indore,Male,67,Travel,08-03-2023,07-03-2024,1079.72,69260.79,CL504,12-12-2023,4866.68,Rejected
P505,C505,Meera Kulkarni,Mumbai,Male,52,Auto,09-07-2023,08-07-2024,1079.9,47035.35,CL505,07-07-2024,9270.82,Pending
P506,C506,Priya Nair,Chandigarh,Male,37,Travel,09-03-2023,08-03-2024,688.39,64146.32,CL506,26-11-2023,1389.25,Rejected
P507,C507,Kunal Mehta,Ahmedabad,Male,64,Travel,15-05-2025,15-05-2026,1143.09,46017.89,CL507,09-12-2025,3793.17,Pending
P508,C508,Rohan Desai,Kolkata,Female,21,Travel,05-05-2024,05-05-2025,1267.08,56009.73,CL508,,0,Rejected
P509,C509,Meera Kulkarni,Lucknow,Female,62,Health,20-01-2024,19-01-2025,691.1,85247.91,CL509,19-09-2024,9474.56,Pending
P510,C510,Vivaan Patel,Chandigarh,Female,51,Auto,24-02-2024,23-02-2025,1353.75,47862.1,CL510,20-08-2024,9368.37,Rejected
P511,C511,Vivaan Patel,Bengaluru,Female,32,Travel,07-02-2023,07-02-2024,743.77,33020.4,CL511,14-04-2023,9928.56,Settled
P512,C512,Ishita Singh,Kolkata,Male,73,Travel,27-12-2023,26-12-2024,829.32,64423.34,CL512,01-05-2024,6238.96,Settled
P513,C513,Aditya Verma,Bengaluru,Female,66,Travel,11-07-2024,11-07-2025,1425.26,24085.4,CL513,05-03-2025,9081.89,Rejected
P514,C514,Aditya Verma,Chandigarh,Female,49,Auto,07-01-2025,07-01-2026,725.13,38134.29,CL514,,0,Rejected
P515,C515,Pooja Sharma,Chennai,Male,56,Travel,09-11-2025,09-11-2026,1465.78,95521.33,CL515,13-01-2026,8825.82,Pending
P516,C516,Aditya Verma,Bengaluru,Male,49,Auto,31-05-2024,31-05-2025,654.09,95758.32,CL516,15-11-2024,9419.3,Pending
P517,C517,Sai Kumar,Chandigarh,Male,27,Travel,18-10-2025,18-10-2026,326.12,45981.95,CL517,03-02-2026,2503.63,Settled
P518,C518,Aarav Sharma,Jaipur,Male,53,Auto,19-01-2025,19-01-2026,939.5,28848.33,CL518,18-12-2025,7230.33,Settled
P519,C519,Rohan Desai,Bengaluru,Male,23,Travel,19-06-2023,18-06-2024,487.75,57553.76,CL519,24-09-2023,2261.89,Pending
P520,C520,Vihaan Reddy,Pune,Female,73,Health,10-05-2024,10-05-2025,1042.63,75629.17,CL520,,0,Rejected
P521,C521,Ishita Singh,Indore,Female,33,Health,24-01-2025,24-01-2026,1418.19,68922,CL521,07-10-2025,1568.87,Rejected
P522,C522,Kunal Mehta,Ahmedabad,Female,65,Travel,29-03-2025,29-03-2026,672.06,73183.05,CL522,02-08-2025,6558.17,Pending
P523,C523,Neha Joshi,Pune,Female,47,Health,23-08-2024,23-08-2025,620.46,30220.2,CL523,20-03-2025,4864.28,Pending
P524,C524,Sai Kumar,Delhi,Male,47,Health,04-01-2023,04-01-2024,1288.61,82944.75,CL524,,0,Rejected
P525,C525,Sneha Iyer,Lucknow,Male,38,Travel,28-03-2023,27-03-2024,1296.95,68420.92,CL525,,0,Rejected
P526,C526,Kavya Reddy,Chandigarh,Female,62,Auto,15-04-2024,15-04-2025,1176.21,35232.16,CL526,,0,Rejected
P527,C527,Aarav Sharma,Hyderabad,Male,26,Auto,03-03-2024,03-03-2025,1336.97,23541.42,CL527,20-10-2024,2938.79,Rejected
P528,C528,Aarav Sharma,Indore,Female,45,Auto,20-05-2025,20-05-2026,942.65,46342.68,CL528,,0,Rejected
P529,C529,Meera Kulkarni,Kolkata,Female,33,Auto,28-10-2023,27-10-2024,1134.17,44623.6,CL529,10-08-2024,5627.62,Pending
P530,C530,Aarav Sharma,Kolkata,Female,21,Health,18-11-2025,18-11-2026,772.39,72935.03,CL530,,0,Rejected
P531,C531,Kunal Mehta,Indore,Male,55,Auto,01-01-2025,01-01-2026,1304.12,81912.66,CL531,24-09-2025,2940.9,Pending
P532,C532,Ananya Gupta,Bengaluru,Female,47,Travel,15-08-2025,15-08-2026,993.46,45499.67,CL532,14-02-2026,6139.95,Rejected
P533,C533,Vivaan Patel,Hyderabad,Female,21,Health,14-12-2024,14-12-2025,1237.89,40937.76,CL533,,0,Rejected
P534,C534,Ananya Gupta,Hyderabad,Female,28,Travel,08-06-2025,08-06-2026,294.01,80473.88,CL534,19-08-2025,5758.23,Pending
P535,C535,Neha Joshi,Indore,Female,25,Travel,15-12-2024,15-12-2025,1101.57,67448.05,CL535,14-05-2025,3553.89,Settled
P536,C536,Aditya Verma,Bengaluru,Female,36,Health,29-03-2023,28-03-2024,617.16,79377.69,CL536,,0,Rejected
P537,C537,Sai Kumar,Ahmedabad,Female,21,Travel,01-05-2025,01-05-2026,706.02,58255.49,CL537,22-10-2025,2485.52,Rejected
P538,C538,Vihaan Reddy,Jaipur,Female,21,Health,30-12-2023,29-12-2024,861.34,81506.79,CL538,,0,Rejected
P539,C539,Kunal Mehta,Hyderabad,Female,34,Health,30-06-2023,29-06-2024,777.51,75395.89,CL539,,0,Rejected
P540,C540,Neha Joshi,Bengaluru,Female,26,Health,27-07-2023,26-07-2024,1420.97,65687.56,CL540,23-07-2024,1169.92,Settled
P541,C541,Sneha Iyer,Hyderabad,Female,53,Travel,02-05-2023,01-05-2024,254.51,48443.73,CL541,19-01-2024,6577.3,Rejected
P542,C542,Pooja Sharma,Lucknow,Male,22,Health,21-01-2023,21-01-2024,712.91,34615.31,CL542,02-02-2023,3547.23,Rejected
P543,C543,Neha Joshi,Jaipur,Female,58,Health,29-06-2023,28-06-2024,291.6,61315.06,CL543,19-08-2023,7559.43,Pending
P544,C544,Vivaan Patel,Mumbai,Female,47,Travel,17-07-2023,16-07-2024,1187.05,73152.89,CL544,,0,Rejected
P545,C545,Meera Kulkarni,Lucknow,Male,42,Travel,17-11-2023,16-11-2024,386.2,25162.61,CL545,19-10-2024,5484.93,Pending
P546,C546,Sneha Iyer,Chandigarh,Female,41,Auto,26-06-2025,26-06-2026,744.58,34752.99,CL546,25-04-2026,1732.6,Pending
P547,C547,Sneha Iyer,Mumbai,Male,58,Auto,17-02-2023,17-02-2024,491.02,41547.63,CL547,16-07-2023,8147.96,Pending
P548,C548,Kavya Reddy,Chandigarh,Female,38,Auto,27-10-2023,26-10-2024,1402.13,69608.74,CL548,22-06-2024,8817.36,Pending
P549,C549,Pooja Sharma,Hyderabad,Male,57,Health,17-11-2024,17-11-2025,647.64,60249.29,CL549,18-06-2025,9908.53,Pending
P550,C550,Ishita Singh,Ahmedabad,Female,52,Health,04-09-2024,04-09-2025,755.84,57171.36,CL550,18-11-2024,5920.59,Settled
P551,C551,Ananya Gupta,Ahmedabad,Female,24,Auto,23-10-2023,22-10-2024,997.02,40047.87,CL551,17-06-2024,3420.63,Rejected
P552,C552,Ishita Singh,Mumbai,Female,64,Travel,15-08-2023,14-08-2024,1382.43,32842.97,CL552,20-08-2023,1562.95,Settled
P553,C553,Vivaan Patel,Bengaluru,Male,74,Auto,17-07-2023,16-07-2024,1022.79,70796.07,CL553,08-07-2024,2323.13,Settled
P554,C554,Arjun Nair,Delhi,Male,26,Auto,18-11-2024,18-11-2025,1080.26,65677.48,CL554,04-08-2025,5560.75,Settled
P555,C555,Rohan Desai,Kolkata,Male,43,Health,26-02-2023,26-02-2024,354.17,39609.82,CL555,14-11-2023,5201.27,Pending
P556,C556,Aditya Verma,Mumbai,Male,55,Auto,09-12-2025,09-12-2026,339.98,21903.88,CL556,31-08-2026,1521.32,Pending
P557,C557,Kavya Reddy,Ahmedabad,Female,70,Travel,02-08-2024,02-08-2025,1037.64,75543.56,CL557,02-01-2025,1257.66,Settled
P558,C558,Kavya Reddy,Hyderabad,Female,72,Health,24-11-2023,23-11-2024,1347.18,36952.38,CL558,01-05-2024,2349.07,Pending
P559,C559,Kavya Reddy,Delhi,Male,66,Travel,27-08-2023,26-08-2024,1266.78,96960.43,CL559,12-05-2024,9038.93,Pending
P560,C560,Arjun Nair,Chennai,Male,58,Travel,16-12-2023,15-12-2024,1187.71,91138.04,CL560,,0,Rejected
P561,C561,Rohan Desai,Jaipur,Male,22,Health,13-08-2025,13-08-2026,731.46,25577.35,CL561,30-11-2025,4029.24,Pending
P562,C562,Arjun Nair,Pune,Female,69,Health,09-07-2023,08-07-2024,1154.33,27094.99,CL562,01-07-2024,7206.85,Pending
P563,C563,Rohan Desai,Hyderabad,Male,57,Travel,22-02-2025,22-02-2026,1093.36,26918.5,CL563,06-12-2025,5011.1,Pending
P564,C564,Rohan Desai,Jaipur,Male,46,Health,03-01-2025,03-01-2026,379.73,56475.88,CL564,29-05-2025,4879.8,Rejected
P565,C565,Aditya Verma,Kolkata,Female,59,Health,22-11-2024,22-11-2025,502.06,69783.56,CL565,02-12-2024,6769.28,Settled
P566,C566,Sneha Iyer,Chandigarh,Male,25,Travel,18-07-2024,18-07-2025,275.38,72869.85,CL566,,0,Rejected
P567,C567,Pooja Sharma,Pune,Female,42,Travel,15-01-2025,15-01-2026,1417.85,25454.87,CL567,28-03-2025,5540.17,Pending
P568,C568,Arjun Nair,Mumbai,Male,57,Health,18-01-2025,18-01-2026,965.38,94849.65,CL568,,0,Rejected
P569,C569,Aarav Sharma,Indore,Female,75,Auto,11-08-2023,10-08-2024,655.48,95409.03,CL569,,0,Rejected
P570,C570,Kavya Reddy,Mumbai,Female,57,Health,30-03-2023,29-03-2024,1440.38,69145.29,CL570,,0,Rejected
P571,C571,Ananya Gupta,Jaipur,Female,48,Health,23-01-2024,22-01-2025,430.42,45147.52,CL571,,0,Rejected
P572,C572,Aditya Verma,Ahmedabad,Female,66,Auto,04-06-2024,04-06-2025,928.15,24040.52,CL572,31-08-2024,5565.57,Settled
P573,C573,Ananya Gupta,Ahmedabad,Male,44,Health,05-04-2025,05-04-2026,494.01,65309.85,CL573,,0,Rejected
P574,C574,Priya Nair,Delhi,Male,28,Health,12-05-2025,12-05-2026,1375.84,21928.07,CL574,22-06-2025,4777.45,Pending
P575,C575,Sneha Iyer,Jaipur,Male,56,Auto,02-04-2025,02-04-2026,1122.58,65787.65,CL575,,0,Rejected
P576,C576,Kunal Mehta,Pune,Female,72,Health,16-02-2024,15-02-2025,717.01,32706.7,CL576,19-10-2024,4363.53,Rejected
P577,C577,Ananya Gupta,Ahmedabad,Female,63,Travel,22-04-2023,21-04-2024,511.81,71269.29,CL577,26-11-2023,9696.65,Rejected
P578,C578,Sneha Iyer,Hyderabad,Male,47,Health,20-07-2023,19-07-2024,1144.78,27084.73,CL578,,0,Rejected
P579,C579,Pooja Sharma,Hyderabad,Female,35,Health,09-09-2023,08-09-2024,1149.65,61717.72,CL579,08-05-2024,3344.95,Pending
P580,C580,Aarav Sharma,Indore,Male,61,Health,02-07-2025,02-07-2026,1339.97,78652.82,CL580,01-12-2025,6283.58,Rejected
P581,C581,Ishita Singh,Mumbai,Male,39,Auto,25-08-2024,25-08-2025,1336.1,91956.91,CL581,,0,Rejected
P582,C582,Vivaan Patel,Pune,Male,64,Travel,08-12-2023,07-12-2024,644.74,94922.89,CL582,28-01-2024,3489.47,Settled
P583,C583,Arjun Nair,Lucknow,Male,56,Auto,02-09-2024,02-09-2025,1008.81,87284.21,CL583,25-04-2025,2502.82,Pending
P584,C584,Rohan Desai,Delhi,Female,54,Travel,15-06-2025,15-06-2026,572.43,39192.96,CL584,05-09-2025,6193.31,Pending
P585,C585,Arjun Nair,Ahmedabad,Male,61,Travel,03-05-2025,03-05-2026,624.23,37667.99,CL585,11-02-2026,8321.34,Rejected
P586,C586,Ananya Gupta,Pune,Female,36,Auto,23-02-2023,23-02-2024,689.92,49804.27,CL586,,0,Rejected
P587,C587,Aarav Sharma,Kolkata,Female,53,Travel,30-05-2023,29-05-2024,1182.75,41233.66,CL587,,0,Rejected
P588,C588,Pooja Sharma,Pune,Male,71,Health,12-11-2024,12-11-2025,1450.65,65056.44,CL588,,0,Rejected
P589,C589,Priya Nair,Kolkata,Female,43,Auto,09-10-2024,09-10-2025,1012.06,35094.57,CL589,29-04-2025,7809.68,Pending
P590,C590,Ishita Singh,Chandigarh,Male,75,Auto,03-02-2025,03-02-2026,1218.01,49720.01,CL590,,0,Rejected
P591,C591,Kunal Mehta,Bengaluru,Male,44,Health,24-03-2025,24-03-2026,1113.79,20016.21,CL591,,0,Rejected
P592,C592,Priya Nair,Indore,Male,39,Auto,23-05-2023,22-05-2024,1420.24,75166.79,CL592,22-04-2024,5771.96,Settled
P593,C593,Arjun Nair,Hyderabad,Female,56,Travel,02-02-2024,01-02-2025,568.94,50904.08,CL593,,0,Rejected
P594,C594,Pooja Sharma,Chennai,Male,62,Travel,13-05-2025,13-05-2026,1229.44,43314.38,CL594,02-07-2025,7157.16,Pending
P595,C595,Meera Kulkarni,Chandigarh,Male,32,Health,03-06-2025,03-06-2026,617.61,41424.49,CL595,05-04-2026,6959.55,Settled
P596,C596,Vivaan Patel,Lucknow,Female,46,Auto,14-12-2024,14-12-2025,1187.61,97057.3,CL596,06-06-2025,6305.67,Rejected
P597,C597,Priya Nair,Bengaluru,Male,52,Auto,08-05-2023,07-05-2024,890.67,23515.62,CL597,12-07-2023,7798.21,Pending
P598,C598,Rohan Desai,Lucknow,Male,54,Travel,09-10-2024,09-10-2025,584.54,99756.02,CL598,05-02-2025,3695.91,Rejected
P599,C599,Rohan Desai,Pune,Male,24,Travel,05-07-2023,04-07-2024,1474.22,36933.69,CL599,,0,Rejected
P600,C600,Meera Kulkarni,Lucknow,Female,27,Health,13-03-2025,13-03-2026,381.28,72865.9,CL600,12-02-2026,3446.54,Settled
P601,C601,Vivaan Patel,Jaipur,Female,59,Health,15-02-2023,15-02-2024,1437.1,85897.05,CL601,,0,Rejected
P602,C602,Pooja Sharma,Hyderabad,Female,29,Travel,11-02-2024,10-02-2025,1113.86,72628.37,CL602,17-02-2024,8477.39,Rejected
P603,C603,Sneha Iyer,Hyderabad,Male,21,Auto,06-07-2025,06-07-2026,614.67,72889.61,CL603,13-11-2025,3629.52,Settled
P604,C604,Aditya Verma,Delhi,Female,26,Travel,11-05-2024,11-05-2025,973.99,64297.01,CL604,,0,Rejected
P605,C605,Ananya Gupta,Mumbai,Female,26,Auto,18-10-2024,18-10-2025,808.5,42504.11,CL605,08-05-2025,5216.32,Pending
P606,C606,Ishita Singh,Bengaluru,Male,72,Health,16-04-2024,16-04-2025,404.62,32919.35,CL606,,0,Rejected
P607,C607,Rohan Desai,Hyderabad,Female,36,Health,03-04-2025,03-04-2026,929.76,61397.69,CL607,17-06-2025,6625.55,Settled
P608,C608,Kavya Reddy,Chandigarh,Male,40,Auto,07-02-2023,07-02-2024,1414.61,27311.5,CL608,,0,Rejected
P609,C609,Sai Kumar,Ahmedabad,Male,36,Health,11-12-2024,11-12-2025,702.9,46786.84,CL609,05-11-2025,8194.51,Pending
P610,C610,Sneha Iyer,Bengaluru,Female,21,Travel,27-08-2025,27-08-2026,994.29,52841.08,CL610,,0,Rejected
P611,C611,Pooja Sharma,Pune,Male,58,Travel,15-09-2023,14-09-2024,920.33,59367.68,CL611,,0,Rejected
P612,C612,Sneha Iyer,Delhi,Male,74,Auto,18-06-2024,18-06-2025,887.87,92622.06,CL612,25-06-2024,4723.14,Settled
P613,C613,Priya Nair,Chandigarh,Female,68,Health,25-12-2024,25-12-2025,1201.39,44062.43,CL613,,0,Rejected
P614,C614,Priya Nair,Ahmedabad,Male,56,Health,11-07-2024,11-07-2025,503.6,68802.08,CL614,17-12-2024,9924.68,Settled
P615,C615,Kavya Reddy,Kolkata,Male,30,Travel,01-12-2024,01-12-2025,816.56,65320.69,CL615,03-01-2025,8465.9,Rejected
P616,C616,Sai Kumar,Jaipur,Male,58,Health,28-11-2025,28-11-2026,687.78,96283.82,CL616,,0,Rejected
P617,C617,Neha Joshi,Ahmedabad,Female,34,Auto,29-01-2024,28-01-2025,252.03,61851.22,CL617,04-10-2024,6429.91,Pending
P618,C618,Vivaan Patel,Hyderabad,Female,22,Travel,21-09-2023,20-09-2024,338,92896.94,CL618,,0,Rejected
P619,C619,Aarav Sharma,Jaipur,Male,53,Health,01-06-2024,01-06-2025,1080.94,92030.9,CL619,,0,Rejected
P620,C620,Kavya Reddy,Lucknow,Female,29,Auto,12-08-2025,12-08-2026,587.21,34489.29,CL620,03-01-2026,1913.59,Settled
P621,C621,Priya Nair,Lucknow,Male,67,Auto,25-06-2025,25-06-2026,1488.71,47997.83,CL621,16-09-2025,1125.01,Pending
P622,C622,Aditya Verma,Indore,Female,39,Travel,15-02-2025,15-02-2026,746.75,69522.12,CL622,13-09-2025,7959.5,Rejected
P623,C623,Rohan Desai,Pune,Female,46,Health,28-12-2025,28-12-2026,1105.01,64973.22,CL623,04-11-2026,7904.12,Rejected
P624,C624,Pooja Sharma,Ahmedabad,Female,73,Travel,29-07-2024,29-07-2025,818.48,24232.65,CL624,18-12-2024,1568.76,Settled
P625,C625,Vivaan Patel,Delhi,Male,61,Health,22-03-2024,22-03-2025,1106.87,47556.22,CL625,05-11-2024,6737.96,Rejected
P626,C626,Rohan Desai,Mumbai,Male,65,Travel,05-05-2023,04-05-2024,697.99,59841.53,CL626,,0,Rejected
P627,C627,Sneha Iyer,Lucknow,Female,24,Auto,08-02-2024,07-02-2025,428.83,83481.53,CL627,,0,Rejected
P628,C628,Sai Kumar,Chennai,Female,38,Auto,17-11-2023,16-11-2024,530.78,33833.79,CL628,27-09-2024,1518.13,Settled
P629,C629,Meera Kulkarni,Delhi,Male,74,Auto,06-11-2024,06-11-2025,1137.35,67929.36,CL629,24-08-2025,9419.93,Settled
P630,C630,Arjun Nair,Pune,Male,52,Auto,08-08-2023,07-08-2024,977.66,57754.63,CL630,,0,Rejected
P631,C631,Vihaan Reddy,Kolkata,Female,55,Travel,04-02-2025,04-02-2026,1151.49,90181.99,CL631,08-09-2025,4954.41,Pending
P632,C632,Kavya Reddy,Lucknow,Female,71,Auto,20-08-2023,19-08-2024,372.68,34326.77,CL632,23-11-2023,5158.92,Pending
P633,C633,Sneha Iyer,Hyderabad,Male,38,Health,08-11-2024,08-11-2025,456.85,29437.55,CL633,,0,Rejected
P634,C634,Kunal Mehta,Delhi,Male,50,Travel,01-07-2023,30-06-2024,1242.59,65698.33,CL634,,0,Rejected
P635,C635,Meera Kulkarni,Chennai,Female,49,Auto,07-10-2024,07-10-2025,1448.66,24406.49,CL635,,0,Rejected
P636,C636,Rohan Desai,Chandigarh,Female,50,Auto,21-05-2023,20-05-2024,1395.44,45618.27,CL636,29-05-2023,9016.58,Rejected
P637,C637,Pooja Sharma,Chandigarh,Male,42,Travel,24-11-2024,24-11-2025,384.74,61342.17,CL637,03-05-2025,4954.3,Rejected
P638,C638,Vivaan Patel,Delhi,Female,57,Auto,05-05-2023,04-05-2024,1334.88,25766.71,CL638,,0,Rejected
P639,C639,Pooja Sharma,Chandigarh,Male,44,Health,21-12-2025,21-12-2026,800.49,70649.81,CL639,,0,Rejected
P640,C640,Kunal Mehta,Bengaluru,Male,44,Health,07-04-2023,06-04-2024,729.76,32336.58,CL640,14-07-2023,4302.8,Settled
P641,C641,Ananya Gupta,Mumbai,Female,55,Travel,04-08-2024,04-08-2025,1420.82,59144.6,CL641,,0,Rejected
P642,C642,Priya Nair,Indore,Female,22,Health,17-02-2024,16-02-2025,1154.62,21473.92,CL642,11-02-2025,3153.89,Settled
P643,C643,Kunal Mehta,Chandigarh,Female,36,Health,01-09-2024,01-09-2025,423.49,53782.18,CL643,14-07-2025,2313.01,Settled
P644,C644,Sai Kumar,Ahmedabad,Male,58,Health,25-05-2024,25-05-2025,575.19,91339.93,CL644,28-08-2024,7041.62,Pending
P645,C645,Pooja Sharma,Ahmedabad,Female,69,Health,01-10-2023,30-09-2024,919.57,71538.38,CL645,17-04-2024,8658.41,Settled
P646,C646,Meera Kulkarni,Chennai,Female,23,Health,22-01-2025,22-01-2026,1267.59,83801.23,CL646,18-12-2025,3736.29,Settled
P647,C647,Meera Kulkarni,Jaipur,Female,23,Auto,06-07-2023,05-07-2024,517.53,97320.11,CL647,24-03-2024,9394.07,Settled
P648,C648,Vivaan Patel,Hyderabad,Male,30,Travel,06-10-2023,05-10-2024,1188.48,47059.36,CL648,08-10-2023,7269.51,Pending
P649,C649,Priya Nair,Chandigarh,Male,44,Travel,11-06-2023,10-06-2024,1152.01,58908.68,CL649,,0,Rejected
P650,C650,Pooja Sharma,Pune,Female,23,Auto,03-12-2025,03-12-2026,1365.15,68473.32,CL650,15-10-2026,5820.6,Rejected
P651,C651,Vivaan Patel,Indore,Male,40,Auto,08-12-2023,07-12-2024,1473.16,74063.09,CL651,30-12-2023,5963.89,Pending
P652,C652,Aditya Verma,Lucknow,Male,36,Health,17-04-2025,17-04-2026,931.05,48958.16,CL652,,0,Rejected
P653,C653,Kavya Reddy,Lucknow,Male,24,Auto,02-11-2023,01-11-2024,255.58,99592.5,CL653,14-12-2023,5040.86,Pending
P654,C654,Neha Joshi,Lucknow,Male,51,Travel,20-09-2024,20-09-2025,361,28485.69,CL654,02-04-2025,8399.58,Rejected
P655,C655,Aarav Sharma,Chandigarh,Male,55,Travel,31-10-2023,30-10-2024,360.19,62109.37,CL655,,0,Rejected
P656,C656,Vihaan Reddy,Lucknow,Male,55,Travel,03-10-2023,02-10-2024,1453.47,71361.08,CL656,27-10-2023,7467.85,Rejected
P657,C657,Vihaan Reddy,Ahmedabad,Female,52,Auto,08-05-2025,08-05-2026,1478.15,64826.27,CL657,07-05-2026,5586.11,Pending
P658,C658,Neha Joshi,Kolkata,Male,35,Auto,21-02-2024,20-02-2025,371.96,47066.01,CL658,21-07-2024,7210.31,Pending
P659,C659,Pooja Sharma,Hyderabad,Female,67,Travel,22-08-2025,22-08-2026,516.8,73198.19,CL659,06-03-2026,9262.2,Pending
P660,C660,Meera Kulkarni,Delhi,Female,22,Auto,03-11-2024,03-11-2025,1030.36,69616.29,CL660,29-07-2025,2071.19,Settled
P661,C661,Vivaan Patel,Kolkata,Male,32,Travel,26-09-2025,26-09-2026,857.64,96458.71,CL661,03-10-2025,5124.12,Pending
P662,C662,Arjun Nair,Indore,Female,43,Health,24-05-2024,24-05-2025,329.81,93852.35,CL662,07-09-2024,9709.83,Settled
P663,C663,Pooja Sharma,Pune,Female,28,Health,17-11-2025,17-11-2026,916.77,46289.04,CL663,,0,Rejected
P664,C664,Ishita Singh,Lucknow,Male,69,Travel,10-09-2024,10-09-2025,598.54,29841.63,CL664,17-10-2024,9050.38,Settled
P665,C665,Aarav Sharma,Chandigarh,Female,31,Auto,04-09-2024,04-09-2025,541.68,67150.4,CL665,22-10-2024,1173.95,Rejected
P666,C666,Meera Kulkarni,Delhi,Male,39,Travel,26-03-2024,26-03-2025,578.8,62023.64,CL666,16-03-2025,3281.56,Pending
P667,C667,Arjun Nair,Bengaluru,Female,75,Health,25-07-2024,25-07-2025,877.14,85444.5,CL667,02-08-2024,1295.01,Pending
P668,C668,Aarav Sharma,Delhi,Female,46,Health,10-11-2024,10-11-2025,397.27,42428.74,CL668,26-02-2025,9810.08,Rejected
P669,C669,Sneha Iyer,Indore,Male,29,Health,04-10-2025,04-10-2026,1156.54,41937.33,CL669,23-08-2026,9867.3,Pending
P670,C670,Vihaan Reddy,Mumbai,Female,28,Auto,27-12-2025,27-12-2026,694.41,46817.9,CL670,,0,Rejected
P671,C671,Aditya Verma,Bengaluru,Female,75,Auto,01-03-2024,01-03-2025,1112.67,66434.4,CL671,,0,Rejected
P672,C672,Rohan Desai,Jaipur,Male,74,Travel,09-08-2024,09-08-2025,602.16,23229.66,CL672,,0,Rejected
P673,C673,Aarav Sharma,Chandigarh,Female,34,Travel,01-12-2023,30-11-2024,373.63,43040.72,CL673,,0,Rejected
P674,C674,Rohan Desai,Chandigarh,Male,44,Health,31-10-2023,30-10-2024,716.75,67536.95,CL674,04-05-2024,8154.78,Pending
P675,C675,Rohan Desai,Chandigarh,Female,39,Auto,06-09-2025,06-09-2026,687.87,64565.47,CL675,18-12-2025,6951.46,Rejected
P676,C676,Vihaan Reddy,Bengaluru,Male,74,Auto,10-09-2023,09-09-2024,297.6,58080.69,CL676,,0,Rejected
P677,C677,Kavya Reddy,Jaipur,Female,54,Health,21-02-2024,20-02-2025,670.3,92502.18,CL677,10-06-2024,8397.85,Rejected
P678,C678,Neha Joshi,Jaipur,Male,65,Auto,01-03-2024,01-03-2025,790.72,42744.12,CL678,01-05-2024,7030.95,Pending
P679,C679,Aarav Sharma,Pune,Female,53,Travel,28-12-2025,28-12-2026,514.44,31311.24,CL679,27-12-2026,4544.52,Rejected
P680,C680,Rohan Desai,Chennai,Male,35,Health,21-08-2023,20-08-2024,1420.29,37465.77,CL680,31-05-2024,8153.94,Pending
P681,C681,Arjun Nair,Mumbai,Male,32,Health,01-02-2024,31-01-2025,1205.26,24408.95,CL681,,0,Rejected
P682,C682,Sai Kumar,Chennai,Female,61,Health,19-01-2023,19-01-2024,476,78467.93,CL682,04-07-2023,8103.01,Rejected
P683,C683,Kavya Reddy,Jaipur,Female,58,Travel,08-02-2023,08-02-2024,747.46,33121.18,CL683,01-12-2023,5893.88,Settled
P684,C684,Sai Kumar,Jaipur,Female,27,Health,02-02-2024,01-02-2025,448.6,40631.82,CL684,,0,Rejected
P685,C685,Meera Kulkarni,Mumbai,Male,27,Travel,27-07-2023,26-07-2024,720.07,24159.31,CL685,07-09-2023,4309.8,Rejected
P686,C686,Ananya Gupta,Indore,Female,57,Auto,11-12-2025,11-12-2026,431.72,28031.62,CL686,02-06-2026,5055.34,Pending
P687,C687,Ishita Singh,Chennai,Female,69,Travel,04-02-2023,04-02-2024,967.72,60677.92,CL687,02-08-2023,4944.4,Rejected
P688,C688,Kavya Reddy,Mumbai,Male,47,Auto,04-06-2024,04-06-2025,1345.43,36485.94,CL688,21-08-2024,7437.33,Pending
P689,C689,Arjun Nair,Chennai,Male,31,Health,20-06-2025,20-06-2026,550.08,95017.52,CL689,09-01-2026,1546.66,Settled
P690,C690,Meera Kulkarni,Pune,Male,71,Auto,10-10-2025,10-10-2026,551.95,70208.56,CL690,,0,Rejected
P691,C691,Ishita Singh,Pune,Female,70,Health,08-09-2025,08-09-2026,1170.44,84338.69,CL691,,0,Rejected
P692,C692,Neha Joshi,Indore,Male,26,Health,18-03-2025,18-03-2026,1098.26,63573.73,CL692,07-10-2025,1418.11,Pending
P693,C693,Kunal Mehta,Pune,Female,22,Travel,22-07-2025,22-07-2026,1481.54,86061.34,CL693,27-07-2025,2717.29,Rejected
P694,C694,Sneha Iyer,Chennai,Female,31,Health,23-07-2024,23-07-2025,1289.25,30805.48,CL694,,0,Rejected
P695,C695,Kunal Mehta,Ahmedabad,Female,27,Travel,17-07-2023,16-07-2024,1376.86,44062.17,CL695,07-10-2023,5064.07,Rejected
P696,C696,Ishita Singh,Indore,Male,39,Health,28-12-2025,28-12-2026,1423.98,95031.16,CL696,,0,Rejected
P697,C697,Aarav Sharma,Jaipur,Male,60,Auto,29-09-2024,29-09-2025,574.82,64017.21,CL697,27-03-2025,1826.35,Rejected
P698,C698,Aarav Sharma,Pune,Female,42,Auto,29-07-2024,29-07-2025,253.75,68572.72,CL698,09-03-2025,8129.89,Rejected
P699,C699,Vihaan Reddy,Jaipur,Female,68,Health,02-10-2025,02-10-2026,1282.19,78317.04,CL699,31-07-2026,9260.53,Rejected
P700,C700,Ishita Singh,Kolkata,Female,26,Travel,10-05-2025,10-05-2026,990.64,44968.04,CL700,28-11-2025,7558.17,Pending
P701,C701,Ishita Singh,Jaipur,Female,41,Health,31-08-2025,31-08-2026,1211.32,83071.56,CL701,06-01-2026,2810.93,Pending
P702,C702,Sai Kumar,Ahmedabad,Female,48,Auto,04-03-2024,04-03-2025,706.72,71158.26,CL702,20-06-2024,2399.68,Settled
P703,C703,Rohan Desai,Lucknow,Male,21,Travel,25-11-2023,24-11-2024,768.96,51291.44,CL703,22-05-2024,1954.28,Rejected
P704,C704,Priya Nair,Chandigarh,Male,22,Auto,25-10-2025,25-10-2026,1432.58,74479.93,CL704,,0,Rejected
P705,C705,Ishita Singh,Hyderabad,Male,71,Auto,06-12-2023,05-12-2024,817.63,68113.35,CL705,,0,Rejected
P706,C706,Neha Joshi,Bengaluru,Female,42,Auto,29-10-2024,29-10-2025,324.07,33302.87,CL706,02-09-2025,8991.09,Settled
P707,C707,Pooja Sharma,Jaipur,Female,41,Travel,17-01-2025,17-01-2026,425.03,67621.5,CL707,17-01-2026,4772.22,Pending
P708,C708,Arjun Nair,Mumbai,Male,55,Travel,15-08-2023,14-08-2024,1347.07,42636.82,CL708,09-02-2024,5652.5,Rejected
P709,C709,Ishita Singh,Indore,Male,72,Auto,21-07-2024,21-07-2025,658.06,82748.7,CL709,20-10-2024,7915.05,Rejected
P710,C710,Kavya Reddy,Pune,Female,64,Travel,28-06-2025,28-06-2026,1256.14,80328.1,CL710,,0,Rejected
P711,C711,Aditya Verma,Indore,Female,21,Travel,09-04-2025,09-04-2026,1475.31,37708.16,CL711,,0,Rejected
P712,C712,Pooja Sharma,Pune,Male,74,Travel,20-05-2024,20-05-2025,468.24,23621.29,CL712,10-11-2024,9562.23,Pending
P713,C713,Meera Kulkarni,Lucknow,Male,57,Auto,14-06-2023,13-06-2024,1242.42,54512.33,CL713,23-05-2024,6126.43,Rejected
P714,C714,Sai Kumar,Lucknow,Male,48,Auto,14-10-2025,14-10-2026,1382.87,37492.34,CL714,,0,Rejected
P715,C715,Aarav Sharma,Kolkata,Female,45,Health,16-03-2023,15-03-2024,1471.81,26725.75,CL715,08-11-2023,5381.04,Rejected
P716,C716,Vivaan Patel,Bengaluru,Male,28,Auto,21-06-2023,20-06-2024,1201.78,72202.19,CL716,09-05-2024,1635.91,Pending
P717,C717,Ananya Gupta,Mumbai,Male,71,Health,13-12-2024,13-12-2025,1455.91,75908.4,CL717,,0,Rejected
P718,C718,Arjun Nair,Jaipur,Female,29,Travel,05-04-2025,05-04-2026,775.55,91551.78,CL718,25-08-2025,3338.72,Settled
P719,C719,Ananya Gupta,Pune,Male,24,Travel,02-02-2025,02-02-2026,674.05,95444.68,CL719,,0,Rejected
P720,C720,Aarav Sharma,Ahmedabad,Male,59,Auto,26-03-2024,26-03-2025,756.07,76888.09,CL720,14-09-2024,3041.29,Pending
P721,C721,Vivaan Patel,Chandigarh,Male,59,Auto,13-04-2024,13-04-2025,1008.05,70596.45,CL721,07-12-2024,2584.85,Rejected
P722,C722,Arjun Nair,Kolkata,Female,22,Auto,22-06-2023,21-06-2024,432.64,20612.2,CL722,24-01-2024,5021.72,Settled
P723,C723,Neha Joshi,Delhi,Male,45,Travel,16-04-2023,15-04-2024,1372.82,37928.44,CL723,14-01-2024,5689.65,Rejected
P724,C724,Aarav Sharma,Delhi,Female,54,Health,08-11-2024,08-11-2025,1469.61,37160.17,CL724,01-02-2025,1488.21,Pending
P725,C725,Pooja Sharma,Chandigarh,Female,63,Travel,09-03-2023,08-03-2024,1088.91,68486.59,CL725,,0,Rejected
P726,C726,Rohan Desai,Bengaluru,Male,25,Auto,11-01-2023,11-01-2024,806.49,98116.61,CL726,10-12-2023,4473.14,Pending
P727,C727,Arjun Nair,Chennai,Female,21,Auto,04-06-2025,04-06-2026,342.24,38289.92,CL727,28-09-2025,7200.82,Pending
P728,C728,Priya Nair,Ahmedabad,Female,66,Health,30-09-2024,30-09-2025,325.72,41893.87,CL728,08-03-2025,9928.74,Rejected
P729,C729,Neha Joshi,Indore,Male,48,Health,19-03-2023,18-03-2024,402.05,57254.54,CL729,16-01-2024,4609.25,Pending
P730,C730,Ishita Singh,Lucknow,Male,45,Health,11-03-2025,11-03-2026,461.29,30342.32,CL730,01-02-2026,7905.96,Settled
P731,C731,Vihaan Reddy,Lucknow,Male,67,Travel,10-03-2024,10-03-2025,1348.59,26576.3,CL731,02-09-2024,8183.94,Pending
P732,C732,Vivaan Patel,Chandigarh,Male,71,Health,13-05-2025,13-05-2026,1209.45,83053.28,CL732,23-11-2025,5298.32,Settled
P733,C733,Ananya Gupta,Mumbai,Male,58,Auto,27-03-2024,27-03-2025,1333.61,96740.72,CL733,,0,Rejected
P734,C734,Sai Kumar,Ahmedabad,Female,67,Auto,11-06-2023,10-06-2024,906.67,56696.87,CL734,06-04-2024,4082.91,Pending
P735,C735,Meera Kulkarni,Mumbai,Female,67,Travel,07-12-2024,07-12-2025,1066.33,90762.88,CL735,14-08-2025,5592.95,Rejected
P736,C736,Meera Kulkarni,Mumbai,Female,53,Auto,01-10-2024,01-10-2025,942.47,97840.76,CL736,14-04-2025,9444.49,Rejected
P737,C737,Vivaan Patel,Bengaluru,Female,21,Travel,26-05-2023,25-05-2024,1293.03,24482.98,CL737,23-11-2023,6842.1,Settled
P738,C738,Kavya Reddy,Jaipur,Male,67,Health,15-10-2023,14-10-2024,559.31,61048.1,CL738,,0,Rejected
P739,C739,Vivaan Patel,Indore,Female,61,Travel,15-09-2024,15-09-2025,1039.11,55921.38,CL739,17-12-2024,5311.49,Rejected
P740,C740,Sneha Iyer,Kolkata,Female,49,Auto,13-03-2024,13-03-2025,375.78,80538.62,CL740,21-06-2024,4315.82,Settled
P741,C741,Priya Nair,Jaipur,Female,49,Health,15-04-2024,15-04-2025,734.45,66030.9,CL741,11-07-2024,8477.3,Settled
P742,C742,Aarav Sharma,Chandigarh,Female,34,Travel,29-11-2025,29-11-2026,378.03,72209.49,CL742,,0,Rejected
P743,C743,Neha Joshi,Ahmedabad,Male,39,Auto,06-04-2023,05-04-2024,295.72,95177.87,CL743,20-01-2024,9493.29,Settled
P744,C744,Ananya Gupta,Hyderabad,Female,26,Auto,07-03-2025,07-03-2026,715.69,86774.55,CL744,23-01-2026,7802.49,Pending
P745,C745,Vihaan Reddy,Ahmedabad,Female,21,Auto,10-04-2024,10-04-2025,846.54,67785.02,CL745,26-05-2024,7755.1,Settled
P746,C746,Aditya Verma,Mumbai,Male,69,Health,11-02-2024,10-02-2025,1104.03,92953.46,CL746,,0,Rejected
P747,C747,Aditya Verma,Ahmedabad,Female,35,Health,13-04-2025,13-04-2026,863.35,87027.42,CL747,,0,Rejected
P748,C748,Sai Kumar,Chandigarh,Female,53,Travel,27-03-2025,27-03-2026,292,77242.85,CL748,05-02-2026,4126.3,Rejected
P749,C749,Kavya Reddy,Chandigarh,Male,26,Travel,28-01-2023,28-01-2024,1038.17,98377.42,CL749,17-05-2023,7240.17,Settled
P750,C750,Ishita Singh,Pune,Male,49,Travel,05-08-2024,05-08-2025,1380.37,91432.24,CL750,20-12-2024,7180.94,Rejected
P751,C751,Aarav Sharma,Indore,Female,58,Auto,12-07-2023,11-07-2024,1238.49,89728.29,CL751,16-05-2024,1198.99,Pending
P752,C752,Aarav Sharma,Kolkata,Male,73,Travel,10-10-2024,10-10-2025,1294.14,22569.53,CL752,,0,Rejected
P753,C753,Sai Kumar,Jaipur,Female,50,Travel,25-02-2025,25-02-2026,744.28,27167.91,CL753,04-09-2025,8995.02,Settled
P754,C754,Sneha Iyer,Indore,Male,65,Health,29-01-2025,29-01-2026,327.44,49946.61,CL754,,0,Rejected
P755,C755,Priya Nair,Jaipur,Male,27,Travel,25-09-2025,25-09-2026,1066.95,49863.5,CL755,,0,Rejected
P756,C756,Aarav Sharma,Pune,Female,63,Health,01-10-2025,01-10-2026,1256.55,21244.01,CL756,,0,Rejected
P757,C757,Ishita Singh,Chandigarh,Male,45,Travel,24-10-2025,24-10-2026,966.18,58493.3,CL757,22-09-2026,9435.89,Rejected
P758,C758,Kunal Mehta,Kolkata,Male,61,Auto,31-01-2023,31-01-2024,1205.74,64234.43,CL758,,0,Rejected
P759,C759,Vivaan Patel,Mumbai,Male,55,Auto,16-12-2024,16-12-2025,704.23,74479.78,CL759,25-10-2025,7008.87,Rejected
P760,C760,Neha Joshi,Kolkata,Male,48,Auto,16-01-2024,15-01-2025,311.51,99988.05,CL760,,0,Rejected
P761,C761,Sneha Iyer,Hyderabad,Female,50,Health,03-07-2023,02-07-2024,899.49,56420.97,CL761,09-11-2023,2917.4,Pending
P762,C762,Pooja Sharma,Ahmedabad,Male,21,Travel,30-01-2025,30-01-2026,1071.41,23040.79,CL762,18-12-2025,9863.67,Pending
P763,C763,Meera Kulkarni,Hyderabad,Male,57,Auto,10-07-2023,09-07-2024,628.59,84473.51,CL763,,0,Rejected
P764,C764,Kunal Mehta,Lucknow,Female,32,Travel,13-11-2024,13-11-2025,1295.9,58837.34,CL764,21-07-2025,7530.37,Pending
P765,C765,Priya Nair,Hyderabad,Male,30,Health,14-03-2025,14-03-2026,1356.66,61513.61,CL765,09-09-2025,5765.26,Rejected
P766,C766,Aarav Sharma,Ahmedabad,Female,43,Auto,29-09-2023,28-09-2024,1183.76,21098.03,CL766,,0,Rejected
P767,C767,Aarav Sharma,Kolkata,Male,73,Travel,04-08-2024,04-08-2025,902.79,45872.56,CL767,18-10-2024,6678.75,Settled
P768,C768,Meera Kulkarni,Chennai,Male,61,Health,20-11-2023,19-11-2024,967.95,63398.42,CL768,20-07-2024,8465.32,Settled
P769,C769,Aarav Sharma,Kolkata,Male,70,Health,16-03-2024,16-03-2025,987.85,58525.7,CL769,,0,Rejected
P770,C770,Aditya Verma,Mumbai,Female,51,Travel,05-08-2023,04-08-2024,720.41,55116.63,CL770,20-11-2023,8935.5,Rejected
P771,C771,Ishita Singh,Chennai,Male,51,Auto,09-08-2023,08-08-2024,1414.53,26079.33,CL771,28-08-2023,9386.31,Pending
P772,C772,Kavya Reddy,Chennai,Female,40,Auto,10-07-2023,09-07-2024,1412.29,64689.92,CL772,23-12-2023,9860.56,Settled
P773,C773,Ananya Gupta,Hyderabad,Female,71,Auto,27-05-2024,27-05-2025,735.41,74522.07,CL773,17-09-2024,1844.37,Settled
P774,C774,Kavya Reddy,Pune,Female,25,Travel,03-04-2025,03-04-2026,1457.98,63443.06,CL774,,0,Rejected
P775,C775,Aditya Verma,Delhi,Female,72,Health,21-02-2025,21-02-2026,1315.92,44521.45,CL775,24-07-2025,7024.28,Rejected
P776,C776,Kunal Mehta,Chandigarh,Female,25,Travel,05-08-2025,05-08-2026,988.79,69862.68,CL776,06-12-2025,3610.71,Rejected
P777,C777,Sneha Iyer,Ahmedabad,Male,62,Travel,15-06-2025,15-06-2026,1102.75,44185.46,CL777,,0,Rejected
P778,C778,Neha Joshi,Chandigarh,Male,52,Health,23-08-2025,23-08-2026,1369.44,51061.05,CL778,,0,Rejected
P779,C779,Arjun Nair,Jaipur,Female,47,Travel,23-10-2025,23-10-2026,1259.87,45725.24,CL779,18-11-2025,5103.45,Rejected
P780,C780,Vihaan Reddy,Ahmedabad,Female,65,Health,28-01-2024,27-01-2025,649.06,59535.76,CL780,,0,Rejected
P781,C781,Sneha Iyer,Kolkata,Female,28,Health,11-12-2025,11-12-2026,1065.22,68506.82,CL781,,0,Rejected
P782,C782,Ananya Gupta,Chandigarh,Male,72,Health,14-12-2025,14-12-2026,474.65,54184.01,CL782,22-05-2026,1341.84,Rejected
P783,C783,Rohan Desai,Chandigarh,Female,42,Health,06-06-2023,05-06-2024,1395.47,68870.8,CL783,28-05-2024,8577.23,Rejected
P784,C784,Aditya Verma,Jaipur,Male,63,Health,08-05-2024,08-05-2025,920.85,92728.36,CL784,27-08-2024,4602.9,Pending
P785,C785,Sai Kumar,Chennai,Female,69,Travel,03-11-2023,02-11-2024,589.24,44714.5,CL785,09-12-2023,3291.86,Pending
P786,C786,Pooja Sharma,Bengaluru,Female,34,Travel,13-12-2023,12-12-2024,1099.63,34874.71,CL786,27-12-2023,5135.58,Rejected
P787,C787,Vivaan Patel,Hyderabad,Male,33,Travel,29-03-2025,29-03-2026,351.47,61655.2,CL787,18-09-2025,1747.53,Rejected
P788,C788,Ananya Gupta,Indore,Male,52,Travel,01-02-2023,01-02-2024,300.24,52002.65,CL788,,0,Rejected
P789,C789,Ishita Singh,Pune,Female,31,Health,17-07-2024,17-07-2025,1107.18,73844.66,CL789,23-12-2024,1269.29,Pending
P790,C790,Vihaan Reddy,Pune,Female,46,Health,26-12-2023,25-12-2024,392.55,69029.91,CL790,09-11-2024,4617.22,Pending
P791,C791,Meera Kulkarni,Pune,Male,53,Travel,10-10-2023,09-10-2024,315.06,23721.13,CL791,17-04-2024,9496.43,Settled
P792,C792,Meera Kulkarni,Mumbai,Female,38,Auto,18-02-2023,18-02-2024,1138.56,49666.77,CL792,14-12-2023,3427.69,Rejected
P793,C793,Aarav Sharma,Kolkata,Male,21,Health,25-11-2024,25-11-2025,714.1,39211.51,CL793,10-08-2025,9608.8,Pending
P794,C794,Ishita Singh,Bengaluru,Male,22,Travel,07-12-2025,07-12-2026,614.45,39155.75,CL794,08-02-2026,4946.39,Rejected
P795,C795,Vihaan Reddy,Pune,Male,52,Travel,04-04-2025,04-04-2026,1075.42,30027.17,CL795,,0,Rejected
P796,C796,Arjun Nair,Kolkata,Male,65,Auto,07-10-2024,07-10-2025,1056.83,38311.19,CL796,09-11-2024,1069.78,Rejected
P797,C797,Aditya Verma,Bengaluru,Male,44,Travel,01-11-2023,31-10-2024,442.24,78493.27,CL797,11-08-2024,5840.44,Rejected
P798,C798,Vivaan Patel,Hyderabad,Male,32,Travel,06-07-2023,05-07-2024,347.76,86454.49,CL798,,0,Rejected
P799,C799,Vivaan Patel,Bengaluru,Male,51,Health,10-05-2023,09-05-2024,725.27,74658.86,CL799,26-09-2023,4323.8,Pending
P800,C800,Aditya Verma,Pune,Female,75,Auto,05-08-2025,05-08-2026,731.05,35830.93,CL800,,0,Rejected
P801,C801,Kunal Mehta,Indore,Female,45,Health,10-05-2025,10-05-2026,1087.19,77169.99,CL801,25-11-2025,2498.95,Rejected
P802,C802,Meera Kulkarni,Delhi,Female,34,Health,23-08-2023,22-08-2024,657.78,87369.64,CL802,,0,Rejected
P803,C803,Neha Joshi,Indore,Female,35,Travel,09-08-2024,09-08-2025,1354.63,36365.87,CL803,26-09-2024,3925.24,Pending
P804,C804,Arjun Nair,Jaipur,Male,31,Travel,07-04-2025,07-04-2026,759.32,95109.08,CL804,13-11-2025,6833.17,Pending
P805,C805,Kunal Mehta,Pune,Female,50,Auto,27-11-2024,27-11-2025,584.21,69607.9,CL805,15-09-2025,7829.61,Rejected
P806,C806,Sai Kumar,Lucknow,Female,64,Auto,22-03-2024,22-03-2025,755.38,53764.87,CL806,03-04-2024,5130.67,Settled
P807,C807,Priya Nair,Chandigarh,Female,25,Travel,27-01-2023,27-01-2024,296.77,44596.46,CL807,30-04-2023,4004.41,Rejected
P808,C808,Vivaan Patel,Jaipur,Male,24,Auto,07-08-2023,06-08-2024,324.69,41594.18,CL808,03-12-2023,4838.4,Pending
P809,C809,Rohan Desai,Jaipur,Female,53,Auto,13-08-2024,13-08-2025,489.63,28931.68,CL809,10-05-2025,6439.65,Rejected
P810,C810,Kunal Mehta,Chennai,Male,39,Travel,24-06-2024,24-06-2025,675.35,93234.9,CL810,,0,Rejected
P811,C811,Rohan Desai,Indore,Male,63,Auto,16-11-2025,16-11-2026,1187.9,20085.93,CL811,03-06-2026,8822.01,Settled
P812,C812,Aditya Verma,Mumbai,Male,23,Travel,20-09-2025,20-09-2026,646.95,68720.44,CL812,18-09-2026,9838.63,Rejected
P813,C813,Arjun Nair,Bengaluru,Male,58,Health,08-02-2024,07-02-2025,404.03,62293.41,CL813,06-11-2024,7534.38,Pending
P814,C814,Ananya Gupta,Mumbai,Female,69,Health,29-11-2024,29-11-2025,1248.08,34353.37,CL814,,0,Rejected
P815,C815,Aditya Verma,Kolkata,Male,44,Auto,29-03-2025,29-03-2026,1010.32,62292.7,CL815,05-08-2025,9199.42,Settled
P816,C816,Arjun Nair,Chandigarh,Male,22,Auto,19-02-2025,19-02-2026,1295.38,37544.98,CL816,05-01-2026,1137.53,Rejected
P817,C817,Ishita Singh,Hyderabad,Female,72,Travel,27-01-2025,27-01-2026,748.47,50927.78,CL817,13-05-2025,5647.85,Rejected
P818,C818,Ananya Gupta,Kolkata,Female,58,Health,07-04-2023,06-04-2024,616.58,43757,CL818,25-06-2023,1519.26,Pending
P819,C819,Sai Kumar,Mumbai,Female,51,Auto,08-01-2025,08-01-2026,1381.46,48847.7,CL819,28-10-2025,6942.74,Rejected
P820,C820,Priya Nair,Chennai,Male,61,Auto,10-09-2025,10-09-2026,1025.55,73037.25,CL820,,0,Rejected
P821,C821,Sai Kumar,Chandigarh,Male,74,Travel,04-09-2025,04-09-2026,398.78,62195.8,CL821,,0,Rejected
P822,C822,Sneha Iyer,Indore,Male,42,Auto,05-04-2025,05-04-2026,1149.48,26625.13,CL822,,0,Rejected
P823,C823,Kavya Reddy,Kolkata,Female,37,Auto,30-01-2024,29-01-2025,1055.4,64364.28,CL823,,0,Rejected
P824,C824,Vivaan Patel,Delhi,Female,67,Auto,19-10-2024,19-10-2025,544.73,47844.58,CL824,,0,Rejected
P825,C825,Sneha Iyer,Ahmedabad,Male,23,Auto,09-01-2025,09-01-2026,1225.53,73901.67,CL825,24-06-2025,2556.71,Pending
P826,C826,Priya Nair,Chennai,Male,21,Health,04-01-2024,03-01-2025,1186.34,46365.12,CL826,01-10-2024,8840.17,Pending
P827,C827,Neha Joshi,Bengaluru,Female,44,Auto,13-03-2023,12-03-2024,1015.03,69994.93,CL827,07-10-2023,1954.26,Rejected
P828,C828,Rohan Desai,Jaipur,Male,64,Auto,18-07-2025,18-07-2026,503.14,49177.55,CL828,17-03-2026,7706.6,Settled
P829,C829,Pooja Sharma,Jaipur,Female,51,Auto,09-04-2023,08-04-2024,387.38,95461.48,CL829,19-02-2024,6629.15,Pending
P830,C830,Pooja Sharma,Lucknow,Male,30,Travel,22-11-2025,22-11-2026,773.31,81927.94,CL830,14-12-2025,5131.21,Pending
P831,C831,Ananya Gupta,Delhi,Male,64,Auto,21-08-2025,21-08-2026,1264.72,53721.83,CL831,,0,Rejected
P832,C832,Sneha Iyer,Indore,Female,46,Health,17-04-2023,16-04-2024,254.47,21203.59,CL832,27-10-2023,4909.68,Rejected
P833,C833,Aditya Verma,Hyderabad,Female,60,Auto,26-10-2025,26-10-2026,881.35,25457.29,CL833,18-02-2026,7220.19,Pending
P834,C834,Sai Kumar,Pune,Male,71,Travel,14-04-2025,14-04-2026,645.74,75561,CL834,29-12-2025,8942.48,Pending
P835,C835,Aditya Verma,Delhi,Male,58,Auto,27-04-2025,27-04-2026,982.28,81226.9,CL835,18-09-2025,3104.9,Rejected
P836,C836,Kavya Reddy,Kolkata,Male,21,Health,16-06-2023,15-06-2024,1427.86,71099.47,CL836,,0,Rejected
P837,C837,Meera Kulkarni,Kolkata,Male,71,Health,25-12-2023,24-12-2024,1144.59,91842.38,CL837,26-07-2024,3014.45,Settled
P838,C838,Sai Kumar,Hyderabad,Female,38,Health,22-07-2024,22-07-2025,1335.86,20173.2,CL838,,0,Rejected
P839,C839,Rohan Desai,Pune,Female,30,Travel,22-03-2023,21-03-2024,480.02,30208.99,CL839,17-07-2023,7902.96,Settled
P840,C840,Meera Kulkarni,Ahmedabad,Male,36,Travel,24-01-2023,24-01-2024,807.88,57401.51,CL840,12-02-2023,6047.99,Pending
P841,C841,Sai Kumar,Mumbai,Male,65,Auto,03-01-2023,03-01-2024,1472.08,52724.12,CL841,26-09-2023,6519.87,Pending
P842,C842,Sai Kumar,Bengaluru,Female,60,Travel,20-07-2025,20-07-2026,1403.22,96230.46,CL842,29-12-2025,6183.24,Settled
P843,C843,Aarav Sharma,Pune,Male,45,Travel,23-05-2023,22-05-2024,1164.43,67037.38,CL843,06-01-2024,7115.88,Settled
P844,C844,Vivaan Patel,Chennai,Male,62,Travel,01-05-2025,01-05-2026,1146.44,97194.32,CL844,21-07-2025,7953.06,Settled
P845,C845,Sneha Iyer,Ahmedabad,Male,58,Health,11-12-2024,11-12-2025,830.53,55905.86,CL845,23-02-2025,6808.77,Rejected
P846,C846,Vihaan Reddy,Hyderabad,Male,68,Health,09-04-2023,08-04-2024,872.54,55325.27,CL846,,0,Rejected
P847,C847,Kavya Reddy,Bengaluru,Male,61,Health,04-10-2024,04-10-2025,924.95,49520.33,CL847,,0,Rejected
P848,C848,Rohan Desai,Mumbai,Male,50,Travel,09-04-2023,08-04-2024,1220.05,39330.05,CL848,27-01-2024,5363.84,Rejected
P849,C849,Ishita Singh,Chandigarh,Male,38,Travel,25-05-2024,25-05-2025,787.13,86841.03,CL849,,0,Rejected
P850,C850,Sneha Iyer,Hyderabad,Female,23,Health,01-03-2023,29-02-2024,728.17,62327.58,CL850,08-03-2023,9658.91,Settled
P851,C851,Arjun Nair,Mumbai,Female,26,Auto,29-08-2023,28-08-2024,522.63,80336.03,CL851,01-11-2023,9187.26,Pending
P852,C852,Ananya Gupta,Mumbai,Male,62,Auto,22-11-2023,21-11-2024,406.35,52026.04,CL852,15-05-2024,8525.89,Settled
P853,C853,Neha Joshi,Chandigarh,Female,60,Travel,13-07-2025,13-07-2026,503.79,95868.5,CL853,14-12-2025,1418.16,Pending
P854,C854,Pooja Sharma,Chandigarh,Male,41,Auto,12-05-2024,12-05-2025,316.67,46775.75,CL854,,0,Rejected
P855,C855,Ananya Gupta,Hyderabad,Female,36,Travel,25-05-2023,24-05-2024,269.76,66962.93,CL855,04-09-2023,8466.07,Pending
P856,C856,Kunal Mehta,Ahmedabad,Male,68,Health,23-08-2025,23-08-2026,1335.96,58577.31,CL856,18-10-2025,4969.82,Settled
P857,C857,Kunal Mehta,Hyderabad,Female,41,Travel,31-03-2023,30-03-2024,1081.17,87319.07,CL857,02-07-2023,8257.22,Rejected
P858,C858,Sneha Iyer,Indore,Male,36,Travel,28-02-2023,28-02-2024,1494.95,68923.01,CL858,23-12-2023,1553.54,Rejected
P859,C859,Vivaan Patel,Chennai,Male,69,Travel,08-10-2023,07-10-2024,1255.2,41090.22,CL859,,0,Rejected
P860,C860,Kunal Mehta,Indore,Female,46,Health,21-12-2025,21-12-2026,837.74,41641.17,CL860,,0,Rejected
P861,C861,Kunal Mehta,Chandigarh,Female,54,Health,28-06-2023,27-06-2024,1426.41,87601.26,CL861,01-12-2023,5665.39,Pending
P862,C862,Neha Joshi,Mumbai,Female,73,Auto,28-07-2024,28-07-2025,414.26,27153.19,CL862,19-05-2025,8854.04,Pending
P863,C863,Kunal Mehta,Indore,Male,41,Travel,22-05-2025,22-05-2026,603.36,78191.06,CL863,07-03-2026,1769.05,Rejected
P864,C864,Aditya Verma,Chennai,Female,35,Travel,08-09-2024,08-09-2025,830.51,77896.69,CL864,10-08-2025,1084.76,Settled
P865,C865,Kunal Mehta,Pune,Female,61,Travel,18-07-2023,17-07-2024,1335.84,92204.14,CL865,25-03-2024,4256.09,Settled
P866,C866,Pooja Sharma,Jaipur,Male,68,Auto,23-07-2025,23-07-2026,556.62,97166.24,CL866,25-11-2025,2242.18,Rejected
P867,C867,Rohan Desai,Pune,Female,39,Auto,10-06-2024,10-06-2025,702.13,63166.48,CL867,25-11-2024,5373.63,Settled
P868,C868,Sneha Iyer,Chennai,Female,68,Auto,06-08-2025,06-08-2026,1158.42,39696.39,CL868,,0,Rejected
P869,C869,Rohan Desai,Chennai,Male,64,Health,24-06-2024,24-06-2025,1482.34,33934.42,CL869,30-09-2024,2432.05,Settled
P870,C870,Kunal Mehta,Indore,Female,71,Auto,05-02-2023,05-02-2024,717.75,77660.83,CL870,12-12-2023,4498.49,Settled
P871,C871,Sneha Iyer,Indore,Male,64,Auto,24-05-2023,23-05-2024,283.68,28810.6,CL871,22-02-2024,9069.05,Rejected
P872,C872,Kavya Reddy,Hyderabad,Male,57,Auto,06-12-2025,06-12-2026,279.4,85296.47,CL872,22-10-2026,4452.9,Settled
P873,C873,Neha Joshi,Chandigarh,Female,68,Health,13-03-2023,12-03-2024,1007.38,35885.86,CL873,20-01-2024,6373.65,Rejected
P874,C874,Aarav Sharma,Hyderabad,Male,50,Health,11-11-2023,10-11-2024,693.81,97609.85,CL874,12-05-2024,6203.82,Settled
P875,C875,Pooja Sharma,Jaipur,Male,36,Health,17-05-2023,16-05-2024,809.78,58227.09,CL875,30-08-2023,2518.59,Rejected
P876,C876,Priya Nair,Jaipur,Female,54,Auto,10-07-2024,10-07-2025,1112.01,37531.68,CL876,09-12-2024,2976.51,Pending
P877,C877,Kavya Reddy,Mumbai,Female,72,Health,16-03-2025,16-03-2026,826.15,83124.64,CL877,23-09-2025,8735.29,Settled
P878,C878,Kavya Reddy,Jaipur,Female,64,Auto,01-01-2025,01-01-2026,459.98,89767.75,CL878,20-02-2025,9850.52,Rejected
P879,C879,Sneha Iyer,Delhi,Female,56,Health,19-11-2023,18-11-2024,367.89,32328.57,CL879,27-08-2024,4019.11,Settled
P880,C880,Vivaan Patel,Kolkata,Male,67,Travel,07-06-2023,06-06-2024,1205.18,45670.03,CL880,,0,Rejected
P881,C881,Aarav Sharma,Chennai,Male,72,Travel,16-02-2024,15-02-2025,1210.06,86393.15,CL881,,0,Rejected
P882,C882,Vivaan Patel,Lucknow,Male,66,Health,04-12-2024,04-12-2025,856.38,52457.11,CL882,20-02-2025,2158.65,Rejected
P883,C883,Aarav Sharma,Indore,Male,25,Health,30-06-2023,29-06-2024,1394.32,96481.1,CL883,,0,Rejected
P884,C884,Kunal Mehta,Lucknow,Male,29,Health,10-02-2023,10-02-2024,1019.71,55146.68,CL884,,0,Rejected
P885,C885,Ishita Singh,Lucknow,Female,28,Travel,11-04-2024,11-04-2025,853.67,32842.59,CL885,,0,Rejected
P886,C886,Meera Kulkarni,Lucknow,Male,75,Travel,03-06-2024,03-06-2025,1176.18,21893.63,CL886,27-12-2024,3829.66,Rejected
P887,C887,Vihaan Reddy,Jaipur,Male,57,Health,10-07-2024,10-07-2025,1060.7,75282.72,CL887,01-08-2024,1410.68,Pending
P888,C888,Ananya Gupta,Lucknow,Female,71,Health,30-12-2025,30-12-2026,292.52,89954.24,CL888,,0,Rejected
P889,C889,Pooja Sharma,Indore,Female,22,Auto,04-09-2024,04-09-2025,818.69,54036.58,CL889,16-12-2024,2527.46,Pending
P890,C890,Aditya Verma,Indore,Female,65,Travel,14-01-2025,14-01-2026,959.72,96470.01,CL890,09-08-2025,6443.41,Settled
P891,C891,Arjun Nair,Ahmedabad,Male,52,Health,14-11-2024,14-11-2025,1171.62,98177.36,CL891,29-09-2025,1665.73,Rejected
P892,C892,Ananya Gupta,Ahmedabad,Female,67,Travel,25-05-2024,25-05-2025,358.9,87018.56,CL892,06-04-2025,3452.2,Rejected
P893,C893,Pooja Sharma,Jaipur,Male,62,Travel,13-08-2023,12-08-2024,1427.99,34285.47,CL893,,0,Rejected
P894,C894,Vihaan Reddy,Bengaluru,Female,34,Health,05-11-2024,05-11-2025,650.52,40155.29,CL894,,0,Rejected
P895,C895,Sai Kumar,Delhi,Female,38,Health,24-10-2024,24-10-2025,800.14,78302.68,CL895,01-01-2025,4813.79,Rejected
P896,C896,Sneha Iyer,Delhi,Male,73,Health,01-09-2023,31-08-2024,724.3,86108.36,CL896,04-08-2024,3312.14,Rejected
P897,C897,Meera Kulkarni,Delhi,Male,53,Health,18-05-2025,18-05-2026,1317.37,75813,CL897,,0,Rejected
P898,C898,Priya Nair,Kolkata,Male,56,Health,07-02-2025,07-02-2026,623.85,29332.68,CL898,13-01-2026,2309.47,Settled
P899,C899,Rohan Desai,Chandigarh,Male,38,Travel,24-10-2024,24-10-2025,675.32,65315.44,CL899,,0,Rejected
P900,C900,Ananya Gupta,Pune,Female,64,Travel,21-04-2023,20-04-2024,1108.88,75783.88,CL900,,0,Rejected
P901,C901,Sai Kumar,Kolkata,Male,72,Travel,06-03-2023,05-03-2024,1020.88,24785.54,CL901,25-10-2023,3471.92,Settled
P902,C902,Priya Nair,Pune,Female,60,Travel,25-06-2023,24-06-2024,658.96,30425.55,CL902,,0,Rejected
P903,C903,Sai Kumar,Ahmedabad,Female,56,Auto,21-04-2025,21-04-2026,994.94,67210.54,CL903,06-07-2025,9506.33,Rejected
P904,C904,Arjun Nair,Jaipur,Male,71,Health,12-12-2023,11-12-2024,1334.13,47279.99,CL904,23-08-2024,7157.34,Settled
P905,C905,Vihaan Reddy,Jaipur,Female,68,Auto,17-04-2023,16-04-2024,1230.66,23941.57,CL905,,0,Rejected
P906,C906,Priya Nair,Chennai,Female,32,Health,25-01-2024,24-01-2025,1438.8,42582.81,CL906,,0,Rejected
P907,C907,Vivaan Patel,Chandigarh,Male,25,Auto,22-12-2024,22-12-2025,323.72,77938.45,CL907,17-07-2025,5271.94,Rejected
P908,C908,Vivaan Patel,Chandigarh,Female,31,Travel,08-10-2025,08-10-2026,1016.59,52764.09,CL908,31-03-2026,2464.27,Rejected
P909,C909,Rohan Desai,Delhi,Female,42,Auto,06-09-2023,05-09-2024,1427.07,77326.07,CL909,14-11-2023,9212.76,Settled
P910,C910,Kavya Reddy,Chandigarh,Female,58,Health,21-07-2024,21-07-2025,613.17,56802.45,CL910,16-11-2024,7401.38,Pending
P911,C911,Aditya Verma,Chandigarh,Female,61,Auto,15-01-2024,14-01-2025,1232.87,40758.89,CL911,04-08-2024,6661.93,Pending
P912,C912,Ananya Gupta,Hyderabad,Male,72,Health,26-05-2024,26-05-2025,670.27,33542.7,CL912,,0,Rejected
P913,C913,Kavya Reddy,Kolkata,Female,35,Travel,25-02-2024,24-02-2025,1256.47,90442.3,CL913,07-06-2024,7913.71,Pending
P914,C914,Ananya Gupta,Lucknow,Male,54,Travel,11-01-2023,11-01-2024,935.76,56914.57,CL914,20-01-2023,8547.9,Rejected
P915,C915,Vivaan Patel,Pune,Female,43,Travel,07-07-2025,07-07-2026,468.71,36882.83,CL915,,0,Rejected
P916,C916,Aditya Verma,Jaipur,Female,49,Auto,25-08-2025,25-08-2026,1069.79,80059.64,CL916,21-05-2026,3412.03,Rejected
P917,C917,Vihaan Reddy,Mumbai,Male,42,Health,28-09-2025,28-09-2026,840.05,92814.04,CL917,24-05-2026,1772.13,Rejected
P918,C918,Sneha Iyer,Chennai,Female,44,Travel,10-02-2023,10-02-2024,944.02,24748.05,CL918,03-11-2023,2037.31,Pending
P919,C919,Rohan Desai,Mumbai,Male,41,Health,21-11-2024,21-11-2025,673.67,98087.68,CL919,03-12-2024,2251.05,Pending
P920,C920,Sai Kumar,Chandigarh,Male,28,Health,29-06-2025,29-06-2026,364.56,90524.17,CL920,,0,Rejected
P921,C921,Aditya Verma,Kolkata,Male,72,Travel,24-04-2023,23-04-2024,948.43,20536.4,CL921,,0,Rejected
P922,C922,Sneha Iyer,Mumbai,Male,49,Health,01-06-2024,01-06-2025,282.54,81196.76,CL922,11-03-2025,5964.97,Settled
P923,C923,Priya Nair,Delhi,Female,37,Health,12-09-2024,12-09-2025,785.03,32590.55,CL923,17-01-2025,7279.85,Pending
P924,C924,Ishita Singh,Chennai,Female,63,Health,03-10-2024,03-10-2025,1326.49,51758.08,CL924,11-11-2024,4375.58,Rejected
P925,C925,Priya Nair,Bengaluru,Female,30,Health,16-12-2025,16-12-2026,436.03,57877.36,CL925,16-08-2026,5049.97,Settled
P926,C926,Neha Joshi,Pune,Female,37,Health,16-11-2025,16-11-2026,1204.51,45552.26,CL926,21-06-2026,1380.17,Pending
P927,C927,Kunal Mehta,Mumbai,Female,22,Travel,27-10-2023,26-10-2024,1482.43,28585.95,CL927,01-06-2024,8753.38,Rejected
P928,C928,Ishita Singh,Hyderabad,Female,32,Health,20-08-2023,19-08-2024,732.77,98808.93,CL928,,0,Rejected
P929,C929,Aarav Sharma,Hyderabad,Female,40,Travel,05-09-2024,05-09-2025,534.68,34698.61,CL929,,0,Rejected
P930,C930,Sneha Iyer,Indore,Male,24,Health,18-05-2023,17-05-2024,470.28,70901.2,CL930,14-11-2023,6868.48,Settled
P931,C931,Pooja Sharma,Delhi,Female,56,Auto,30-11-2025,30-11-2026,997.48,29151.67,CL931,01-05-2026,1593.1,Settled
P932,C932,Sai Kumar,Mumbai,Female,56,Travel,10-07-2023,09-07-2024,746.13,48049.8,CL932,,0,Rejected
P933,C933,Ishita Singh,Kolkata,Male,49,Auto,15-05-2023,14-05-2024,1181.79,42706.93,CL933,27-06-2023,4059.15,Rejected
P934,C934,Meera Kulkarni,Hyderabad,Male,49,Travel,08-11-2023,07-11-2024,1303.39,43492.07,CL934,11-07-2024,1671.67,Pending
P935,C935,Sneha Iyer,Mumbai,Male,47,Travel,18-04-2025,18-04-2026,755.4,29208.81,CL935,16-12-2025,9919.92,Rejected
P936,C936,Aditya Verma,Delhi,Female,37,Travel,12-12-2025,12-12-2026,512.09,74150.99,CL936,01-04-2026,6504.25,Pending
P937,C937,Sai Kumar,Pune,Male,62,Health,23-11-2024,23-11-2025,1102.66,73539.48,CL937,04-03-2025,4587.91,Settled
P938,C938,Vihaan Reddy,Delhi,Female,71,Auto,10-04-2025,10-04-2026,674.07,63204.26,CL938,,0,Rejected
P939,C939,Rohan Desai,Indore,Female,21,Auto,26-10-2025,26-10-2026,1226.63,95796.34,CL939,,0,Rejected
P940,C940,Priya Nair,Chennai,Male,23,Travel,14-08-2025,14-08-2026,1020.83,47176.26,CL940,10-05-2026,1213.52,Pending
P941,C941,Sneha Iyer,Pune,Male,57,Travel,11-05-2025,11-05-2026,1280.8,36950.03,CL941,,0,Rejected
P942,C942,Vivaan Patel,Indore,Female,21,Health,11-03-2025,11-03-2026,461,81130.66,CL942,,0,Rejected
P943,C943,Vihaan Reddy,Chennai,Male,69,Travel,04-04-2023,03-04-2024,1486.74,41900.84,CL943,,0,Rejected
P944,C944,Pooja Sharma,Lucknow,Male,56,Health,10-02-2024,09-02-2025,942.54,62835.79,CL944,10-09-2024,3660.66,Rejected
P945,C945,Aarav Sharma,Ahmedabad,Female,69,Auto,31-03-2023,30-03-2024,275.95,65550.44,CL945,20-05-2023,8265.01,Rejected
P946,C946,Aarav Sharma,Indore,Female,51,Health,05-06-2024,05-06-2025,267.6,33924.48,CL946,23-03-2025,4893.65,Settled
P947,C947,Arjun Nair,Chandigarh,Female,57,Auto,20-11-2025,20-11-2026,1091.42,72871.81,CL947,,0,Rejected
P948,C948,Vihaan Reddy,Delhi,Male,40,Travel,17-11-2025,17-11-2026,1125.38,53513.02,CL948,25-09-2026,8128.91,Settled
P949,C949,Kavya Reddy,Indore,Male,43,Health,17-03-2025,17-03-2026,1218.89,88473.05,CL949,,0,Rejected
P950,C950,Sneha Iyer,Kolkata,Female,56,Health,25-01-2025,25-01-2026,593.68,36166.9,CL950,,0,Rejected
P951,C951,Kavya Reddy,Chandigarh,Male,74,Auto,12-01-2024,11-01-2025,874.01,60183.32,CL951,,0,Rejected
P952,C952,Aarav Sharma,Jaipur,Female,52,Health,22-08-2023,21-08-2024,979.89,29887.76,CL952,24-10-2023,8180.55,Settled
P953,C953,Aditya Verma,Chennai,Female,62,Health,27-12-2024,27-12-2025,1309.1,75053.79,CL953,11-06-2025,7370.08,Pending
P954,C954,Meera Kulkarni,Mumbai,Female,37,Auto,07-07-2025,07-07-2026,848.07,88950.03,CL954,,0,Rejected
P955,C955,Aarav Sharma,Chennai,Female,24,Travel,06-01-2025,06-01-2026,995.42,33886.93,CL955,10-10-2025,8031.87,Settled
P956,C956,Aditya Verma,Chandigarh,Male,56,Auto,26-06-2024,26-06-2025,505.02,25415.47,CL956,26-11-2024,9693.86,Rejected
P957,C957,Pooja Sharma,Ahmedabad,Male,73,Travel,28-09-2024,28-09-2025,727.26,48273.47,CL957,17-01-2025,9058.06,Settled
P958,C958,Vivaan Patel,Kolkata,Male,42,Travel,19-02-2025,19-02-2026,759.92,79986.93,CL958,19-07-2025,9427.31,Settled
P959,C959,Meera Kulkarni,Hyderabad,Male,62,Travel,16-09-2025,16-09-2026,670.19,67959.17,CL959,24-03-2026,5820.54,Rejected
P960,C960,Rohan Desai,Hyderabad,Female,31,Auto,27-02-2024,26-02-2025,1484.47,82179.96,CL960,12-01-2025,8764.79,Rejected
P961,C961,Pooja Sharma,Jaipur,Female,67,Health,03-05-2025,03-05-2026,330.38,90106.48,CL961,10-11-2025,5141.58,Settled
P962,C962,Vihaan Reddy,Hyderabad,Male,49,Auto,11-07-2023,10-07-2024,547.79,62834.2,CL962,,0,Rejected
P963,C963,Aarav Sharma,Delhi,Female,40,Travel,08-09-2025,08-09-2026,525.7,78739.65,CL963,07-02-2026,9862.33,Settled
P964,C964,Sai Kumar,Lucknow,Female,36,Travel,27-04-2025,27-04-2026,307.15,63721.24,CL964,26-02-2026,5259.21,Pending
P965,C965,Aarav Sharma,Jaipur,Female,33,Health,25-12-2025,25-12-2026,1044.95,87283.9,CL965,,0,Rejected
P966,C966,Sai Kumar,Kolkata,Female,35,Health,30-07-2024,30-07-2025,1288.02,38186.35,CL966,13-01-2025,9886.11,Rejected
P967,C967,Vihaan Reddy,Jaipur,Male,34,Travel,13-01-2024,12-01-2025,1352.76,70805.83,CL967,25-04-2024,7077.93,Pending
P968,C968,Meera Kulkarni,Mumbai,Male,50,Auto,10-04-2025,10-04-2026,490.76,97450.59,CL968,20-06-2025,7056.26,Settled
P969,C969,Neha Joshi,Pune,Female,42,Health,26-12-2023,25-12-2024,281.71,45668.25,CL969,18-03-2024,2205.57,Rejected
P970,C970,Sneha Iyer,Ahmedabad,Female,57,Travel,13-07-2025,13-07-2026,639.26,69668.49,CL970,18-08-2025,1952.23,Settled
P971,C971,Aarav Sharma,Mumbai,Male,58,Travel,04-07-2024,04-07-2025,1300.84,46206.7,CL971,18-02-2025,2164.65,Settled
P972,C972,Neha Joshi,Kolkata,Male,36,Auto,03-05-2023,02-05-2024,620.14,60444.75,CL972,04-12-2023,2430.96,Pending
P973,C973,Aditya Verma,Indore,Female,61,Auto,06-05-2024,06-05-2025,664,80161.14,CL973,,0,Rejected
P974,C974,Vihaan Reddy,Pune,Male,41,Auto,23-12-2023,22-12-2024,1454.73,73318.04,CL974,,0,Rejected
P975,C975,Aditya Verma,Mumbai,Male,75,Travel,30-09-2023,29-09-2024,1191.32,31445.96,CL975,27-05-2024,9086.94,Settled
P976,C976,Meera Kulkarni,Delhi,Male,64,Travel,03-10-2023,02-10-2024,489.48,97306.44,CL976,,0,Rejected
P977,C977,Ishita Singh,Pune,Male,56,Health,07-01-2023,07-01-2024,1324.92,42008.78,CL977,12-12-2023,3239.9,Pending
P978,C978,Aditya Verma,Hyderabad,Male,48,Health,24-09-2023,23-09-2024,729.14,24291.3,CL978,21-12-2023,8901.83,Rejected
P979,C979,Priya Nair,Ahmedabad,Female,52,Travel,27-11-2024,27-11-2025,881.84,27230.41,CL979,14-01-2025,3638.24,Pending
P980,C980,Vihaan Reddy,Mumbai,Male,59,Travel,23-05-2024,23-05-2025,1408.41,47896.44,CL980,,0,Rejected
P981,C981,Rohan Desai,Delhi,Male,22,Auto,17-09-2024,17-09-2025,554.23,68973.48,CL981,22-11-2024,4623.58,Settled
P982,C982,Meera Kulkarni,Jaipur,Female,53,Travel,11-02-2024,10-02-2025,1169.71,90671.56,CL982,06-09-2024,6637.83,Pending
P983,C983,Aarav Sharma,Lucknow,Female,23,Health,13-11-2024,13-11-2025,921.07,57424.23,CL983,,0,Rejected
P984,C984,Ishita Singh,Pune,Male,36,Health,22-10-2024,22-10-2025,1326.42,28114.49,CL984,,0,Rejected
P985,C985,Kavya Reddy,Chandigarh,Male,51,Auto,18-06-2024,18-06-2025,1448.5,36280.98,CL985,25-02-2025,1666.94,Settled
P986,C986,Kunal Mehta,Hyderabad,Female,73,Travel,16-11-2024,16-11-2025,653.16,26441.11,CL986,03-03-2025,8205.12,Settled
P987,C987,Aarav Sharma,Mumbai,Female,26,Travel,29-08-2024,29-08-2025,614.49,46843.9,CL987,02-05-2025,9254,Settled
P988,C988,Vihaan Reddy,Indore,Male,33,Health,12-10-2025,12-10-2026,659.94,30847.4,CL988,,0,Rejected
P989,C989,Ananya Gupta,Ahmedabad,Male,22,Travel,17-04-2025,17-04-2026,1224.63,33741.52,CL989,,0,Rejected
P990,C990,Priya Nair,Chandigarh,Female,60,Travel,09-01-2023,09-01-2024,860.84,96996.34,CL990,,0,Rejected
P991,C991,Sneha Iyer,Bengaluru,Female,42,Travel,19-09-2024,19-09-2025,930.03,41325.91,CL991,08-09-2025,3404.69,Settled
P992,C992,Sneha Iyer,Indore,Male,53,Travel,05-07-2025,05-07-2026,346.35,96616.2,CL992,19-03-2026,7004.36,Rejected
P993,C993,Pooja Sharma,Lucknow,Male,55,Auto,21-11-2023,20-11-2024,883.07,61671.26,CL993,19-01-2024,7674.93,Pending
P994,C994,Arjun Nair,Indore,Male,59,Travel,28-02-2024,27-02-2025,526.74,23285.98,CL994,,0,Rejected
P995,C995,Ananya Gupta,Ahmedabad,Male,66,Auto,26-02-2024,25-02-2025,1430.1,46013.81,CL995,08-09-2024,8394.92,Pending
P996,C996,Aditya Verma,Jaipur,Male,47,Health,14-08-2023,13-08-2024,1488.05,29537.31,CL996,17-06-2024,1190.85,Pending
P997,C997,Vivaan Patel,Bengaluru,Male,68,Travel,24-05-2023,23-05-2024,540.85,74635.88,CL997,16-10-2023,2595.9,Pending
P998,C998,Vihaan Reddy,Chennai,Male,33,Auto,26-01-2025,26-01-2026,494.16,76913.88,CL998,06-03-2025,7369.05,Rejected
P999,C999,Rohan Desai,Indore,Male,63,Travel,02-07-2025,02-07-2026,976.28,75286.3,CL999,11-06-2026,3170.13,Pending
P1000,C1000,Arjun Nair,Ahmedabad,Female,36,Health,22-11-2023,21-11-2024,1489.66,38416.52,CL1000,,0,Rejected
P1001,C1001,Vihaan Reddy,Pune,Male,21,Auto,10-05-2025,10-05-2026,273.37,76006.35,CL1001,29-08-2025,6385.38,Rejected
P1002,C1002,Rohan Desai,Lucknow,Male,27,Auto,07-11-2023,06-11-2024,1452.26,55977.95,CL1002,01-09-2024,7805.69,Rejected
P1003,C1003,Ananya Gupta,Mumbai,Female,30,Travel,06-10-2025,06-10-2026,831,77469.98,CL1003,01-05-2026,1394.78,Rejected
P1004,C1004,Sneha Iyer,Jaipur,Male,38,Health,28-09-2025,28-09-2026,506.11,43335.62,CL1004,03-07-2026,8811.49,Settled
P1005,C1005,Aditya Verma,Mumbai,Female,54,Auto,28-02-2025,28-02-2026,627.46,22407.89,CL1005,05-06-2025,2105.04,Rejected
P1006,C1006,Vihaan Reddy,Jaipur,Female,26,Health,17-11-2024,17-11-2025,367.29,71149.3,CL1006,02-07-2025,5413.28,Pending
P1007,C1007,Arjun Nair,Jaipur,Male,21,Auto,22-01-2025,22-01-2026,1367.54,89834.17,CL1007,02-04-2025,2308.06,Settled
P1008,C1008,Sneha Iyer,Ahmedabad,Female,22,Health,25-08-2023,24-08-2024,353.22,81401.27,CL1008,22-10-2023,3834.8,Pending
P1009,C1009,Vihaan Reddy,Chennai,Male,32,Travel,03-01-2024,02-01-2025,951,92455.19,CL1009,,0,Rejected
P1010,C1010,Vihaan Reddy,Pune,Female,70,Travel,18-06-2025,18-06-2026,1349.53,93570.59,CL1010,,0,Rejected
P1011,C1011,Sai Kumar,Ahmedabad,Male,44,Travel,08-02-2024,07-02-2025,1169.62,92880.68,CL1011,,0,Rejected
P1012,C1012,Vivaan Patel,Hyderabad,Male,35,Auto,04-12-2024,04-12-2025,1135.44,96023.11,CL1012,17-04-2025,8713.53,Rejected
P1013,C1013,Kunal Mehta,Jaipur,Female,34,Travel,10-06-2024,10-06-2025,416.88,36660.68,CL1013,,0,Rejected
P1014,C1014,Meera Kulkarni,Indore,Female,30,Health,24-10-2023,23-10-2024,412.74,46629.57,CL1014,30-09-2024,3834.97,Pending
P1015,C1015,Sneha Iyer,Delhi,Male,35,Health,08-01-2023,08-01-2024,762.18,94759.99,CL1015,17-09-2023,3840.32,Pending
P1016,C1016,Kunal Mehta,Hyderabad,Male,66,Travel,07-04-2025,07-04-2026,1153.37,34045.43,CL1016,08-02-2026,6614.07,Rejected
P1017,C1017,Priya Nair,Chennai,Female,27,Health,23-08-2025,23-08-2026,1312.97,28758.82,CL1017,06-06-2026,2760.59,Settled
P1018,C1018,Neha Joshi,Chandigarh,Male,62,Health,15-11-2023,14-11-2024,1235.64,64466.72,CL1018,24-01-2024,7981.48,Rejected
P1019,C1019,Neha Joshi,Mumbai,Female,67,Auto,07-05-2025,07-05-2026,949.13,69288.98,CL1019,02-07-2025,9333.8,Settled
P1020,C1020,Neha Joshi,Kolkata,Male,30,Health,12-02-2025,12-02-2026,792.69,47240.47,CL1020,30-05-2025,4929.56,Pending
P1021,C1021,Kunal Mehta,Indore,Female,34,Auto,28-08-2025,28-08-2026,1306.24,61590.52,CL1021,02-10-2025,5899.32,Settled
P1022,C1022,Arjun Nair,Pune,Male,67,Travel,14-05-2024,14-05-2025,303.46,73347.49,CL1022,10-02-2025,7986.66,Rejected
P1023,C1023,Sai Kumar,Hyderabad,Female,60,Health,17-08-2024,17-08-2025,1286.16,61440.91,CL1023,,0,Rejected
P1024,C1024,Kunal Mehta,Lucknow,Female,53,Health,28-11-2023,27-11-2024,415.53,95408.3,CL1024,,0,Rejected
P1025,C1025,Kavya Reddy,Pune,Male,31,Travel,03-10-2023,02-10-2024,497.61,41127.64,CL1025,,0,Rejected
P1026,C1026,Meera Kulkarni,Lucknow,Female,50,Auto,04-11-2023,03-11-2024,640.33,39040.87,CL1026,03-06-2024,4275.45,Settled
P1027,C1027,Kavya Reddy,Lucknow,Female,37,Travel,06-12-2023,05-12-2024,821.55,99509.01,CL1027,,0,Rejected
P1028,C1028,Vihaan Reddy,Ahmedabad,Male,74,Auto,05-10-2023,04-10-2024,402.81,56342.96,CL1028,,0,Rejected
P1029,C1029,Kavya Reddy,Pune,Male,32,Travel,16-01-2023,16-01-2024,860.79,33217.83,CL1029,,0,Rejected
P1030,C1030,Priya Nair,Bengaluru,Female,37,Health,11-03-2025,11-03-2026,1284.38,44773.89,CL1030,01-04-2025,5914.99,Rejected
P1031,C1031,Aarav Sharma,Ahmedabad,Male,35,Travel,23-06-2024,23-06-2025,1289.01,96267.85,CL1031,20-08-2024,1007.72,Settled
P1032,C1032,Priya Nair,Jaipur,Female,62,Travel,15-05-2023,14-05-2024,1413.81,41021.45,CL1032,29-11-2023,9531.76,Rejected
P1033,C1033,Sai Kumar,Chandigarh,Male,65,Travel,17-02-2025,17-02-2026,486.64,37191.98,CL1033,,0,Rejected
P1034,C1034,Ananya Gupta,Pune,Male,57,Auto,17-07-2023,16-07-2024,955.18,78986.38,CL1034,19-05-2024,9038.82,Settled
P1035,C1035,Kunal Mehta,Delhi,Female,39,Health,17-04-2023,16-04-2024,883.54,55749.21,CL1035,21-08-2023,8241.15,Pending
P1036,C1036,Ishita Singh,Hyderabad,Female,62,Health,16-09-2023,15-09-2024,561.02,95822.42,CL1036,,0,Rejected
P1037,C1037,Kavya Reddy,Ahmedabad,Female,25,Travel,21-09-2024,21-09-2025,464.71,61317.89,CL1037,01-07-2025,3303.54,Rejected
P1038,C1038,Vihaan Reddy,Jaipur,Male,68,Travel,07-01-2024,06-01-2025,851,47075.28,CL1038,18-07-2024,3344.7,Pending
P1039,C1039,Aarav Sharma,Lucknow,Female,60,Travel,04-11-2025,04-11-2026,499.28,90348.97,CL1039,19-02-2026,5971.93,Rejected
P1040,C1040,Aditya Verma,Kolkata,Male,53,Travel,02-12-2025,02-12-2026,1314.99,70939.29,CL1040,19-08-2026,8927.39,Pending
P1041,C1041,Arjun Nair,Bengaluru,Male,57,Auto,20-05-2023,19-05-2024,308.87,76733.26,CL1041,08-03-2024,4031.07,Pending
P1042,C1042,Kavya Reddy,Chandigarh,Male,44,Travel,17-05-2025,17-05-2026,414.26,85660.97,CL1042,,0,Rejected
P1043,C1043,Kavya Reddy,Hyderabad,Male,33,Travel,06-10-2023,05-10-2024,1404.8,75242.22,CL1043,04-08-2024,4346.21,Rejected
P1044,C1044,Ishita Singh,Pune,Male,41,Travel,11-08-2023,10-08-2024,338.33,22721.07,CL1044,16-07-2024,4659.29,Pending
P1045,C1045,Ananya Gupta,Kolkata,Female,62,Auto,06-08-2023,05-08-2024,1049.09,21299.37,CL1045,,0,Rejected
P1046,C1046,Rohan Desai,Chandigarh,Female,46,Travel,17-07-2023,16-07-2024,1167.95,66785.8,CL1046,25-01-2024,5314.74,Settled
P1047,C1047,Sneha Iyer,Chennai,Male,60,Auto,25-06-2025,25-06-2026,1359.76,90489.08,CL1047,05-07-2025,7069.67,Rejected
P1048,C1048,Ananya Gupta,Indore,Female,32,Health,16-05-2023,15-05-2024,1014.46,46057.74,CL1048,,0,Rejected
P1049,C1049,Ishita Singh,Jaipur,Male,44,Travel,20-01-2023,20-01-2024,452.62,42312.14,CL1049,,0,Rejected
P1050,C1050,Pooja Sharma,Indore,Female,31,Health,25-10-2024,25-10-2025,1373.49,54075.87,CL1050,20-02-2025,9856.15,Pending
P1051,C1051,Neha Joshi,Pune,Female,46,Auto,11-06-2024,11-06-2025,619.46,39313.42,CL1051,17-04-2025,4700.11,Rejected
P1052,C1052,Sneha Iyer,Mumbai,Male,65,Travel,07-04-2025,07-04-2026,1242.08,36690.18,CL1052,,0,Rejected
P1053,C1053,Neha Joshi,Chennai,Male,44,Auto,21-08-2025,21-08-2026,1122.96,65027.01,CL1053,27-07-2026,7120.83,Pending
P1054,C1054,Arjun Nair,Indore,Male,25,Health,30-09-2025,30-09-2026,314.08,75667.72,CL1054,05-04-2026,9551.7,Pending
P1055,C1055,Sneha Iyer,Chennai,Male,30,Health,19-01-2025,19-01-2026,991.32,90885.56,CL1055,,0,Rejected
P1056,C1056,Kavya Reddy,Mumbai,Female,24,Health,04-05-2024,04-05-2025,1124.22,29833.9,CL1056,10-04-2025,9882.96,Pending
P1057,C1057,Neha Joshi,Jaipur,Male,37,Auto,02-03-2023,01-03-2024,1417.09,26846.1,CL1057,,0,Rejected
P1058,C1058,Ananya Gupta,Mumbai,Male,58,Auto,26-03-2024,26-03-2025,381.4,75878.54,CL1058,16-04-2024,4695.76,Rejected
P1059,C1059,Meera Kulkarni,Lucknow,Male,38,Health,24-10-2023,23-10-2024,1298.21,55895.53,CL1059,28-04-2024,2831.07,Rejected
P1060,C1060,Ananya Gupta,Chandigarh,Female,27,Health,15-11-2023,14-11-2024,1345.72,60608.17,CL1060,,0,Rejected
P1061,C1061,Kavya Reddy,Ahmedabad,Female,30,Auto,21-04-2023,20-04-2024,1120.52,79448.84,CL1061,07-03-2024,2502.64,Settled
P1062,C1062,Kunal Mehta,Bengaluru,Female,63,Health,10-12-2024,10-12-2025,1234.26,81123.95,CL1062,25-06-2025,2266.03,Pending
P1063,C1063,Arjun Nair,Hyderabad,Female,67,Travel,21-07-2023,20-07-2024,484.65,69001.38,CL1063,,0,Rejected
P1064,C1064,Arjun Nair,Hyderabad,Female,61,Health,01-11-2025,01-11-2026,1407.75,42098.65,CL1064,18-08-2026,9115.18,Rejected
P1065,C1065,Arjun Nair,Ahmedabad,Male,34,Health,05-01-2023,05-01-2024,990.23,53933.68,CL1065,03-08-2023,4765.15,Pending
P1066,C1066,Aditya Verma,Indore,Female,74,Travel,18-10-2024,18-10-2025,535.87,63953.3,CL1066,11-08-2025,2574.74,Rejected
P1067,C1067,Neha Joshi,Chandigarh,Male,65,Health,15-05-2023,14-05-2024,1103.71,74194.89,CL1067,06-10-2023,8663.7,Rejected
P1068,C1068,Kunal Mehta,Lucknow,Male,25,Health,11-09-2024,11-09-2025,898.63,24898.43,CL1068,12-04-2025,1052.27,Rejected
P1069,C1069,Vivaan Patel,Pune,Male,57,Travel,02-02-2023,02-02-2024,444.99,82246.26,CL1069,29-12-2023,4058.73,Pending
P1070,C1070,Pooja Sharma,Chennai,Male,65,Health,19-03-2023,18-03-2024,518.62,66421.73,CL1070,25-08-2023,9720.8,Rejected
P1071,C1071,Neha Joshi,Ahmedabad,Female,50,Travel,22-03-2023,21-03-2024,1387.25,93556.95,CL1071,20-02-2024,2703.02,Settled
P1072,C1072,Kavya Reddy,Delhi,Male,25,Health,12-09-2025,12-09-2026,1178.64,95652.47,CL1072,12-07-2026,2071.53,Rejected
P1073,C1073,Neha Joshi,Mumbai,Female,49,Auto,20-11-2025,20-11-2026,898.24,50252.7,CL1073,05-04-2026,3825.67,Rejected
P1074,C1074,Priya Nair,Indore,Female,49,Auto,13-10-2023,12-10-2024,1141.49,32424.16,CL1074,19-11-2023,9358.34,Rejected
P1075,C1075,Arjun Nair,Chennai,Male,27,Auto,23-04-2025,23-04-2026,826.44,87295.38,CL1075,22-09-2025,1406.12,Rejected
P1076,C1076,Pooja Sharma,Chandigarh,Male,67,Health,27-06-2023,26-06-2024,352.74,93769.27,CL1076,25-02-2024,9536.95,Rejected
P1077,C1077,Vihaan Reddy,Delhi,Female,42,Health,12-09-2025,12-09-2026,1174.05,76330.62,CL1077,,0,Rejected
P1078,C1078,Kavya Reddy,Chandigarh,Male,28,Health,16-12-2023,15-12-2024,1269.92,79124.48,CL1078,26-09-2024,4685.14,Rejected
P1079,C1079,Sai Kumar,Pune,Male,61,Travel,09-03-2025,09-03-2026,1156.87,38629.74,CL1079,14-09-2025,9979.53,Rejected
P1080,C1080,Meera Kulkarni,Mumbai,Male,27,Travel,31-03-2023,30-03-2024,801.13,55859.19,CL1080,29-12-2023,1627.81,Settled
P1081,C1081,Kavya Reddy,Mumbai,Female,71,Auto,15-07-2023,14-07-2024,1396.47,36998.92,CL1081,03-07-2024,9682.01,Settled
P1082,C1082,Sneha Iyer,Chennai,Male,26,Auto,10-05-2023,09-05-2024,1124.49,57818.69,CL1082,10-03-2024,7537.36,Rejected
P1083,C1083,Vihaan Reddy,Chennai,Male,71,Health,21-11-2024,21-11-2025,627.11,37014.56,CL1083,,0,Rejected
P1084,C1084,Sai Kumar,Jaipur,Male,60,Auto,26-07-2023,25-07-2024,857.13,91152.74,CL1084,02-01-2024,2060.2,Settled
P1085,C1085,Neha Joshi,Ahmedabad,Female,74,Health,09-05-2025,09-05-2026,1072.97,52538.97,CL1085,21-09-2025,5793.99,Rejected
P1086,C1086,Priya Nair,Pune,Female,46,Auto,23-08-2023,22-08-2024,809.43,59944.25,CL1086,23-09-2023,8392.54,Rejected
P1087,C1087,Sneha Iyer,Bengaluru,Male,43,Travel,25-10-2023,24-10-2024,377.45,71244.09,CL1087,11-09-2024,3066.6,Rejected
P1088,C1088,Sneha Iyer,Pune,Female,37,Travel,15-06-2023,14-06-2024,829.15,25777.63,CL1088,18-08-2023,3896.69,Settled
P1089,C1089,Neha Joshi,Ahmedabad,Female,66,Health,25-03-2023,24-03-2024,1466.04,40853.34,CL1089,,0,Rejected
P1090,C1090,Sai Kumar,Kolkata,Male,26,Health,30-09-2025,30-09-2026,1467.75,74285.16,CL1090,07-04-2026,1681.65,Pending
P1091,C1091,Sneha Iyer,Ahmedabad,Male,47,Health,16-05-2024,16-05-2025,319.27,53896.11,CL1091,,0,Rejected
P1092,C1092,Neha Joshi,Chandigarh,Female,43,Health,03-05-2024,03-05-2025,1444.31,32368.58,CL1092,,0,Rejected
P1093,C1093,Kunal Mehta,Jaipur,Male,51,Auto,18-11-2025,18-11-2026,818.78,94216.66,CL1093,26-02-2026,4372.17,Rejected
P1094,C1094,Sai Kumar,Pune,Male,68,Auto,29-11-2023,28-11-2024,822.16,42834.51,CL1094,,0,Rejected
P1095,C1095,Sneha Iyer,Chennai,Female,57,Health,26-04-2025,26-04-2026,1183.6,79433.72,CL1095,24-01-2026,3785.87,Settled
P1096,C1096,Priya Nair,Delhi,Female,26,Health,16-04-2023,15-04-2024,695.46,90135.68,CL1096,17-03-2024,3868.85,Pending
P1097,C1097,Sai Kumar,Delhi,Female,74,Health,09-12-2024,09-12-2025,897.44,66259.68,CL1097,04-02-2025,9960.11,Rejected
P1098,C1098,Pooja Sharma,Chennai,Male,31,Auto,06-08-2025,06-08-2026,558.62,68557.58,CL1098,11-12-2025,5982.81,Pending
P1099,C1099,Kavya Reddy,Chandigarh,Female,43,Auto,17-09-2023,16-09-2024,1437.45,73947.18,CL1099,,0,Rejected
P1100,C1100,Neha Joshi,Bengaluru,Male,64,Health,13-02-2023,13-02-2024,667.26,83258.85,CL1100,16-11-2023,5582.27,Pending
P1101,C1101,Priya Nair,Bengaluru,Female,21,Health,08-01-2024,07-01-2025,582.43,80278.49,CL1101,,0,Rejected
P1102,C1102,Pooja Sharma,Pune,Male,66,Travel,30-03-2025,30-03-2026,639.7,64457.1,CL1102,30-10-2025,4450.66,Rejected
P1103,C1103,Vivaan Patel,Chandigarh,Male,43,Auto,21-03-2024,21-03-2025,261.98,29333.06,CL1103,,0,Rejected
P1104,C1104,Meera Kulkarni,Pune,Female,32,Auto,17-01-2025,17-01-2026,1205.95,53767.04,CL1104,12-01-2026,1838.48,Settled
P1105,C1105,Aarav Sharma,Ahmedabad,Female,47,Auto,26-04-2023,25-04-2024,586.81,56863.33,CL1105,11-11-2023,6489.05,Settled
P1106,C1106,Aditya Verma,Jaipur,Female,66,Auto,16-04-2024,16-04-2025,1323.66,93516.38,CL1106,10-02-2025,9231.79,Settled
P1107,C1107,Sneha Iyer,Ahmedabad,Male,71,Health,14-12-2024,14-12-2025,1486.93,29939.73,CL1107,28-05-2025,1078.64,Settled
P1108,C1108,Rohan Desai,Lucknow,Male,47,Travel,01-12-2023,30-11-2024,892.59,59364.87,CL1108,28-09-2024,3015.52,Settled
P1109,C1109,Vivaan Patel,Lucknow,Male,25,Health,26-02-2025,26-02-2026,914.14,56822.85,CL1109,,0,Rejected
P1110,C1110,Aarav Sharma,Hyderabad,Female,64,Travel,07-08-2025,07-08-2026,1390.72,52695.89,CL1110,,0,Rejected
P1111,C1111,Kavya Reddy,Bengaluru,Male,60,Auto,13-06-2025,13-06-2026,995.14,91449.23,CL1111,31-05-2026,9969.06,Pending
P1112,C1112,Vihaan Reddy,Jaipur,Female,36,Travel,09-06-2025,09-06-2026,810.67,64654.01,CL1112,03-02-2026,2214.47,Rejected
P1113,C1113,Kunal Mehta,Ahmedabad,Female,23,Auto,21-01-2024,20-01-2025,773.12,77925.99,CL1113,11-12-2024,1410.78,Rejected
P1114,C1114,Arjun Nair,Chandigarh,Female,73,Auto,30-06-2023,29-06-2024,765.7,63362,CL1114,29-06-2024,9221.98,Pending
P1115,C1115,Ishita Singh,Pune,Male,29,Health,19-05-2023,18-05-2024,850.59,49517.85,CL1115,,0,Rejected
P1116,C1116,Pooja Sharma,Delhi,Female,61,Health,11-08-2023,10-08-2024,1368.15,72676.65,CL1116,20-04-2024,3000.63,Rejected
P1117,C1117,Neha Joshi,Mumbai,Female,60,Health,22-05-2025,22-05-2026,682.54,32506.05,CL1117,31-12-2025,6901.59,Pending
P1118,C1118,Kunal Mehta,Delhi,Male,21,Health,15-04-2025,15-04-2026,1094.72,84550.67,CL1118,26-02-2026,1908.57,Rejected
P1119,C1119,Sai Kumar,Mumbai,Female,57,Auto,10-07-2024,10-07-2025,1142.43,78426.84,CL1119,07-03-2025,9024.52,Pending
P1120,C1120,Arjun Nair,Mumbai,Male,54,Auto,02-08-2023,01-08-2024,874.44,32241.05,CL1120,,0,Rejected
P1121,C1121,Arjun Nair,Delhi,Female,65,Health,12-02-2024,11-02-2025,1098.37,25355.73,CL1121,12-06-2024,9030.74,Pending
P1122,C1122,Kunal Mehta,Lucknow,Male,62,Auto,29-04-2025,29-04-2026,733.36,81304.09,CL1122,,0,Rejected
P1123,C1123,Ishita Singh,Chennai,Female,57,Travel,10-04-2025,10-04-2026,1058.26,90491.98,CL1123,09-06-2025,9806.64,Rejected
P1124,C1124,Aarav Sharma,Delhi,Female,55,Travel,19-07-2024,19-07-2025,461.05,83220.25,CL1124,,0,Rejected
P1125,C1125,Kavya Reddy,Kolkata,Female,49,Health,18-12-2025,18-12-2026,600.41,93344.3,CL1125,,0,Rejected
P1126,C1126,Rohan Desai,Mumbai,Female,30,Health,05-06-2024,05-06-2025,1009.91,33806.15,CL1126,27-11-2024,9548.28,Rejected
P1127,C1127,Neha Joshi,Ahmedabad,Male,29,Auto,10-03-2025,10-03-2026,275.07,37504.99,CL1127,07-07-2025,8521.08,Pending
P1128,C1128,Priya Nair,Kolkata,Male,75,Health,05-11-2025,05-11-2026,1128.71,82792,CL1128,,0,Rejected
P1129,C1129,Neha Joshi,Jaipur,Female,28,Auto,22-03-2025,22-03-2026,902.88,61489.6,CL1129,20-06-2025,5482.56,Rejected
P1130,C1130,Aditya Verma,Indore,Male,21,Health,01-03-2023,29-02-2024,689.88,56993.54,CL1130,02-04-2023,2670.37,Pending
P1131,C1131,Priya Nair,Kolkata,Female,44,Health,17-06-2024,17-06-2025,511.68,61479.76,CL1131,18-06-2024,4212.63,Pending
P1132,C1132,Ananya Gupta,Indore,Male,61,Auto,07-12-2025,07-12-2026,1450.85,60680.74,CL1132,15-12-2025,5629.04,Rejected
P1133,C1133,Aarav Sharma,Chennai,Female,55,Auto,10-11-2025,10-11-2026,447.24,76472.67,CL1133,,0,Rejected
P1134,C1134,Aditya Verma,Chandigarh,Male,67,Auto,05-02-2023,05-02-2024,626.56,64415.12,CL1134,29-03-2023,9738.35,Settled
P1135,C1135,Priya Nair,Bengaluru,Male,72,Auto,04-07-2023,03-07-2024,806.86,94137.82,CL1135,,0,Rejected
P1136,C1136,Vihaan Reddy,Indore,Female,39,Auto,09-08-2024,09-08-2025,336.36,37284.36,CL1136,12-05-2025,3349.54,Settled
P1137,C1137,Pooja Sharma,Bengaluru,Male,65,Travel,09-05-2025,09-05-2026,1459.88,65936.99,CL1137,,0,Rejected
P1138,C1138,Pooja Sharma,Hyderabad,Male,34,Health,13-02-2024,12-02-2025,375.64,82441.11,CL1138,08-01-2025,2841.19,Settled
P1139,C1139,Priya Nair,Jaipur,Male,60,Travel,11-10-2025,11-10-2026,440.33,31957.11,CL1139,,0,Rejected
P1140,C1140,Sneha Iyer,Jaipur,Male,64,Travel,24-02-2024,23-02-2025,1284.58,75797.36,CL1140,08-12-2024,5487.1,Pending
P1141,C1141,Sneha Iyer,Indore,Male,54,Auto,14-05-2024,14-05-2025,927.21,69227.35,CL1141,17-04-2025,3100.84,Settled
P1142,C1142,Sai Kumar,Bengaluru,Male,73,Travel,02-05-2025,02-05-2026,354.72,66686.95,CL1142,,0,Rejected
P1143,C1143,Kunal Mehta,Ahmedabad,Male,72,Travel,05-02-2024,04-02-2025,524.05,75986.07,CL1143,27-12-2024,6756.49,Rejected
P1144,C1144,Ishita Singh,Pune,Female,54,Health,11-10-2025,11-10-2026,804.44,97200.08,CL1144,,0,Rejected
P1145,C1145,Kunal Mehta,Chandigarh,Male,22,Health,09-01-2025,09-01-2026,1365.21,72320.37,CL1145,31-01-2025,1924.93,Pending
P1146,C1146,Ishita Singh,Chandigarh,Female,33,Auto,04-01-2024,03-01-2025,350.33,26266.89,CL1146,06-08-2024,2393.83,Rejected
P1147,C1147,Kunal Mehta,Indore,Female,38,Travel,23-04-2023,22-04-2024,927.7,51272.05,CL1147,,0,Rejected
P1148,C1148,Kunal Mehta,Chandigarh,Female,67,Auto,22-02-2023,22-02-2024,1172.99,80403,CL1148,23-06-2023,2672.64,Pending
P1149,C1149,Vivaan Patel,Indore,Male,22,Health,24-05-2024,24-05-2025,1218.93,24831.29,CL1149,08-01-2025,7575.48,Pending
P1150,C1150,Sai Kumar,Lucknow,Male,23,Auto,03-09-2025,03-09-2026,1292.23,47214.37,CL1150,25-07-2026,3575.03,Settled
P1151,C1151,Aarav Sharma,Chandigarh,Female,45,Auto,26-06-2024,26-06-2025,308.32,26354.23,CL1151,,0,Rejected
P1152,C1152,Arjun Nair,Ahmedabad,Female,58,Health,22-11-2023,21-11-2024,382.34,42394.11,CL1152,13-01-2024,8102.29,Pending
P1153,C1153,Vivaan Patel,Chennai,Female,61,Health,06-08-2024,06-08-2025,603.81,48697.17,CL1153,13-07-2025,2030.48,Rejected
P1154,C1154,Arjun Nair,Chennai,Male,55,Health,21-07-2024,21-07-2025,738.33,83929.3,CL1154,,0,Rejected
P1155,C1155,Sai Kumar,Kolkata,Male,22,Health,27-07-2024,27-07-2025,427.54,33433.38,CL1155,21-09-2024,3370.43,Rejected
P1156,C1156,Pooja Sharma,Pune,Female,24,Health,30-01-2023,30-01-2024,469.32,58207.74,CL1156,12-06-2023,8667.94,Pending
P1157,C1157,Rohan Desai,Pune,Male,58,Travel,14-04-2025,14-04-2026,1196.84,20005.09,CL1157,23-08-2025,4273.52,Settled
P1158,C1158,Rohan Desai,Chennai,Female,53,Travel,29-11-2025,29-11-2026,803.92,62477.43,CL1158,24-07-2026,9548.55,Rejected
P1159,C1159,Vihaan Reddy,Delhi,Male,54,Health,06-01-2023,06-01-2024,1385.96,42138.21,CL1159,,0,Rejected
P1160,C1160,Vihaan Reddy,Lucknow,Male,63,Auto,14-08-2024,14-08-2025,1258.25,72529.79,CL1160,,0,Rejected
P1161,C1161,Pooja Sharma,Chennai,Male,64,Health,24-01-2024,23-01-2025,687.34,35340.74,CL1161,,0,Rejected
P1162,C1162,Sneha Iyer,Delhi,Female,64,Travel,12-11-2023,11-11-2024,588.56,90221.92,CL1162,24-07-2024,5424.31,Rejected
P1163,C1163,Ananya Gupta,Bengaluru,Female,70,Health,26-10-2024,26-10-2025,920.57,55653.78,CL1163,07-08-2025,1478.07,Rejected
P1164,C1164,Kavya Reddy,Ahmedabad,Female,72,Travel,04-08-2025,04-08-2026,985.15,32336.1,CL1164,13-07-2026,8343.57,Rejected
P1165,C1165,Priya Nair,Chandigarh,Female,74,Travel,13-08-2023,12-08-2024,1240.22,94215.24,CL1165,25-08-2023,2655.72,Settled
P1166,C1166,Sai Kumar,Indore,Male,35,Auto,13-08-2023,12-08-2024,296.44,54568.27,CL1166,10-09-2023,7630.81,Pending
P1167,C1167,Ananya Gupta,Chennai,Female,38,Travel,13-09-2023,12-09-2024,331.8,32541.76,CL1167,20-02-2024,2786.43,Settled
P1168,C1168,Sneha Iyer,Kolkata,Female,56,Travel,16-06-2024,16-06-2025,827.67,87748.34,CL1168,06-01-2025,9870.09,Rejected
P1169,C1169,Aditya Verma,Kolkata,Male,71,Travel,13-11-2023,12-11-2024,999.23,89602.08,CL1169,11-12-2023,7128.7,Settled
P1170,C1170,Priya Nair,Bengaluru,Female,49,Auto,31-10-2023,30-10-2024,508.45,85078.61,CL1170,15-07-2024,3723.52,Rejected
P1171,C1171,Ishita Singh,Chennai,Female,25,Health,08-02-2025,08-02-2026,1181.56,54709.35,CL1171,13-01-2026,5092.97,Pending
P1172,C1172,Kunal Mehta,Mumbai,Male,32,Travel,19-10-2023,18-10-2024,548.21,97303.51,CL1172,17-12-2023,6461.43,Pending
P1173,C1173,Vivaan Patel,Indore,Female,70,Health,20-09-2024,20-09-2025,1020.18,35575.73,CL1173,,0,Rejected
P1174,C1174,Meera Kulkarni,Chennai,Female,34,Travel,23-02-2023,23-02-2024,437.27,30533.26,CL1174,30-10-2023,5335.04,Settled
P1175,C1175,Meera Kulkarni,Ahmedabad,Female,48,Health,03-07-2025,03-07-2026,664.36,37160.45,CL1175,25-12-2025,1894.66,Settled
P1176,C1176,Ishita Singh,Chennai,Female,23,Auto,11-03-2023,10-03-2024,471.89,70651.81,CL1176,,0,Rejected
P1177,C1177,Aarav Sharma,Lucknow,Female,51,Travel,10-04-2023,09-04-2024,1312.34,51503.12,CL1177,06-09-2023,4400,Settled
P1178,C1178,Vivaan Patel,Kolkata,Female,37,Auto,05-05-2025,05-05-2026,659.62,97285.02,CL1178,07-06-2025,8390.35,Rejected
P1179,C1179,Sneha Iyer,Kolkata,Male,26,Travel,22-08-2024,22-08-2025,838.11,84870.62,CL1179,,0,Rejected
P1180,C1180,Pooja Sharma,Lucknow,Male,33,Travel,10-08-2024,10-08-2025,492.65,23745.34,CL1180,23-04-2025,8915.47,Settled
P1181,C1181,Ishita Singh,Lucknow,Male,73,Auto,21-04-2024,21-04-2025,798.69,20259.77,CL1181,,0,Rejected
P1182,C1182,Arjun Nair,Indore,Male,69,Auto,02-09-2024,02-09-2025,705.2,70697.18,CL1182,17-02-2025,3430.14,Pending
P1183,C1183,Rohan Desai,Lucknow,Male,22,Health,12-05-2023,11-05-2024,1172.77,26890.87,CL1183,19-02-2024,8431.95,Rejected
P1184,C1184,Sneha Iyer,Indore,Female,69,Auto,04-09-2023,03-09-2024,1260.25,28049.55,CL1184,01-11-2023,5751.06,Settled
P1185,C1185,Priya Nair,Kolkata,Female,70,Health,13-05-2025,13-05-2026,531.1,67692.47,CL1185,19-08-2025,1909.08,Rejected
P1186,C1186,Priya Nair,Chandigarh,Male,21,Health,23-05-2023,22-05-2024,251.91,95923.11,CL1186,,0,Rejected
P1187,C1187,Vivaan Patel,Mumbai,Male,25,Travel,15-04-2025,15-04-2026,1247.4,65511.29,CL1187,02-09-2025,9818.38,Rejected
P1188,C1188,Vihaan Reddy,Lucknow,Female,53,Auto,30-07-2023,29-07-2024,830.02,81579.37,CL1188,,0,Rejected
P1189,C1189,Kavya Reddy,Chennai,Male,72,Health,04-10-2023,03-10-2024,1478.37,21809.82,CL1189,16-01-2024,6913.93,Pending
P1190,C1190,Aditya Verma,Bengaluru,Male,36,Health,13-03-2023,12-03-2024,492.39,39321.43,CL1190,09-10-2023,5802.02,Pending
P1191,C1191,Vivaan Patel,Mumbai,Male,21,Travel,10-10-2025,10-10-2026,725.77,55390.37,CL1191,25-03-2026,9400.02,Pending
P1192,C1192,Aditya Verma,Delhi,Female,29,Auto,07-11-2024,07-11-2025,1317.66,62361.21,CL1192,12-10-2025,2474.94,Rejected
P1193,C1193,Sai Kumar,Hyderabad,Female,65,Auto,25-03-2025,25-03-2026,1133.55,58273.33,CL1193,17-03-2026,4233.04,Rejected
P1194,C1194,Aarav Sharma,Indore,Male,25,Travel,08-06-2023,07-06-2024,554.36,73266.31,CL1194,19-01-2024,7054.77,Rejected
P1195,C1195,Priya Nair,Kolkata,Male,62,Health,08-06-2023,07-06-2024,1371.9,65476.35,CL1195,,0,Rejected
P1196,C1196,Pooja Sharma,Delhi,Female,50,Health,19-11-2023,18-11-2024,446.46,34475.58,CL1196,04-09-2024,4302.82,Rejected
P1197,C1197,Sneha Iyer,Kolkata,Female,47,Auto,23-06-2024,23-06-2025,1340.87,27029.15,CL1197,27-06-2024,1748.55,Settled
P1198,C1198,Aditya Verma,Kolkata,Female,35,Travel,03-08-2025,03-08-2026,1418.3,59145.96,CL1198,,0,Rejected
P1199,C1199,Ananya Gupta,Bengaluru,Female,58,Health,11-08-2023,10-08-2024,1183.37,89839.58,CL1199,05-12-2023,2196.94,Pending
P1200,C1200,Aditya Verma,Chennai,Female,56,Health,09-03-2023,08-03-2024,617.29,27369.86,CL1200,,0,Rejected
P1201,C1201,Arjun Nair,Pune,Male,64,Health,01-11-2023,31-10-2024,517.22,38479.56,CL1201,05-12-2023,8316.31,Pending
P1202,C1202,Meera Kulkarni,Mumbai,Female,72,Auto,22-06-2025,22-06-2026,1172.81,69250.76,CL1202,,0,Rejected
P1203,C1203,Vihaan Reddy,Lucknow,Male,25,Health,26-11-2023,25-11-2024,976.05,42967.85,CL1203,03-06-2024,1447.74,Settled
P1204,C1204,Sai Kumar,Indore,Male,56,Auto,27-07-2023,26-07-2024,1146.61,83660.38,CL1204,22-04-2024,8299.91,Pending
P1205,C1205,Aditya Verma,Chandigarh,Female,45,Travel,30-06-2023,29-06-2024,493.96,52495.74,CL1205,14-05-2024,9060.08,Settled
P1206,C1206,Priya Nair,Jaipur,Female,24,Health,03-09-2024,03-09-2025,1334.91,83134.78,CL1206,10-04-2025,6123.27,Rejected
P1207,C1207,Ananya Gupta,Hyderabad,Female,51,Auto,29-11-2023,28-11-2024,982.23,25145.57,CL1207,,0,Rejected
P1208,C1208,Vivaan Patel,Mumbai,Male,33,Health,09-07-2025,09-07-2026,1405.2,61028.85,CL1208,09-08-2025,3169.97,Pending
P1209,C1209,Pooja Sharma,Bengaluru,Male,26,Health,05-08-2025,05-08-2026,1056.46,59469.11,CL1209,23-05-2026,6410.79,Pending
P1210,C1210,Neha Joshi,Lucknow,Male,43,Health,16-11-2024,16-11-2025,512.18,36728.54,CL1210,28-04-2025,9233.59,Rejected
P1211,C1211,Priya Nair,Chennai,Male,54,Health,23-03-2023,22-03-2024,1397.69,76304,CL1211,10-11-2023,4913.8,Settled
P1212,C1212,Aarav Sharma,Chennai,Female,72,Auto,19-04-2023,18-04-2024,1118.27,68771.16,CL1212,13-04-2024,8655.53,Rejected
P1213,C1213,Sai Kumar,Lucknow,Female,65,Health,12-02-2023,12-02-2024,1406.75,98925.83,CL1213,,0,Rejected
P1214,C1214,Kunal Mehta,Bengaluru,Male,55,Auto,24-09-2024,24-09-2025,1407.6,45306.83,CL1214,,0,Rejected
P1215,C1215,Pooja Sharma,Kolkata,Male,32,Travel,05-12-2025,05-12-2026,424.67,68580.61,CL1215,29-09-2026,3131.62,Pending
P1216,C1216,Ananya Gupta,Mumbai,Female,64,Travel,21-10-2025,21-10-2026,460.49,77687.35,CL1216,14-03-2026,1563.12,Pending
P1217,C1217,Aarav Sharma,Ahmedabad,Female,73,Health,24-12-2024,24-12-2025,534.63,43645.17,CL1217,21-08-2025,2871.9,Pending
P1218,C1218,Sneha Iyer,Kolkata,Female,32,Travel,18-06-2025,18-06-2026,1313.14,75019.43,CL1218,,0,Rejected
P1219,C1219,Kunal Mehta,Pune,Female,60,Travel,20-06-2025,20-06-2026,815.93,68009.45,CL1219,,0,Rejected
P1220,C1220,Sneha Iyer,Lucknow,Male,71,Health,06-03-2025,06-03-2026,533.08,49493.57,CL1220,02-07-2025,5891.12,Rejected
P1221,C1221,Sneha Iyer,Pune,Male,69,Travel,27-12-2024,27-12-2025,480.87,94813.07,CL1221,,0,Rejected
P1222,C1222,Vivaan Patel,Mumbai,Male,22,Health,10-01-2023,10-01-2024,762.25,55534.35,CL1222,,0,Rejected
P1223,C1223,Ishita Singh,Hyderabad,Female,74,Travel,11-09-2025,11-09-2026,463.31,65197.28,CL1223,06-08-2026,8386.64,Pending
P1224,C1224,Kavya Reddy,Kolkata,Male,74,Travel,27-06-2025,27-06-2026,881.75,76080.26,CL1224,07-11-2025,6050.88,Rejected
P1225,C1225,Rohan Desai,Hyderabad,Female,24,Auto,07-03-2023,06-03-2024,683.53,55327.04,CL1225,22-07-2023,8603.33,Rejected
P1226,C1226,Aditya Verma,Bengaluru,Female,48,Health,11-05-2024,11-05-2025,1379.2,69729.24,CL1226,,0,Rejected
P1227,C1227,Aarav Sharma,Indore,Male,56,Auto,09-10-2023,08-10-2024,1254.59,36609.35,CL1227,03-08-2024,8285.92,Rejected
P1228,C1228,Kavya Reddy,Jaipur,Female,71,Travel,23-02-2024,22-02-2025,1029.77,98852.01,CL1228,03-06-2024,9192.97,Settled
P1229,C1229,Rohan Desai,Hyderabad,Female,38,Travel,12-10-2025,12-10-2026,938.11,74847.54,CL1229,23-12-2025,3816.67,Rejected
P1230,C1230,Vivaan Patel,Hyderabad,Female,59,Travel,08-01-2024,07-01-2025,1325.37,70579.64,CL1230,29-10-2024,7505.95,Settled
P1231,C1231,Neha Joshi,Chennai,Female,56,Travel,26-06-2024,26-06-2025,1058.24,80261.38,CL1231,29-08-2024,8256.33,Settled
P1232,C1232,Kavya Reddy,Hyderabad,Female,69,Travel,29-04-2025,29-04-2026,1333.85,56150.17,CL1232,17-07-2025,8580.37,Settled
P1233,C1233,Aarav Sharma,Hyderabad,Male,61,Health,02-10-2023,01-10-2024,604.37,98175.57,CL1233,19-09-2024,5749.68,Pending
P1234,C1234,Ananya Gupta,Chennai,Female,23,Travel,28-06-2024,28-06-2025,728.13,58239.03,CL1234,13-12-2024,6921.79,Pending
P1235,C1235,Ishita Singh,Ahmedabad,Female,74,Travel,08-11-2024,08-11-2025,718.63,23838.61,CL1235,15-07-2025,8790.88,Pending
P1236,C1236,Aarav Sharma,Ahmedabad,Male,61,Auto,09-03-2025,09-03-2026,937.69,31619.94,CL1236,07-10-2025,6759.94,Settled
P1237,C1237,Vihaan Reddy,Ahmedabad,Male,41,Auto,14-08-2024,14-08-2025,1318.4,23886.27,CL1237,04-09-2024,7389.91,Pending
P1238,C1238,Rohan Desai,Mumbai,Female,57,Travel,10-09-2025,10-09-2026,940.45,60346.53,CL1238,,0,Rejected
P1239,C1239,Sai Kumar,Indore,Female,29,Travel,24-09-2025,24-09-2026,271.21,97824.55,CL1239,12-03-2026,8228.24,Rejected
P1240,C1240,Sai Kumar,Jaipur,Female,51,Health,13-11-2024,13-11-2025,425.91,29109.51,CL1240,13-02-2025,6403.7,Rejected
P1241,C1241,Sai Kumar,Indore,Female,51,Auto,03-12-2024,03-12-2025,312.67,69941.37,CL1241,23-03-2025,8079.21,Rejected
P1242,C1242,Meera Kulkarni,Chandigarh,Female,36,Auto,05-04-2025,05-04-2026,1175.61,58039.9,CL1242,15-06-2025,5531.76,Settled
P1243,C1243,Sneha Iyer,Chennai,Female,73,Health,14-09-2025,14-09-2026,665.58,53576.03,CL1243,01-08-2026,6471.51,Pending
P1244,C1244,Pooja Sharma,Kolkata,Male,71,Health,20-02-2025,20-02-2026,685.55,44522.97,CL1244,01-05-2025,1596.29,Pending
P1245,C1245,Priya Nair,Bengaluru,Male,42,Health,13-05-2025,13-05-2026,1402.69,57035.87,CL1245,26-08-2025,3322.59,Settled
P1246,C1246,Ananya Gupta,Lucknow,Female,71,Auto,22-10-2023,21-10-2024,1388.48,37525.21,CL1246,19-03-2024,5314.95,Settled
P1247,C1247,Vivaan Patel,Ahmedabad,Male,37,Health,08-02-2024,07-02-2025,385.61,79126.81,CL1247,,0,Rejected
P1248,C1248,Vihaan Reddy,Ahmedabad,Male,70,Health,26-01-2023,26-01-2024,561.87,83192.47,CL1248,21-02-2023,5744.41,Pending
P1249,C1249,Ananya Gupta,Indore,Male,21,Travel,29-12-2025,29-12-2026,503.08,38658.35,CL1249,,0,Rejected
P1250,C1250,Kavya Reddy,Jaipur,Male,55,Travel,13-12-2025,13-12-2026,1127.26,74528.26,CL1250,16-03-2026,7342.26,Rejected
P1251,C1251,Neha Joshi,Kolkata,Male,70,Travel,25-09-2024,25-09-2025,1383.1,79484.72,CL1251,,0,Rejected
P1252,C1252,Priya Nair,Lucknow,Female,35,Health,29-09-2024,29-09-2025,836.62,38464.6,CL1252,13-03-2025,1639.88,Pending
P1253,C1253,Sneha Iyer,Jaipur,Male,64,Auto,11-03-2024,11-03-2025,878.99,22709.99,CL1253,22-01-2025,7032.49,Rejected
P1254,C1254,Sneha Iyer,Mumbai,Male,38,Health,01-03-2024,01-03-2025,349.43,88630.53,CL1254,12-04-2024,8443.17,Rejected
P1255,C1255,Meera Kulkarni,Chennai,Male,41,Travel,07-09-2024,07-09-2025,729.17,27955.5,CL1255,,0,Rejected
P1256,C1256,Ishita Singh,Ahmedabad,Female,55,Health,05-11-2024,05-11-2025,954.02,35558.93,CL1256,19-05-2025,3778.07,Rejected
P1257,C1257,Aditya Verma,Indore,Male,58,Health,16-04-2024,16-04-2025,812.59,68765.37,CL1257,27-04-2024,2735.1,Rejected
P1258,C1258,Kavya Reddy,Hyderabad,Female,47,Travel,23-03-2024,23-03-2025,795.78,59721.82,CL1258,,0,Rejected
P1259,C1259,Priya Nair,Hyderabad,Male,27,Health,15-01-2025,15-01-2026,835.98,30586.21,CL1259,09-11-2025,4308.24,Rejected
P1260,C1260,Ishita Singh,Ahmedabad,Male,22,Auto,03-11-2024,03-11-2025,511.4,98615.6,CL1260,15-05-2025,5539.18,Settled
P1261,C1261,Vihaan Reddy,Chandigarh,Female,60,Health,04-02-2023,04-02-2024,990.49,85566.73,CL1261,30-08-2023,9999.12,Pending
P1262,C1262,Kavya Reddy,Mumbai,Male,39,Health,30-11-2025,30-11-2026,768.72,62312.04,CL1262,,0,Rejected
P1263,C1263,Neha Joshi,Bengaluru,Female,36,Health,31-01-2025,31-01-2026,861.67,64977.76,CL1263,23-07-2025,8356.81,Settled
P1264,C1264,Sneha Iyer,Pune,Male,53,Travel,28-11-2024,28-11-2025,1373.06,69996.01,CL1264,,0,Rejected
P1265,C1265,Vivaan Patel,Mumbai,Female,33,Auto,08-05-2023,07-05-2024,366.55,81897.41,CL1265,22-02-2024,1439.92,Settled
P1266,C1266,Vihaan Reddy,Lucknow,Female,53,Health,17-06-2025,17-06-2026,531.02,53735.52,CL1266,,0,Rejected
P1267,C1267,Sneha Iyer,Mumbai,Male,50,Health,07-07-2025,07-07-2026,1283.96,22662.22,CL1267,,0,Rejected
P1268,C1268,Kunal Mehta,Chandigarh,Female,49,Travel,13-11-2025,13-11-2026,788.62,97895.99,CL1268,15-05-2026,7912.46,Pending
P1269,C1269,Neha Joshi,Chandigarh,Male,54,Health,02-10-2024,02-10-2025,955.57,84127.26,CL1269,09-03-2025,1278.29,Rejected
P1270,C1270,Kavya Reddy,Chandigarh,Female,33,Travel,11-03-2023,10-03-2024,1330.53,65818.34,CL1270,10-01-2024,5234.52,Rejected
P1271,C1271,Meera Kulkarni,Bengaluru,Female,66,Travel,24-04-2023,23-04-2024,1458.66,21067.63,CL1271,07-08-2023,1763.5,Settled
P1272,C1272,Sai Kumar,Bengaluru,Male,57,Health,29-10-2024,29-10-2025,380.59,51011.5,CL1272,29-11-2024,9590.55,Pending
P1273,C1273,Meera Kulkarni,Jaipur,Male,66,Auto,17-06-2023,16-06-2024,838.15,81863.87,CL1273,19-10-2023,6723.29,Settled
P1274,C1274,Pooja Sharma,Chandigarh,Female,74,Travel,15-09-2023,14-09-2024,1115.17,73301.94,CL1274,,0,Rejected
P1275,C1275,Meera Kulkarni,Lucknow,Female,66,Travel,03-06-2024,03-06-2025,1146.79,74876.75,CL1275,,0,Rejected
P1276,C1276,Priya Nair,Delhi,Male,27,Auto,27-03-2023,26-03-2024,816.92,97920.77,CL1276,,0,Rejected
P1277,C1277,Pooja Sharma,Delhi,Female,62,Travel,13-03-2025,13-03-2026,488.17,59312.81,CL1277,14-09-2025,1893.88,Pending
P1278,C1278,Priya Nair,Pune,Female,21,Travel,28-02-2023,28-02-2024,1475.63,54469.83,CL1278,,0,Rejected
P1279,C1279,Sneha Iyer,Bengaluru,Female,73,Health,11-08-2025,11-08-2026,972.29,50754.24,CL1279,11-06-2026,2247.21,Settled
P1280,C1280,Kunal Mehta,Indore,Male,35,Travel,20-04-2023,19-04-2024,400.31,66558.38,CL1280,,0,Rejected
P1281,C1281,Ananya Gupta,Pune,Male,33,Travel,19-03-2023,18-03-2024,1490.79,60947.87,CL1281,,0,Rejected
P1282,C1282,Rohan Desai,Jaipur,Male,30,Health,11-05-2024,11-05-2025,435.36,72491,CL1282,,0,Rejected
P1283,C1283,Kunal Mehta,Indore,Male,55,Auto,03-09-2025,03-09-2026,1058.26,57751.21,CL1283,16-04-2026,3076.24,Settled
P1284,C1284,Kunal Mehta,Kolkata,Male,72,Auto,25-06-2025,25-06-2026,521.05,96245.13,CL1284,,0,Rejected
P1285,C1285,Pooja Sharma,Jaipur,Male,40,Auto,22-06-2023,21-06-2024,949.12,70991.94,CL1285,23-01-2024,6843.52,Rejected
P1286,C1286,Aditya Verma,Chandigarh,Female,42,Travel,03-08-2023,02-08-2024,886.63,64457.61,CL1286,05-04-2024,5270.89,Rejected
P1287,C1287,Ananya Gupta,Mumbai,Male,38,Travel,01-04-2023,31-03-2024,743.64,32632.72,CL1287,30-03-2024,1539.61,Pending
P1288,C1288,Neha Joshi,Mumbai,Male,27,Health,03-07-2023,02-07-2024,1139.5,44370.13,CL1288,11-10-2023,3552.11,Settled
P1289,C1289,Kavya Reddy,Lucknow,Male,31,Health,27-03-2023,26-03-2024,936.3,38578.94,CL1289,20-09-2023,7009.34,Pending
P1290,C1290,Kavya Reddy,Ahmedabad,Female,67,Health,26-11-2023,25-11-2024,806.75,81232.06,CL1290,,0,Rejected
P1291,C1291,Ananya Gupta,Jaipur,Female,55,Travel,25-10-2023,24-10-2024,624.17,61968.1,CL1291,,0,Rejected
P1292,C1292,Vihaan Reddy,Bengaluru,Female,37,Travel,08-01-2023,08-01-2024,297.86,84949.66,CL1292,05-09-2023,3530.68,Pending
P1293,C1293,Aditya Verma,Chandigarh,Female,74,Auto,08-07-2025,08-07-2026,1494.88,67080.23,CL1293,,0,Rejected
P1294,C1294,Sai Kumar,Kolkata,Female,55,Auto,03-11-2025,03-11-2026,1091.62,28467.92,CL1294,,0,Rejected
P1295,C1295,Arjun Nair,Indore,Female,69,Travel,30-07-2023,29-07-2024,375.96,30412.38,CL1295,29-07-2024,6725.28,Rejected
P1296,C1296,Ananya Gupta,Bengaluru,Male,47,Auto,27-12-2024,27-12-2025,627.67,31866.44,CL1296,,0,Rejected
P1297,C1297,Ishita Singh,Hyderabad,Male,50,Health,31-08-2024,31-08-2025,1342.89,86303.12,CL1297,21-01-2025,1112.7,Rejected
P1298,C1298,Ananya Gupta,Chennai,Female,75,Auto,18-12-2024,18-12-2025,281.56,98252.72,CL1298,22-08-2025,4017.44,Pending
P1299,C1299,Aarav Sharma,Delhi,Female,36,Travel,12-04-2023,11-04-2024,321.35,74971.86,CL1299,,0,Rejected
P1300,C1300,Vihaan Reddy,Ahmedabad,Female,69,Auto,11-09-2024,11-09-2025,628.19,75486.49,CL1300,02-01-2025,7334.27,Rejected
P1301,C1301,Rohan Desai,Lucknow,Female,27,Auto,07-05-2024,07-05-2025,1148.44,90011.58,CL1301,02-12-2024,8815.86,Settled
P1302,C1302,Priya Nair,Lucknow,Male,65,Health,07-08-2024,07-08-2025,899.11,28790.06,CL1302,10-06-2025,7286.59,Rejected
P1303,C1303,Sneha Iyer,Hyderabad,Female,51,Auto,10-11-2023,09-11-2024,1021.91,92048.15,CL1303,,0,Rejected
P1304,C1304,Kavya Reddy,Chennai,Male,32,Health,27-03-2023,26-03-2024,435.16,89246.85,CL1304,25-04-2023,1075.82,Pending
P1305,C1305,Sneha Iyer,Chennai,Female,37,Health,29-04-2023,28-04-2024,750.87,67845.61,CL1305,03-01-2024,9973.36,Pending
P1306,C1306,Aarav Sharma,Mumbai,Female,46,Auto,17-05-2025,17-05-2026,1381.31,85535.58,CL1306,04-01-2026,7117.09,Rejected
P1307,C1307,Arjun Nair,Pune,Male,42,Auto,07-04-2023,06-04-2024,1472.73,59824.88,CL1307,,0,Rejected
P1308,C1308,Sneha Iyer,Jaipur,Male,21,Travel,06-04-2024,06-04-2025,662.73,84821.67,CL1308,13-11-2024,8149.27,Settled
P1309,C1309,Meera Kulkarni,Lucknow,Male,43,Health,24-09-2025,24-09-2026,1064.04,72060.32,CL1309,03-09-2026,9736.44,Rejected
P1310,C1310,Pooja Sharma,Mumbai,Male,64,Travel,29-08-2025,29-08-2026,1392.79,88893.74,CL1310,03-10-2025,6601.72,Rejected
P1311,C1311,Aarav Sharma,Ahmedabad,Female,60,Health,16-04-2024,16-04-2025,1210.92,77794.09,CL1311,27-08-2024,8831.44,Pending
P1312,C1312,Arjun Nair,Mumbai,Female,25,Health,06-10-2025,06-10-2026,1136.64,35340.89,CL1312,,0,Rejected
P1313,C1313,Kunal Mehta,Bengaluru,Female,39,Auto,22-12-2023,21-12-2024,430.4,52489.2,CL1313,,0,Rejected
P1314,C1314,Vihaan Reddy,Chennai,Male,59,Travel,24-01-2024,23-01-2025,298.33,45759.82,CL1314,,0,Rejected
P1315,C1315,Vivaan Patel,Chandigarh,Female,42,Health,26-01-2023,26-01-2024,925.4,61316.31,CL1315,,0,Rejected
P1316,C1316,Sneha Iyer,Indore,Male,50,Travel,04-02-2024,03-02-2025,305.82,90321.57,CL1316,28-04-2024,8541.08,Settled
P1317,C1317,Rohan Desai,Bengaluru,Male,62,Auto,22-11-2024,22-11-2025,1238.4,20311.83,CL1317,,0,Rejected
P1318,C1318,Meera Kulkarni,Hyderabad,Female,35,Health,19-03-2025,19-03-2026,1071.79,78141.66,CL1318,,0,Rejected
P1319,C1319,Vihaan Reddy,Ahmedabad,Male,73,Auto,08-05-2024,08-05-2025,1473.3,59930.84,CL1319,21-10-2024,9383.65,Pending
P1320,C1320,Rohan Desai,Kolkata,Male,52,Travel,19-04-2025,19-04-2026,1440.02,48654.33,CL1320,12-08-2025,7994.7,Settled
P1321,C1321,Meera Kulkarni,Bengaluru,Male,52,Auto,19-11-2023,18-11-2024,915.6,72000.4,CL1321,13-06-2024,2150.36,Pending
P1322,C1322,Kavya Reddy,Hyderabad,Female,32,Travel,18-06-2025,18-06-2026,688.57,49087.69,CL1322,24-11-2025,6327.76,Settled
P1323,C1323,Ishita Singh,Hyderabad,Male,32,Auto,03-04-2023,02-04-2024,1124.84,71992.56,CL1323,05-12-2023,2828.07,Settled
P1324,C1324,Aarav Sharma,Bengaluru,Female,66,Travel,22-02-2025,22-02-2026,987.19,36386.95,CL1324,,0,Rejected
P1325,C1325,Ananya Gupta,Mumbai,Female,44,Auto,29-03-2025,29-03-2026,914.19,56358.15,CL1325,17-11-2025,4873.93,Rejected
P1326,C1326,Ishita Singh,Delhi,Male,48,Auto,12-04-2025,12-04-2026,871.74,25568.03,CL1326,,0,Rejected
P1327,C1327,Ananya Gupta,Hyderabad,Female,57,Auto,01-05-2023,30-04-2024,1433.63,46799.85,CL1327,09-04-2024,2782.72,Pending
P1328,C1328,Sneha Iyer,Hyderabad,Male,43,Travel,06-01-2025,06-01-2026,1247.24,39811.17,CL1328,,0,Rejected
P1329,C1329,Rohan Desai,Ahmedabad,Male,52,Health,22-01-2025,22-01-2026,518.22,85783.31,CL1329,29-04-2025,6991.81,Pending
P1330,C1330,Sai Kumar,Kolkata,Female,53,Health,03-09-2023,02-09-2024,313.83,69082.93,CL1330,12-01-2024,3846.1,Rejected
P1331,C1331,Rohan Desai,Hyderabad,Male,29,Travel,19-02-2024,18-02-2025,698.7,53458.88,CL1331,27-11-2024,7789.14,Pending
P1332,C1332,Pooja Sharma,Chennai,Male,69,Health,24-06-2024,24-06-2025,1375.64,64156.44,CL1332,09-03-2025,4785.92,Settled
P1333,C1333,Ananya Gupta,Chandigarh,Female,70,Travel,18-06-2023,17-06-2024,373.07,23039.72,CL1333,26-05-2024,2089.5,Rejected
P1334,C1334,Meera Kulkarni,Bengaluru,Female,75,Auto,24-04-2023,23-04-2024,1023.75,75732.55,CL1334,17-07-2023,5291.89,Rejected
P1335,C1335,Ananya Gupta,Chandigarh,Male,74,Auto,19-11-2023,18-11-2024,579.14,33281.36,CL1335,31-12-2023,4201.15,Pending
P1336,C1336,Meera Kulkarni,Chennai,Male,26,Auto,15-12-2023,14-12-2024,1004.66,96310.07,CL1336,29-01-2024,6664.02,Rejected
P1337,C1337,Kunal Mehta,Delhi,Female,69,Auto,29-07-2025,29-07-2026,316.47,78205.74,CL1337,,0,Rejected
P1338,C1338,Aditya Verma,Lucknow,Female,70,Auto,09-03-2024,09-03-2025,628.84,26248.58,CL1338,,0,Rejected
P1339,C1339,Vihaan Reddy,Ahmedabad,Female,38,Health,12-06-2025,12-06-2026,601.38,98523.14,CL1339,,0,Rejected
P1340,C1340,Sneha Iyer,Kolkata,Male,21,Health,31-08-2025,31-08-2026,840.19,91351.16,CL1340,10-02-2026,4757.54,Pending
P1341,C1341,Sai Kumar,Jaipur,Male,74,Auto,17-04-2025,17-04-2026,693.17,91426.31,CL1341,,0,Rejected
P1342,C1342,Neha Joshi,Bengaluru,Male,61,Travel,08-01-2024,07-01-2025,1236,75689.15,CL1342,,0,Rejected
P1343,C1343,Rohan Desai,Delhi,Female,57,Travel,31-10-2023,30-10-2024,1313.76,63872.02,CL1343,01-11-2023,6045.88,Pending
P1344,C1344,Ananya Gupta,Kolkata,Female,53,Auto,14-11-2024,14-11-2025,906.26,25681.09,CL1344,21-02-2025,3143.35,Pending
P1345,C1345,Vihaan Reddy,Chandigarh,Male,71,Travel,03-02-2024,02-02-2025,825.52,31290.4,CL1345,11-01-2025,4277.9,Pending
P1346,C1346,Vivaan Patel,Mumbai,Male,60,Auto,06-10-2024,06-10-2025,902.75,24545.81,CL1346,15-03-2025,2486.22,Pending
P1347,C1347,Ishita Singh,Lucknow,Male,54,Travel,05-02-2024,04-02-2025,1097.85,28392.3,CL1347,08-04-2024,1660.99,Pending
P1348,C1348,Vivaan Patel,Delhi,Female,36,Auto,13-11-2023,12-11-2024,978.46,77544.88,CL1348,05-05-2024,3963.18,Settled
P1349,C1349,Ananya Gupta,Delhi,Male,69,Auto,16-03-2023,15-03-2024,558.82,25601.02,CL1349,24-11-2023,3015.07,Pending
P1350,C1350,Kavya Reddy,Indore,Female,56,Auto,29-05-2023,28-05-2024,1329.17,69268.54,CL1350,04-10-2023,9517.46,Pending
P1351,C1351,Vivaan Patel,Mumbai,Male,68,Auto,10-10-2025,10-10-2026,910.46,90149.78,CL1351,18-05-2026,9648.36,Pending
P1352,C1352,Arjun Nair,Kolkata,Male,40,Auto,26-09-2025,26-09-2026,1000.37,80293.52,CL1352,14-10-2025,3617.81,Settled
P1353,C1353,Arjun Nair,Pune,Female,34,Health,31-05-2023,30-05-2024,807.14,66020.92,CL1353,29-06-2023,1711.86,Rejected
P1354,C1354,Kavya Reddy,Delhi,Female,71,Travel,15-04-2023,14-04-2024,646.81,40329.66,CL1354,,0,Rejected
P1355,C1355,Kunal Mehta,Lucknow,Male,70,Health,24-10-2024,24-10-2025,988.77,79557.05,CL1355,24-08-2025,3624.98,Settled
P1356,C1356,Arjun Nair,Ahmedabad,Male,55,Health,15-05-2025,15-05-2026,1357.27,48766.7,CL1356,,0,Rejected
P1357,C1357,Sai Kumar,Lucknow,Male,27,Auto,23-05-2024,23-05-2025,379.15,55178.42,CL1357,,0,Rejected
P1358,C1358,Sai Kumar,Chandigarh,Female,35,Health,07-05-2023,06-05-2024,334.79,45451.87,CL1358,,0,Rejected
P1359,C1359,Kunal Mehta,Ahmedabad,Female,64,Travel,05-10-2023,04-10-2024,505.39,66181.63,CL1359,24-05-2024,8357.09,Settled
P1360,C1360,Vihaan Reddy,Delhi,Male,52,Health,02-04-2023,01-04-2024,1293.48,50908.47,CL1360,,0,Rejected
P1361,C1361,Vivaan Patel,Chennai,Female,68,Auto,06-02-2024,05-02-2025,752.04,53435.32,CL1361,11-05-2024,5905.12,Pending
P1362,C1362,Meera Kulkarni,Mumbai,Male,60,Auto,20-03-2025,20-03-2026,399.8,82180.27,CL1362,,0,Rejected
P1363,C1363,Kavya Reddy,Delhi,Male,70,Health,24-09-2023,23-09-2024,815.83,44044.22,CL1363,04-12-2023,6422.75,Rejected
P1364,C1364,Priya Nair,Pune,Female,38,Health,14-01-2023,14-01-2024,995.85,61149.92,CL1364,,0,Rejected
P1365,C1365,Aditya Verma,Hyderabad,Male,69,Travel,03-12-2023,02-12-2024,259.27,22661.37,CL1365,31-12-2023,9375.4,Settled
P1366,C1366,Priya Nair,Jaipur,Female,25,Auto,31-05-2023,30-05-2024,1068.88,94309.35,CL1366,06-12-2023,3849.19,Pending
P1367,C1367,Sneha Iyer,Mumbai,Female,50,Health,28-11-2025,28-11-2026,314.95,76370.42,CL1367,30-03-2026,8380.77,Settled
P1368,C1368,Vivaan Patel,Indore,Male,28,Health,18-05-2024,18-05-2025,621.73,66287.46,CL1368,14-11-2024,3442.15,Settled
P1369,C1369,Vivaan Patel,Mumbai,Male,75,Auto,07-07-2024,07-07-2025,990.11,77055.15,CL1369,13-06-2025,4849.45,Rejected
P1370,C1370,Rohan Desai,Chennai,Female,75,Auto,23-05-2024,23-05-2025,1266.69,44962.05,CL1370,10-05-2025,8671.23,Pending
P1371,C1371,Ishita Singh,Jaipur,Male,52,Travel,19-02-2025,19-02-2026,395,50149.87,CL1371,26-11-2025,1202.96,Rejected
P1372,C1372,Neha Joshi,Chennai,Female,47,Health,20-01-2025,20-01-2026,659.03,44504.2,CL1372,23-12-2025,4938.87,Rejected
P1373,C1373,Vivaan Patel,Chandigarh,Female,51,Health,14-05-2025,14-05-2026,543.85,96363.5,CL1373,16-09-2025,3767.53,Rejected
P1374,C1374,Kunal Mehta,Kolkata,Female,51,Auto,07-05-2023,06-05-2024,1226.56,87819.28,CL1374,03-02-2024,7252.95,Pending
P1375,C1375,Priya Nair,Chandigarh,Male,30,Travel,19-09-2024,19-09-2025,414.24,23627.23,CL1375,,0,Rejected
P1376,C1376,Vivaan Patel,Hyderabad,Female,24,Health,20-09-2025,20-09-2026,433.62,49247.74,CL1376,27-06-2026,9080.17,Settled
P1377,C1377,Neha Joshi,Mumbai,Male,58,Auto,25-06-2025,25-06-2026,1434.99,45359.96,CL1377,10-04-2026,7498.39,Rejected
P1378,C1378,Ishita Singh,Chandigarh,Male,54,Auto,08-12-2024,08-12-2025,1240.96,45663.97,CL1378,,0,Rejected
P1379,C1379,Vivaan Patel,Kolkata,Female,32,Travel,20-02-2025,20-02-2026,417.4,22112.67,CL1379,15-04-2025,3578.51,Rejected
P1380,C1380,Pooja Sharma,Bengaluru,Male,21,Health,23-10-2025,23-10-2026,910.2,28510.11,CL1380,,0,Rejected
P1381,C1381,Ishita Singh,Jaipur,Male,47,Travel,29-08-2023,28-08-2024,1125.13,40038.98,CL1381,17-02-2024,8868.27,Pending
P1382,C1382,Ishita Singh,Indore,Male,47,Auto,21-05-2025,21-05-2026,1413.96,94355.06,CL1382,24-11-2025,6265.53,Rejected
P1383,C1383,Sai Kumar,Mumbai,Male,53,Auto,29-09-2024,29-09-2025,745.5,24907.17,CL1383,04-08-2025,2057.76,Settled
P1384,C1384,Aditya Verma,Pune,Male,59,Health,29-04-2023,28-04-2024,661.77,78318.59,CL1384,12-05-2023,1110.44,Settled
P1385,C1385,Kavya Reddy,Hyderabad,Male,73,Auto,26-05-2024,26-05-2025,534.08,92567.35,CL1385,,0,Rejected
P1386,C1386,Ishita Singh,Jaipur,Female,21,Health,23-03-2025,23-03-2026,1452.21,45218.35,CL1386,,0,Rejected
P1387,C1387,Kunal Mehta,Bengaluru,Male,48,Auto,23-10-2023,22-10-2024,466.53,38990.05,CL1387,22-11-2023,8305.92,Settled
P1388,C1388,Vivaan Patel,Hyderabad,Male,68,Travel,03-09-2023,02-09-2024,1411.64,51064.98,CL1388,09-03-2024,3508.28,Pending
P1389,C1389,Meera Kulkarni,Hyderabad,Female,70,Health,27-03-2024,27-03-2025,473.33,22871.55,CL1389,16-05-2024,7745.37,Pending
P1390,C1390,Aditya Verma,Lucknow,Male,28,Health,19-02-2023,19-02-2024,1008.8,75609.97,CL1390,05-01-2024,1261.48,Rejected
P1391,C1391,Ishita Singh,Chennai,Male,72,Health,31-12-2023,30-12-2024,402.48,40645.63,CL1391,24-09-2024,2764.72,Pending
P1392,C1392,Priya Nair,Chennai,Male,39,Auto,07-07-2023,06-07-2024,1172.46,64805.24,CL1392,06-07-2024,6381.25,Pending
P1393,C1393,Meera Kulkarni,Jaipur,Female,72,Auto,07-08-2023,06-08-2024,1228.08,20044.71,CL1393,23-04-2024,3767.61,Rejected
P1394,C1394,Kunal Mehta,Delhi,Male,45,Auto,12-02-2023,12-02-2024,1256.8,88186.7,CL1394,,0,Rejected
P1395,C1395,Kunal Mehta,Ahmedabad,Female,37,Auto,24-01-2024,23-01-2025,1051.25,59554.02,CL1395,21-04-2024,6343.07,Settled
P1396,C1396,Sai Kumar,Hyderabad,Male,53,Travel,03-10-2024,03-10-2025,603.95,93867.68,CL1396,05-09-2025,8783.4,Rejected
P1397,C1397,Ananya Gupta,Delhi,Male,53,Travel,20-11-2023,19-11-2024,827.88,99972.57,CL1397,,0,Rejected
P1398,C1398,Neha Joshi,Kolkata,Female,65,Auto,17-07-2024,17-07-2025,930.38,46266.34,CL1398,,0,Rejected
P1399,C1399,Vihaan Reddy,Delhi,Male,52,Travel,02-02-2025,02-02-2026,1192.84,53309.73,CL1399,,0,Rejected
P1400,C1400,Sai Kumar,Mumbai,Male,47,Health,05-08-2023,04-08-2024,1291.17,89201.22,CL1400,13-08-2023,7595.28,Rejected
P1401,C1401,Sneha Iyer,Indore,Male,21,Health,14-07-2023,13-07-2024,695.4,25938.44,CL1401,23-12-2023,4459,Settled
P1402,C1402,Meera Kulkarni,Delhi,Female,39,Auto,10-04-2024,10-04-2025,721.37,98311.59,CL1402,19-01-2025,6080.04,Pending
P1403,C1403,Kunal Mehta,Jaipur,Female,59,Health,14-02-2024,13-02-2025,551.87,84668.77,CL1403,10-05-2024,5644.39,Rejected
P1404,C1404,Aarav Sharma,Jaipur,Female,55,Auto,27-04-2024,27-04-2025,555.03,62889.23,CL1404,18-04-2025,2626.58,Rejected
P1405,C1405,Neha Joshi,Hyderabad,Male,32,Health,13-08-2024,13-08-2025,959.9,28401,CL1405,,0,Rejected
P1406,C1406,Aditya Verma,Delhi,Female,57,Health,14-12-2025,14-12-2026,818.26,81548.79,CL1406,19-09-2026,4107.96,Pending
P1407,C1407,Ishita Singh,Jaipur,Male,46,Travel,06-05-2025,06-05-2026,1296.44,33376.35,CL1407,29-03-2026,2413.36,Rejected
P1408,C1408,Vihaan Reddy,Ahmedabad,Male,56,Travel,26-03-2023,25-03-2024,588.69,48907.66,CL1408,09-03-2024,1481.81,Rejected
P1409,C1409,Vihaan Reddy,Pune,Male,36,Auto,21-01-2024,20-01-2025,1143.92,87198.72,CL1409,15-06-2024,9242.74,Pending
P1410,C1410,Kunal Mehta,Mumbai,Male,42,Health,31-01-2025,31-01-2026,524.7,91533.64,CL1410,,0,Rejected
P1411,C1411,Priya Nair,Lucknow,Female,47,Health,16-05-2025,16-05-2026,1263.23,32892.95,CL1411,25-08-2025,1947.56,Pending
P1412,C1412,Aarav Sharma,Delhi,Male,57,Health,07-08-2023,06-08-2024,525.72,63647.29,CL1412,08-09-2023,6432.53,Settled
P1413,C1413,Sneha Iyer,Delhi,Female,59,Auto,05-08-2025,05-08-2026,1370.08,98631.96,CL1413,05-11-2025,5811.78,Settled
P1414,C1414,Aarav Sharma,Delhi,Female,31,Travel,21-10-2025,21-10-2026,677.62,37152.03,CL1414,,0,Rejected
P1415,C1415,Ishita Singh,Indore,Male,39,Health,23-06-2025,23-06-2026,791.53,46993.22,CL1415,14-04-2026,8676.13,Settled
P1416,C1416,Meera Kulkarni,Delhi,Female,73,Travel,28-03-2023,27-03-2024,1001.31,39524.11,CL1416,16-10-2023,2381.54,Pending
P1417,C1417,Kunal Mehta,Chandigarh,Female,24,Auto,19-01-2023,19-01-2024,1152.88,83480.42,CL1417,03-12-2023,4287.54,Rejected
P1418,C1418,Arjun Nair,Jaipur,Male,22,Travel,06-12-2025,06-12-2026,510.58,29007.01,CL1418,11-07-2026,8066.63,Rejected
P1419,C1419,Rohan Desai,Kolkata,Male,24,Health,14-04-2024,14-04-2025,484.02,83509.66,CL1419,,0,Rejected
P1420,C1420,Aarav Sharma,Bengaluru,Female,54,Travel,26-04-2024,26-04-2025,361.54,63765.55,CL1420,24-06-2024,3841.73,Rejected
P1421,C1421,Aditya Verma,Indore,Male,72,Travel,03-07-2023,02-07-2024,1360.6,32765.49,CL1421,22-11-2023,2423.09,Pending
P1422,C1422,Kunal Mehta,Bengaluru,Female,30,Travel,23-07-2025,23-07-2026,1064.56,48861.44,CL1422,23-07-2025,1950.32,Settled
P1423,C1423,Ishita Singh,Jaipur,Female,28,Health,12-01-2024,11-01-2025,368.17,81157.37,CL1423,,0,Rejected
P1424,C1424,Aarav Sharma,Bengaluru,Female,46,Travel,24-07-2025,24-07-2026,1468.11,54680.09,CL1424,,0,Rejected
P1425,C1425,Ishita Singh,Kolkata,Female,61,Auto,02-09-2025,02-09-2026,573.76,89214.33,CL1425,14-06-2026,8273.28,Pending
P1426,C1426,Aarav Sharma,Mumbai,Female,48,Auto,29-03-2024,29-03-2025,719.27,91706.74,CL1426,17-11-2024,2203.65,Pending
P1427,C1427,Rohan Desai,Chennai,Female,39,Travel,12-07-2023,11-07-2024,825.8,98390.75,CL1427,,0,Rejected
P1428,C1428,Sneha Iyer,Jaipur,Male,25,Auto,24-11-2024,24-11-2025,1146.55,31961.94,CL1428,21-05-2025,2791.9,Settled
P1429,C1429,Kunal Mehta,Jaipur,Male,29,Health,21-07-2024,21-07-2025,525.91,22430.25,CL1429,16-07-2025,8055.12,Settled
P1430,C1430,Vihaan Reddy,Indore,Female,73,Auto,11-06-2024,11-06-2025,1486.56,44991.48,CL1430,06-03-2025,8916.76,Settled
P1431,C1431,Arjun Nair,Mumbai,Male,68,Auto,25-04-2023,24-04-2024,779.54,92159.31,CL1431,30-07-2023,3641.84,Settled
P1432,C1432,Sai Kumar,Jaipur,Male,73,Health,11-12-2024,11-12-2025,250.61,41004.6,CL1432,30-08-2025,7407.26,Rejected
P1433,C1433,Ishita Singh,Bengaluru,Male,41,Health,28-03-2025,28-03-2026,251.88,47067.49,CL1433,22-07-2025,8352.34,Settled
P1434,C1434,Ananya Gupta,Chennai,Male,50,Auto,02-04-2023,01-04-2024,343.46,73679.84,CL1434,11-07-2023,6149.21,Rejected
P1435,C1435,Kavya Reddy,Lucknow,Male,41,Travel,28-12-2025,28-12-2026,1285.01,62195.15,CL1435,26-08-2026,6470.36,Settled
P1436,C1436,Ananya Gupta,Pune,Female,45,Travel,06-02-2025,06-02-2026,1468.02,38561.18,CL1436,23-11-2025,6959.8,Rejected
P1437,C1437,Ishita Singh,Pune,Male,24,Auto,13-10-2025,13-10-2026,418.52,77352.02,CL1437,03-09-2026,5904.25,Rejected
P1438,C1438,Ishita Singh,Chandigarh,Female,49,Auto,15-09-2024,15-09-2025,1411.92,71095.32,CL1438,26-10-2024,7617.44,Rejected
P1439,C1439,Sai Kumar,Pune,Male,68,Health,30-04-2025,30-04-2026,1169.27,92711.09,CL1439,06-07-2025,8825.37,Rejected
P1440,C1440,Aditya Verma,Chennai,Male,54,Travel,03-05-2025,03-05-2026,626.83,73668.75,CL1440,,0,Rejected
P1441,C1441,Sneha Iyer,Lucknow,Male,62,Travel,07-05-2023,06-05-2024,498.61,27526.36,CL1441,,0,Rejected
P1442,C1442,Rohan Desai,Indore,Male,31,Travel,22-10-2023,21-10-2024,285.68,93380.47,CL1442,17-07-2024,8160.38,Settled
P1443,C1443,Sai Kumar,Pune,Female,32,Health,28-02-2025,28-02-2026,1186.73,94696.7,CL1443,15-01-2026,6130.03,Rejected
P1444,C1444,Ananya Gupta,Lucknow,Female,56,Auto,17-05-2025,17-05-2026,293.2,67481.67,CL1444,,0,Rejected
P1445,C1445,Vivaan Patel,Hyderabad,Male,24,Health,14-01-2025,14-01-2026,1061.08,24613.65,CL1445,11-10-2025,5124.09,Settled
P1446,C1446,Aarav Sharma,Jaipur,Female,46,Travel,15-07-2024,15-07-2025,1005.34,81934.34,CL1446,27-02-2025,7601.24,Pending
P1447,C1447,Neha Joshi,Mumbai,Female,53,Auto,11-04-2025,11-04-2026,1305.87,90734.75,CL1447,10-01-2026,2637.47,Settled
P1448,C1448,Sneha Iyer,Kolkata,Female,63,Auto,29-05-2024,29-05-2025,750.07,33042.28,CL1448,11-12-2024,9101.24,Rejected
P1449,C1449,Ishita Singh,Kolkata,Male,41,Travel,05-09-2023,04-09-2024,1242.71,38882.23,CL1449,25-10-2023,5738.37,Rejected
P1450,C1450,Arjun Nair,Hyderabad,Female,38,Travel,05-01-2023,05-01-2024,443.24,93028.01,CL1450,05-10-2023,8799.31,Pending
P1451,C1451,Ananya Gupta,Bengaluru,Female,67,Auto,26-12-2025,26-12-2026,359.09,67814.12,CL1451,15-04-2026,9233.17,Pending
P1452,C1452,Vivaan Patel,Kolkata,Male,41,Health,24-03-2024,24-03-2025,467.79,21558.44,CL1452,10-02-2025,9486.41,Pending
P1453,C1453,Ananya Gupta,Mumbai,Female,60,Travel,28-01-2023,28-01-2024,506.7,30562.35,CL1453,03-03-2023,7482.75,Rejected
P1454,C1454,Kavya Reddy,Mumbai,Female,73,Health,01-05-2023,30-04-2024,1383.61,55385.61,CL1454,,0,Rejected
P1455,C1455,Pooja Sharma,Chennai,Female,55,Travel,08-05-2024,08-05-2025,830.56,48159.48,CL1455,01-01-2025,6137.27,Rejected
P1456,C1456,Aarav Sharma,Lucknow,Female,60,Health,12-02-2024,11-02-2025,403.21,75578.94,CL1456,,0,Rejected
P1457,C1457,Ishita Singh,Hyderabad,Male,29,Auto,18-06-2025,18-06-2026,1232.92,21360.07,CL1457,,0,Rejected
P1458,C1458,Sai Kumar,Delhi,Male,65,Travel,07-06-2023,06-06-2024,465.23,49168.69,CL1458,22-07-2023,5656.84,Settled
P1459,C1459,Ananya Gupta,Jaipur,Male,60,Travel,01-04-2025,01-04-2026,422.68,59956.93,CL1459,09-09-2025,4286.36,Rejected
P1460,C1460,Sneha Iyer,Kolkata,Female,72,Travel,28-01-2023,28-01-2024,1220.84,63124.62,CL1460,25-04-2023,6943.01,Rejected
P1461,C1461,Neha Joshi,Delhi,Female,26,Travel,17-06-2024,17-06-2025,1094.78,39645,CL1461,08-10-2024,7444.34,Pending
P1462,C1462,Neha Joshi,Kolkata,Male,35,Travel,29-10-2023,28-10-2024,542.62,93931.19,CL1462,31-05-2024,8138.34,Settled
P1463,C1463,Meera Kulkarni,Jaipur,Male,28,Travel,25-09-2025,25-09-2026,736.75,23254.36,CL1463,30-05-2026,5209.45,Settled
P1464,C1464,Ishita Singh,Indore,Female,40,Health,18-01-2023,18-01-2024,1369.31,88955.11,CL1464,,0,Rejected
P1465,C1465,Aarav Sharma,Ahmedabad,Female,36,Auto,06-09-2023,05-09-2024,1260.65,49122.01,CL1465,04-05-2024,8673.69,Settled
P1466,C1466,Sai Kumar,Pune,Male,71,Travel,19-06-2023,18-06-2024,1368.93,46024.3,CL1466,,0,Rejected
P1467,C1467,Meera Kulkarni,Chandigarh,Female,63,Travel,09-10-2024,09-10-2025,1142.74,80177.44,CL1467,,0,Rejected
P1468,C1468,Rohan Desai,Hyderabad,Female,22,Auto,09-11-2024,09-11-2025,1233.75,35515.5,CL1468,21-07-2025,7680.58,Rejected
P1469,C1469,Ananya Gupta,Mumbai,Female,33,Auto,09-11-2024,09-11-2025,718.65,53143.02,CL1469,,0,Rejected
P1470,C1470,Kavya Reddy,Ahmedabad,Male,48,Auto,05-10-2024,05-10-2025,1339.61,79700.09,CL1470,,0,Rejected
P1471,C1471,Rohan Desai,Indore,Male,36,Travel,20-04-2025,20-04-2026,754.41,47860.91,CL1471,04-02-2026,7946.86,Pending
P1472,C1472,Rohan Desai,Chandigarh,Female,57,Health,12-01-2024,11-01-2025,411.7,82538.24,CL1472,03-02-2024,1208.71,Settled
P1473,C1473,Sai Kumar,Pune,Male,41,Travel,05-12-2024,05-12-2025,684.97,66209.71,CL1473,12-12-2024,7182.76,Pending
P1474,C1474,Meera Kulkarni,Bengaluru,Female,59,Auto,14-01-2023,14-01-2024,662.2,62921.1,CL1474,,0,Rejected
P1475,C1475,Priya Nair,Kolkata,Male,32,Travel,18-02-2025,18-02-2026,298.87,43518.99,CL1475,,0,Rejected
P1476,C1476,Sai Kumar,Lucknow,Male,66,Travel,14-05-2023,13-05-2024,843.26,21557.8,CL1476,28-05-2023,3489.13,Pending
P1477,C1477,Kunal Mehta,Hyderabad,Male,71,Auto,10-05-2023,09-05-2024,637.03,25078.08,CL1477,24-11-2023,5872.79,Pending
P1478,C1478,Neha Joshi,Lucknow,Female,71,Auto,19-04-2025,19-04-2026,283.65,34401.85,CL1478,07-01-2026,5073.82,Pending
P1479,C1479,Vivaan Patel,Pune,Male,49,Travel,04-09-2025,04-09-2026,688.02,75546,CL1479,,0,Rejected
P1480,C1480,Vivaan Patel,Indore,Female,44,Auto,29-11-2023,28-11-2024,1321.8,40458.94,CL1480,19-08-2024,6731.28,Rejected
P1481,C1481,Arjun Nair,Hyderabad,Male,55,Health,03-03-2023,02-03-2024,635.22,46969.87,CL1481,08-02-2024,9622.9,Rejected
P1482,C1482,Neha Joshi,Hyderabad,Female,40,Auto,20-06-2025,20-06-2026,715.65,50129.68,CL1482,10-04-2026,6076.33,Settled
P1483,C1483,Sai Kumar,Kolkata,Male,37,Health,04-01-2023,04-01-2024,623.78,43164.31,CL1483,,0,Rejected
P1484,C1484,Sneha Iyer,Chennai,Female,30,Auto,19-09-2024,19-09-2025,471.64,49693.38,CL1484,,0,Rejected
P1485,C1485,Ishita Singh,Pune,Female,25,Health,26-01-2025,26-01-2026,450.35,80956.21,CL1485,26-04-2025,5778.09,Rejected
P1486,C1486,Vivaan Patel,Pune,Male,69,Travel,23-06-2024,23-06-2025,1439.77,70555.75,CL1486,,0,Rejected
P1487,C1487,Vihaan Reddy,Kolkata,Female,26,Health,04-01-2025,04-01-2026,313.09,57560.89,CL1487,13-05-2025,9583.24,Settled
P1488,C1488,Kavya Reddy,Ahmedabad,Female,39,Auto,16-08-2025,16-08-2026,1387.88,67930.19,CL1488,11-01-2026,3711.12,Settled
P1489,C1489,Kavya Reddy,Ahmedabad,Male,42,Travel,14-04-2023,13-04-2024,862.86,36357.86,CL1489,,0,Rejected
P1490,C1490,Aditya Verma,Bengaluru,Male,73,Health,17-02-2025,17-02-2026,1004.51,78468.95,CL1490,,0,Rejected
P1491,C1491,Ishita Singh,Delhi,Female,26,Travel,05-10-2025,05-10-2026,309.76,48025.59,CL1491,08-07-2026,5211.2,Pending
P1492,C1492,Meera Kulkarni,Indore,Female,63,Health,26-04-2025,26-04-2026,544.51,64686.51,CL1492,25-11-2025,2998.69,Pending
P1493,C1493,Kunal Mehta,Bengaluru,Male,69,Health,16-10-2025,16-10-2026,692.14,59598.23,CL1493,,0,Rejected
P1494,C1494,Kunal Mehta,Hyderabad,Male,41,Travel,02-04-2023,01-04-2024,1331.49,83610.5,CL1494,,0,Rejected
P1495,C1495,Priya Nair,Hyderabad,Female,59,Auto,26-07-2023,25-07-2024,429.14,57438.01,CL1495,22-10-2023,5158.31,Rejected
P1496,C1496,Rohan Desai,Lucknow,Male,21,Travel,02-07-2025,02-07-2026,1277.32,48108.38,CL1496,03-03-2026,5391.67,Settled
P1497,C1497,Sai Kumar,Lucknow,Male,33,Auto,26-12-2024,26-12-2025,1256.43,26133.71,CL1497,28-02-2025,3344.04,Pending
P1498,C1498,Aarav Sharma,Kolkata,Male,37,Health,13-11-2023,12-11-2024,1375.88,44256.36,CL1498,23-08-2024,6650.72,Pending
P1499,C1499,Priya Nair,Bengaluru,Female,74,Auto,07-02-2024,06-02-2025,1304.85,39770.35,CL1499,06-10-2024,7647.37,Rejected
P1500,C1500,Arjun Nair,Kolkata,Female,44,Travel,21-07-2024,21-07-2025,463.07,24834.68,CL1500,12-04-2025,3309.04,Rejected
P1501,C1501,Rohan Desai,Mumbai,Female,27,Health,25-04-2023,24-04-2024,514.59,54924.5,CL1501,19-03-2024,4058.23,Rejected
P1502,C1502,Sai Kumar,Jaipur,Male,42,Health,26-03-2025,26-03-2026,1131.61,74952.11,CL1502,18-10-2025,8180.82,Rejected
P1503,C1503,Kunal Mehta,Delhi,Male,35,Health,14-02-2023,14-02-2024,341.27,73865.62,CL1503,02-02-2024,9027.62,Rejected
P1504,C1504,Arjun Nair,Chennai,Male,67,Health,17-04-2024,17-04-2025,860.52,33975.35,CL1504,,0,Rejected
P1505,C1505,Ananya Gupta,Mumbai,Female,27,Auto,04-10-2025,04-10-2026,392.01,50857.47,CL1505,24-12-2025,7610.79,Pending
P1506,C1506,Priya Nair,Chennai,Female,65,Auto,11-06-2025,11-06-2026,1302.1,22216.05,CL1506,,0,Rejected
P1507,C1507,Ishita Singh,Chandigarh,Male,56,Auto,18-11-2023,17-11-2024,1096.81,52575.32,CL1507,,0,Rejected
P1508,C1508,Pooja Sharma,Chandigarh,Male,71,Travel,23-05-2023,22-05-2024,505.08,85820.55,CL1508,,0,Rejected
P1509,C1509,Vihaan Reddy,Hyderabad,Male,24,Travel,27-07-2024,27-07-2025,420.79,32447.25,CL1509,,0,Rejected
P1510,C1510,Kavya Reddy,Chandigarh,Female,63,Travel,02-10-2025,02-10-2026,647.03,51055.87,CL1510,,0,Rejected
P1511,C1511,Vihaan Reddy,Hyderabad,Female,22,Health,15-02-2023,15-02-2024,1353.99,50970.66,CL1511,04-07-2023,8153.42,Pending
P1512,C1512,Kavya Reddy,Mumbai,Female,64,Health,19-11-2023,18-11-2024,1177.05,85651.3,CL1512,22-02-2024,9826.03,Rejected
P1513,C1513,Sneha Iyer,Hyderabad,Male,72,Auto,17-03-2025,17-03-2026,326.79,66345.49,CL1513,09-08-2025,6866.98,Pending
P1514,C1514,Kavya Reddy,Delhi,Male,60,Auto,24-06-2025,24-06-2026,1435.69,35944.39,CL1514,,0,Rejected
P1515,C1515,Ishita Singh,Delhi,Male,43,Auto,06-12-2025,06-12-2026,829.53,91058.32,CL1515,04-05-2026,3692.95,Settled
P1516,C1516,Ananya Gupta,Delhi,Male,55,Travel,18-04-2023,17-04-2024,872.68,46542.24,CL1516,09-01-2024,5773.94,Pending
P1517,C1517,Meera Kulkarni,Chandigarh,Female,68,Travel,19-12-2023,18-12-2024,554.73,30337.47,CL1517,15-11-2024,6072.16,Settled
P1518,C1518,Vivaan Patel,Jaipur,Male,74,Auto,26-06-2023,25-06-2024,909.47,39169.74,CL1518,06-06-2024,8588,Rejected
P1519,C1519,Kunal Mehta,Delhi,Male,42,Auto,06-05-2023,05-05-2024,625.18,75465.38,CL1519,,0,Rejected
P1520,C1520,Priya Nair,Ahmedabad,Female,34,Travel,23-05-2023,22-05-2024,868.67,40134.46,CL1520,12-10-2023,4251.36,Settled
P1521,C1521,Kavya Reddy,Chennai,Female,31,Travel,13-04-2023,12-04-2024,922.3,38757.63,CL1521,12-10-2023,3374.07,Settled
P1522,C1522,Arjun Nair,Kolkata,Male,22,Health,24-01-2025,24-01-2026,634.11,23793.14,CL1522,,0,Rejected
P1523,C1523,Pooja Sharma,Chennai,Female,53,Health,19-02-2025,19-02-2026,327.17,42227.99,CL1523,20-01-2026,7140.92,Pending
P1524,C1524,Aarav Sharma,Lucknow,Female,38,Travel,24-01-2024,23-01-2025,502.6,90036.09,CL1524,21-04-2024,4143.43,Rejected
P1525,C1525,Sneha Iyer,Mumbai,Female,64,Health,21-11-2024,21-11-2025,1271.81,26406.94,CL1525,,0,Rejected
P1526,C1526,Kunal Mehta,Delhi,Female,45,Travel,14-05-2025,14-05-2026,586.26,29357.83,CL1526,,0,Rejected
P1527,C1527,Vivaan Patel,Mumbai,Female,73,Health,10-04-2023,09-04-2024,443.11,91074.91,CL1527,15-09-2023,8683.92,Settled
P1528,C1528,Ananya Gupta,Pune,Male,41,Health,09-03-2025,09-03-2026,318.73,80220.94,CL1528,13-10-2025,1449.66,Pending
P1529,C1529,Kunal Mehta,Jaipur,Male,46,Auto,13-01-2025,13-01-2026,1454.33,89391.05,CL1529,,0,Rejected
P1530,C1530,Arjun Nair,Chennai,Male,49,Travel,06-04-2023,05-04-2024,680.43,65998.13,CL1530,,0,Rejected
P1531,C1531,Vihaan Reddy,Chandigarh,Male,44,Travel,07-11-2024,07-11-2025,1292.05,84081.33,CL1531,25-03-2025,6303.86,Rejected
P1532,C1532,Ishita Singh,Chennai,Female,38,Travel,12-07-2025,12-07-2026,1028.25,94070.13,CL1532,20-09-2025,8231.76,Settled
P1533,C1533,Arjun Nair,Chandigarh,Male,31,Health,19-03-2024,19-03-2025,1337.73,25566.09,CL1533,06-09-2024,1610.29,Settled
P1534,C1534,Pooja Sharma,Hyderabad,Male,29,Travel,11-03-2023,10-03-2024,787.65,22843.41,CL1534,08-02-2024,1362.83,Pending
P1535,C1535,Ananya Gupta,Delhi,Male,56,Health,06-02-2025,06-02-2026,769.31,95772.05,CL1535,20-10-2025,3911.81,Pending
P1536,C1536,Aditya Verma,Lucknow,Female,32,Auto,28-08-2025,28-08-2026,456.33,40354.27,CL1536,14-02-2026,8000.75,Rejected
P1537,C1537,Aditya Verma,Kolkata,Male,42,Auto,22-04-2025,22-04-2026,1229.63,85059.39,CL1537,,0,Rejected
P1538,C1538,Aditya Verma,Jaipur,Male,50,Health,18-03-2025,18-03-2026,533.4,42083.01,CL1538,07-09-2025,8079.38,Pending
P1539,C1539,Meera Kulkarni,Jaipur,Female,37,Travel,23-10-2025,23-10-2026,1257.36,86936.92,CL1539,08-01-2026,9712.3,Rejected
P1540,C1540,Meera Kulkarni,Kolkata,Female,70,Auto,30-10-2023,29-10-2024,1126.37,23452.55,CL1540,18-02-2024,2633.11,Rejected
P1541,C1541,Ananya Gupta,Ahmedabad,Male,30,Health,05-10-2024,05-10-2025,910.13,30923.51,CL1541,12-08-2025,9135.23,Settled
P1542,C1542,Kavya Reddy,Jaipur,Female,65,Health,21-08-2024,21-08-2025,336.13,28240.89,CL1542,,0,Rejected
P1543,C1543,Kavya Reddy,Mumbai,Male,52,Auto,07-09-2024,07-09-2025,648.03,97610.5,CL1543,29-05-2025,6202.17,Rejected
P1544,C1544,Aditya Verma,Bengaluru,Female,39,Travel,12-02-2025,12-02-2026,842.25,67756.79,CL1544,09-02-2026,5152.99,Rejected
P1545,C1545,Arjun Nair,Jaipur,Male,60,Travel,19-01-2025,19-01-2026,694.44,71088.01,CL1545,06-01-2026,5417.97,Settled
P1546,C1546,Meera Kulkarni,Hyderabad,Male,71,Travel,12-01-2023,12-01-2024,722.66,83732.41,CL1546,20-05-2023,5853.81,Rejected
P1547,C1547,Aditya Verma,Hyderabad,Female,31,Health,07-08-2024,07-08-2025,1079.69,84852.02,CL1547,26-12-2024,9629.02,Pending
P1548,C1548,Sneha Iyer,Chennai,Male,61,Health,14-07-2023,13-07-2024,1485.17,87359.23,CL1548,18-08-2023,8671.72,Settled
P1549,C1549,Arjun Nair,Pune,Female,63,Travel,23-12-2025,23-12-2026,1458.11,35688.8,CL1549,23-07-2026,1890.83,Rejected
P1550,C1550,Ananya Gupta,Kolkata,Female,34,Health,16-08-2024,16-08-2025,932.96,92579.5,CL1550,,0,Rejected
P1551,C1551,Ishita Singh,Lucknow,Male,42,Auto,14-10-2023,13-10-2024,713.82,77460.95,CL1551,,0,Rejected
P1552,C1552,Ishita Singh,Delhi,Female,41,Auto,23-04-2023,22-04-2024,1191.33,30851.41,CL1552,24-12-2023,4307.19,Rejected
P1553,C1553,Priya Nair,Hyderabad,Female,54,Health,27-01-2024,26-01-2025,1353.54,29480.13,CL1553,17-03-2024,2880.29,Settled
P1554,C1554,Ishita Singh,Lucknow,Male,56,Health,15-10-2024,15-10-2025,257.27,80485.55,CL1554,03-09-2025,6938.24,Settled
P1555,C1555,Ananya Gupta,Indore,Male,56,Health,11-04-2025,11-04-2026,1440.76,26315.83,CL1555,26-09-2025,2147.99,Settled
P1556,C1556,Vivaan Patel,Bengaluru,Female,30,Health,09-10-2024,09-10-2025,906.84,98198.99,CL1556,10-10-2024,3906.34,Pending
P1557,C1557,Arjun Nair,Delhi,Male,73,Auto,03-11-2024,03-11-2025,1448.55,22506.04,CL1557,09-02-2025,8006.37,Pending
P1558,C1558,Aditya Verma,Jaipur,Female,21,Health,18-12-2025,18-12-2026,339.82,83042.27,CL1558,,0,Rejected
P1559,C1559,Priya Nair,Hyderabad,Female,75,Travel,11-04-2025,11-04-2026,1243.9,70571.25,CL1559,03-02-2026,8094.87,Settled
P1560,C1560,Ishita Singh,Lucknow,Female,43,Health,10-10-2025,10-10-2026,1307.09,37368.65,CL1560,21-05-2026,2254.52,Pending
P1561,C1561,Kavya Reddy,Jaipur,Male,41,Auto,24-11-2025,24-11-2026,747.89,60575.49,CL1561,29-04-2026,9668.53,Settled
P1562,C1562,Aditya Verma,Lucknow,Female,47,Health,28-01-2024,27-01-2025,707.68,28253.68,CL1562,03-07-2024,4756.9,Rejected
P1563,C1563,Aarav Sharma,Kolkata,Female,31,Travel,31-05-2023,30-05-2024,732.04,51058.77,CL1563,05-10-2023,4260.65,Rejected
P1564,C1564,Vivaan Patel,Delhi,Male,32,Auto,19-08-2025,19-08-2026,672.38,42735.57,CL1564,,0,Rejected
P1565,C1565,Kunal Mehta,Lucknow,Female,65,Auto,11-01-2023,11-01-2024,1461.53,74274.54,CL1565,20-03-2023,6391.8,Pending
P1566,C1566,Meera Kulkarni,Jaipur,Female,52,Travel,20-02-2024,19-02-2025,260.45,67681.91,CL1566,05-10-2024,9236.87,Pending
P1567,C1567,Meera Kulkarni,Ahmedabad,Male,63,Health,22-10-2023,21-10-2024,732.63,47736.18,CL1567,18-02-2024,6254.56,Rejected
P1568,C1568,Kunal Mehta,Pune,Male,47,Auto,27-02-2023,27-02-2024,928.95,45273.07,CL1568,08-03-2023,8018.58,Pending
P1569,C1569,Arjun Nair,Lucknow,Female,43,Travel,02-08-2023,01-08-2024,579,73048.65,CL1569,17-12-2023,5736.87,Pending
P1570,C1570,Kavya Reddy,Jaipur,Female,73,Travel,20-07-2023,19-07-2024,679.44,57151.58,CL1570,20-06-2024,9891.31,Settled
P1571,C1571,Meera Kulkarni,Kolkata,Female,69,Travel,15-07-2023,14-07-2024,1106.62,32629.45,CL1571,21-05-2024,7595.79,Pending
P1572,C1572,Pooja Sharma,Chennai,Male,69,Travel,03-05-2024,03-05-2025,641.62,93844.34,CL1572,,0,Rejected
P1573,C1573,Vihaan Reddy,Hyderabad,Male,54,Auto,12-12-2023,11-12-2024,1358.26,67883.82,CL1573,13-11-2024,1470.17,Settled
P1574,C1574,Aarav Sharma,Mumbai,Male,25,Auto,03-08-2023,02-08-2024,261.43,81719.45,CL1574,18-09-2023,3269.15,Pending
P1575,C1575,Vivaan Patel,Kolkata,Male,39,Auto,22-07-2025,22-07-2026,1209.87,80218.47,CL1575,,0,Rejected
P1576,C1576,Sai Kumar,Chandigarh,Female,39,Auto,10-09-2024,10-09-2025,401.95,46803.87,CL1576,15-01-2025,9199.13,Pending
P1577,C1577,Pooja Sharma,Mumbai,Female,43,Health,10-08-2023,09-08-2024,405.39,45486.01,CL1577,04-02-2024,4917.89,Pending
P1578,C1578,Ananya Gupta,Pune,Male,27,Health,21-02-2024,20-02-2025,1363.45,26646.12,CL1578,,0,Rejected
P1579,C1579,Vivaan Patel,Ahmedabad,Female,57,Health,25-08-2025,25-08-2026,357.92,78822.1,CL1579,07-04-2026,7779.98,Pending
P1580,C1580,Kunal Mehta,Jaipur,Female,45,Travel,28-02-2024,27-02-2025,1065.62,75443.98,CL1580,17-12-2024,1909.26,Rejected
P1581,C1581,Ananya Gupta,Pune,Male,51,Travel,04-07-2024,04-07-2025,969.84,85632.32,CL1581,,0,Rejected
P1582,C1582,Vihaan Reddy,Chennai,Male,44,Health,16-10-2025,16-10-2026,458.05,44220.42,CL1582,04-07-2026,1298.39,Settled
P1583,C1583,Aarav Sharma,Jaipur,Female,35,Travel,31-10-2025,31-10-2026,540.8,49022.13,CL1583,02-02-2026,5073.66,Rejected
P1584,C1584,Neha Joshi,Lucknow,Male,35,Auto,18-09-2025,18-09-2026,753.18,29807.23,CL1584,17-06-2026,9294.16,Settled
P1585,C1585,Ananya Gupta,Ahmedabad,Male,64,Health,17-12-2023,16-12-2024,257.42,43205.69,CL1585,01-03-2024,8899.8,Rejected
P1586,C1586,Neha Joshi,Pune,Female,75,Auto,02-09-2023,01-09-2024,1347.26,67662.92,CL1586,,0,Rejected
P1587,C1587,Arjun Nair,Pune,Male,65,Travel,21-05-2024,21-05-2025,633.68,57608.52,CL1587,26-01-2025,1136.53,Rejected
P1588,C1588,Neha Joshi,Kolkata,Female,61,Auto,04-08-2023,03-08-2024,821.57,76001.82,CL1588,,0,Rejected
P1589,C1589,Sai Kumar,Lucknow,Male,61,Health,29-03-2025,29-03-2026,1229.88,38562.28,CL1589,10-03-2026,4185.64,Rejected
P1590,C1590,Sneha Iyer,Jaipur,Male,63,Health,05-04-2025,05-04-2026,1444.9,51564.83,CL1590,17-07-2025,1814.39,Pending
P1591,C1591,Aarav Sharma,Indore,Male,55,Auto,25-07-2024,25-07-2025,517.98,89260.96,CL1591,13-11-2024,6168.63,Rejected
P1592,C1592,Sneha Iyer,Pune,Female,71,Auto,25-08-2024,25-08-2025,763.88,92786.21,CL1592,25-08-2024,7905.59,Rejected
P1593,C1593,Vivaan Patel,Mumbai,Male,62,Auto,11-08-2023,10-08-2024,784.55,76707.44,CL1593,,0,Rejected
P1594,C1594,Arjun Nair,Hyderabad,Female,32,Auto,16-07-2024,16-07-2025,693.52,27777.19,CL1594,23-09-2024,4592.4,Pending
P1595,C1595,Sneha Iyer,Pune,Female,69,Travel,25-08-2025,25-08-2026,533.48,80154.62,CL1595,,0,Rejected
P1596,C1596,Ishita Singh,Pune,Male,54,Travel,08-03-2025,08-03-2026,1124.38,31033.23,CL1596,29-04-2025,9353.81,Rejected
P1597,C1597,Vivaan Patel,Delhi,Female,24,Auto,17-04-2025,17-04-2026,639.28,88455.96,CL1597,11-09-2025,4431.75,Rejected
P1598,C1598,Meera Kulkarni,Mumbai,Male,73,Travel,03-02-2023,03-02-2024,891.12,84189.38,CL1598,22-02-2023,2240.58,Rejected
P1599,C1599,Aditya Verma,Lucknow,Male,42,Auto,19-10-2023,18-10-2024,858.96,96499.4,CL1599,28-01-2024,8012.77,Rejected
P1600,C1600,Kunal Mehta,Mumbai,Male,38,Travel,13-10-2024,13-10-2025,613.64,42403.69,CL1600,28-12-2024,4683.75,Rejected
P1601,C1601,Kavya Reddy,Hyderabad,Male,69,Health,20-05-2024,20-05-2025,416.63,76701.59,CL1601,,0,Rejected
P1602,C1602,Arjun Nair,Jaipur,Female,35,Travel,23-09-2025,23-09-2026,1406.68,90703.91,CL1602,10-07-2026,3376.74,Pending
P1603,C1603,Ishita Singh,Delhi,Male,69,Health,21-06-2024,21-06-2025,951.26,23596.35,CL1603,,0,Rejected
P1604,C1604,Ananya Gupta,Chandigarh,Male,33,Auto,18-11-2023,17-11-2024,393.54,99801.41,CL1604,07-11-2024,5057.7,Settled
P1605,C1605,Kunal Mehta,Hyderabad,Male,66,Health,04-05-2025,04-05-2026,349.07,45345.91,CL1605,06-11-2025,5785.89,Pending
P1606,C1606,Sneha Iyer,Hyderabad,Male,27,Health,10-11-2024,10-11-2025,554.32,48544.5,CL1606,,0,Rejected
P1607,C1607,Sneha Iyer,Kolkata,Male,61,Auto,11-02-2023,11-02-2024,571.09,35109.36,CL1607,28-05-2023,5847.77,Rejected
P1608,C1608,Sai Kumar,Jaipur,Male,42,Health,28-10-2025,28-10-2026,504.56,34467.66,CL1608,11-08-2026,6223.85,Settled
P1609,C1609,Vivaan Patel,Delhi,Male,47,Auto,06-10-2025,06-10-2026,1146.22,84793.81,CL1609,19-11-2025,3395.4,Settled
P1610,C1610,Ishita Singh,Kolkata,Male,32,Health,31-03-2023,30-03-2024,564.3,59192.88,CL1610,16-11-2023,1138.96,Rejected
P1611,C1611,Aditya Verma,Jaipur,Female,47,Travel,06-10-2025,06-10-2026,900.18,79857.14,CL1611,04-03-2026,6787.69,Settled
P1612,C1612,Aditya Verma,Bengaluru,Male,47,Travel,25-06-2024,25-06-2025,273.67,70959.53,CL1612,,0,Rejected
P1613,C1613,Aditya Verma,Indore,Female,29,Auto,12-01-2024,11-01-2025,1173.79,96660.72,CL1613,12-12-2024,8235.28,Pending
P1614,C1614,Sai Kumar,Mumbai,Female,67,Auto,23-03-2024,23-03-2025,1448.28,82494.56,CL1614,18-01-2025,8299.2,Rejected
P1615,C1615,Rohan Desai,Delhi,Female,75,Health,11-04-2023,10-04-2024,975.88,44778.47,CL1615,14-01-2024,5762.8,Rejected
P1616,C1616,Sai Kumar,Chandigarh,Female,45,Auto,06-12-2024,06-12-2025,535.17,97416.34,CL1616,,0,Rejected
P1617,C1617,Priya Nair,Lucknow,Male,44,Auto,25-09-2023,24-09-2024,809.2,78579.6,CL1617,03-01-2024,8850.13,Pending
P1618,C1618,Meera Kulkarni,Indore,Male,47,Auto,09-07-2025,09-07-2026,923.5,58498.08,CL1618,08-04-2026,9431.38,Settled
P1619,C1619,Aarav Sharma,Pune,Female,58,Auto,01-11-2023,31-10-2024,1454.7,75976.62,CL1619,26-09-2024,6783,Pending
P1620,C1620,Kavya Reddy,Chennai,Male,33,Auto,13-05-2024,13-05-2025,1069.81,41144.9,CL1620,27-09-2024,7969.73,Pending
P1621,C1621,Sai Kumar,Ahmedabad,Male,33,Auto,12-04-2025,12-04-2026,712.41,90681.41,CL1621,,0,Rejected
P1622,C1622,Meera Kulkarni,Chennai,Female,55,Auto,26-05-2023,25-05-2024,252.37,26768.1,CL1622,,0,Rejected
P1623,C1623,Neha Joshi,Indore,Male,66,Health,29-03-2023,28-03-2024,401.85,25826.11,CL1623,,0,Rejected
P1624,C1624,Aditya Verma,Ahmedabad,Female,68,Auto,25-11-2023,24-11-2024,557.12,88843.92,CL1624,,0,Rejected
P1625,C1625,Rohan Desai,Kolkata,Female,39,Auto,08-07-2025,08-07-2026,1344.11,34340.02,CL1625,12-07-2025,9876.86,Rejected
P1626,C1626,Sai Kumar,Hyderabad,Male,63,Health,20-03-2024,20-03-2025,1362.09,65240.2,CL1626,20-08-2024,5360.68,Pending
P1627,C1627,Arjun Nair,Jaipur,Female,47,Health,26-04-2024,26-04-2025,625.13,25175.18,CL1627,,0,Rejected
P1628,C1628,Sai Kumar,Hyderabad,Female,61,Health,30-11-2025,30-11-2026,644.52,32464.78,CL1628,27-10-2026,3955.34,Pending
P1629,C1629,Aditya Verma,Kolkata,Male,60,Health,09-09-2025,09-09-2026,1233.26,43483.91,CL1629,,0,Rejected
P1630,C1630,Kunal Mehta,Pune,Male,57,Travel,07-04-2025,07-04-2026,525.21,78290.14,CL1630,10-01-2026,6826.26,Rejected
P1631,C1631,Neha Joshi,Kolkata,Female,41,Health,23-09-2025,23-09-2026,1338.36,52155.12,CL1631,,0,Rejected
P1632,C1632,Rohan Desai,Chennai,Female,22,Travel,20-01-2023,20-01-2024,1496.88,36313.12,CL1632,,0,Rejected
P1633,C1633,Arjun Nair,Lucknow,Female,54,Health,02-05-2023,01-05-2024,957.21,54690.31,CL1633,,0,Rejected
P1634,C1634,Rohan Desai,Jaipur,Female,32,Travel,07-11-2025,07-11-2026,334.99,69052.4,CL1634,09-10-2026,5061.05,Pending
P1635,C1635,Aarav Sharma,Indore,Male,43,Travel,16-10-2023,15-10-2024,1487.48,89869.28,CL1635,,0,Rejected
P1636,C1636,Ananya Gupta,Bengaluru,Male,28,Auto,20-07-2025,20-07-2026,1310.58,75125.47,CL1636,27-08-2025,9472.65,Rejected
P1637,C1637,Vihaan Reddy,Kolkata,Male,33,Auto,06-09-2024,06-09-2025,463.52,28292.6,CL1637,,0,Rejected
P1638,C1638,Neha Joshi,Mumbai,Male,21,Health,09-09-2025,09-09-2026,1431.58,74998.77,CL1638,,0,Rejected
P1639,C1639,Neha Joshi,Pune,Female,21,Auto,18-08-2023,17-08-2024,780.07,73838.22,CL1639,01-03-2024,6820,Settled
P1640,C1640,Ananya Gupta,Hyderabad,Female,65,Auto,02-04-2024,02-04-2025,1151.11,87219.42,CL1640,21-05-2024,2136.6,Pending
P1641,C1641,Sneha Iyer,Bengaluru,Male,50,Auto,02-03-2025,02-03-2026,544.86,42989.85,CL1641,23-07-2025,2593.95,Settled
P1642,C1642,Vivaan Patel,Kolkata,Male,52,Auto,24-12-2023,23-12-2024,535.45,62501.8,CL1642,12-11-2024,9011.37,Pending
P1643,C1643,Aditya Verma,Chennai,Male,39,Travel,29-12-2025,29-12-2026,427.31,82452.92,CL1643,,0,Rejected
P1644,C1644,Kunal Mehta,Mumbai,Male,23,Auto,24-05-2023,23-05-2024,980.19,98685.25,CL1644,,0,Rejected
P1645,C1645,Priya Nair,Delhi,Male,32,Travel,08-03-2025,08-03-2026,1409.38,72988.77,CL1645,08-10-2025,5515.06,Pending
P1646,C1646,Vivaan Patel,Bengaluru,Male,28,Travel,31-08-2025,31-08-2026,1437.62,74605.01,CL1646,,0,Rejected
P1647,C1647,Pooja Sharma,Delhi,Female,31,Travel,30-05-2023,29-05-2024,1277.93,29563.3,CL1647,,0,Rejected
P1648,C1648,Ishita Singh,Jaipur,Male,68,Travel,20-09-2023,19-09-2024,813.58,41540.91,CL1648,23-10-2023,7811.48,Pending
P1649,C1649,Priya Nair,Pune,Male,70,Travel,25-06-2025,25-06-2026,825.16,64338.36,CL1649,29-01-2026,1899.24,Rejected
P1650,C1650,Ishita Singh,Hyderabad,Female,39,Health,14-07-2025,14-07-2026,572.45,73816.28,CL1650,24-06-2026,8416.3,Pending
P1651,C1651,Vihaan Reddy,Chandigarh,Male,56,Travel,14-12-2025,14-12-2026,769.18,71913.19,CL1651,,0,Rejected
P1652,C1652,Kunal Mehta,Indore,Female,38,Health,27-06-2024,27-06-2025,964.13,76640.75,CL1652,27-10-2024,2012.68,Pending
P1653,C1653,Arjun Nair,Ahmedabad,Female,71,Travel,21-01-2025,21-01-2026,1096.38,71859.06,CL1653,,0,Rejected
P1654,C1654,Ananya Gupta,Ahmedabad,Female,28,Travel,15-07-2023,14-07-2024,1271.78,90165.79,CL1654,10-02-2024,7716.05,Settled
P1655,C1655,Kavya Reddy,Chennai,Male,40,Auto,28-06-2025,28-06-2026,552.31,39584.05,CL1655,,0,Rejected
P1656,C1656,Pooja Sharma,Pune,Male,48,Travel,15-02-2023,15-02-2024,1208.35,55229.62,CL1656,,0,Rejected
P1657,C1657,Kavya Reddy,Mumbai,Male,33,Health,08-12-2025,08-12-2026,1348.81,78890.96,CL1657,10-06-2026,5996.88,Pending
P1658,C1658,Kavya Reddy,Pune,Male,59,Auto,16-06-2023,15-06-2024,1402.12,68461.4,CL1658,03-02-2024,9984.36,Rejected
P1659,C1659,Sneha Iyer,Hyderabad,Female,64,Auto,17-01-2023,17-01-2024,1151.82,50500.23,CL1659,,0,Rejected
P1660,C1660,Neha Joshi,Hyderabad,Male,74,Travel,05-09-2023,04-09-2024,645.29,45420.04,CL1660,17-04-2024,6585,Rejected
P1661,C1661,Ananya Gupta,Indore,Female,69,Travel,20-03-2024,20-03-2025,431.58,36897.43,CL1661,,0,Rejected
P1662,C1662,Sai Kumar,Chennai,Male,41,Travel,30-11-2024,30-11-2025,1270.75,28011.48,CL1662,04-10-2025,7825.23,Pending
P1663,C1663,Ananya Gupta,Chennai,Female,38,Auto,12-08-2023,11-08-2024,836.29,89970.92,CL1663,03-02-2024,9338.53,Pending
P1664,C1664,Meera Kulkarni,Hyderabad,Female,44,Auto,03-11-2025,03-11-2026,686.68,80134.28,CL1664,09-02-2026,2818.79,Settled
P1665,C1665,Pooja Sharma,Hyderabad,Female,42,Travel,27-12-2024,27-12-2025,607.78,95479.1,CL1665,01-04-2025,8519.49,Pending
P1666,C1666,Rohan Desai,Chandigarh,Female,21,Travel,07-11-2024,07-11-2025,523.48,24137.06,CL1666,12-10-2025,6096.55,Pending
P1667,C1667,Priya Nair,Pune,Male,48,Auto,18-03-2023,17-03-2024,358.2,70686.18,CL1667,08-06-2023,7356.61,Settled
P1668,C1668,Kunal Mehta,Kolkata,Female,71,Travel,19-08-2025,19-08-2026,1343.8,58647.27,CL1668,27-05-2026,8349.53,Rejected
P1669,C1669,Neha Joshi,Ahmedabad,Female,44,Health,13-08-2024,13-08-2025,1115.88,74074.67,CL1669,16-02-2025,9028,Settled
P1670,C1670,Ishita Singh,Kolkata,Female,47,Health,06-07-2023,05-07-2024,907.24,42826.03,CL1670,02-12-2023,1578.05,Pending
P1671,C1671,Aditya Verma,Chandigarh,Male,62,Auto,12-08-2025,12-08-2026,1283.46,42781.37,CL1671,25-06-2026,1733.48,Pending
P1672,C1672,Kavya Reddy,Pune,Male,43,Auto,15-08-2024,15-08-2025,469.73,40768.49,CL1672,,0,Rejected
P1673,C1673,Kunal Mehta,Mumbai,Male,23,Health,31-01-2024,30-01-2025,1069.38,60321.4,CL1673,07-12-2024,2847.13,Settled
P1674,C1674,Arjun Nair,Ahmedabad,Male,45,Health,17-02-2025,17-02-2026,765.03,44851.44,CL1674,20-03-2025,7784.3,Pending
P1675,C1675,Ananya Gupta,Delhi,Male,28,Auto,17-07-2023,16-07-2024,1377.41,82779.1,CL1675,29-02-2024,9400.37,Pending
P1676,C1676,Aarav Sharma,Chandigarh,Male,44,Travel,27-10-2023,26-10-2024,270.19,30891.78,CL1676,14-07-2024,7267.75,Rejected
P1677,C1677,Arjun Nair,Pune,Female,21,Travel,15-10-2024,15-10-2025,775.68,77406.46,CL1677,,0,Rejected
P1678,C1678,Sai Kumar,Mumbai,Female,35,Auto,05-01-2024,04-01-2025,366.08,74648.32,CL1678,,0,Rejected
P1679,C1679,Pooja Sharma,Chennai,Female,75,Travel,13-04-2025,13-04-2026,1010.56,51863.5,CL1679,11-02-2026,6406.24,Rejected
P1680,C1680,Kavya Reddy,Delhi,Female,70,Health,21-12-2025,21-12-2026,1130.03,25154.7,CL1680,18-11-2026,8774.79,Pending
P1681,C1681,Kunal Mehta,Jaipur,Male,70,Auto,12-02-2024,11-02-2025,473.8,42852.31,CL1681,,0,Rejected
P1682,C1682,Vivaan Patel,Kolkata,Male,57,Travel,07-06-2025,07-06-2026,1269.81,56848.59,CL1682,04-04-2026,2367.46,Rejected
P1683,C1683,Vivaan Patel,Delhi,Male,75,Auto,09-03-2023,08-03-2024,332.34,24179.82,CL1683,02-05-2023,4344.31,Pending
P1684,C1684,Ishita Singh,Jaipur,Female,74,Health,30-10-2025,30-10-2026,829.31,87203.15,CL1684,21-05-2026,6332.89,Pending
P1685,C1685,Rohan Desai,Indore,Female,26,Health,01-09-2024,01-09-2025,1451,50626.5,CL1685,29-06-2025,9192.79,Pending
P1686,C1686,Neha Joshi,Ahmedabad,Female,47,Auto,25-02-2023,25-02-2024,823.79,66357.53,CL1686,24-06-2023,8625.05,Rejected
P1687,C1687,Sneha Iyer,Chennai,Male,40,Travel,07-07-2024,07-07-2025,578.37,26269.18,CL1687,,0,Rejected
P1688,C1688,Pooja Sharma,Lucknow,Male,54,Travel,21-05-2025,21-05-2026,446.46,50924.17,CL1688,18-05-2026,2523.64,Pending
P1689,C1689,Arjun Nair,Mumbai,Female,69,Health,17-09-2024,17-09-2025,1429.57,88167.01,CL1689,06-05-2025,8016.85,Settled
P1690,C1690,Meera Kulkarni,Hyderabad,Female,57,Auto,18-01-2025,18-01-2026,519.7,72666.73,CL1690,,0,Rejected
P1691,C1691,Priya Nair,Chandigarh,Male,63,Auto,23-05-2024,23-05-2025,334.34,38047.63,CL1691,13-01-2025,1283.86,Rejected
P1692,C1692,Aditya Verma,Jaipur,Female,62,Travel,29-01-2023,29-01-2024,284.37,29285.65,CL1692,09-12-2023,3073.72,Rejected
P1693,C1693,Vihaan Reddy,Chandigarh,Female,56,Auto,27-07-2024,27-07-2025,1271.55,79155.38,CL1693,04-07-2025,5467.35,Settled
P1694,C1694,Kunal Mehta,Delhi,Female,67,Auto,31-05-2023,30-05-2024,1446.33,75287.88,CL1694,,0,Rejected
P1695,C1695,Sneha Iyer,Lucknow,Female,70,Travel,15-03-2025,15-03-2026,1019.87,79639.71,CL1695,26-10-2025,7679.2,Settled
P1696,C1696,Meera Kulkarni,Jaipur,Female,27,Auto,29-11-2023,28-11-2024,1120.79,66939.54,CL1696,,0,Rejected
P1697,C1697,Sai Kumar,Delhi,Male,34,Health,30-08-2025,30-08-2026,694.11,24071.4,CL1697,14-06-2026,5348.76,Settled
P1698,C1698,Ananya Gupta,Jaipur,Female,30,Travel,15-11-2024,15-11-2025,477.92,20057.31,CL1698,21-11-2024,8425.47,Rejected
P1699,C1699,Ananya Gupta,Jaipur,Female,27,Health,27-12-2023,26-12-2024,1231.42,45616.83,CL1699,,0,Rejected
P1700,C1700,Vihaan Reddy,Ahmedabad,Female,61,Travel,13-08-2025,13-08-2026,1102.33,44332.35,CL1700,29-09-2025,9606.73,Settled
P1701,C1701,Arjun Nair,Chennai,Female,75,Health,09-10-2024,09-10-2025,807.42,40938.72,CL1701,,0,Rejected
P1702,C1702,Aditya Verma,Indore,Female,54,Health,05-10-2025,05-10-2026,1023.44,62446.6,CL1702,,0,Rejected
P1703,C1703,Meera Kulkarni,Ahmedabad,Female,65,Health,30-09-2024,30-09-2025,1003.82,52759.9,CL1703,,0,Rejected
P1704,C1704,Vihaan Reddy,Pune,Female,24,Health,15-01-2023,15-01-2024,932.87,75020.19,CL1704,21-01-2023,6547.5,Settled
P1705,C1705,Aarav Sharma,Ahmedabad,Female,62,Health,16-01-2023,16-01-2024,799.66,99776.75,CL1705,,0,Rejected
P1706,C1706,Ishita Singh,Hyderabad,Male,49,Health,08-11-2024,08-11-2025,1393.76,85274.2,CL1706,,0,Rejected
P1707,C1707,Ishita Singh,Mumbai,Male,40,Travel,08-01-2025,08-01-2026,1060.73,92706.73,CL1707,,0,Rejected
P1708,C1708,Vivaan Patel,Mumbai,Female,28,Auto,13-10-2025,13-10-2026,934.7,60186.67,CL1708,06-02-2026,9879.26,Settled
P1709,C1709,Vihaan Reddy,Indore,Female,56,Health,15-09-2024,15-09-2025,530.98,71657.86,CL1709,,0,Rejected
P1710,C1710,Neha Joshi,Chennai,Male,45,Auto,25-08-2025,25-08-2026,469.2,66465.25,CL1710,04-07-2026,5304.22,Rejected
P1711,C1711,Aarav Sharma,Chennai,Female,44,Auto,18-02-2025,18-02-2026,1161.07,39271.87,CL1711,25-09-2025,4069.94,Pending
P1712,C1712,Vivaan Patel,Bengaluru,Male,73,Auto,14-12-2025,14-12-2026,634.45,99048.1,CL1712,30-08-2026,9238.66,Pending
P1713,C1713,Arjun Nair,Ahmedabad,Male,25,Auto,18-05-2023,17-05-2024,831.34,99343.94,CL1713,,0,Rejected
P1714,C1714,Ananya Gupta,Pune,Female,34,Auto,18-06-2023,17-06-2024,446.32,92755.7,CL1714,01-01-2024,9300.25,Pending
P1715,C1715,Priya Nair,Kolkata,Female,60,Health,27-05-2024,27-05-2025,1143.79,43708.97,CL1715,,0,Rejected
P1716,C1716,Kavya Reddy,Indore,Male,21,Travel,10-01-2023,10-01-2024,1117.61,87348.69,CL1716,13-05-2023,6944.91,Pending
P1717,C1717,Sneha Iyer,Jaipur,Female,65,Travel,26-03-2025,26-03-2026,629.06,78042.59,CL1717,,0,Rejected
P1718,C1718,Priya Nair,Indore,Female,34,Health,13-09-2024,13-09-2025,1242.09,79563.82,CL1718,04-08-2025,9839.15,Rejected
P1719,C1719,Kunal Mehta,Indore,Female,23,Travel,26-01-2025,26-01-2026,693.97,58052.86,CL1719,17-10-2025,2415.17,Pending
P1720,C1720,Priya Nair,Mumbai,Female,24,Health,31-01-2025,31-01-2026,1058.47,99542.71,CL1720,,0,Rejected
P1721,C1721,Vivaan Patel,Hyderabad,Female,57,Travel,30-11-2023,29-11-2024,1015.84,30796.48,CL1721,06-03-2024,7859.56,Pending
P1722,C1722,Sneha Iyer,Chandigarh,Female,44,Travel,24-05-2024,24-05-2025,1275.44,91875.26,CL1722,14-10-2024,1143.05,Settled
P1723,C1723,Ananya Gupta,Chennai,Female,51,Health,18-07-2025,18-07-2026,1421.25,82608.64,CL1723,03-07-2026,5608.7,Settled
P1724,C1724,Rohan Desai,Ahmedabad,Male,50,Travel,20-07-2024,20-07-2025,1127.38,88802.97,CL1724,,0,Rejected
P1725,C1725,Arjun Nair,Kolkata,Male,67,Health,29-08-2024,29-08-2025,1157.38,53850.98,CL1725,,0,Rejected
P1726,C1726,Vihaan Reddy,Jaipur,Female,73,Auto,01-05-2024,01-05-2025,646.35,39814.61,CL1726,,0,Rejected
P1727,C1727,Meera Kulkarni,Delhi,Male,43,Travel,14-08-2025,14-08-2026,1055.24,77040.68,CL1727,08-04-2026,9323.75,Pending
P1728,C1728,Kavya Reddy,Jaipur,Male,30,Travel,16-08-2025,16-08-2026,1300.54,78940.13,CL1728,30-11-2025,8414.6,Rejected
P1729,C1729,Sai Kumar,Bengaluru,Female,57,Health,25-11-2024,25-11-2025,721.26,30205.1,CL1729,,0,Rejected
P1730,C1730,Vihaan Reddy,Bengaluru,Female,64,Travel,09-12-2024,09-12-2025,280.65,69627.6,CL1730,,0,Rejected
P1731,C1731,Aarav Sharma,Chennai,Male,73,Health,11-10-2025,11-10-2026,706.75,68852.51,CL1731,18-11-2025,1513.78,Settled
P1732,C1732,Aditya Verma,Kolkata,Male,71,Travel,14-11-2024,14-11-2025,833.27,53030.88,CL1732,11-09-2025,3515.1,Rejected
P1733,C1733,Rohan Desai,Indore,Male,60,Health,06-08-2024,06-08-2025,728.32,72023.23,CL1733,18-06-2025,6824.73,Rejected
P1734,C1734,Ananya Gupta,Lucknow,Female,47,Travel,28-09-2025,28-09-2026,1138.84,34253.33,CL1734,15-07-2026,4898.49,Pending
P1735,C1735,Vihaan Reddy,Chennai,Male,69,Travel,18-07-2025,18-07-2026,1012.21,74907.15,CL1735,,0,Rejected
P1736,C1736,Sneha Iyer,Mumbai,Female,71,Auto,02-12-2024,02-12-2025,736.32,86130.58,CL1736,18-05-2025,4521.96,Pending
P1737,C1737,Sai Kumar,Ahmedabad,Female,41,Travel,05-10-2023,04-10-2024,292.45,66209.55,CL1737,08-06-2024,2104.19,Settled
P1738,C1738,Ishita Singh,Pune,Male,22,Auto,14-11-2025,14-11-2026,312.55,94748,CL1738,15-10-2026,7723.53,Rejected
P1739,C1739,Priya Nair,Kolkata,Female,47,Health,16-12-2025,16-12-2026,1024.42,94409.01,CL1739,04-05-2026,1671.94,Pending
P1740,C1740,Ishita Singh,Chandigarh,Male,50,Health,12-05-2025,12-05-2026,1213.85,98299.45,CL1740,,0,Rejected
P1741,C1741,Arjun Nair,Ahmedabad,Female,29,Health,29-12-2023,28-12-2024,997.13,38909.96,CL1741,20-12-2024,5349.99,Rejected
P1742,C1742,Ananya Gupta,Lucknow,Male,62,Auto,11-06-2023,10-06-2024,398.05,94750.47,CL1742,,0,Rejected
P1743,C1743,Vivaan Patel,Mumbai,Female,58,Auto,17-01-2025,17-01-2026,950.9,33618.48,CL1743,,0,Rejected
P1744,C1744,Kunal Mehta,Pune,Male,50,Travel,21-10-2023,20-10-2024,330.68,95483.76,CL1744,03-06-2024,6392.77,Pending
P1745,C1745,Priya Nair,Ahmedabad,Male,71,Health,22-03-2024,22-03-2025,621.99,27283.08,CL1745,,0,Rejected
P1746,C1746,Aarav Sharma,Hyderabad,Male,41,Health,16-08-2023,15-08-2024,618.16,73654.01,CL1746,20-11-2023,2205.23,Pending
P1747,C1747,Neha Joshi,Indore,Male,32,Health,01-03-2024,01-03-2025,1290.69,76061.82,CL1747,01-12-2024,3725.97,Rejected
P1748,C1748,Priya Nair,Chandigarh,Male,26,Health,12-05-2024,12-05-2025,957.04,61202.49,CL1748,15-09-2024,6470.92,Rejected
P1749,C1749,Vihaan Reddy,Delhi,Male,32,Travel,01-06-2024,01-06-2025,928.82,74946.17,CL1749,19-07-2024,5384.1,Rejected
P1750,C1750,Ishita Singh,Delhi,Male,73,Travel,29-07-2024,29-07-2025,815.29,96403.78,CL1750,03-03-2025,9289,Settled
P1751,C1751,Neha Joshi,Jaipur,Female,23,Travel,19-05-2025,19-05-2026,1194.38,32740.94,CL1751,19-07-2025,8678.51,Settled
P1752,C1752,Sneha Iyer,Ahmedabad,Male,22,Health,04-07-2025,04-07-2026,1446.03,73229.58,CL1752,11-02-2026,7369.59,Rejected
P1753,C1753,Arjun Nair,Bengaluru,Female,64,Travel,15-07-2025,15-07-2026,1411.68,56375.32,CL1753,,0,Rejected
P1754,C1754,Aarav Sharma,Ahmedabad,Female,71,Health,08-11-2024,08-11-2025,734.91,76139.63,CL1754,,0,Rejected
P1755,C1755,Priya Nair,Ahmedabad,Male,56,Travel,03-12-2025,03-12-2026,592.72,63496.02,CL1755,,0,Rejected
P1756,C1756,Aarav Sharma,Bengaluru,Female,51,Auto,19-05-2024,19-05-2025,918.63,92414.17,CL1756,22-12-2024,3885.16,Pending
P1757,C1757,Vivaan Patel,Pune,Female,39,Travel,25-09-2023,24-09-2024,826.66,26680.24,CL1757,28-02-2024,9734.33,Settled
P1758,C1758,Arjun Nair,Pune,Female,57,Travel,05-07-2024,05-07-2025,734.97,25283.99,CL1758,19-08-2024,3858.13,Settled
P1759,C1759,Meera Kulkarni,Chandigarh,Female,43,Travel,16-10-2023,15-10-2024,458.89,38883.75,CL1759,27-08-2024,2867.32,Settled
P1760,C1760,Aditya Verma,Indore,Female,59,Health,26-07-2025,26-07-2026,316.16,24219.3,CL1760,13-09-2025,7131.08,Settled
P1761,C1761,Meera Kulkarni,Mumbai,Male,35,Auto,06-04-2023,05-04-2024,692.99,70353.32,CL1761,10-01-2024,8108.23,Pending
P1762,C1762,Ananya Gupta,Lucknow,Female,44,Auto,06-04-2025,06-04-2026,1394.62,53893.76,CL1762,27-06-2025,3437.7,Rejected
P1763,C1763,Aditya Verma,Hyderabad,Female,45,Health,26-03-2025,26-03-2026,546.42,36132.67,CL1763,20-08-2025,2299.12,Pending
P1764,C1764,Kavya Reddy,Pune,Male,42,Auto,27-09-2023,26-09-2024,768.38,32328.91,CL1764,30-08-2024,6713.37,Settled
P1765,C1765,Pooja Sharma,Mumbai,Female,22,Travel,23-09-2025,23-09-2026,1478.13,60257.36,CL1765,15-10-2025,3574.53,Settled
P1766,C1766,Priya Nair,Chennai,Female,23,Auto,08-04-2023,07-04-2024,1354.91,91426.93,CL1766,08-11-2023,7612.55,Pending
P1767,C1767,Arjun Nair,Chandigarh,Female,63,Auto,01-08-2025,01-08-2026,331.82,62115.29,CL1767,02-09-2025,8597.33,Pending
P1768,C1768,Sai Kumar,Delhi,Male,30,Auto,14-01-2023,14-01-2024,309.9,75933.06,CL1768,04-12-2023,3275.41,Pending
P1769,C1769,Kavya Reddy,Hyderabad,Male,47,Auto,27-05-2025,27-05-2026,1141.9,90197.19,CL1769,09-07-2025,2070.86,Settled
P1770,C1770,Neha Joshi,Hyderabad,Male,71,Travel,20-07-2024,20-07-2025,1464.79,94885.2,CL1770,20-10-2024,5224.16,Settled
P1771,C1771,Priya Nair,Jaipur,Female,58,Health,07-08-2023,06-08-2024,440.73,30051.01,CL1771,,0,Rejected
P1772,C1772,Kavya Reddy,Mumbai,Female,63,Auto,17-06-2023,16-06-2024,529.86,61278.32,CL1772,02-02-2024,8726.79,Rejected
P1773,C1773,Priya Nair,Chandigarh,Male,44,Auto,22-01-2024,21-01-2025,1190.11,47286.29,CL1773,15-11-2024,2575.07,Rejected
P1774,C1774,Vihaan Reddy,Chennai,Female,42,Auto,31-10-2023,30-10-2024,609.5,28345.15,CL1774,08-12-2023,8115.99,Pending
P1775,C1775,Sneha Iyer,Mumbai,Male,35,Health,17-10-2023,16-10-2024,1495.72,25416.1,CL1775,03-12-2023,7463.81,Settled
P1776,C1776,Ishita Singh,Ahmedabad,Female,41,Health,26-12-2024,26-12-2025,772.82,39329.75,CL1776,30-12-2024,7664.4,Rejected
P1777,C1777,Aditya Verma,Hyderabad,Male,23,Auto,04-11-2023,03-11-2024,1068.93,82240.76,CL1777,08-02-2024,2247.4,Rejected
P1778,C1778,Pooja Sharma,Ahmedabad,Male,62,Health,17-03-2023,16-03-2024,421.51,97999.19,CL1778,,0,Rejected
P1779,C1779,Sai Kumar,Chennai,Male,29,Auto,25-04-2023,24-04-2024,1078.3,90483.62,CL1779,,0,Rejected
P1780,C1780,Vivaan Patel,Delhi,Male,26,Travel,10-04-2025,10-04-2026,1416.34,28019.98,CL1780,,0,Rejected
P1781,C1781,Kavya Reddy,Mumbai,Male,39,Health,23-03-2025,23-03-2026,1197.54,54294.04,CL1781,04-10-2025,8042.56,Settled
P1782,C1782,Ishita Singh,Chennai,Male,65,Auto,19-05-2024,19-05-2025,767.58,65876.49,CL1782,12-09-2024,6455.43,Settled
P1783,C1783,Pooja Sharma,Indore,Female,30,Auto,24-10-2023,23-10-2024,421.58,41133.55,CL1783,17-11-2023,8490.7,Pending
P1784,C1784,Rohan Desai,Hyderabad,Female,31,Auto,25-07-2024,25-07-2025,1482.68,85970.09,CL1784,07-11-2024,6726.9,Pending
P1785,C1785,Pooja Sharma,Mumbai,Female,28,Health,16-08-2025,16-08-2026,310.97,74378.9,CL1785,,0,Rejected
P1786,C1786,Meera Kulkarni,Hyderabad,Male,55,Auto,24-04-2023,23-04-2024,977.2,63713.24,CL1786,,0,Rejected
P1787,C1787,Arjun Nair,Hyderabad,Female,47,Health,05-07-2025,05-07-2026,694.95,27887.8,CL1787,02-11-2025,7866.2,Rejected
P1788,C1788,Ishita Singh,Hyderabad,Male,61,Travel,04-05-2025,04-05-2026,400.76,47100.9,CL1788,15-04-2026,3744.97,Settled
P1789,C1789,Kavya Reddy,Chennai,Male,34,Auto,07-12-2023,06-12-2024,285.57,98225.13,CL1789,,0,Rejected
P1790,C1790,Vivaan Patel,Chandigarh,Male,21,Health,07-01-2023,07-01-2024,761.22,92647.29,CL1790,07-06-2023,4575.02,Pending
P1791,C1791,Ananya Gupta,Kolkata,Female,51,Auto,25-10-2025,25-10-2026,974.38,85145.57,CL1791,05-01-2026,7382.63,Rejected
P1792,C1792,Pooja Sharma,Bengaluru,Female,58,Health,03-09-2024,03-09-2025,1446.68,38060.07,CL1792,02-06-2025,6503.64,Pending
P1793,C1793,Sneha Iyer,Lucknow,Female,45,Travel,15-05-2023,14-05-2024,395.68,74274.93,CL1793,,0,Rejected
P1794,C1794,Priya Nair,Bengaluru,Female,21,Health,19-04-2025,19-04-2026,561.84,60930.91,CL1794,26-07-2025,3526.34,Rejected
P1795,C1795,Vivaan Patel,Ahmedabad,Female,55,Health,03-10-2023,02-10-2024,818.51,25094.55,CL1795,,0,Rejected
P1796,C1796,Sai Kumar,Pune,Female,67,Travel,04-11-2025,04-11-2026,1389.6,35203.54,CL1796,20-12-2025,9988.1,Pending
P1797,C1797,Arjun Nair,Lucknow,Female,36,Travel,26-03-2025,26-03-2026,1276,60230.42,CL1797,09-04-2025,7496.58,Settled
P1798,C1798,Priya Nair,Mumbai,Male,27,Travel,16-08-2025,16-08-2026,618.71,39102.99,CL1798,13-08-2026,6489.29,Rejected
P1799,C1799,Pooja Sharma,Chandigarh,Female,41,Travel,28-01-2025,28-01-2026,1091.76,33580.74,CL1799,31-12-2025,6864.42,Rejected
P1800,C1800,Sai Kumar,Chandigarh,Female,44,Auto,11-07-2024,11-07-2025,487.24,76982.29,CL1800,16-04-2025,8763.71,Pending
P1801,C1801,Sneha Iyer,Bengaluru,Female,62,Travel,15-03-2025,15-03-2026,932.74,70729.13,CL1801,04-10-2025,4018.78,Settled
P1802,C1802,Ishita Singh,Jaipur,Male,64,Travel,29-11-2023,28-11-2024,436.99,35613.65,CL1802,02-05-2024,8596.06,Pending
P1803,C1803,Sneha Iyer,Ahmedabad,Male,63,Health,04-04-2023,03-04-2024,499.3,38442.37,CL1803,07-02-2024,8378.79,Settled
P1804,C1804,Priya Nair,Pune,Female,60,Auto,10-06-2023,09-06-2024,842.97,38587.91,CL1804,,0,Rejected
P1805,C1805,Arjun Nair,Mumbai,Male,69,Auto,09-11-2025,09-11-2026,375.69,41811.96,CL1805,19-10-2026,6638.54,Pending
P1806,C1806,Aditya Verma,Bengaluru,Female,21,Travel,23-12-2024,23-12-2025,582.7,67043.87,CL1806,22-09-2025,8077.7,Settled
P1807,C1807,Ishita Singh,Mumbai,Male,63,Auto,11-06-2024,11-06-2025,1073.1,52634.96,CL1807,,0,Rejected
P1808,C1808,Arjun Nair,Delhi,Male,30,Auto,28-02-2025,28-02-2026,1141.97,57598.37,CL1808,01-01-2026,6928.89,Pending
P1809,C1809,Aarav Sharma,Delhi,Male,53,Auto,13-12-2024,13-12-2025,538.96,70219.67,CL1809,,0,Rejected
P1810,C1810,Pooja Sharma,Indore,Female,21,Auto,15-03-2023,14-03-2024,1322.42,95650.25,CL1810,01-04-2023,6965,Settled
P1811,C1811,Sai Kumar,Pune,Female,46,Auto,05-09-2025,05-09-2026,336.94,22042.69,CL1811,,0,Rejected
P1812,C1812,Pooja Sharma,Pune,Female,27,Health,24-08-2023,23-08-2024,1373.13,50576.54,CL1812,02-11-2023,3243.04,Pending
P1813,C1813,Neha Joshi,Chennai,Female,49,Health,14-03-2025,14-03-2026,1081.81,74262.97,CL1813,,0,Rejected
P1814,C1814,Kunal Mehta,Lucknow,Male,69,Travel,12-11-2025,12-11-2026,1183.72,87637.62,CL1814,07-04-2026,7054.56,Rejected
P1815,C1815,Meera Kulkarni,Chandigarh,Male,73,Travel,04-12-2024,04-12-2025,745.91,65698.23,CL1815,,0,Rejected
P1816,C1816,Arjun Nair,Indore,Female,41,Travel,29-11-2023,28-11-2024,1482.59,92267,CL1816,01-04-2024,4388.96,Rejected
P1817,C1817,Priya Nair,Chandigarh,Male,29,Auto,16-12-2024,16-12-2025,1122.58,46093.89,CL1817,10-01-2025,1357.63,Pending
P1818,C1818,Ananya Gupta,Hyderabad,Male,29,Auto,19-05-2023,18-05-2024,434.67,58394.35,CL1818,05-10-2023,2938.01,Pending
P1819,C1819,Arjun Nair,Jaipur,Female,39,Health,15-10-2024,15-10-2025,858,45944.44,CL1819,18-05-2025,8959.91,Settled
P1820,C1820,Meera Kulkarni,Chandigarh,Male,65,Auto,05-04-2025,05-04-2026,1104.47,76744.13,CL1820,,0,Rejected
P1821,C1821,Ananya Gupta,Bengaluru,Female,23,Health,31-08-2025,31-08-2026,922.19,94162.53,CL1821,,0,Rejected
P1822,C1822,Vihaan Reddy,Indore,Male,57,Auto,05-03-2025,05-03-2026,1032.99,46913.22,CL1822,,0,Rejected
P1823,C1823,Arjun Nair,Delhi,Female,38,Travel,10-09-2025,10-09-2026,1163.34,53873.46,CL1823,24-02-2026,3201.15,Pending
P1824,C1824,Kunal Mehta,Delhi,Female,58,Health,23-10-2025,23-10-2026,337.5,26981.52,CL1824,17-08-2026,3325.66,Settled
P1825,C1825,Ishita Singh,Kolkata,Female,21,Auto,15-11-2023,14-11-2024,744.68,82231.15,CL1825,16-01-2024,5355.56,Pending
P1826,C1826,Sneha Iyer,Lucknow,Male,75,Health,27-03-2024,27-03-2025,1409.87,24018.05,CL1826,13-04-2024,1906.38,Settled
P1827,C1827,Sneha Iyer,Indore,Female,44,Health,16-09-2023,15-09-2024,628,88162.2,CL1827,08-07-2024,4553.53,Pending
P1828,C1828,Meera Kulkarni,Chennai,Male,29,Health,11-11-2025,11-11-2026,820.36,31037.13,CL1828,07-12-2025,1524.78,Settled
P1829,C1829,Priya Nair,Hyderabad,Female,53,Health,24-12-2024,24-12-2025,319.9,91098.35,CL1829,14-01-2025,4997.14,Pending
P1830,C1830,Sai Kumar,Indore,Male,29,Health,15-04-2025,15-04-2026,773.99,73385.67,CL1830,27-05-2025,9386.21,Pending
P1831,C1831,Ishita Singh,Indore,Female,50,Travel,11-01-2023,11-01-2024,1203.46,49034.6,CL1831,27-03-2023,5249.55,Settled
P1832,C1832,Rohan Desai,Chandigarh,Male,21,Auto,16-01-2024,15-01-2025,421.68,91091.17,CL1832,11-07-2024,1909.07,Settled
P1833,C1833,Priya Nair,Jaipur,Female,34,Health,16-01-2024,15-01-2025,430.42,97721.53,CL1833,12-04-2024,7644.11,Rejected
P1834,C1834,Neha Joshi,Chandigarh,Male,57,Health,12-07-2025,12-07-2026,429.06,77573.65,CL1834,27-04-2026,2714.84,Rejected
P1835,C1835,Aarav Sharma,Chandigarh,Female,41,Travel,01-03-2024,01-03-2025,646.97,38712.95,CL1835,,0,Rejected
P1836,C1836,Vivaan Patel,Pune,Male,39,Health,12-07-2023,11-07-2024,302.95,53557.37,CL1836,12-08-2023,8425.72,Rejected
P1837,C1837,Aarav Sharma,Hyderabad,Female,44,Travel,28-09-2024,28-09-2025,686.61,71867.24,CL1837,28-05-2025,8894.96,Settled
P1838,C1838,Aarav Sharma,Delhi,Female,61,Auto,15-03-2024,15-03-2025,1303.49,52513.39,CL1838,02-07-2024,7609.76,Rejected
P1839,C1839,Sai Kumar,Mumbai,Male,30,Health,30-09-2025,30-09-2026,791.84,61609.1,CL1839,09-12-2025,6518.63,Pending
P1840,C1840,Kunal Mehta,Jaipur,Male,62,Travel,10-07-2023,09-07-2024,963.59,92633.05,CL1840,,0,Rejected
P1841,C1841,Sneha Iyer,Chennai,Male,52,Travel,10-12-2023,09-12-2024,1442.48,79682.88,CL1841,20-03-2024,2366.26,Pending
P1842,C1842,Ananya Gupta,Delhi,Male,55,Health,21-09-2023,20-09-2024,967.2,85385.16,CL1842,01-10-2023,3066.22,Rejected
P1843,C1843,Kavya Reddy,Chennai,Female,38,Auto,09-03-2024,09-03-2025,895.45,44592.06,CL1843,,0,Rejected
P1844,C1844,Vivaan Patel,Kolkata,Male,49,Auto,26-09-2023,25-09-2024,934.43,27907.95,CL1844,12-05-2024,4930.42,Settled
P1845,C1845,Neha Joshi,Mumbai,Male,40,Health,19-02-2024,18-02-2025,330.6,94967.23,CL1845,02-03-2024,2822.82,Rejected
P1846,C1846,Meera Kulkarni,Pune,Male,67,Auto,03-02-2025,03-02-2026,1197.14,75689.91,CL1846,09-05-2025,3331.22,Rejected
P1847,C1847,Aarav Sharma,Lucknow,Female,34,Travel,14-09-2023,13-09-2024,499.72,49252.49,CL1847,19-02-2024,8057.61,Pending
P1848,C1848,Priya Nair,Indore,Female,45,Auto,25-01-2025,25-01-2026,1050.9,86828.91,CL1848,06-08-2025,9015.25,Rejected
P1849,C1849,Kunal Mehta,Bengaluru,Male,43,Health,07-12-2024,07-12-2025,729.59,59296.05,CL1849,,0,Rejected
P1850,C1850,Arjun Nair,Chennai,Female,49,Health,08-09-2024,08-09-2025,1106.35,23100.71,CL1850,,0,Rejected
P1851,C1851,Arjun Nair,Lucknow,Male,42,Auto,31-08-2025,31-08-2026,629.14,83160.3,CL1851,,0,Rejected
P1852,C1852,Kunal Mehta,Chandigarh,Male,75,Travel,26-07-2024,26-07-2025,316.21,31814.52,CL1852,30-09-2024,2892.55,Rejected
P1853,C1853,Arjun Nair,Delhi,Male,27,Auto,25-09-2023,24-09-2024,480.51,21478.15,CL1853,20-07-2024,4405.48,Rejected
P1854,C1854,Sai Kumar,Pune,Female,38,Health,09-08-2023,08-08-2024,1248.2,37635.7,CL1854,05-04-2024,7230.48,Settled
P1855,C1855,Vihaan Reddy,Jaipur,Female,74,Auto,04-01-2023,04-01-2024,1331.11,51079.38,CL1855,15-10-2023,2949.26,Pending
P1856,C1856,Priya Nair,Chandigarh,Female,49,Health,16-10-2025,16-10-2026,401.75,95092.85,CL1856,23-05-2026,2914.77,Rejected
P1857,C1857,Priya Nair,Pune,Female,74,Health,26-12-2025,26-12-2026,1459.17,28652.8,CL1857,,0,Rejected
P1858,C1858,Sai Kumar,Chennai,Male,59,Auto,19-10-2024,19-10-2025,928.15,26035.44,CL1858,20-01-2025,1620.39,Pending
P1859,C1859,Rohan Desai,Chandigarh,Female,43,Health,28-10-2024,28-10-2025,807.42,93930.22,CL1859,16-04-2025,2090.74,Settled
P1860,C1860,Priya Nair,Ahmedabad,Female,21,Travel,20-11-2023,19-11-2024,1164.41,83588.51,CL1860,06-01-2024,1256.73,Rejected
P1861,C1861,Aditya Verma,Chandigarh,Male,21,Auto,30-05-2024,30-05-2025,1003.04,99777.29,CL1861,,0,Rejected
P1862,C1862,Vivaan Patel,Ahmedabad,Female,70,Travel,12-08-2024,12-08-2025,1434.68,90077.3,CL1862,30-06-2025,8027.16,Rejected
P1863,C1863,Neha Joshi,Hyderabad,Female,60,Health,06-11-2023,05-11-2024,309.31,55792.69,CL1863,15-12-2023,1271.89,Settled
P1864,C1864,Arjun Nair,Mumbai,Male,48,Auto,26-09-2023,25-09-2024,900.11,70966.44,CL1864,,0,Rejected
P1865,C1865,Kavya Reddy,Indore,Male,36,Travel,02-06-2025,02-06-2026,413.97,63728.61,CL1865,15-07-2025,4052.56,Settled
P1866,C1866,Ananya Gupta,Chandigarh,Female,24,Health,17-10-2023,16-10-2024,674.01,52319.58,CL1866,25-12-2023,7734.39,Rejected
P1867,C1867,Priya Nair,Mumbai,Male,58,Travel,13-08-2024,13-08-2025,503.28,30123.72,CL1867,,0,Rejected
P1868,C1868,Rohan Desai,Mumbai,Male,64,Health,16-01-2023,16-01-2024,690.89,91756.96,CL1868,20-08-2023,4809.59,Pending
P1869,C1869,Ananya Gupta,Chandigarh,Female,25,Travel,02-04-2024,02-04-2025,898.45,57210.9,CL1869,,0,Rejected
P1870,C1870,Ishita Singh,Ahmedabad,Female,33,Health,31-10-2025,31-10-2026,935.79,41545.61,CL1870,18-03-2026,2907.04,Pending
P1871,C1871,Aditya Verma,Indore,Female,33,Travel,16-11-2023,15-11-2024,710.14,71537.42,CL1871,18-10-2024,4515.09,Pending
P1872,C1872,Sneha Iyer,Jaipur,Male,60,Auto,08-12-2025,08-12-2026,671.81,30912.11,CL1872,,0,Rejected
P1873,C1873,Meera Kulkarni,Chandigarh,Male,23,Health,29-04-2024,29-04-2025,367.29,58860.29,CL1873,11-04-2025,4257,Rejected
P1874,C1874,Rohan Desai,Indore,Male,67,Travel,23-07-2023,22-07-2024,1318.46,81866.91,CL1874,24-08-2023,4210.22,Rejected
P1875,C1875,Sai Kumar,Hyderabad,Female,46,Auto,15-10-2025,15-10-2026,1035.24,78947.7,CL1875,,0,Rejected
P1876,C1876,Vihaan Reddy,Hyderabad,Male,75,Auto,11-02-2023,11-02-2024,622.97,66088.68,CL1876,18-09-2023,2398.5,Settled
P1877,C1877,Ananya Gupta,Lucknow,Female,69,Health,17-09-2025,17-09-2026,1477.34,35335.47,CL1877,,0,Rejected
P1878,C1878,Vivaan Patel,Pune,Male,75,Travel,22-10-2025,22-10-2026,1023.47,61441.4,CL1878,,0,Rejected
P1879,C1879,Vihaan Reddy,Hyderabad,Female,74,Auto,02-05-2024,02-05-2025,429.41,70759.79,CL1879,03-12-2024,9122.79,Settled
P1880,C1880,Ananya Gupta,Indore,Male,63,Travel,02-11-2023,01-11-2024,1357.43,50073.51,CL1880,,0,Rejected
P1881,C1881,Aditya Verma,Bengaluru,Male,21,Travel,30-05-2025,30-05-2026,846.08,39171.76,CL1881,30-10-2025,6350.12,Settled
P1882,C1882,Kavya Reddy,Mumbai,Female,62,Auto,09-01-2025,09-01-2026,1235.19,81977.18,CL1882,,0,Rejected
P1883,C1883,Neha Joshi,Jaipur,Male,58,Health,27-09-2025,27-09-2026,269.34,55197.1,CL1883,08-02-2026,7245.6,Rejected
P1884,C1884,Neha Joshi,Pune,Female,53,Health,22-09-2023,21-09-2024,353.56,37815.03,CL1884,,0,Rejected
P1885,C1885,Rohan Desai,Delhi,Male,42,Travel,23-06-2025,23-06-2026,904.22,38634.76,CL1885,06-08-2025,8471.35,Settled
P1886,C1886,Aarav Sharma,Bengaluru,Female,62,Auto,01-03-2024,01-03-2025,350.69,64418.34,CL1886,,0,Rejected
P1887,C1887,Neha Joshi,Bengaluru,Male,48,Health,19-11-2023,18-11-2024,1195.58,26317.9,CL1887,04-02-2024,7586.54,Pending
P1888,C1888,Neha Joshi,Hyderabad,Female,32,Auto,24-02-2025,24-02-2026,1413.9,43815.62,CL1888,15-06-2025,4956.82,Settled
P1889,C1889,Rohan Desai,Chandigarh,Male,56,Health,16-04-2023,15-04-2024,646.06,97497.67,CL1889,,0,Rejected
P1890,C1890,Pooja Sharma,Lucknow,Female,75,Auto,30-01-2023,30-01-2024,365.47,96908.89,CL1890,03-05-2023,2620.09,Rejected
P1891,C1891,Vihaan Reddy,Pune,Male,41,Travel,09-03-2023,08-03-2024,473.36,63621.42,CL1891,22-01-2024,5043.19,Pending
P1892,C1892,Kavya Reddy,Ahmedabad,Male,58,Travel,04-01-2025,04-01-2026,349.96,50542.27,CL1892,,0,Rejected
P1893,C1893,Aarav Sharma,Chandigarh,Male,67,Travel,03-12-2023,02-12-2024,1437.36,98569.54,CL1893,09-09-2024,2894.47,Rejected
P1894,C1894,Vivaan Patel,Kolkata,Male,33,Health,04-05-2024,04-05-2025,1048.99,25830.05,CL1894,,0,Rejected
P1895,C1895,Sai Kumar,Ahmedabad,Female,51,Health,06-12-2024,06-12-2025,1116.78,69395.99,CL1895,31-08-2025,1521.92,Rejected
P1896,C1896,Sai Kumar,Jaipur,Female,61,Auto,13-07-2024,13-07-2025,1156.63,87137.33,CL1896,23-10-2024,4268.23,Rejected
P1897,C1897,Neha Joshi,Hyderabad,Female,43,Travel,07-07-2024,07-07-2025,256.63,54889.69,CL1897,,0,Rejected
P1898,C1898,Vivaan Patel,Mumbai,Female,62,Auto,16-05-2025,16-05-2026,512.97,69847.39,CL1898,05-09-2025,6233.15,Pending
P1899,C1899,Vihaan Reddy,Chennai,Female,44,Travel,27-10-2025,27-10-2026,1210.91,36717.74,CL1899,18-06-2026,9790.71,Pending
P1900,C1900,Meera Kulkarni,Delhi,Male,27,Auto,16-08-2023,15-08-2024,681.53,23723.41,CL1900,06-10-2023,6736.3,Rejected
P1901,C1901,Sneha Iyer,Chandigarh,Male,27,Travel,27-12-2024,27-12-2025,1067.15,56167.91,CL1901,,0,Rejected
P1902,C1902,Ananya Gupta,Lucknow,Male,41,Health,26-07-2024,26-07-2025,428.86,32594.23,CL1902,07-08-2024,2417.25,Settled
P1903,C1903,Ananya Gupta,Ahmedabad,Male,33,Health,31-03-2024,31-03-2025,350.42,89489.2,CL1903,07-10-2024,4989.93,Rejected
P1904,C1904,Aarav Sharma,Chandigarh,Female,45,Health,06-03-2023,05-03-2024,1148.95,47133.72,CL1904,07-02-2024,4430.79,Settled
P1905,C1905,Pooja Sharma,Lucknow,Male,52,Auto,23-03-2023,22-03-2024,825.87,76130.78,CL1905,04-12-2023,6867.28,Settled
P1906,C1906,Ananya Gupta,Mumbai,Male,74,Health,03-01-2025,03-01-2026,413.37,27115.39,CL1906,22-07-2025,6817.22,Settled
P1907,C1907,Aditya Verma,Mumbai,Female,72,Auto,16-12-2023,15-12-2024,259.67,88259.95,CL1907,13-03-2024,4299.86,Rejected
P1908,C1908,Ananya Gupta,Delhi,Male,29,Travel,15-01-2024,14-01-2025,659.43,87812.53,CL1908,09-10-2024,4592.21,Pending
P1909,C1909,Priya Nair,Jaipur,Male,33,Auto,03-06-2023,02-06-2024,1451.55,84742.83,CL1909,17-08-2023,5763.27,Pending
P1910,C1910,Pooja Sharma,Lucknow,Male,29,Auto,13-06-2024,13-06-2025,674.03,79217.08,CL1910,08-03-2025,5961.02,Pending
P1911,C1911,Kunal Mehta,Chennai,Male,35,Health,10-05-2023,09-05-2024,399.57,46036.95,CL1911,02-05-2024,6870.78,Rejected
P1912,C1912,Vivaan Patel,Delhi,Female,43,Health,18-05-2023,17-05-2024,586.46,47845.01,CL1912,18-02-2024,6011.57,Pending
P1913,C1913,Pooja Sharma,Pune,Male,53,Auto,16-02-2025,16-02-2026,857.31,78723.82,CL1913,,0,Rejected
P1914,C1914,Kunal Mehta,Pune,Female,54,Health,14-09-2025,14-09-2026,749.36,72388.13,CL1914,25-04-2026,4688.74,Pending
P1915,C1915,Priya Nair,Bengaluru,Male,52,Health,29-09-2025,29-09-2026,387.41,80289.8,CL1915,17-12-2025,2028.3,Pending
P1916,C1916,Meera Kulkarni,Chandigarh,Male,48,Health,25-06-2025,25-06-2026,1375.68,47582.52,CL1916,07-02-2026,3264.99,Settled
P1917,C1917,Rohan Desai,Mumbai,Female,33,Auto,17-09-2023,16-09-2024,1358.7,41908.29,CL1917,26-12-2023,9956.15,Settled
P1918,C1918,Kavya Reddy,Delhi,Male,64,Health,27-11-2023,26-11-2024,607.8,36170.94,CL1918,,0,Rejected
P1919,C1919,Priya Nair,Indore,Male,75,Auto,03-07-2025,03-07-2026,831.91,80367.88,CL1919,,0,Rejected
P1920,C1920,Meera Kulkarni,Chandigarh,Female,66,Health,19-06-2023,18-06-2024,910.36,56203.6,CL1920,17-08-2023,3924.52,Pending
P1921,C1921,Aarav Sharma,Chennai,Male,62,Auto,12-05-2024,12-05-2025,660.47,69472.6,CL1921,,0,Rejected
P1922,C1922,Rohan Desai,Bengaluru,Male,75,Travel,07-01-2023,07-01-2024,1394.31,37272.99,CL1922,05-03-2023,1331.92,Pending
P1923,C1923,Priya Nair,Kolkata,Male,38,Auto,25-04-2024,25-04-2025,857.49,48641.62,CL1923,18-05-2024,6010.26,Rejected
P1924,C1924,Aditya Verma,Ahmedabad,Male,50,Travel,20-06-2023,19-06-2024,341.07,75074.74,CL1924,20-01-2024,9090.11,Settled
P1925,C1925,Sneha Iyer,Delhi,Male,52,Auto,03-10-2023,02-10-2024,535.19,58384.91,CL1925,26-08-2024,9465.47,Pending
P1926,C1926,Kavya Reddy,Bengaluru,Male,29,Auto,12-10-2024,12-10-2025,872.36,82956.2,CL1926,14-03-2025,6573.29,Settled
P1927,C1927,Arjun Nair,Hyderabad,Female,63,Travel,20-09-2024,20-09-2025,799.4,47728.47,CL1927,04-02-2025,7594.26,Pending
P1928,C1928,Meera Kulkarni,Chennai,Male,52,Health,27-08-2023,26-08-2024,1066.36,89768.57,CL1928,21-04-2024,3217.49,Rejected
P1929,C1929,Pooja Sharma,Bengaluru,Female,21,Health,27-08-2023,26-08-2024,845.55,21767.36,CL1929,08-10-2023,5432.11,Rejected
P1930,C1930,Pooja Sharma,Indore,Female,74,Travel,03-10-2024,03-10-2025,276.74,78676.85,CL1930,,0,Rejected
P1931,C1931,Vihaan Reddy,Kolkata,Female,28,Health,01-05-2023,30-04-2024,595.42,66728.34,CL1931,,0,Rejected
P1932,C1932,Rohan Desai,Jaipur,Female,60,Health,04-01-2023,04-01-2024,1356.76,40510.41,CL1932,09-03-2023,9570.77,Pending
P1933,C1933,Pooja Sharma,Ahmedabad,Male,59,Health,22-05-2023,21-05-2024,604.36,78719.42,CL1933,,0,Rejected
P1934,C1934,Kavya Reddy,Indore,Male,57,Travel,05-12-2023,04-12-2024,359.24,90046.31,CL1934,20-01-2024,7200.05,Pending
P1935,C1935,Pooja Sharma,Lucknow,Female,65,Auto,17-01-2024,16-01-2025,370.73,41463.64,CL1935,17-06-2024,6620.86,Settled
P1936,C1936,Vivaan Patel,Hyderabad,Female,21,Auto,22-03-2025,22-03-2026,1009.37,45966.54,CL1936,07-03-2026,4331.53,Settled
P1937,C1937,Priya Nair,Lucknow,Female,41,Health,11-05-2023,10-05-2024,887.27,58802.01,CL1937,08-07-2023,9150.08,Rejected
P1938,C1938,Rohan Desai,Jaipur,Female,39,Travel,09-05-2023,08-05-2024,1429.66,25736.05,CL1938,,0,Rejected
P1939,C1939,Kunal Mehta,Bengaluru,Female,42,Travel,23-02-2024,22-02-2025,761.74,95392.5,CL1939,,0,Rejected
P1940,C1940,Arjun Nair,Mumbai,Male,62,Auto,30-01-2025,30-01-2026,1094.74,79873.74,CL1940,19-03-2025,2945.43,Rejected
P1941,C1941,Sai Kumar,Chennai,Male,66,Auto,23-02-2025,23-02-2026,1150.08,98881.47,CL1941,24-05-2025,1885.78,Rejected
P1942,C1942,Ishita Singh,Jaipur,Female,33,Health,18-09-2025,18-09-2026,668.97,93018.54,CL1942,03-04-2026,5459.42,Pending
P1943,C1943,Vihaan Reddy,Jaipur,Male,33,Travel,04-02-2023,04-02-2024,1043.05,79488.59,CL1943,08-10-2023,4202,Settled
P1944,C1944,Aarav Sharma,Chennai,Female,74,Auto,06-06-2023,05-06-2024,383.26,25924.1,CL1944,08-03-2024,2680.93,Settled
P1945,C1945,Arjun Nair,Chandigarh,Female,26,Auto,05-11-2023,04-11-2024,487.46,43082.57,CL1945,23-04-2024,3296.81,Settled
P1946,C1946,Priya Nair,Jaipur,Male,73,Auto,29-03-2025,29-03-2026,1055.85,99739.87,CL1946,11-02-2026,4290.31,Pending
P1947,C1947,Sneha Iyer,Pune,Female,57,Travel,20-08-2025,20-08-2026,565,41836.23,CL1947,10-06-2026,3499.24,Rejected
P1948,C1948,Neha Joshi,Pune,Male,51,Travel,04-06-2024,04-06-2025,1116.87,65509.2,CL1948,29-09-2024,6903.16,Pending
P1949,C1949,Sneha Iyer,Kolkata,Female,47,Health,11-07-2025,11-07-2026,320,74241.26,CL1949,17-01-2026,4532.57,Pending
P1950,C1950,Kavya Reddy,Lucknow,Male,67,Auto,14-11-2023,13-11-2024,847.55,50269.42,CL1950,15-04-2024,1752.66,Pending
P1951,C1951,Vihaan Reddy,Hyderabad,Male,70,Auto,03-08-2025,03-08-2026,745.07,56411.14,CL1951,12-08-2025,6174.8,Settled
P1952,C1952,Kavya Reddy,Hyderabad,Female,69,Auto,25-05-2025,25-05-2026,1347.98,41697.63,CL1952,17-12-2025,5613.22,Settled
P1953,C1953,Neha Joshi,Pune,Female,60,Auto,03-12-2024,03-12-2025,330.84,61142.74,CL1953,29-03-2025,3405.79,Rejected
P1954,C1954,Meera Kulkarni,Kolkata,Male,34,Auto,28-09-2024,28-09-2025,842.76,70292.39,CL1954,07-10-2024,9474.92,Settled
P1955,C1955,Sai Kumar,Pune,Male,33,Health,23-04-2025,23-04-2026,1026.74,55962.24,CL1955,10-01-2026,4568.43,Pending
P1956,C1956,Kavya Reddy,Pune,Male,73,Health,22-07-2023,21-07-2024,1022.48,30255.55,CL1956,04-02-2024,8650.08,Rejected
P1957,C1957,Vihaan Reddy,Indore,Female,69,Auto,19-10-2023,18-10-2024,594.99,96468.33,CL1957,11-02-2024,1097.33,Settled
P1958,C1958,Meera Kulkarni,Kolkata,Female,42,Auto,16-10-2024,16-10-2025,837.27,68120.32,CL1958,,0,Rejected
P1959,C1959,Kavya Reddy,Kolkata,Female,21,Health,03-04-2024,03-04-2025,488.18,44494.5,CL1959,10-12-2024,6785.47,Rejected
P1960,C1960,Aditya Verma,Ahmedabad,Male,30,Health,21-12-2025,21-12-2026,1230.52,65969.1,CL1960,26-06-2026,1403.37,Pending
P1961,C1961,Neha Joshi,Chennai,Male,68,Health,03-02-2024,02-02-2025,1114.33,44186.04,CL1961,02-02-2025,6751.22,Rejected
P1962,C1962,Vivaan Patel,Pune,Female,65,Health,20-08-2023,19-08-2024,766.01,43042.03,CL1962,25-09-2023,3035.05,Pending
P1963,C1963,Priya Nair,Chennai,Female,69,Travel,21-10-2023,20-10-2024,610.33,43102.33,CL1963,,0,Rejected
P1964,C1964,Vivaan Patel,Lucknow,Male,22,Health,31-10-2024,31-10-2025,317.44,41803.16,CL1964,24-09-2025,4005.03,Rejected
P1965,C1965,Ishita Singh,Delhi,Male,61,Travel,16-08-2023,15-08-2024,1429.85,95023.32,CL1965,01-11-2023,6269.48,Rejected
P1966,C1966,Ananya Gupta,Indore,Female,57,Auto,08-02-2023,08-02-2024,1187.77,31803.68,CL1966,19-08-2023,4960.22,Rejected
P1967,C1967,Vihaan Reddy,Jaipur,Male,65,Auto,17-10-2024,17-10-2025,1221.19,24192.76,CL1967,12-08-2025,2397.48,Pending
P1968,C1968,Aarav Sharma,Mumbai,Male,50,Auto,20-10-2025,20-10-2026,809.98,27996.48,CL1968,06-11-2025,2585.3,Rejected
P1969,C1969,Aditya Verma,Pune,Male,52,Travel,18-10-2023,17-10-2024,333.13,67878.26,CL1969,,0,Rejected
P1970,C1970,Meera Kulkarni,Indore,Male,35,Auto,21-11-2024,21-11-2025,481.18,33478.38,CL1970,24-03-2025,1884.96,Pending
P1971,C1971,Meera Kulkarni,Bengaluru,Male,30,Travel,01-09-2023,31-08-2024,431.91,30084.78,CL1971,,0,Rejected
P1972,C1972,Pooja Sharma,Indore,Male,67,Health,08-06-2024,08-06-2025,755.15,32843.85,CL1972,,0,Rejected
P1973,C1973,Kunal Mehta,Pune,Male,57,Health,08-09-2024,08-09-2025,322.9,78845.13,CL1973,05-08-2025,2430.08,Settled
P1974,C1974,Priya Nair,Chennai,Male,21,Auto,08-05-2023,07-05-2024,1290.26,67483.74,CL1974,03-09-2023,5951.34,Pending
P1975,C1975,Kavya Reddy,Hyderabad,Female,44,Travel,06-10-2025,06-10-2026,1219.77,74510.8,CL1975,25-09-2026,1456.88,Pending
P1976,C1976,Aditya Verma,Lucknow,Male,47,Health,27-02-2024,26-02-2025,1402.88,95689.22,CL1976,10-02-2025,1438.7,Rejected
P1977,C1977,Kavya Reddy,Lucknow,Female,60,Auto,01-07-2024,01-07-2025,454.22,77595.23,CL1977,02-08-2024,8219.71,Settled
P1978,C1978,Kunal Mehta,Hyderabad,Male,22,Health,03-03-2023,02-03-2024,779.5,40317.71,CL1978,30-08-2023,8721.03,Rejected
P1979,C1979,Ishita Singh,Hyderabad,Female,22,Travel,04-11-2023,03-11-2024,1197.04,22557.47,CL1979,29-12-2023,9797.72,Settled
P1980,C1980,Sneha Iyer,Chandigarh,Female,49,Travel,12-03-2025,12-03-2026,543.16,82758.36,CL1980,08-07-2025,3520.59,Pending
P1981,C1981,Kunal Mehta,Chennai,Female,30,Auto,28-01-2023,28-01-2024,1331.07,92719.83,CL1981,,0,Rejected
P1982,C1982,Ananya Gupta,Kolkata,Female,31,Auto,16-12-2023,15-12-2024,1391.29,36214.22,CL1982,26-06-2024,9821.32,Rejected
P1983,C1983,Pooja Sharma,Jaipur,Female,63,Travel,17-03-2025,17-03-2026,815.7,21409.64,CL1983,01-04-2025,4059.02,Settled
P1984,C1984,Aarav Sharma,Lucknow,Male,35,Auto,13-02-2025,13-02-2026,760.05,30071.55,CL1984,10-08-2025,3777.87,Settled
P1985,C1985,Meera Kulkarni,Chennai,Female,46,Health,02-12-2025,02-12-2026,804.32,45219.87,CL1985,17-07-2026,2157.97,Settled
P1986,C1986,Neha Joshi,Mumbai,Male,31,Auto,16-09-2024,16-09-2025,586.76,24830.93,CL1986,19-04-2025,2038.09,Settled
P1987,C1987,Ananya Gupta,Indore,Male,67,Travel,27-05-2023,26-05-2024,431.23,90247.36,CL1987,13-06-2023,3690.26,Settled
P1988,C1988,Sai Kumar,Mumbai,Male,66,Travel,04-12-2023,03-12-2024,252.72,89574.88,CL1988,03-07-2024,7648.82,Pending
P1989,C1989,Rohan Desai,Jaipur,Male,34,Travel,06-06-2025,06-06-2026,430.15,78906.43,CL1989,02-11-2025,5631.25,Settled
P1990,C1990,Neha Joshi,Pune,Male,49,Health,14-12-2024,14-12-2025,968.95,75249.12,CL1990,02-10-2025,9885.21,Settled
P1991,C1991,Kavya Reddy,Hyderabad,Female,25,Auto,25-09-2024,25-09-2025,745.75,70800.27,CL1991,26-10-2024,4100.49,Rejected
P1992,C1992,Ishita Singh,Bengaluru,Male,27,Auto,01-02-2023,01-02-2024,872.47,99670.08,CL1992,05-09-2023,3373.32,Pending
P1993,C1993,Rohan Desai,Pune,Female,61,Health,27-07-2025,27-07-2026,537.75,97519.81,CL1993,30-06-2026,7686.1,Pending
P1994,C1994,Kavya Reddy,Hyderabad,Female,30,Auto,30-01-2024,29-01-2025,1345.63,91789.5,CL1994,06-03-2024,7006.64,Pending
P1995,C1995,Neha Joshi,Ahmedabad,Female,60,Travel,08-12-2025,08-12-2026,1439.77,81909.39,CL1995,22-02-2026,1878.46,Settled
P1996,C1996,Kunal Mehta,Chandigarh,Female,33,Travel,18-12-2024,18-12-2025,1402.02,84139.38,CL1996,17-03-2025,6796.62,Pending
P1997,C1997,Vihaan Reddy,Jaipur,Male,28,Travel,25-05-2023,24-05-2024,414.67,78319.7,CL1997,04-10-2023,1158.03,Rejected
P1998,C1998,Neha Joshi,Lucknow,Male,48,Auto,08-09-2025,08-09-2026,1488.21,57941.24,CL1998,19-09-2025,5121.93,Pending
P1999,C1999,Priya Nair,Mumbai,Female,49,Travel,23-05-2023,22-05-2024,742.24,34044.97,CL1999,29-11-2023,1010.45,Settled
P2000,C2000,Ananya Gupta,Jaipur,Male,69,Auto,29-05-2024,29-05-2025,1076.94,60366.19,CL2000,,0,Rejected
P2001,C2001,Priya Nair,Kolkata,Female,64,Health,16-09-2023,15-09-2024,1322.61,30778.95,CL2001,19-05-2024,5655.42,Pending
P2002,C2002,Ishita Singh,Chandigarh,Female,70,Health,05-06-2023,04-06-2024,1117.77,23714.63,CL2002,01-12-2023,9883.53,Settled
P2003,C2003,Ishita Singh,Chandigarh,Male,49,Travel,29-04-2025,29-04-2026,1347.45,43566.7,CL2003,12-06-2025,1106.79,Settled
P2004,C2004,Meera Kulkarni,Mumbai,Male,69,Travel,27-01-2023,27-01-2024,650.12,83446.29,CL2004,24-01-2024,5314.43,Rejected
P2005,C2005,Ishita Singh,Bengaluru,Female,41,Health,09-09-2023,08-09-2024,707.77,43419.16,CL2005,15-08-2024,4561.65,Settled
P2006,C2006,Vihaan Reddy,Chandigarh,Female,32,Auto,05-11-2023,04-11-2024,1177.27,51921.94,CL2006,14-02-2024,7080.8,Settled
P2007,C2007,Aarav Sharma,Chandigarh,Male,65,Health,18-02-2023,18-02-2024,496.69,22226.16,CL2007,,0,Rejected
P2008,C2008,Sneha Iyer,Jaipur,Male,23,Health,15-08-2025,15-08-2026,1110.54,68925.41,CL2008,31-03-2026,8446.35,Pending
P2009,C2009,Aditya Verma,Hyderabad,Female,68,Auto,05-12-2025,05-12-2026,613.59,41131.63,CL2009,,0,Rejected
P2010,C2010,Aditya Verma,Mumbai,Female,63,Auto,06-12-2024,06-12-2025,828.15,66463.77,CL2010,18-03-2025,9809.79,Rejected
P2011,C2011,Arjun Nair,Lucknow,Male,22,Auto,24-04-2025,24-04-2026,522.34,54376.51,CL2011,04-09-2025,8159.89,Pending
P2012,C2012,Arjun Nair,Bengaluru,Female,35,Travel,06-10-2023,05-10-2024,811.66,89548.73,CL2012,10-07-2024,4954.58,Pending
P2013,C2013,Sai Kumar,Pune,Female,21,Health,25-03-2024,25-03-2025,1361.69,42666.92,CL2013,30-10-2024,8489.47,Rejected
P2014,C2014,Vihaan Reddy,Hyderabad,Female,37,Auto,04-01-2023,04-01-2024,960.04,64787.87,CL2014,,0,Rejected
P2015,C2015,Aditya Verma,Chandigarh,Male,36,Health,08-10-2023,07-10-2024,1481.84,42415.43,CL2015,16-07-2024,6424.17,Settled
P2016,C2016,Meera Kulkarni,Bengaluru,Male,40,Health,08-04-2025,08-04-2026,591.74,94994.17,CL2016,30-08-2025,5768.28,Pending
P2017,C2017,Arjun Nair,Pune,Male,38,Health,27-05-2025,27-05-2026,1011.56,97499.29,CL2017,06-11-2025,9417.57,Settled
P2018,C2018,Pooja Sharma,Bengaluru,Female,67,Health,03-01-2023,03-01-2024,1166.08,46061.55,CL2018,19-02-2023,6995.8,Pending
P2019,C2019,Sneha Iyer,Chennai,Male,64,Auto,18-05-2023,17-05-2024,464.04,26620.33,CL2019,29-04-2024,7833.78,Rejected
P2020,C2020,Ishita Singh,Ahmedabad,Male,35,Auto,24-04-2023,23-04-2024,440.28,65937.89,CL2020,03-02-2024,6909.18,Settled
P2021,C2021,Meera Kulkarni,Jaipur,Male,71,Auto,19-09-2025,19-09-2026,1261.06,30322.19,CL2021,,0,Rejected
P2022,C2022,Sai Kumar,Ahmedabad,Female,30,Health,26-04-2023,25-04-2024,698.17,30956.13,CL2022,19-04-2024,6023.61,Settled
P2023,C2023,Vihaan Reddy,Ahmedabad,Male,28,Health,04-05-2025,04-05-2026,767.65,90963.84,CL2023,27-08-2025,3706.96,Settled
P2024,C2024,Meera Kulkarni,Jaipur,Male,66,Health,23-08-2025,23-08-2026,663.44,50720.92,CL2024,22-06-2026,5303.02,Rejected
P2025,C2025,Rohan Desai,Chandigarh,Male,44,Health,17-12-2024,17-12-2025,1280.48,49136.51,CL2025,07-02-2025,3817.13,Rejected
P2026,C2026,Sai Kumar,Ahmedabad,Male,42,Auto,02-02-2025,02-02-2026,1029.77,39991.91,CL2026,,0,Rejected
P2027,C2027,Kavya Reddy,Ahmedabad,Male,47,Auto,16-08-2023,15-08-2024,950.3,28109.68,CL2027,20-01-2024,2974.86,Pending
P2028,C2028,Pooja Sharma,Pune,Female,27,Travel,30-08-2024,30-08-2025,1328.24,69822.61,CL2028,07-01-2025,3489,Settled
P2029,C2029,Ananya Gupta,Jaipur,Female,53,Travel,08-02-2024,07-02-2025,562.6,90454.57,CL2029,04-03-2024,2257.97,Pending
P2030,C2030,Kavya Reddy,Delhi,Female,35,Auto,05-12-2024,05-12-2025,306.68,65347.58,CL2030,29-12-2024,8681.72,Settled
P2031,C2031,Priya Nair,Indore,Male,46,Travel,14-02-2023,14-02-2024,444.78,49119.62,CL2031,,0,Rejected
P2032,C2032,Pooja Sharma,Ahmedabad,Male,59,Health,02-04-2024,02-04-2025,869.72,60041.77,CL2032,18-12-2024,6242.72,Settled
P2033,C2033,Ishita Singh,Jaipur,Male,39,Auto,19-08-2025,19-08-2026,1357.65,97890.36,CL2033,07-02-2026,5692.96,Pending
P2034,C2034,Aarav Sharma,Delhi,Female,23,Health,22-06-2025,22-06-2026,680.81,22962.64,CL2034,04-11-2025,2378.8,Pending
P2035,C2035,Sneha Iyer,Delhi,Male,58,Health,11-05-2023,10-05-2024,1234.59,64139.47,CL2035,17-09-2023,6453.37,Rejected
P2036,C2036,Aditya Verma,Ahmedabad,Female,65,Health,20-09-2024,20-09-2025,453.94,31383.25,CL2036,08-05-2025,4684.73,Settled
P2037,C2037,Aarav Sharma,Delhi,Male,53,Health,14-03-2023,13-03-2024,1301.5,38362.32,CL2037,27-06-2023,8861.55,Rejected
P2038,C2038,Vivaan Patel,Delhi,Male,51,Health,18-03-2025,18-03-2026,575.75,27915.67,CL2038,18-12-2025,6316.64,Rejected
P2039,C2039,Rohan Desai,Lucknow,Male,51,Health,22-02-2023,22-02-2024,1061.81,28370.33,CL2039,12-05-2023,7017.37,Settled
P2040,C2040,Sneha Iyer,Hyderabad,Male,23,Auto,15-08-2023,14-08-2024,791.47,97165.5,CL2040,26-07-2024,9912.23,Pending
P2041,C2041,Aditya Verma,Indore,Female,70,Travel,21-04-2023,20-04-2024,1441.88,87236.31,CL2041,30-07-2023,7783.88,Rejected
P2042,C2042,Ananya Gupta,Hyderabad,Male,56,Health,22-02-2025,22-02-2026,1280.47,26690.17,CL2042,19-08-2025,5909.17,Settled
P2043,C2043,Sai Kumar,Chennai,Male,28,Auto,24-01-2023,24-01-2024,750.21,27838.12,CL2043,24-11-2023,1519.73,Pending
P2044,C2044,Meera Kulkarni,Ahmedabad,Female,50,Auto,30-12-2023,29-12-2024,811.73,62628.53,CL2044,17-08-2024,7133.76,Settled
P2045,C2045,Sneha Iyer,Chandigarh,Female,69,Travel,07-01-2024,06-01-2025,943.81,36902.19,CL2045,,0,Rejected
P2046,C2046,Kunal Mehta,Chennai,Male,33,Auto,05-08-2023,04-08-2024,552.21,74336.95,CL2046,10-02-2024,9058.64,Rejected
P2047,C2047,Vihaan Reddy,Pune,Female,26,Auto,23-08-2024,23-08-2025,1041.78,85237.78,CL2047,28-08-2024,6635.16,Settled
P2048,C2048,Vihaan Reddy,Chandigarh,Female,54,Travel,01-09-2025,01-09-2026,1436.03,43089.58,CL2048,,0,Rejected
P2049,C2049,Sai Kumar,Chandigarh,Male,45,Travel,09-06-2024,09-06-2025,1310.86,32802.36,CL2049,,0,Rejected
P2050,C2050,Pooja Sharma,Mumbai,Male,58,Health,19-03-2023,18-03-2024,818.19,54348.27,CL2050,11-12-2023,5020.5,Settled
P2051,C2051,Sai Kumar,Hyderabad,Male,29,Health,21-10-2023,20-10-2024,785.46,92869.53,CL2051,24-05-2024,4667.22,Settled
P2052,C2052,Kunal Mehta,Delhi,Female,52,Health,17-02-2024,16-02-2025,626.37,84464.42,CL2052,,0,Rejected
P2053,C2053,Rohan Desai,Bengaluru,Female,33,Travel,28-11-2025,28-11-2026,1009.9,50676.95,CL2053,,0,Rejected
P2054,C2054,Rohan Desai,Jaipur,Female,49,Travel,10-11-2024,10-11-2025,911.61,44891.41,CL2054,30-09-2025,4646.37,Rejected
P2055,C2055,Rohan Desai,Indore,Male,61,Travel,05-09-2025,05-09-2026,661.24,48021.42,CL2055,05-06-2026,2712.22,Pending
P2056,C2056,Vihaan Reddy,Chennai,Male,24,Health,26-01-2025,26-01-2026,1074.79,85956.38,CL2056,,0,Rejected
P2057,C2057,Ananya Gupta,Delhi,Male,63,Travel,10-02-2023,10-02-2024,1001.07,79116.06,CL2057,,0,Rejected
P2058,C2058,Kunal Mehta,Bengaluru,Male,60,Auto,21-04-2025,21-04-2026,1318.54,87802.22,CL2058,05-06-2025,1501.32,Pending
P2059,C2059,Aditya Verma,Mumbai,Female,57,Auto,05-10-2024,05-10-2025,1382.97,85582.86,CL2059,08-01-2025,6554.77,Settled
P2060,C2060,Sneha Iyer,Chandigarh,Male,65,Health,04-09-2025,04-09-2026,940.89,30026.19,CL2060,15-09-2025,5029.8,Pending
P2061,C2061,Aarav Sharma,Lucknow,Female,28,Travel,10-04-2025,10-04-2026,647.07,87989.97,CL2061,25-03-2026,8272.81,Rejected
P2062,C2062,Sai Kumar,Mumbai,Female,25,Health,02-11-2023,01-11-2024,941.94,45052.33,CL2062,08-08-2024,1074.11,Rejected
P2063,C2063,Kavya Reddy,Lucknow,Male,56,Health,28-10-2024,28-10-2025,1158.42,87374.32,CL2063,05-01-2025,7253.88,Settled
P2064,C2064,Sneha Iyer,Indore,Male,24,Auto,20-04-2024,20-04-2025,1421.92,79298.03,CL2064,26-12-2024,6353.87,Pending
P2065,C2065,Arjun Nair,Bengaluru,Female,25,Travel,09-08-2025,09-08-2026,622.75,43255.98,CL2065,25-11-2025,6959.76,Pending
P2066,C2066,Vihaan Reddy,Chennai,Female,43,Auto,03-06-2025,03-06-2026,1451.44,30070.35,CL2066,30-09-2025,4348.14,Settled
P2067,C2067,Ananya Gupta,Lucknow,Female,75,Auto,13-05-2023,12-05-2024,271.13,51099,CL2067,,0,Rejected
P2068,C2068,Kavya Reddy,Hyderabad,Female,72,Travel,11-02-2023,11-02-2024,438.07,90200.33,CL2068,,0,Rejected
P2069,C2069,Arjun Nair,Hyderabad,Female,69,Auto,09-03-2024,09-03-2025,606.51,67090.11,CL2069,10-12-2024,8749.79,Rejected
P2070,C2070,Sai Kumar,Hyderabad,Female,54,Travel,25-08-2023,24-08-2024,295.49,98104.7,CL2070,17-06-2024,5966.08,Settled
P2071,C2071,Vihaan Reddy,Hyderabad,Male,62,Health,09-03-2023,08-03-2024,1034.25,82598.39,CL2071,07-01-2024,1397.29,Rejected
P2072,C2072,Arjun Nair,Chandigarh,Male,45,Auto,19-07-2024,19-07-2025,642.13,51873.03,CL2072,,0,Rejected
P2073,C2073,Kunal Mehta,Jaipur,Female,43,Travel,06-09-2025,06-09-2026,1187.82,76541.51,CL2073,06-08-2026,3504.36,Pending
P2074,C2074,Priya Nair,Indore,Male,61,Travel,30-09-2024,30-09-2025,1226.31,72982.82,CL2074,25-03-2025,6570.01,Settled
P2075,C2075,Sai Kumar,Ahmedabad,Female,29,Auto,11-05-2023,10-05-2024,1360.61,44782.64,CL2075,,0,Rejected
P2076,C2076,Kavya Reddy,Chandigarh,Female,55,Health,01-05-2024,01-05-2025,1039.04,25159.08,CL2076,,0,Rejected
P2077,C2077,Vivaan Patel,Delhi,Male,40,Travel,09-09-2025,09-09-2026,869.27,89008.02,CL2077,05-08-2026,1576.83,Rejected
P2078,C2078,Vihaan Reddy,Chennai,Male,60,Auto,28-05-2024,28-05-2025,439.75,30441.57,CL2078,,0,Rejected
P2079,C2079,Meera Kulkarni,Jaipur,Male,66,Auto,03-05-2024,03-05-2025,956,79521.7,CL2079,07-03-2025,4862.04,Rejected
P2080,C2080,Aarav Sharma,Chennai,Male,45,Travel,30-12-2024,30-12-2025,1043.47,24263.44,CL2080,24-06-2025,5872.38,Settled
P2081,C2081,Vivaan Patel,Kolkata,Male,39,Health,16-04-2023,15-04-2024,509.22,58281.32,CL2081,24-02-2024,9984.44,Rejected
P2082,C2082,Kunal Mehta,Mumbai,Male,60,Travel,12-09-2025,12-09-2026,1193.08,87583.43,CL2082,26-06-2026,1326.08,Rejected
P2083,C2083,Arjun Nair,Jaipur,Male,72,Auto,13-09-2024,13-09-2025,1193.21,31710.96,CL2083,13-09-2025,7820.51,Rejected
P2084,C2084,Priya Nair,Delhi,Male,57,Travel,13-11-2024,13-11-2025,635.24,26082.04,CL2084,04-10-2025,2236.66,Pending
P2085,C2085,Rohan Desai,Mumbai,Female,24,Health,12-08-2023,11-08-2024,1020.74,34265.87,CL2085,16-12-2023,3499.81,Settled
P2086,C2086,Kunal Mehta,Ahmedabad,Female,58,Health,29-11-2025,29-11-2026,1040.45,67675.29,CL2086,28-02-2026,3429.18,Settled
P2087,C2087,Sneha Iyer,Lucknow,Female,50,Health,01-12-2024,01-12-2025,811.08,28896.33,CL2087,13-06-2025,6286.22,Settled
P2088,C2088,Neha Joshi,Jaipur,Male,72,Health,16-05-2025,16-05-2026,437,72501.53,CL2088,28-08-2025,3043.35,Pending
P2089,C2089,Aarav Sharma,Hyderabad,Male,46,Auto,12-11-2025,12-11-2026,1017.38,21908.77,CL2089,,0,Rejected
P2090,C2090,Arjun Nair,Bengaluru,Female,59,Travel,28-03-2025,28-03-2026,1146.73,88037.27,CL2090,12-08-2025,9752.22,Rejected
P2091,C2091,Meera Kulkarni,Bengaluru,Male,23,Auto,27-04-2024,27-04-2025,1159.3,34516.63,CL2091,22-05-2024,5226.71,Pending
P2092,C2092,Vivaan Patel,Kolkata,Female,38,Auto,02-04-2025,02-04-2026,711.43,60381.91,CL2092,,0,Rejected
P2093,C2093,Sneha Iyer,Hyderabad,Female,59,Travel,17-10-2025,17-10-2026,1110.88,96841.74,CL2093,25-12-2025,4651.16,Rejected
P2094,C2094,Vihaan Reddy,Mumbai,Female,52,Health,13-03-2023,12-03-2024,1055.27,96444.01,CL2094,,0,Rejected
P2095,C2095,Aarav Sharma,Hyderabad,Male,30,Health,08-09-2024,08-09-2025,622.55,52341.76,CL2095,,0,Rejected
P2096,C2096,Aditya Verma,Jaipur,Male,68,Health,15-08-2025,15-08-2026,273.23,63651.85,CL2096,05-11-2025,7965.65,Pending
P2097,C2097,Sneha Iyer,Ahmedabad,Male,31,Travel,04-04-2025,04-04-2026,1023.81,58250.56,CL2097,,0,Rejected
P2098,C2098,Priya Nair,Pune,Male,75,Auto,27-09-2024,27-09-2025,849.55,26929.23,CL2098,05-03-2025,3891.66,Settled
P2099,C2099,Vivaan Patel,Kolkata,Female,50,Auto,10-10-2023,09-10-2024,1029.62,98360.49,CL2099,,0,Rejected
P2100,C2100,Neha Joshi,Chandigarh,Female,69,Auto,08-04-2023,07-04-2024,1254.1,53395.24,CL2100,,0,Rejected
P2101,C2101,Kavya Reddy,Bengaluru,Female,63,Auto,02-02-2025,02-02-2026,251.36,20726.88,CL2101,12-11-2025,3873.34,Pending
P2102,C2102,Meera Kulkarni,Bengaluru,Male,31,Health,23-03-2023,22-03-2024,1214.73,48473.25,CL2102,,0,Rejected
P2103,C2103,Aditya Verma,Delhi,Male,36,Auto,30-10-2023,29-10-2024,382.17,38964.42,CL2103,14-06-2024,2778.68,Settled
P2104,C2104,Ishita Singh,Jaipur,Female,69,Health,27-03-2023,26-03-2024,1122.24,20072.56,CL2104,,0,Rejected
P2105,C2105,Pooja Sharma,Jaipur,Female,49,Auto,10-06-2025,10-06-2026,400.68,88426.15,CL2105,19-01-2026,1651.77,Rejected
P2106,C2106,Vivaan Patel,Chandigarh,Female,41,Travel,22-09-2023,21-09-2024,805.21,85010.19,CL2106,,0,Rejected
P2107,C2107,Aditya Verma,Jaipur,Female,26,Health,16-11-2023,15-11-2024,1226.86,30016.05,CL2107,14-07-2024,4623.05,Pending
P2108,C2108,Kunal Mehta,Chandigarh,Female,74,Health,27-01-2023,27-01-2024,328.05,20260.5,CL2108,31-03-2023,2301.97,Settled
P2109,C2109,Ishita Singh,Chandigarh,Male,22,Auto,16-12-2024,16-12-2025,356.71,78808.27,CL2109,07-08-2025,1745.95,Pending
P2110,C2110,Pooja Sharma,Hyderabad,Female,73,Travel,12-01-2024,11-01-2025,1495.54,93057.12,CL2110,,0,Rejected
P2111,C2111,Ishita Singh,Bengaluru,Female,42,Travel,13-11-2025,13-11-2026,1283.65,81758.59,CL2111,30-08-2026,1987.91,Rejected
P2112,C2112,Rohan Desai,Chandigarh,Male,73,Health,10-11-2024,10-11-2025,1345.94,89703.46,CL2112,17-02-2025,5464.48,Rejected
P2113,C2113,Vivaan Patel,Indore,Male,32,Health,16-08-2024,16-08-2025,351.25,83774.67,CL2113,,0,Rejected
P2114,C2114,Meera Kulkarni,Chandigarh,Male,28,Travel,27-10-2023,26-10-2024,1403.72,38364.61,CL2114,19-12-2023,6007.47,Rejected
P2115,C2115,Ananya Gupta,Hyderabad,Male,63,Auto,11-06-2023,10-06-2024,1061.8,56420.46,CL2115,,0,Rejected
P2116,C2116,Aarav Sharma,Jaipur,Male,26,Auto,09-10-2023,08-10-2024,596.86,26495.62,CL2116,23-09-2024,6032.5,Settled
P2117,C2117,Vihaan Reddy,Ahmedabad,Female,23,Health,15-06-2025,15-06-2026,849.59,52351.57,CL2117,07-01-2026,3491.4,Settled
P2118,C2118,Rohan Desai,Chennai,Male,21,Auto,31-07-2025,31-07-2026,1037.83,68378.72,CL2118,,0,Rejected
P2119,C2119,Rohan Desai,Lucknow,Male,26,Auto,06-09-2025,06-09-2026,1065.41,86993.28,CL2119,15-08-2026,7415.59,Settled
P2120,C2120,Aditya Verma,Ahmedabad,Male,28,Health,28-10-2023,27-10-2024,1130.51,53407.02,CL2120,01-07-2024,8929.46,Pending
P2121,C2121,Ishita Singh,Lucknow,Male,29,Health,06-05-2024,06-05-2025,821.14,23790.77,CL2121,,0,Rejected
P2122,C2122,Aditya Verma,Chennai,Male,65,Health,01-06-2024,01-06-2025,655.12,49463.89,CL2122,26-02-2025,5637.27,Settled
P2123,C2123,Meera Kulkarni,Indore,Male,33,Health,25-07-2023,24-07-2024,916.19,82338.33,CL2123,08-12-2023,8369.07,Settled
P2124,C2124,Pooja Sharma,Pune,Female,70,Travel,01-03-2025,01-03-2026,383.76,44181.06,CL2124,06-12-2025,8751.32,Settled
P2125,C2125,Ishita Singh,Kolkata,Female,21,Travel,12-04-2024,12-04-2025,745.74,34318.16,CL2125,27-05-2024,1455.85,Rejected
P2126,C2126,Arjun Nair,Kolkata,Female,44,Auto,05-03-2023,04-03-2024,695.15,86129.99,CL2126,,0,Rejected
P2127,C2127,Rohan Desai,Lucknow,Male,52,Travel,04-02-2025,04-02-2026,615.92,43136.27,CL2127,17-06-2025,3599.34,Settled
P2128,C2128,Rohan Desai,Jaipur,Male,44,Health,14-07-2023,13-07-2024,1250.08,52683.34,CL2128,,0,Rejected
P2129,C2129,Neha Joshi,Chennai,Female,52,Health,27-09-2024,27-09-2025,725.78,54249.06,CL2129,28-02-2025,8158.18,Rejected
P2130,C2130,Rohan Desai,Hyderabad,Female,34,Health,24-08-2025,24-08-2026,260.69,28344.99,CL2130,,0,Rejected
P2131,C2131,Meera Kulkarni,Hyderabad,Male,66,Auto,22-05-2025,22-05-2026,1311.63,92648.65,CL2131,28-11-2025,3685.68,Rejected
P2132,C2132,Vihaan Reddy,Chennai,Female,48,Travel,10-02-2023,10-02-2024,1307.31,43939.07,CL2132,,0,Rejected
P2133,C2133,Aditya Verma,Chandigarh,Female,37,Health,10-05-2025,10-05-2026,448.63,49892.02,CL2133,,0,Rejected
P2134,C2134,Arjun Nair,Hyderabad,Female,69,Health,26-12-2023,25-12-2024,619.04,75483.67,CL2134,,0,Rejected
P2135,C2135,Ishita Singh,Jaipur,Female,22,Health,18-11-2023,17-11-2024,531.1,28107,CL2135,,0,Rejected
P2136,C2136,Ishita Singh,Lucknow,Female,42,Travel,31-05-2023,30-05-2024,1068.69,73448.8,CL2136,15-04-2024,2723.03,Pending
P2137,C2137,Meera Kulkarni,Pune,Male,75,Auto,27-11-2023,26-11-2024,756.53,60200.2,CL2137,,0,Rejected
P2138,C2138,Sai Kumar,Jaipur,Female,24,Health,10-08-2024,10-08-2025,1047.71,98646.11,CL2138,13-10-2024,2238.12,Rejected
P2139,C2139,Sai Kumar,Mumbai,Female,73,Travel,09-11-2025,09-11-2026,1098.31,35195.91,CL2139,31-07-2026,1578.05,Rejected
P2140,C2140,Vihaan Reddy,Pune,Female,39,Health,25-10-2025,25-10-2026,1277.66,76330.96,CL2140,24-03-2026,8782.22,Settled
P2141,C2141,Priya Nair,Hyderabad,Female,69,Travel,08-08-2024,08-08-2025,866.95,37422.96,CL2141,,0,Rejected
P2142,C2142,Ishita Singh,Chennai,Male,49,Health,02-10-2025,02-10-2026,267.62,36150.03,CL2142,17-09-2026,2681.52,Settled
P2143,C2143,Kunal Mehta,Delhi,Female,32,Travel,22-02-2025,22-02-2026,790.57,65325.65,CL2143,22-07-2025,8043.06,Pending
P2144,C2144,Neha Joshi,Bengaluru,Female,68,Travel,21-11-2023,20-11-2024,1030.16,74197.99,CL2144,22-06-2024,9424.13,Pending
P2145,C2145,Sai Kumar,Ahmedabad,Female,46,Auto,18-10-2024,18-10-2025,1052.1,39738.8,CL2145,,0,Rejected
P2146,C2146,Ananya Gupta,Chandigarh,Male,72,Health,27-03-2025,27-03-2026,1039.26,56169.65,CL2146,21-12-2025,8667.07,Settled
P2147,C2147,Ishita Singh,Lucknow,Male,28,Travel,26-12-2023,25-12-2024,285.93,31625.01,CL2147,06-01-2024,7108.96,Settled
P2148,C2148,Aarav Sharma,Hyderabad,Male,31,Health,12-08-2023,11-08-2024,285,86183.08,CL2148,09-12-2023,3562.9,Settled
P2149,C2149,Sai Kumar,Hyderabad,Female,56,Travel,04-01-2024,03-01-2025,757.94,63021.57,CL2149,,0,Rejected
P2150,C2150,Ananya Gupta,Delhi,Female,46,Auto,25-04-2025,25-04-2026,659.8,36210.22,CL2150,,0,Rejected
P2151,C2151,Sai Kumar,Indore,Female,47,Health,16-07-2025,16-07-2026,1383.71,70186.44,CL2151,13-05-2026,7059.17,Pending
P2152,C2152,Ananya Gupta,Pune,Male,33,Travel,03-04-2023,02-04-2024,851.83,24845,CL2152,27-01-2024,4848.65,Settled
P2153,C2153,Vihaan Reddy,Bengaluru,Female,37,Health,11-11-2023,10-11-2024,558.93,88643.44,CL2153,10-03-2024,7205.19,Settled
P2154,C2154,Meera Kulkarni,Mumbai,Male,55,Travel,01-01-2024,31-12-2024,1442.35,33305.79,CL2154,,0,Rejected
P2155,C2155,Neha Joshi,Hyderabad,Male,38,Health,14-05-2024,14-05-2025,482.6,98610.09,CL2155,20-08-2024,6023.82,Settled
P2156,C2156,Neha Joshi,Pune,Male,54,Health,05-07-2024,05-07-2025,273.91,41172.61,CL2156,21-12-2024,2975.47,Settled
P2157,C2157,Rohan Desai,Delhi,Male,50,Travel,16-06-2023,15-06-2024,872.51,27451.51,CL2157,21-07-2023,3263.78,Pending
P2158,C2158,Vivaan Patel,Bengaluru,Female,60,Auto,11-04-2025,11-04-2026,1161.6,67646.82,CL2158,06-03-2026,5778.55,Pending
P2159,C2159,Meera Kulkarni,Mumbai,Male,26,Auto,22-02-2023,22-02-2024,379.97,24481.61,CL2159,19-12-2023,3850.67,Rejected
P2160,C2160,Neha Joshi,Jaipur,Female,34,Auto,02-04-2023,01-04-2024,300.34,72221.21,CL2160,14-03-2024,7111.78,Rejected
P2161,C2161,Sneha Iyer,Mumbai,Female,65,Health,22-02-2024,21-02-2025,1256.8,52719.87,CL2161,08-07-2024,6183.6,Rejected
P2162,C2162,Aditya Verma,Ahmedabad,Male,23,Travel,21-10-2025,21-10-2026,631.46,32684.08,CL2162,08-10-2026,2014.83,Pending
P2163,C2163,Ananya Gupta,Ahmedabad,Male,71,Auto,20-02-2024,19-02-2025,1000.35,92442.03,CL2163,16-06-2024,1027.79,Pending
P2164,C2164,Ishita Singh,Kolkata,Female,50,Travel,25-04-2025,25-04-2026,377.76,67281.6,CL2164,23-09-2025,5113.72,Pending
P2165,C2165,Priya Nair,Delhi,Female,53,Auto,09-12-2023,08-12-2024,1362.51,94700,CL2165,05-02-2024,8885.34,Settled
P2166,C2166,Rohan Desai,Indore,Female,65,Health,03-11-2024,03-11-2025,913.73,44174.92,CL2166,30-06-2025,6306.68,Rejected
P2167,C2167,Rohan Desai,Pune,Female,46,Health,29-01-2025,29-01-2026,1212.81,39461,CL2167,,0,Rejected
P2168,C2168,Sneha Iyer,Chandigarh,Male,72,Travel,24-01-2025,24-01-2026,733.92,87588.05,CL2168,07-09-2025,9179.89,Settled
P2169,C2169,Ananya Gupta,Jaipur,Male,62,Auto,15-09-2023,14-09-2024,251.65,97351.34,CL2169,27-02-2024,7890.17,Settled
P2170,C2170,Vihaan Reddy,Kolkata,Female,41,Auto,10-11-2024,10-11-2025,1169.31,99763.37,CL2170,22-01-2025,2641.5,Settled
P2171,C2171,Aditya Verma,Delhi,Female,39,Travel,30-01-2025,30-01-2026,498.93,80502.15,CL2171,22-11-2025,9058.46,Settled
P2172,C2172,Neha Joshi,Lucknow,Male,52,Travel,08-01-2023,08-01-2024,1118.37,61698.93,CL2172,08-04-2023,6684.27,Pending
P2173,C2173,Sai Kumar,Bengaluru,Male,32,Travel,17-02-2023,17-02-2024,806.12,61590.79,CL2173,08-04-2023,7335.9,Pending
P2174,C2174,Rohan Desai,Pune,Male,74,Auto,25-02-2023,25-02-2024,944.64,48426.18,CL2174,02-07-2023,7102.93,Rejected
P2175,C2175,Neha Joshi,Pune,Male,43,Health,28-08-2024,28-08-2025,532.35,34996.13,CL2175,23-11-2024,4124.62,Rejected
P2176,C2176,Aarav Sharma,Indore,Male,35,Auto,28-03-2023,27-03-2024,445.21,70324.56,CL2176,,0,Rejected
P2177,C2177,Neha Joshi,Bengaluru,Female,36,Health,10-04-2025,10-04-2026,1436.13,90892.08,CL2177,27-04-2025,6134.19,Settled
P2178,C2178,Ishita Singh,Kolkata,Female,70,Auto,23-12-2023,22-12-2024,1489.44,99791.16,CL2178,12-07-2024,9447.79,Pending
P2179,C2179,Meera Kulkarni,Kolkata,Female,67,Health,07-07-2023,06-07-2024,1179.98,47321.54,CL2179,16-12-2023,5038.18,Rejected
P2180,C2180,Ishita Singh,Delhi,Male,31,Travel,31-07-2025,31-07-2026,1144.64,41847.21,CL2180,,0,Rejected
P2181,C2181,Aditya Verma,Delhi,Female,31,Auto,17-04-2025,17-04-2026,1053.53,32766.66,CL2181,09-02-2026,3396.33,Pending
P2182,C2182,Kavya Reddy,Pune,Female,34,Auto,20-08-2023,19-08-2024,339.05,24774.08,CL2182,15-02-2024,9538.81,Pending
P2183,C2183,Pooja Sharma,Delhi,Female,26,Travel,04-06-2024,04-06-2025,440.91,94834.08,CL2183,11-05-2025,4178.91,Settled
P2184,C2184,Rohan Desai,Pune,Female,70,Travel,24-08-2024,24-08-2025,1401.15,81064.04,CL2184,01-01-2025,4420.86,Rejected
P2185,C2185,Ananya Gupta,Lucknow,Male,37,Health,27-05-2023,26-05-2024,1397.41,72495.33,CL2185,30-07-2023,8296.22,Rejected
P2186,C2186,Sneha Iyer,Ahmedabad,Female,24,Health,25-12-2025,25-12-2026,1256.26,49573.77,CL2186,05-12-2026,1819.98,Settled
P2187,C2187,Vivaan Patel,Delhi,Male,55,Health,11-04-2024,11-04-2025,279.79,61586.06,CL2187,,0,Rejected
P2188,C2188,Pooja Sharma,Chennai,Female,40,Health,06-07-2025,06-07-2026,960.35,96436.9,CL2188,07-10-2025,9442.29,Rejected
P2189,C2189,Neha Joshi,Pune,Male,37,Auto,01-06-2023,31-05-2024,1481.05,65158.28,CL2189,17-11-2023,1984.97,Rejected
P2190,C2190,Aditya Verma,Ahmedabad,Male,22,Auto,08-10-2024,08-10-2025,792.86,27346.04,CL2190,,0,Rejected
P2191,C2191,Pooja Sharma,Kolkata,Female,55,Travel,22-05-2025,22-05-2026,984.81,75956.38,CL2191,21-08-2025,3462.08,Settled
P2192,C2192,Aditya Verma,Lucknow,Male,71,Health,03-07-2023,02-07-2024,1397.97,62903.16,CL2192,,0,Rejected
P2193,C2193,Pooja Sharma,Lucknow,Female,40,Health,04-09-2024,04-09-2025,1054.26,47028.45,CL2193,23-12-2024,7250.23,Rejected
P2194,C2194,Arjun Nair,Delhi,Male,37,Auto,07-09-2025,07-09-2026,541.14,66239.37,CL2194,,0,Rejected
P2195,C2195,Sai Kumar,Delhi,Female,26,Travel,09-01-2024,08-01-2025,801.29,82659.33,CL2195,22-06-2024,1516.2,Rejected
P2196,C2196,Aarav Sharma,Chandigarh,Female,54,Health,26-07-2024,26-07-2025,1346.19,91848.42,CL2196,11-11-2024,4003.84,Pending
P2197,C2197,Pooja Sharma,Bengaluru,Male,54,Auto,23-02-2023,23-02-2024,807.31,91702.13,CL2197,,0,Rejected
P2198,C2198,Meera Kulkarni,Lucknow,Female,56,Travel,02-01-2024,01-01-2025,1432.15,87616.74,CL2198,,0,Rejected
P2199,C2199,Sai Kumar,Ahmedabad,Female,73,Auto,27-03-2024,27-03-2025,327.93,60995.59,CL2199,,0,Rejected
P2200,C2200,Meera Kulkarni,Bengaluru,Male,42,Auto,27-10-2023,26-10-2024,917.29,23259.71,CL2200,07-11-2023,6142.31,Pending
P2201,C2201,Priya Nair,Indore,Male,38,Health,13-04-2024,13-04-2025,292.5,41977.05,CL2201,10-10-2024,3315.78,Rejected
P2202,C2202,Priya Nair,Ahmedabad,Male,67,Travel,29-10-2023,28-10-2024,1143.83,53238.08,CL2202,20-02-2024,6776.78,Settled
P2203,C2203,Ananya Gupta,Ahmedabad,Female,34,Auto,18-05-2024,18-05-2025,929.26,92036.26,CL2203,,0,Rejected
P2204,C2204,Vihaan Reddy,Delhi,Female,52,Health,01-11-2025,01-11-2026,1168.64,48791.16,CL2204,23-12-2025,6036.52,Pending
P2205,C2205,Sai Kumar,Lucknow,Female,51,Travel,16-02-2023,16-02-2024,1364.38,57939.55,CL2205,,0,Rejected
P2206,C2206,Vihaan Reddy,Lucknow,Female,33,Travel,18-12-2024,18-12-2025,896.34,29075.14,CL2206,22-02-2025,1859.13,Rejected
P2207,C2207,Priya Nair,Jaipur,Female,29,Travel,17-03-2023,16-03-2024,341.53,35755,CL2207,26-05-2023,1036.39,Settled
P2208,C2208,Ishita Singh,Jaipur,Female,33,Auto,28-10-2025,28-10-2026,442.54,94923.88,CL2208,17-09-2026,2597.91,Settled
P2209,C2209,Ananya Gupta,Indore,Female,65,Auto,15-06-2024,15-06-2025,514.05,22031.74,CL2209,07-01-2025,1040.86,Pending
P2210,C2210,Kunal Mehta,Delhi,Male,57,Travel,20-01-2025,20-01-2026,1252.51,52760.43,CL2210,21-06-2025,5717.99,Rejected
P2211,C2211,Kavya Reddy,Indore,Male,72,Travel,12-03-2023,11-03-2024,780.21,48923.03,CL2211,13-01-2024,3979.04,Pending
P2212,C2212,Aditya Verma,Pune,Male,27,Health,06-11-2024,06-11-2025,720.55,41050.04,CL2212,,0,Rejected
P2213,C2213,Aarav Sharma,Ahmedabad,Female,24,Travel,25-12-2024,25-12-2025,1395.19,47555.29,CL2213,26-03-2025,5542.82,Pending
P2214,C2214,Vihaan Reddy,Hyderabad,Male,26,Auto,24-05-2025,24-05-2026,1013.24,91456.32,CL2214,18-12-2025,7791.45,Rejected
P2215,C2215,Rohan Desai,Mumbai,Male,26,Auto,26-07-2023,25-07-2024,503.8,31785.18,CL2215,18-09-2023,1521.5,Settled
P2216,C2216,Priya Nair,Hyderabad,Female,45,Health,27-01-2024,26-01-2025,326.51,76750.28,CL2216,22-10-2024,3230.31,Settled
P2217,C2217,Ishita Singh,Lucknow,Male,56,Auto,02-10-2023,01-10-2024,936.85,93253.88,CL2217,19-05-2024,4661.28,Settled
P2218,C2218,Vihaan Reddy,Kolkata,Female,35,Health,03-01-2025,03-01-2026,284.57,51629.35,CL2218,,0,Rejected
P2219,C2219,Aditya Verma,Ahmedabad,Female,31,Auto,03-07-2023,02-07-2024,939.34,94867.85,CL2219,,0,Rejected
P2220,C2220,Meera Kulkarni,Ahmedabad,Female,51,Travel,05-03-2024,05-03-2025,703.49,57807.3,CL2220,26-12-2024,3839.9,Rejected
P2221,C2221,Priya Nair,Delhi,Male,46,Auto,18-12-2023,17-12-2024,1187.08,27356.13,CL2221,17-01-2024,4290.23,Rejected
P2222,C2222,Meera Kulkarni,Kolkata,Male,32,Health,06-07-2023,05-07-2024,1369.95,62954.24,CL2222,11-02-2024,3476.14,Pending
P2223,C2223,Aditya Verma,Chandigarh,Male,24,Auto,25-05-2024,25-05-2025,1297.69,82366.79,CL2223,28-10-2024,7789.13,Pending
P2224,C2224,Kunal Mehta,Delhi,Female,21,Auto,01-06-2024,01-06-2025,789.02,57273.75,CL2224,17-10-2024,3480.53,Rejected
P2225,C2225,Priya Nair,Lucknow,Male,30,Travel,25-06-2023,24-06-2024,688.1,61596.13,CL2225,12-04-2024,7187.13,Pending
P2226,C2226,Vihaan Reddy,Chandigarh,Female,48,Health,20-02-2024,19-02-2025,578.9,56533.65,CL2226,,0,Rejected
P2227,C2227,Pooja Sharma,Chandigarh,Female,67,Health,12-08-2025,12-08-2026,1335.64,62591.32,CL2227,05-06-2026,3680.87,Pending
P2228,C2228,Meera Kulkarni,Kolkata,Female,37,Auto,07-06-2025,07-06-2026,1284.28,23081.89,CL2228,12-11-2025,2859.14,Settled
P2229,C2229,Ananya Gupta,Kolkata,Male,55,Auto,11-05-2025,11-05-2026,421.37,46863.67,CL2229,08-07-2025,3993.02,Rejected
P2230,C2230,Rohan Desai,Chandigarh,Male,42,Auto,07-06-2023,06-06-2024,1065.86,75461.55,CL2230,,0,Rejected
P2231,C2231,Pooja Sharma,Kolkata,Female,56,Health,23-12-2024,23-12-2025,1048.35,79133.98,CL2231,30-07-2025,8562.13,Pending
P2232,C2232,Kunal Mehta,Pune,Male,75,Auto,30-08-2025,30-08-2026,1099.69,86305.65,CL2232,,0,Rejected
P2233,C2233,Sai Kumar,Chandigarh,Female,74,Auto,20-08-2023,19-08-2024,625.29,83919.68,CL2233,08-02-2024,2382.44,Pending
P2234,C2234,Vivaan Patel,Kolkata,Female,49,Health,08-05-2024,08-05-2025,837.52,99811.25,CL2234,02-01-2025,2910.97,Settled
P2235,C2235,Vihaan Reddy,Delhi,Female,31,Health,27-04-2025,27-04-2026,1189.08,51229.69,CL2235,10-10-2025,8568.41,Settled
P2236,C2236,Arjun Nair,Hyderabad,Male,27,Travel,16-11-2023,15-11-2024,343.19,84142.71,CL2236,,0,Rejected
P2237,C2237,Sai Kumar,Hyderabad,Female,35,Health,14-11-2024,14-11-2025,1354.79,31196.84,CL2237,12-03-2025,2828.34,Settled
P2238,C2238,Meera Kulkarni,Chennai,Male,41,Travel,29-06-2024,29-06-2025,739.41,63080.57,CL2238,17-04-2025,4994.57,Rejected
P2239,C2239,Arjun Nair,Jaipur,Female,70,Auto,27-11-2023,26-11-2024,604.48,62633.46,CL2239,22-09-2024,4865.18,Rejected
P2240,C2240,Ananya Gupta,Bengaluru,Female,50,Health,13-08-2023,12-08-2024,864.24,25581.92,CL2240,02-02-2024,6367,Settled
P2241,C2241,Sai Kumar,Pune,Female,42,Auto,22-11-2025,22-11-2026,1152.41,94282.59,CL2241,,0,Rejected
P2242,C2242,Aarav Sharma,Jaipur,Male,24,Auto,30-03-2024,30-03-2025,716.03,58672.73,CL2242,,0,Rejected
P2243,C2243,Pooja Sharma,Indore,Male,73,Travel,01-02-2024,31-01-2025,547.06,98323.58,CL2243,04-02-2024,4044.73,Rejected
P2244,C2244,Arjun Nair,Indore,Male,68,Health,16-09-2023,15-09-2024,1251.46,89203.36,CL2244,14-02-2024,1959.22,Rejected
P2245,C2245,Pooja Sharma,Bengaluru,Male,35,Travel,03-07-2025,03-07-2026,1322.19,31658.2,CL2245,25-08-2025,3350.99,Rejected
P2246,C2246,Arjun Nair,Mumbai,Male,50,Travel,12-01-2025,12-01-2026,496.83,77894.83,CL2246,13-06-2025,7062.51,Pending
P2247,C2247,Rohan Desai,Chandigarh,Female,44,Auto,07-01-2023,07-01-2024,290.54,98246.59,CL2247,02-12-2023,4705.95,Pending
P2248,C2248,Sai Kumar,Indore,Female,32,Travel,17-09-2025,17-09-2026,1408.32,41897.29,CL2248,20-12-2025,6957.86,Pending
P2249,C2249,Vihaan Reddy,Delhi,Male,27,Travel,05-01-2024,04-01-2025,915.35,97261.4,CL2249,,0,Rejected
P2250,C2250,Sai Kumar,Kolkata,Male,28,Travel,01-01-2023,01-01-2024,888.67,69291.23,CL2250,12-04-2023,5633.55,Settled
P2251,C2251,Sai Kumar,Mumbai,Male,41,Auto,23-08-2023,22-08-2024,405.31,98299.97,CL2251,,0,Rejected
P2252,C2252,Aditya Verma,Chandigarh,Female,24,Travel,13-02-2023,13-02-2024,1360.82,41835.46,CL2252,01-06-2023,3124.83,Settled
P2253,C2253,Ishita Singh,Kolkata,Male,32,Travel,14-07-2023,13-07-2024,422.91,65563.04,CL2253,,0,Rejected
P2254,C2254,Ananya Gupta,Bengaluru,Female,75,Travel,04-11-2025,04-11-2026,1207.81,32862.74,CL2254,24-08-2026,7582.03,Pending
P2255,C2255,Pooja Sharma,Mumbai,Female,36,Health,30-11-2024,30-11-2025,1315.54,79421.45,CL2255,,0,Rejected
P2256,C2256,Arjun Nair,Delhi,Male,33,Auto,03-11-2024,03-11-2025,1299.2,50004.93,CL2256,10-01-2025,7399.9,Pending
P2257,C2257,Meera Kulkarni,Delhi,Male,47,Health,01-05-2025,01-05-2026,263.1,81963.7,CL2257,16-02-2026,9115.88,Rejected
P2258,C2258,Priya Nair,Lucknow,Female,41,Health,23-07-2024,23-07-2025,1342.62,24248.54,CL2258,02-11-2024,1582.94,Rejected
P2259,C2259,Priya Nair,Lucknow,Female,43,Health,05-01-2025,05-01-2026,334.07,22897.16,CL2259,,0,Rejected
P2260,C2260,Meera Kulkarni,Hyderabad,Female,39,Auto,22-09-2024,22-09-2025,343.26,63526.65,CL2260,27-06-2025,6513.21,Rejected
P2261,C2261,Sai Kumar,Chandigarh,Female,27,Health,22-05-2024,22-05-2025,1308.7,24545.06,CL2261,26-02-2025,7644.74,Pending
P2262,C2262,Rohan Desai,Lucknow,Male,33,Travel,23-05-2024,23-05-2025,1017.11,47216.74,CL2262,01-05-2025,2279.93,Pending
P2263,C2263,Pooja Sharma,Jaipur,Male,69,Auto,20-08-2025,20-08-2026,964.82,34543.06,CL2263,08-08-2026,1380,Settled
P2264,C2264,Priya Nair,Kolkata,Male,44,Travel,13-10-2023,12-10-2024,1290.95,58318.62,CL2264,10-01-2024,1853.9,Pending
P2265,C2265,Ishita Singh,Kolkata,Female,60,Health,13-08-2024,13-08-2025,602.89,47519.53,CL2265,13-03-2025,6942.14,Rejected
P2266,C2266,Arjun Nair,Delhi,Female,55,Health,10-01-2025,10-01-2026,382.27,75945.47,CL2266,18-02-2025,8453.03,Pending
P2267,C2267,Meera Kulkarni,Ahmedabad,Male,43,Auto,11-02-2023,11-02-2024,727.26,47453.29,CL2267,22-11-2023,8524.08,Rejected
P2268,C2268,Ananya Gupta,Kolkata,Female,54,Health,14-01-2025,14-01-2026,1012.63,52410.9,CL2268,,0,Rejected
P2269,C2269,Aditya Verma,Chennai,Female,41,Health,17-07-2025,17-07-2026,732.5,62377.96,CL2269,,0,Rejected
P2270,C2270,Ananya Gupta,Pune,Female,36,Auto,04-12-2024,04-12-2025,749.84,54161.55,CL2270,24-12-2024,6304.62,Settled
P2271,C2271,Arjun Nair,Ahmedabad,Female,50,Health,31-08-2025,31-08-2026,1001.99,67783.29,CL2271,24-04-2026,6035.47,Rejected
P2272,C2272,Ishita Singh,Lucknow,Male,24,Travel,24-08-2024,24-08-2025,602.54,23808.4,CL2272,,0,Rejected
P2273,C2273,Ananya Gupta,Hyderabad,Male,69,Travel,06-04-2025,06-04-2026,386.36,50473.87,CL2273,08-06-2025,6178.79,Settled
P2274,C2274,Neha Joshi,Bengaluru,Female,38,Health,01-04-2024,01-04-2025,990.43,91576.6,CL2274,23-09-2024,1219.88,Pending
P2275,C2275,Vivaan Patel,Ahmedabad,Female,63,Travel,12-02-2023,12-02-2024,665.92,20270.95,CL2275,,0,Rejected
P2276,C2276,Pooja Sharma,Bengaluru,Male,55,Health,08-12-2024,08-12-2025,378.42,39938.79,CL2276,,0,Rejected
P2277,C2277,Meera Kulkarni,Hyderabad,Male,73,Health,20-09-2024,20-09-2025,1417.46,58302.85,CL2277,,0,Rejected
P2278,C2278,Aditya Verma,Indore,Female,72,Travel,06-02-2024,05-02-2025,1439.57,36682.73,CL2278,21-01-2025,3263.9,Pending
P2279,C2279,Aditya Verma,Bengaluru,Male,44,Health,06-03-2024,06-03-2025,1294,98716.75,CL2279,,0,Rejected
P2280,C2280,Pooja Sharma,Chandigarh,Male,34,Auto,21-01-2024,20-01-2025,259.05,96868.06,CL2280,31-01-2024,5627.24,Pending
P2281,C2281,Aarav Sharma,Delhi,Male,56,Travel,31-10-2024,31-10-2025,652.69,76465.84,CL2281,17-10-2025,9992.29,Settled
P2282,C2282,Arjun Nair,Indore,Male,25,Health,07-10-2025,07-10-2026,897.73,95395.31,CL2282,,0,Rejected
P2283,C2283,Vihaan Reddy,Jaipur,Male,59,Auto,30-12-2025,30-12-2026,1061.76,97150.47,CL2283,23-03-2026,9527.5,Rejected
P2284,C2284,Kavya Reddy,Pune,Female,47,Auto,31-01-2024,30-01-2025,1449.53,86144.46,CL2284,13-01-2025,3515.74,Settled
P2285,C2285,Sneha Iyer,Jaipur,Male,51,Travel,17-01-2025,17-01-2026,1039.38,60665.07,CL2285,,0,Rejected
P2286,C2286,Priya Nair,Indore,Female,37,Auto,26-04-2025,26-04-2026,631.17,55030.29,CL2286,23-03-2026,4693.58,Pending
P2287,C2287,Arjun Nair,Bengaluru,Male,37,Auto,04-08-2023,03-08-2024,844.55,20658.3,CL2287,08-02-2024,9024.25,Settled
P2288,C2288,Aarav Sharma,Chennai,Male,51,Health,16-05-2023,15-05-2024,846.63,21305.82,CL2288,14-03-2024,1380.9,Rejected
P2289,C2289,Neha Joshi,Kolkata,Male,55,Health,17-03-2023,16-03-2024,357.9,65382.26,CL2289,01-04-2023,4811.81,Settled
P2290,C2290,Sai Kumar,Indore,Male,56,Travel,04-12-2023,03-12-2024,1208.2,33546.47,CL2290,,0,Rejected
P2291,C2291,Sai Kumar,Chennai,Female,62,Health,23-06-2023,22-06-2024,795.92,71390.28,CL2291,,0,Rejected
P2292,C2292,Sai Kumar,Bengaluru,Male,45,Travel,13-04-2023,12-04-2024,1371.51,50763.05,CL2292,,0,Rejected
P2293,C2293,Ishita Singh,Lucknow,Male,39,Auto,01-02-2025,01-02-2026,1108.54,77961.34,CL2293,03-08-2025,5969.87,Settled
P2294,C2294,Neha Joshi,Chennai,Female,69,Auto,15-07-2025,15-07-2026,1234.97,53203.73,CL2294,23-09-2025,2436.16,Pending
P2295,C2295,Vihaan Reddy,Lucknow,Female,71,Travel,12-05-2024,12-05-2025,276.18,50235.08,CL2295,18-02-2025,1949.45,Rejected
P2296,C2296,Pooja Sharma,Bengaluru,Female,63,Auto,23-06-2024,23-06-2025,997.4,45632.82,CL2296,17-06-2025,3116.57,Rejected
P2297,C2297,Vivaan Patel,Lucknow,Female,52,Health,05-07-2024,05-07-2025,701.13,57519.37,CL2297,,0,Rejected
P2298,C2298,Arjun Nair,Mumbai,Female,44,Travel,10-07-2023,09-07-2024,1423.75,26384.96,CL2298,03-11-2023,1648.6,Settled
P2299,C2299,Kavya Reddy,Mumbai,Male,29,Travel,30-11-2025,30-11-2026,1400.74,47935.57,CL2299,16-01-2026,7245.12,Settled
P2300,C2300,Neha Joshi,Jaipur,Female,22,Auto,29-01-2025,29-01-2026,257.35,22411.25,CL2300,04-08-2025,5234.61,Settled
P2301,C2301,Rohan Desai,Chandigarh,Female,24,Travel,12-11-2025,12-11-2026,1076.06,32107.11,CL2301,,0,Rejected
P2302,C2302,Aditya Verma,Delhi,Female,46,Travel,20-11-2024,20-11-2025,415.03,65193.64,CL2302,05-08-2025,2347.8,Rejected
P2303,C2303,Sai Kumar,Lucknow,Male,52,Auto,13-08-2025,13-08-2026,440.66,47516.14,CL2303,,0,Rejected
P2304,C2304,Aditya Verma,Kolkata,Male,50,Health,02-11-2024,02-11-2025,444.1,81921.2,CL2304,,0,Rejected
P2305,C2305,Sai Kumar,Mumbai,Female,21,Health,24-08-2025,24-08-2026,1487.47,27804.85,CL2305,18-08-2026,9860.52,Settled
P2306,C2306,Neha Joshi,Chandigarh,Male,58,Travel,21-09-2025,21-09-2026,1256.08,72860.87,CL2306,,0,Rejected
P2307,C2307,Sai Kumar,Ahmedabad,Female,60,Auto,04-08-2024,04-08-2025,1167.86,55684.59,CL2307,08-07-2025,9844.5,Rejected
P2308,C2308,Sai Kumar,Delhi,Male,38,Travel,30-11-2025,30-11-2026,843.46,30413.4,CL2308,13-06-2026,1429.19,Pending
P2309,C2309,Ishita Singh,Hyderabad,Male,43,Health,13-02-2023,13-02-2024,912.87,86943.67,CL2309,11-04-2023,1853.71,Settled
P2310,C2310,Vivaan Patel,Delhi,Male,54,Travel,01-04-2024,01-04-2025,1047.36,21757.57,CL2310,09-01-2025,1480.43,Pending
P2311,C2311,Sneha Iyer,Kolkata,Male,25,Health,19-03-2023,18-03-2024,802.17,58329.57,CL2311,08-10-2023,2864.1,Pending
P2312,C2312,Ishita Singh,Bengaluru,Female,34,Travel,13-11-2025,13-11-2026,863.5,79289.45,CL2312,,0,Rejected
P2313,C2313,Arjun Nair,Kolkata,Male,29,Auto,07-09-2024,07-09-2025,257.16,21509.76,CL2313,,0,Rejected
P2314,C2314,Rohan Desai,Delhi,Male,27,Health,18-12-2025,18-12-2026,1398.36,76200.1,CL2314,09-06-2026,8413.7,Pending
P2315,C2315,Ananya Gupta,Jaipur,Male,32,Auto,09-02-2023,09-02-2024,1113.63,28002.11,CL2315,13-04-2023,6405.93,Rejected
P2316,C2316,Priya Nair,Hyderabad,Male,28,Health,02-03-2025,02-03-2026,257.45,54670.38,CL2316,,0,Rejected
P2317,C2317,Arjun Nair,Mumbai,Male,39,Travel,24-07-2024,24-07-2025,1019.74,75339.46,CL2317,,0,Rejected
P2318,C2318,Kunal Mehta,Jaipur,Male,32,Health,26-07-2025,26-07-2026,1261.61,64266.44,CL2318,27-08-2025,3449.67,Settled
P2319,C2319,Ishita Singh,Delhi,Female,50,Travel,11-09-2024,11-09-2025,661,82542.47,CL2319,12-04-2025,2352.56,Settled
P2320,C2320,Pooja Sharma,Indore,Male,56,Health,06-09-2023,05-09-2024,1132.99,33917.06,CL2320,22-05-2024,3818.67,Rejected
P2321,C2321,Ishita Singh,Indore,Female,44,Auto,25-11-2023,24-11-2024,365.14,68701.71,CL2321,21-01-2024,6979.99,Pending
P2322,C2322,Arjun Nair,Mumbai,Male,42,Auto,02-02-2024,01-02-2025,1215.92,72769.17,CL2322,08-08-2024,2594.88,Rejected
P2323,C2323,Aditya Verma,Chandigarh,Female,21,Health,19-02-2025,19-02-2026,1414.86,85594.38,CL2323,18-07-2025,4450.6,Settled
P2324,C2324,Meera Kulkarni,Ahmedabad,Male,49,Travel,23-11-2024,23-11-2025,317.25,71163.2,CL2324,,0,Rejected
P2325,C2325,Vivaan Patel,Indore,Female,33,Travel,20-06-2025,20-06-2026,1483.62,95136.02,CL2325,20-03-2026,7727.2,Pending
P2326,C2326,Sneha Iyer,Delhi,Female,46,Health,26-12-2023,25-12-2024,975.13,71197.49,CL2326,01-07-2024,7311.68,Pending
P2327,C2327,Priya Nair,Lucknow,Male,35,Health,05-08-2025,05-08-2026,927.25,63738.56,CL2327,31-03-2026,2128.18,Rejected
P2328,C2328,Ananya Gupta,Pune,Female,31,Travel,18-03-2023,17-03-2024,1201.58,46418.67,CL2328,,0,Rejected
P2329,C2329,Aditya Verma,Indore,Female,40,Travel,28-07-2023,27-07-2024,745.79,55571.13,CL2329,17-12-2023,6068.12,Settled
P2330,C2330,Ananya Gupta,Ahmedabad,Female,52,Auto,07-04-2023,06-04-2024,286.35,96917.35,CL2330,,0,Rejected
P2331,C2331,Vihaan Reddy,Hyderabad,Male,34,Travel,26-07-2025,26-07-2026,1032.94,52153.67,CL2331,26-01-2026,3792.89,Rejected
P2332,C2332,Priya Nair,Kolkata,Female,38,Auto,22-01-2024,21-01-2025,615.39,95613.08,CL2332,,0,Rejected
P2333,C2333,Vivaan Patel,Pune,Female,23,Health,23-09-2024,23-09-2025,366.27,88829.07,CL2333,26-01-2025,6185.51,Rejected
P2334,C2334,Sneha Iyer,Ahmedabad,Female,69,Travel,25-05-2023,24-05-2024,664.11,21572.8,CL2334,09-03-2024,1963.66,Settled
P2335,C2335,Sneha Iyer,Chandigarh,Female,22,Travel,15-09-2023,14-09-2024,452.89,92962.74,CL2335,,0,Rejected
P2336,C2336,Arjun Nair,Bengaluru,Male,42,Travel,07-12-2025,07-12-2026,1462.56,43663.87,CL2336,08-06-2026,2206.05,Settled
P2337,C2337,Ananya Gupta,Jaipur,Female,23,Auto,07-04-2025,07-04-2026,400.4,62864.53,CL2337,22-08-2025,8170.6,Settled
P2338,C2338,Arjun Nair,Lucknow,Male,45,Auto,07-08-2024,07-08-2025,566.27,68686.17,CL2338,01-06-2025,4985.34,Pending
P2339,C2339,Sneha Iyer,Kolkata,Male,63,Auto,18-01-2023,18-01-2024,421.98,49568.93,CL2339,18-08-2023,6360.78,Settled
P2340,C2340,Ishita Singh,Chennai,Male,39,Travel,19-09-2023,18-09-2024,1160.5,64492.12,CL2340,05-12-2023,7045.39,Pending
P2341,C2341,Ananya Gupta,Kolkata,Female,46,Health,05-10-2025,05-10-2026,935.28,54468.07,CL2341,,0,Rejected
P2342,C2342,Meera Kulkarni,Chandigarh,Male,52,Auto,19-09-2024,19-09-2025,1273.34,75343.52,CL2342,17-01-2025,1381.35,Rejected
P2343,C2343,Meera Kulkarni,Kolkata,Female,46,Travel,02-05-2025,02-05-2026,1194.95,69142.41,CL2343,,0,Rejected
P2344,C2344,Sai Kumar,Lucknow,Male,56,Health,23-01-2023,23-01-2024,1445.69,94586.22,CL2344,,0,Rejected
P2345,C2345,Ananya Gupta,Hyderabad,Male,34,Health,28-10-2023,27-10-2024,507.71,42705.91,CL2345,,0,Rejected
P2346,C2346,Meera Kulkarni,Ahmedabad,Male,55,Health,09-01-2023,09-01-2024,743.76,60094.27,CL2346,05-09-2023,4882.41,Pending
P2347,C2347,Ishita Singh,Ahmedabad,Male,48,Auto,25-06-2023,24-06-2024,1409.65,76569.88,CL2347,10-04-2024,7311.77,Pending
P2348,C2348,Aditya Verma,Delhi,Male,41,Health,30-05-2024,30-05-2025,521.55,51643.52,CL2348,23-02-2025,8028.4,Settled
P2349,C2349,Kunal Mehta,Hyderabad,Female,51,Auto,06-06-2024,06-06-2025,1078.64,25891.76,CL2349,,0,Rejected
P2350,C2350,Aditya Verma,Kolkata,Male,22,Travel,07-08-2025,07-08-2026,679.94,32773.45,CL2350,,0,Rejected
P2351,C2351,Aarav Sharma,Bengaluru,Female,72,Travel,31-08-2025,31-08-2026,1228.88,45551.68,CL2351,,0,Rejected
P2352,C2352,Pooja Sharma,Jaipur,Female,41,Auto,11-06-2025,11-06-2026,1460.8,83301.4,CL2352,,0,Rejected
P2353,C2353,Kunal Mehta,Indore,Male,73,Auto,27-06-2024,27-06-2025,908.96,99646.99,CL2353,16-01-2025,7282.2,Pending
P2354,C2354,Aarav Sharma,Mumbai,Female,31,Travel,26-09-2025,26-09-2026,340.59,88060.36,CL2354,27-11-2025,3238.22,Rejected
P2355,C2355,Ananya Gupta,Chennai,Male,46,Auto,15-05-2025,15-05-2026,844.34,46873.25,CL2355,27-05-2025,8520.23,Rejected
P2356,C2356,Neha Joshi,Lucknow,Male,60,Health,09-03-2025,09-03-2026,489.91,57803.8,CL2356,,0,Rejected
P2357,C2357,Rohan Desai,Ahmedabad,Female,72,Travel,17-07-2023,16-07-2024,917.09,27379.07,CL2357,07-03-2024,4251.84,Pending
P2358,C2358,Neha Joshi,Kolkata,Female,65,Health,02-02-2025,02-02-2026,265.76,82166.58,CL2358,,0,Rejected
P2359,C2359,Sai Kumar,Delhi,Female,35,Health,10-06-2025,10-06-2026,314.14,65108.75,CL2359,,0,Rejected
P2360,C2360,Vivaan Patel,Chandigarh,Male,31,Auto,03-03-2025,03-03-2026,1150.68,64976.28,CL2360,20-12-2025,2196.5,Rejected
P2361,C2361,Aarav Sharma,Kolkata,Male,47,Auto,29-01-2025,29-01-2026,1398.83,80495.68,CL2361,,0,Rejected
P2362,C2362,Neha Joshi,Bengaluru,Female,60,Travel,01-07-2024,01-07-2025,1031.69,27293.44,CL2362,,0,Rejected
P2363,C2363,Arjun Nair,Jaipur,Female,24,Health,29-06-2023,28-06-2024,476.02,97288.49,CL2363,30-04-2024,3224.92,Settled
P2364,C2364,Vivaan Patel,Hyderabad,Female,44,Travel,07-10-2024,07-10-2025,1478.07,48606.67,CL2364,28-12-2024,7529.74,Settled
P2365,C2365,Sneha Iyer,Ahmedabad,Male,48,Health,17-03-2024,17-03-2025,1236.2,44135.25,CL2365,,0,Rejected
P2366,C2366,Vivaan Patel,Ahmedabad,Male,63,Travel,05-02-2025,05-02-2026,1463.13,43525.56,CL2366,30-07-2025,2686.19,Pending
P2367,C2367,Kavya Reddy,Lucknow,Male,35,Auto,06-11-2023,05-11-2024,1089.14,25940.9,CL2367,13-01-2024,9148.03,Settled
P2368,C2368,Aarav Sharma,Chennai,Male,29,Travel,23-10-2025,23-10-2026,550.79,27152.01,CL2368,02-02-2026,6672.44,Pending
P2369,C2369,Vivaan Patel,Chennai,Female,50,Travel,20-06-2024,20-06-2025,840.85,41226.15,CL2369,06-05-2025,1776.9,Pending
P2370,C2370,Ananya Gupta,Pune,Male,55,Health,18-01-2024,17-01-2025,802.42,60689.16,CL2370,24-03-2024,8151.2,Pending
P2371,C2371,Vihaan Reddy,Chennai,Male,21,Auto,05-08-2024,05-08-2025,900.51,26188.04,CL2371,,0,Rejected
P2372,C2372,Ishita Singh,Lucknow,Male,45,Travel,14-03-2023,13-03-2024,1288.86,47464.31,CL2372,02-09-2023,3078.67,Pending
P2373,C2373,Kavya Reddy,Bengaluru,Male,73,Travel,05-12-2025,05-12-2026,1362.95,91323.43,CL2373,03-05-2026,3046.47,Rejected
P2374,C2374,Aarav Sharma,Chennai,Female,52,Travel,17-12-2024,17-12-2025,489.81,60647.47,CL2374,16-12-2025,5632.83,Settled
P2375,C2375,Sai Kumar,Ahmedabad,Female,54,Auto,21-02-2023,21-02-2024,1035.05,45041.67,CL2375,,0,Rejected
P2376,C2376,Pooja Sharma,Chandigarh,Female,50,Travel,12-01-2025,12-01-2026,1249.64,25772.89,CL2376,,0,Rejected
P2377,C2377,Vivaan Patel,Bengaluru,Male,68,Health,29-10-2024,29-10-2025,1129.87,59011.1,CL2377,,0,Rejected
P2378,C2378,Arjun Nair,Hyderabad,Female,66,Auto,21-11-2023,20-11-2024,734.86,95808.68,CL2378,27-08-2024,1299.19,Pending
P2379,C2379,Vivaan Patel,Ahmedabad,Female,43,Travel,01-10-2024,01-10-2025,1428.24,72391.02,CL2379,16-02-2025,5003.87,Pending
P2380,C2380,Sneha Iyer,Pune,Male,75,Health,14-09-2024,14-09-2025,337.57,84542.93,CL2380,11-03-2025,4929.6,Settled
P2381,C2381,Vivaan Patel,Ahmedabad,Female,42,Health,06-05-2024,06-05-2025,829.25,62919.82,CL2381,19-08-2024,9701.49,Rejected
P2382,C2382,Priya Nair,Hyderabad,Female,46,Auto,01-10-2023,30-09-2024,349.87,99522.04,CL2382,10-03-2024,9690.69,Settled
P2383,C2383,Sai Kumar,Ahmedabad,Female,50,Health,27-06-2025,27-06-2026,1108.85,83528.82,CL2383,09-05-2026,3397.26,Settled
P2384,C2384,Aarav Sharma,Bengaluru,Male,58,Health,16-04-2024,16-04-2025,803.57,50241.72,CL2384,14-12-2024,6815.5,Settled
P2385,C2385,Sai Kumar,Jaipur,Female,41,Auto,21-10-2023,20-10-2024,271.66,92822.87,CL2385,,0,Rejected
P2386,C2386,Sai Kumar,Pune,Female,47,Travel,18-05-2025,18-05-2026,382.61,38282.68,CL2386,11-03-2026,7983.59,Pending
P2387,C2387,Meera Kulkarni,Lucknow,Female,32,Travel,10-08-2024,10-08-2025,1074.62,86358.61,CL2387,25-04-2025,8290.74,Rejected
P2388,C2388,Vivaan Patel,Lucknow,Male,42,Auto,13-09-2025,13-09-2026,627.61,79671.09,CL2388,10-08-2026,8430.88,Rejected
P2389,C2389,Rohan Desai,Indore,Male,56,Travel,24-06-2025,24-06-2026,331.62,70230.97,CL2389,10-12-2025,5256.42,Rejected
P2390,C2390,Neha Joshi,Hyderabad,Male,50,Travel,26-08-2024,26-08-2025,1414.43,37449.28,CL2390,,0,Rejected
P2391,C2391,Aditya Verma,Indore,Female,29,Health,14-05-2024,14-05-2025,1399.29,25547.06,CL2391,22-02-2025,2789.82,Pending
P2392,C2392,Aditya Verma,Ahmedabad,Male,24,Travel,05-09-2025,05-09-2026,534.62,27559.92,CL2392,08-02-2026,6290.16,Pending
P2393,C2393,Neha Joshi,Lucknow,Female,23,Travel,02-07-2024,02-07-2025,591.62,76894.9,CL2393,10-02-2025,5624.88,Rejected
P2394,C2394,Vivaan Patel,Jaipur,Male,71,Travel,04-07-2023,03-07-2024,483.2,89058.54,CL2394,06-02-2024,8263.93,Rejected
P2395,C2395,Meera Kulkarni,Hyderabad,Female,47,Travel,30-10-2023,29-10-2024,1301.41,53917.29,CL2395,21-12-2023,7951.76,Settled
P2396,C2396,Kunal Mehta,Ahmedabad,Male,28,Health,22-03-2024,22-03-2025,758.36,96459,CL2396,10-08-2024,8466.07,Settled
P2397,C2397,Ishita Singh,Bengaluru,Male,56,Auto,16-01-2024,15-01-2025,944.18,40465.24,CL2397,01-04-2024,7162.99,Pending
P2398,C2398,Pooja Sharma,Bengaluru,Female,29,Auto,23-12-2023,22-12-2024,502.74,96832.37,CL2398,26-04-2024,3953.7,Settled
P2399,C2399,Vihaan Reddy,Kolkata,Female,63,Travel,26-06-2025,26-06-2026,1119.79,78659.57,CL2399,,0,Rejected
P2400,C2400,Kunal Mehta,Chennai,Female,64,Auto,18-08-2025,18-08-2026,799.22,38939.64,CL2400,,0,Rejected
P2401,C2401,Pooja Sharma,Bengaluru,Male,21,Health,21-11-2025,21-11-2026,1108.83,24249.83,CL2401,04-03-2026,5688.68,Pending
P2402,C2402,Meera Kulkarni,Bengaluru,Female,64,Health,07-11-2023,06-11-2024,655.43,67928.96,CL2402,12-07-2024,8885.28,Rejected
P2403,C2403,Aarav Sharma,Hyderabad,Female,47,Auto,05-10-2024,05-10-2025,1423.94,31790.61,CL2403,,0,Rejected
P2404,C2404,Aditya Verma,Hyderabad,Female,62,Travel,20-04-2025,20-04-2026,807.2,97227.23,CL2404,17-06-2025,2496.88,Rejected
P2405,C2405,Sai Kumar,Pune,Male,27,Auto,22-03-2023,21-03-2024,834.96,61507.57,CL2405,07-07-2023,2923.71,Pending
P2406,C2406,Meera Kulkarni,Bengaluru,Female,48,Travel,20-05-2025,20-05-2026,267.65,98948.58,CL2406,28-09-2025,5999.36,Pending
P2407,C2407,Vivaan Patel,Chandigarh,Female,75,Travel,20-12-2025,20-12-2026,1159,80822.01,CL2407,28-10-2026,4046.1,Rejected
P2408,C2408,Arjun Nair,Delhi,Male,53,Auto,27-06-2023,26-06-2024,285.5,76224.85,CL2408,19-02-2024,9326.74,Pending
P2409,C2409,Priya Nair,Pune,Male,42,Travel,25-09-2023,24-09-2024,1402.19,60329.13,CL2409,02-09-2024,1486.79,Pending
P2410,C2410,Rohan Desai,Lucknow,Male,64,Health,29-10-2024,29-10-2025,1418.32,73425.12,CL2410,,0,Rejected
P2411,C2411,Priya Nair,Pune,Male,42,Health,05-11-2024,05-11-2025,997.09,47802.57,CL2411,,0,Rejected
P2412,C2412,Arjun Nair,Jaipur,Female,61,Travel,01-08-2024,01-08-2025,1410.04,98169.3,CL2412,,0,Rejected
P2413,C2413,Vihaan Reddy,Lucknow,Female,52,Auto,15-04-2023,14-04-2024,1498.51,81913.09,CL2413,11-02-2024,2807.75,Settled
P2414,C2414,Sneha Iyer,Mumbai,Female,67,Travel,18-10-2024,18-10-2025,263.24,43568.83,CL2414,20-02-2025,6966.2,Settled
P2415,C2415,Pooja Sharma,Kolkata,Female,70,Auto,17-03-2023,16-03-2024,1490.94,21056.7,CL2415,,0,Rejected
P2416,C2416,Meera Kulkarni,Chandigarh,Male,56,Health,22-06-2024,22-06-2025,441.33,27749.79,CL2416,03-11-2024,8558.92,Settled
P2417,C2417,Sai Kumar,Indore,Female,31,Health,30-09-2024,30-09-2025,1331.66,42302.47,CL2417,25-05-2025,7362.57,Pending
P2418,C2418,Ananya Gupta,Delhi,Male,38,Health,14-08-2024,14-08-2025,1490.12,89266.29,CL2418,17-07-2025,6457.53,Rejected
P2419,C2419,Pooja Sharma,Ahmedabad,Female,71,Health,18-10-2024,18-10-2025,800.71,33262.62,CL2419,22-03-2025,5607.64,Pending
P2420,C2420,Priya Nair,Kolkata,Female,37,Auto,14-02-2025,14-02-2026,961.87,59884.13,CL2420,08-03-2025,5057.54,Pending
P2421,C2421,Sai Kumar,Indore,Female,75,Travel,05-11-2024,05-11-2025,1281.08,65501.48,CL2421,17-11-2024,4592.55,Rejected
P2422,C2422,Kavya Reddy,Pune,Female,48,Auto,20-07-2023,19-07-2024,1374.45,65673.55,CL2422,19-06-2024,7586.17,Rejected
P2423,C2423,Meera Kulkarni,Ahmedabad,Female,64,Travel,29-12-2023,28-12-2024,833.86,58698,CL2423,12-07-2024,3846.3,Pending
P2424,C2424,Kavya Reddy,Jaipur,Male,46,Travel,14-06-2024,14-06-2025,378.75,94391.24,CL2424,08-04-2025,3804.53,Rejected
P2425,C2425,Rohan Desai,Ahmedabad,Female,24,Travel,07-05-2025,07-05-2026,959.73,96832.46,CL2425,15-08-2025,3093.95,Pending
P2426,C2426,Vihaan Reddy,Indore,Female,38,Auto,23-07-2023,22-07-2024,372.49,38771.94,CL2426,,0,Rejected
P2427,C2427,Aarav Sharma,Pune,Female,54,Travel,25-04-2025,25-04-2026,302.7,22821.8,CL2427,,0,Rejected
P2428,C2428,Ishita Singh,Delhi,Male,29,Auto,20-07-2023,19-07-2024,634.88,53136.99,CL2428,26-04-2024,3404.48,Pending
P2429,C2429,Ishita Singh,Hyderabad,Female,39,Health,11-10-2023,10-10-2024,896.32,28533.85,CL2429,28-08-2024,5560.61,Rejected
P2430,C2430,Aditya Verma,Indore,Male,73,Health,24-07-2024,24-07-2025,850.96,98262.31,CL2430,29-03-2025,3622.12,Pending
P2431,C2431,Vihaan Reddy,Lucknow,Male,62,Health,09-05-2023,08-05-2024,1132.26,57356.91,CL2431,,0,Rejected
P2432,C2432,Kavya Reddy,Chandigarh,Female,71,Health,21-10-2023,20-10-2024,659.71,33818.61,CL2432,14-03-2024,5879.49,Settled
P2433,C2433,Aarav Sharma,Ahmedabad,Male,33,Auto,25-01-2025,25-01-2026,490.59,40697.83,CL2433,26-02-2025,8562.71,Rejected
P2434,C2434,Ishita Singh,Chennai,Female,34,Auto,29-11-2023,28-11-2024,1155.64,55488.44,CL2434,,0,Rejected
P2435,C2435,Aditya Verma,Pune,Male,22,Travel,15-06-2024,15-06-2025,1241.46,28071.42,CL2435,12-02-2025,8766.22,Pending
P2436,C2436,Neha Joshi,Chandigarh,Male,73,Auto,23-12-2025,23-12-2026,1328.05,44644.96,CL2436,20-09-2026,2776.39,Settled
P2437,C2437,Priya Nair,Jaipur,Male,36,Health,24-01-2025,24-01-2026,1311.5,21098.58,CL2437,,0,Rejected
P2438,C2438,Vihaan Reddy,Lucknow,Female,26,Health,15-03-2023,14-03-2024,1495.21,29362.15,CL2438,21-08-2023,3061.33,Pending
P2439,C2439,Ananya Gupta,Bengaluru,Male,22,Auto,02-11-2025,02-11-2026,1051.08,37477.28,CL2439,25-01-2026,9440.16,Pending
P2440,C2440,Priya Nair,Pune,Male,32,Health,21-06-2025,21-06-2026,1417.01,48583.04,CL2440,01-07-2025,4865.05,Settled
P2441,C2441,Priya Nair,Chennai,Female,38,Health,21-09-2025,21-09-2026,363.89,26833.72,CL2441,,0,Rejected
P2442,C2442,Vivaan Patel,Pune,Male,75,Travel,11-06-2023,10-06-2024,714.98,76434.56,CL2442,08-10-2023,6619.09,Settled
P2443,C2443,Sneha Iyer,Ahmedabad,Female,65,Travel,01-03-2023,29-02-2024,563.68,91870.97,CL2443,,0,Rejected
P2444,C2444,Sai Kumar,Kolkata,Male,70,Auto,03-03-2025,03-03-2026,694.56,23722.37,CL2444,11-05-2025,2260.15,Settled
P2445,C2445,Priya Nair,Jaipur,Male,32,Health,11-07-2024,11-07-2025,1050.05,83678.5,CL2445,,0,Rejected
P2446,C2446,Kunal Mehta,Chandigarh,Male,42,Health,04-09-2023,03-09-2024,293.03,77766.81,CL2446,,0,Rejected
P2447,C2447,Priya Nair,Kolkata,Male,37,Health,07-01-2024,06-01-2025,485.46,73640.48,CL2447,,0,Rejected
P2448,C2448,Arjun Nair,Chandigarh,Female,63,Travel,17-03-2025,17-03-2026,771.66,70814.05,CL2448,29-11-2025,3391.78,Rejected
P2449,C2449,Priya Nair,Lucknow,Male,67,Auto,27-07-2025,27-07-2026,1307.83,56364.96,CL2449,,0,Rejected
P2450,C2450,Kavya Reddy,Kolkata,Female,45,Health,24-02-2025,24-02-2026,584.08,30036.36,CL2450,,0,Rejected
P2451,C2451,Arjun Nair,Ahmedabad,Female,60,Auto,17-04-2024,17-04-2025,337.17,37676.03,CL2451,06-05-2024,5308.32,Rejected
P2452,C2452,Vihaan Reddy,Kolkata,Male,56,Health,31-10-2025,31-10-2026,401.06,36645.14,CL2452,07-10-2026,1104.31,Settled
P2453,C2453,Vivaan Patel,Delhi,Male,59,Travel,01-01-2025,01-01-2026,1476.96,59108.16,CL2453,,0,Rejected
P2454,C2454,Arjun Nair,Chennai,Female,27,Auto,01-04-2025,01-04-2026,1213.63,68401.96,CL2454,,0,Rejected
P2455,C2455,Vihaan Reddy,Mumbai,Female,69,Travel,05-06-2023,04-06-2024,1378.74,64340.68,CL2455,24-02-2024,4092.35,Settled
P2456,C2456,Vivaan Patel,Hyderabad,Female,51,Health,08-03-2024,08-03-2025,1239.65,75074.13,CL2456,09-12-2024,1369.23,Settled
P2457,C2457,Arjun Nair,Chennai,Female,68,Health,12-09-2025,12-09-2026,523.2,29013.3,CL2457,22-02-2026,7210.22,Pending
P2458,C2458,Vivaan Patel,Chennai,Male,33,Auto,01-03-2023,29-02-2024,483.35,38489.1,CL2458,27-03-2023,3842.81,Pending
P2459,C2459,Arjun Nair,Kolkata,Female,58,Health,12-05-2023,11-05-2024,1062.88,89240.73,CL2459,04-05-2024,9859.48,Settled
P2460,C2460,Vihaan Reddy,Chandigarh,Male,64,Travel,21-01-2025,21-01-2026,666.83,70689.35,CL2460,15-05-2025,9580.18,Settled
P2461,C2461,Kunal Mehta,Bengaluru,Male,43,Auto,01-02-2024,31-01-2025,978.62,85843.73,CL2461,24-07-2024,1713.53,Rejected
P2462,C2462,Priya Nair,Lucknow,Female,56,Travel,15-04-2024,15-04-2025,452.7,52920.88,CL2462,11-06-2024,5745.21,Pending
P2463,C2463,Sneha Iyer,Chennai,Female,46,Travel,29-09-2024,29-09-2025,1480.57,76331.5,CL2463,30-05-2025,6310.1,Pending
P2464,C2464,Pooja Sharma,Jaipur,Male,60,Health,08-02-2025,08-02-2026,965.22,51397.11,CL2464,,0,Rejected
P2465,C2465,Aarav Sharma,Mumbai,Female,74,Auto,20-06-2025,20-06-2026,464.2,29498.45,CL2465,15-04-2026,4279.73,Settled
P2466,C2466,Vihaan Reddy,Ahmedabad,Female,69,Health,03-03-2023,02-03-2024,765.65,20751.72,CL2466,22-07-2023,6133.85,Pending
P2467,C2467,Kunal Mehta,Kolkata,Female,61,Health,25-05-2023,24-05-2024,1103.4,61082.41,CL2467,20-01-2024,1633.45,Rejected
P2468,C2468,Arjun Nair,Kolkata,Female,35,Auto,25-07-2023,24-07-2024,1086.92,31536.61,CL2468,,0,Rejected
P2469,C2469,Pooja Sharma,Hyderabad,Male,24,Travel,26-02-2025,26-02-2026,1132.86,90954.34,CL2469,21-08-2025,6764.74,Pending
P2470,C2470,Priya Nair,Bengaluru,Female,60,Health,22-04-2024,22-04-2025,571.33,46710.93,CL2470,24-04-2024,6865.67,Pending
P2471,C2471,Neha Joshi,Indore,Male,74,Auto,09-10-2024,09-10-2025,644.58,35900.66,CL2471,,0,Rejected
P2472,C2472,Priya Nair,Jaipur,Female,67,Auto,12-07-2024,12-07-2025,1059.25,85620.09,CL2472,28-11-2024,9175.22,Settled
P2473,C2473,Ishita Singh,Bengaluru,Female,69,Travel,28-08-2024,28-08-2025,1075.1,25135.87,CL2473,07-10-2024,1548.05,Rejected
P2474,C2474,Pooja Sharma,Jaipur,Male,29,Health,27-09-2023,26-09-2024,928.18,86788.07,CL2474,12-02-2024,6320.08,Settled
P2475,C2475,Aditya Verma,Hyderabad,Male,39,Travel,23-04-2025,23-04-2026,1298.21,57233.21,CL2475,04-11-2025,3350.7,Pending
P2476,C2476,Vihaan Reddy,Mumbai,Female,52,Auto,25-07-2023,24-07-2024,719.83,98708.09,CL2476,23-09-2023,6927.83,Rejected
P2477,C2477,Sneha Iyer,Pune,Male,30,Travel,17-02-2024,16-02-2025,1020.79,60940.89,CL2477,01-01-2025,5945.46,Rejected
P2478,C2478,Aarav Sharma,Delhi,Male,61,Health,01-01-2024,31-12-2024,367.16,51746.5,CL2478,19-09-2024,4400.23,Settled
P2479,C2479,Vivaan Patel,Delhi,Female,49,Auto,06-04-2025,06-04-2026,1344.81,49153.2,CL2479,04-12-2025,3402.47,Pending
P2480,C2480,Neha Joshi,Ahmedabad,Male,55,Auto,16-08-2025,16-08-2026,677.74,83279.75,CL2480,28-07-2026,5515.49,Pending
P2481,C2481,Aarav Sharma,Pune,Male,31,Travel,07-03-2025,07-03-2026,257.51,57454.52,CL2481,,0,Rejected
P2482,C2482,Meera Kulkarni,Pune,Female,66,Health,21-04-2025,21-04-2026,1402.21,75609.38,CL2482,24-03-2026,2044.59,Pending
P2483,C2483,Ishita Singh,Lucknow,Male,46,Auto,03-05-2023,02-05-2024,414.05,21420.58,CL2483,,0,Rejected
P2484,C2484,Sai Kumar,Chandigarh,Female,54,Travel,03-07-2024,03-07-2025,1065.18,69510.67,CL2484,,0,Rejected
P2485,C2485,Pooja Sharma,Mumbai,Female,51,Travel,22-04-2023,21-04-2024,562.25,55157.4,CL2485,,0,Rejected
P2486,C2486,Rohan Desai,Mumbai,Female,49,Travel,08-05-2023,07-05-2024,1471.29,23715.44,CL2486,02-06-2023,6739.9,Rejected
P2487,C2487,Sai Kumar,Jaipur,Female,62,Health,31-08-2023,30-08-2024,842.39,61667.73,CL2487,06-07-2024,9969.16,Settled
P2488,C2488,Rohan Desai,Ahmedabad,Female,31,Auto,15-07-2025,15-07-2026,1329.41,93478.13,CL2488,,0,Rejected
P2489,C2489,Kavya Reddy,Indore,Male,42,Travel,01-11-2024,01-11-2025,599.82,64075.45,CL2489,14-01-2025,5402.25,Pending
P2490,C2490,Aditya Verma,Indore,Female,53,Health,09-06-2025,09-06-2026,961.52,59390.3,CL2490,28-03-2026,1224.72,Rejected
P2491,C2491,Sneha Iyer,Bengaluru,Female,39,Travel,10-05-2024,10-05-2025,702.88,64701.11,CL2491,,0,Rejected
P2492,C2492,Sneha Iyer,Pune,Female,23,Health,21-07-2024,21-07-2025,452.1,82422.85,CL2492,31-03-2025,6975.64,Pending
P2493,C2493,Rohan Desai,Chandigarh,Male,44,Health,30-08-2023,29-08-2024,1197.19,52160.61,CL2493,21-01-2024,9048.48,Rejected
P2494,C2494,Meera Kulkarni,Chennai,Male,52,Travel,20-12-2024,20-12-2025,705.48,64257.4,CL2494,18-02-2025,2356.72,Rejected
P2495,C2495,Kavya Reddy,Indore,Male,47,Health,20-09-2025,20-09-2026,261.66,42009.38,CL2495,13-12-2025,8038.39,Rejected
P2496,C2496,Pooja Sharma,Kolkata,Male,29,Auto,06-06-2025,06-06-2026,1266.38,52917.37,CL2496,19-10-2025,8768.56,Pending
P2497,C2497,Ishita Singh,Chennai,Female,35,Health,31-01-2024,30-01-2025,911.46,89024.99,CL2497,26-06-2024,6585.52,Rejected
P2498,C2498,Vihaan Reddy,Lucknow,Male,49,Auto,12-07-2024,12-07-2025,567.02,90186.8,CL2498,,0,Rejected
P2499,C2499,Arjun Nair,Hyderabad,Female,69,Auto,26-07-2025,26-07-2026,838.44,84104.03,CL2499,,0,Rejected
P2500,C2500,Ishita Singh,Pune,Female,61,Auto,15-08-2023,14-08-2024,809.34,30351.41,CL2500,,0,Rejected
P2501,C2501,Neha Joshi,Pune,Female,67,Health,15-10-2023,14-10-2024,729.16,98449.67,CL2501,,0,Rejected
P2502,C2502,Arjun Nair,Mumbai,Male,68,Auto,02-02-2023,02-02-2024,1338.49,33055.48,CL2502,27-02-2023,3025.82,Settled
P2503,C2503,Priya Nair,Delhi,Female,27,Travel,13-01-2025,13-01-2026,1475.34,47827.8,CL2503,30-06-2025,3752.09,Rejected
P2504,C2504,Vihaan Reddy,Pune,Female,45,Health,29-01-2024,28-01-2025,1455.74,88920.39,CL2504,12-06-2024,4751.01,Settled
P2505,C2505,Rohan Desai,Mumbai,Male,45,Auto,13-03-2023,12-03-2024,1082.11,76549.38,CL2505,,0,Rejected
P2506,C2506,Aditya Verma,Ahmedabad,Male,28,Travel,29-08-2023,28-08-2024,766.8,23602.65,CL2506,,0,Rejected
P2507,C2507,Neha Joshi,Indore,Female,73,Health,14-01-2025,14-01-2026,865.31,98041.8,CL2507,25-08-2025,7470.28,Rejected
P2508,C2508,Ananya Gupta,Delhi,Female,69,Auto,16-05-2025,16-05-2026,1386.45,63806.69,CL2508,,0,Rejected
P2509,C2509,Pooja Sharma,Ahmedabad,Female,64,Auto,23-02-2023,23-02-2024,1077.06,24014.64,CL2509,22-11-2023,6723.27,Rejected
P2510,C2510,Kavya Reddy,Delhi,Male,55,Health,12-05-2024,12-05-2025,867.04,43113.69,CL2510,29-07-2024,8688.71,Settled
P2511,C2511,Aarav Sharma,Kolkata,Female,23,Travel,10-03-2025,10-03-2026,796.99,21559.05,CL2511,,0,Rejected
P2512,C2512,Kavya Reddy,Delhi,Male,21,Health,24-10-2023,23-10-2024,425.63,70469.81,CL2512,,0,Rejected
P2513,C2513,Aditya Verma,Kolkata,Female,40,Health,24-10-2024,24-10-2025,411.73,46954.48,CL2513,11-09-2025,6450.59,Rejected
P2514,C2514,Vihaan Reddy,Lucknow,Male,43,Travel,20-07-2024,20-07-2025,384.03,30914.98,CL2514,22-07-2024,6480.3,Pending
P2515,C2515,Ananya Gupta,Indore,Male,40,Travel,13-03-2023,12-03-2024,1161.15,27773.4,CL2515,31-05-2023,8147.28,Rejected
P2516,C2516,Aarav Sharma,Chennai,Female,28,Health,30-04-2024,30-04-2025,1075.75,35403.95,CL2516,01-05-2024,7997.09,Rejected
P2517,C2517,Sneha Iyer,Hyderabad,Male,61,Travel,23-07-2024,23-07-2025,781.9,92409.25,CL2517,,0,Rejected
P2518,C2518,Pooja Sharma,Pune,Male,70,Auto,29-11-2023,28-11-2024,1160.17,69195.55,CL2518,25-07-2024,9442.26,Rejected
P2519,C2519,Kavya Reddy,Mumbai,Female,46,Auto,05-10-2024,05-10-2025,853.83,42817.84,CL2519,10-11-2024,9237.04,Rejected
P2520,C2520,Arjun Nair,Bengaluru,Female,26,Auto,14-03-2023,13-03-2024,545.95,23698.96,CL2520,,0,Rejected
P2521,C2521,Arjun Nair,Chennai,Female,21,Health,09-12-2023,08-12-2024,254.07,59906.77,CL2521,08-01-2024,5527.38,Rejected
P2522,C2522,Rohan Desai,Pune,Female,22,Health,09-09-2023,08-09-2024,661.84,48032.1,CL2522,30-08-2024,1769.7,Pending
P2523,C2523,Sneha Iyer,Jaipur,Male,52,Health,10-09-2024,10-09-2025,861.85,38112.44,CL2523,12-12-2024,9852.78,Settled
P2524,C2524,Kunal Mehta,Ahmedabad,Female,62,Travel,26-01-2025,26-01-2026,948.52,39690.61,CL2524,,0,Rejected
P2525,C2525,Rohan Desai,Hyderabad,Male,75,Travel,18-05-2024,18-05-2025,1296.71,31168.17,CL2525,14-09-2024,1716.96,Pending
P2526,C2526,Rohan Desai,Hyderabad,Female,58,Travel,01-11-2025,01-11-2026,1087.59,34653.93,CL2526,26-02-2026,8152.8,Settled
P2527,C2527,Neha Joshi,Chandigarh,Male,63,Health,01-06-2024,01-06-2025,606.59,94375.89,CL2527,18-09-2024,1238.25,Rejected
P2528,C2528,Priya Nair,Bengaluru,Female,55,Travel,06-01-2024,05-01-2025,1273.21,98414.14,CL2528,,0,Rejected
P2529,C2529,Rohan Desai,Hyderabad,Female,27,Auto,08-05-2025,08-05-2026,626.95,31729.72,CL2529,13-12-2025,2090.28,Settled
P2530,C2530,Meera Kulkarni,Bengaluru,Female,66,Travel,18-01-2025,18-01-2026,973.94,67794.32,CL2530,23-07-2025,9853.51,Pending
P2531,C2531,Pooja Sharma,Bengaluru,Female,32,Travel,16-01-2023,16-01-2024,1468.58,76177.66,CL2531,02-04-2023,2287.5,Rejected
P2532,C2532,Arjun Nair,Delhi,Female,48,Health,31-01-2025,31-01-2026,580.63,99522.81,CL2532,25-03-2025,8053.2,Pending
P2533,C2533,Sneha Iyer,Ahmedabad,Female,54,Travel,09-02-2023,09-02-2024,984.14,42068.88,CL2533,26-02-2023,6945.92,Rejected
P2534,C2534,Arjun Nair,Indore,Male,21,Travel,18-02-2023,18-02-2024,956.12,53183.13,CL2534,11-05-2023,7730.7,Pending
P2535,C2535,Aarav Sharma,Bengaluru,Female,40,Auto,06-11-2024,06-11-2025,991.69,24424.43,CL2535,,0,Rejected
P2536,C2536,Aditya Verma,Ahmedabad,Female,31,Travel,25-02-2025,25-02-2026,289.42,60051.6,CL2536,26-02-2025,5005.64,Pending
P2537,C2537,Ananya Gupta,Lucknow,Male,74,Auto,13-03-2025,13-03-2026,1358.89,52388.29,CL2537,,0,Rejected
P2538,C2538,Neha Joshi,Mumbai,Male,48,Travel,22-08-2024,22-08-2025,325.85,26035.34,CL2538,31-12-2024,4513.5,Settled
P2539,C2539,Aarav Sharma,Hyderabad,Female,43,Auto,24-04-2024,24-04-2025,1023.21,38648.19,CL2539,,0,Rejected
P2540,C2540,Aditya Verma,Hyderabad,Female,60,Health,24-03-2024,24-03-2025,587.82,95276.08,CL2540,24-01-2025,6520.53,Settled
P2541,C2541,Neha Joshi,Lucknow,Female,57,Auto,09-03-2025,09-03-2026,508.34,51720.89,CL2541,11-08-2025,6351.76,Settled
P2542,C2542,Vivaan Patel,Jaipur,Female,52,Auto,10-12-2025,10-12-2026,570.67,34950.32,CL2542,09-06-2026,6492.91,Rejected
P2543,C2543,Priya Nair,Hyderabad,Female,32,Health,14-08-2024,14-08-2025,1457.46,80714.47,CL2543,08-10-2024,5542.66,Pending
P2544,C2544,Sai Kumar,Chennai,Female,70,Travel,26-12-2023,25-12-2024,947.65,81465.71,CL2544,12-07-2024,4529.96,Pending
P2545,C2545,Kunal Mehta,Pune,Female,27,Auto,11-11-2023,10-11-2024,1012.44,68660.74,CL2545,10-10-2024,9961.15,Pending
P2546,C2546,Sneha Iyer,Ahmedabad,Male,55,Auto,06-04-2024,06-04-2025,580.6,44283.26,CL2546,09-09-2024,8677.17,Settled
P2547,C2547,Meera Kulkarni,Jaipur,Male,71,Auto,28-09-2025,28-09-2026,305.82,70836.34,CL2547,25-07-2026,7633.97,Settled
P2548,C2548,Meera Kulkarni,Chennai,Female,47,Auto,13-04-2023,12-04-2024,301.79,39538.26,CL2548,27-06-2023,5088.4,Rejected
P2549,C2549,Vivaan Patel,Kolkata,Female,39,Auto,20-05-2024,20-05-2025,943.81,93629.04,CL2549,19-10-2024,7829.04,Settled
P2550,C2550,Priya Nair,Chandigarh,Female,51,Travel,24-04-2023,23-04-2024,635.08,97731.12,CL2550,22-05-2023,2097.23,Settled
P2551,C2551,Rohan Desai,Pune,Male,22,Health,28-11-2025,28-11-2026,384.92,24108.7,CL2551,01-02-2026,9610.84,Rejected
P2552,C2552,Kavya Reddy,Mumbai,Female,33,Auto,27-03-2025,27-03-2026,1197.98,88676.66,CL2552,04-11-2025,6266.75,Rejected
P2553,C2553,Aditya Verma,Mumbai,Male,52,Health,29-04-2024,29-04-2025,1328,22272.99,CL2553,24-10-2024,1044.26,Pending
P2554,C2554,Pooja Sharma,Hyderabad,Male,61,Travel,09-06-2024,09-06-2025,1253.58,96095.15,CL2554,01-11-2024,8207.07,Settled
P2555,C2555,Ananya Gupta,Pune,Female,52,Health,29-09-2024,29-09-2025,647.98,26859.12,CL2555,,0,Rejected
P2556,C2556,Aditya Verma,Jaipur,Male,26,Health,07-03-2024,07-03-2025,1131.43,40797.5,CL2556,18-09-2024,7163.05,Settled
P2557,C2557,Rohan Desai,Chennai,Male,34,Health,02-02-2023,02-02-2024,863.23,20383.39,CL2557,18-05-2023,4313.63,Settled
P2558,C2558,Meera Kulkarni,Lucknow,Female,50,Health,14-06-2023,13-06-2024,1381.69,50395.25,CL2558,02-07-2023,1007.69,Settled
P2559,C2559,Aarav Sharma,Lucknow,Female,57,Travel,15-07-2023,14-07-2024,1107.56,39020.66,CL2559,04-04-2024,6667.42,Pending
P2560,C2560,Kavya Reddy,Lucknow,Female,34,Auto,14-04-2024,14-04-2025,1070.72,64085.6,CL2560,14-05-2024,2698.26,Pending
P2561,C2561,Kunal Mehta,Jaipur,Male,23,Auto,08-09-2025,08-09-2026,545.01,35043.01,CL2561,04-10-2025,2258.98,Settled
P2562,C2562,Kunal Mehta,Delhi,Female,24,Health,01-01-2025,01-01-2026,701.29,37971.84,CL2562,01-09-2025,2415.77,Pending
P2563,C2563,Aarav Sharma,Delhi,Female,72,Auto,04-06-2025,04-06-2026,1489.57,92579.3,CL2563,28-11-2025,3077.24,Rejected
P2564,C2564,Kunal Mehta,Bengaluru,Female,39,Auto,19-11-2023,18-11-2024,851.56,64967.81,CL2564,11-10-2024,9051.73,Settled
P2565,C2565,Aditya Verma,Bengaluru,Female,71,Health,22-05-2023,21-05-2024,566.64,49837.62,CL2565,02-09-2023,3754.85,Rejected
P2566,C2566,Ananya Gupta,Lucknow,Male,58,Travel,18-11-2024,18-11-2025,1135.76,82041.12,CL2566,,0,Rejected
P2567,C2567,Meera Kulkarni,Lucknow,Male,28,Travel,15-12-2024,15-12-2025,375.88,61085.36,CL2567,21-01-2025,5342.61,Pending
P2568,C2568,Rohan Desai,Jaipur,Male,37,Auto,02-06-2025,02-06-2026,1496.87,37200.12,CL2568,19-06-2025,6905.37,Settled
P2569,C2569,Aarav Sharma,Ahmedabad,Male,62,Auto,18-11-2024,18-11-2025,443.76,98931.3,CL2569,05-04-2025,9673.48,Settled
P2570,C2570,Neha Joshi,Pune,Male,21,Health,11-03-2023,10-03-2024,971.72,48821.66,CL2570,12-01-2024,9071.98,Rejected
P2571,C2571,Neha Joshi,Kolkata,Female,50,Travel,26-02-2025,26-02-2026,1251.4,25378.35,CL2571,,0,Rejected
P2572,C2572,Rohan Desai,Pune,Male,37,Travel,05-12-2024,05-12-2025,806.79,33760.35,CL2572,,0,Rejected
P2573,C2573,Ananya Gupta,Indore,Male,38,Health,12-09-2024,12-09-2025,1319.2,96206.6,CL2573,13-09-2024,4766.89,Rejected
P2574,C2574,Rohan Desai,Mumbai,Male,66,Auto,08-03-2023,07-03-2024,1338.56,69214.41,CL2574,27-12-2023,6126.26,Settled
P2575,C2575,Pooja Sharma,Hyderabad,Male,68,Health,18-03-2023,17-03-2024,723.09,29923.25,CL2575,20-03-2023,6226.36,Rejected
P2576,C2576,Meera Kulkarni,Bengaluru,Male,64,Auto,28-04-2023,27-04-2024,486.38,46870.8,CL2576,16-04-2024,2090.98,Rejected
P2577,C2577,Kunal Mehta,Chennai,Male,23,Auto,15-06-2025,15-06-2026,495.86,60901.85,CL2577,03-09-2025,6393.16,Settled
P2578,C2578,Pooja Sharma,Delhi,Female,47,Health,27-07-2025,27-07-2026,413.87,73751.94,CL2578,13-05-2026,9946.12,Rejected
P2579,C2579,Aarav Sharma,Indore,Male,36,Auto,03-03-2024,03-03-2025,878.02,64960.19,CL2579,03-03-2025,7546.02,Rejected
P2580,C2580,Vivaan Patel,Delhi,Female,49,Travel,20-09-2025,20-09-2026,1047.69,91557.08,CL2580,20-06-2026,1307.02,Pending
P2581,C2581,Kunal Mehta,Kolkata,Female,55,Travel,27-08-2024,27-08-2025,1430.21,57676.61,CL2581,06-10-2024,5833.21,Pending
P2582,C2582,Priya Nair,Hyderabad,Male,29,Health,18-02-2024,17-02-2025,448.67,30431.94,CL2582,25-06-2024,8561.5,Rejected
P2583,C2583,Sai Kumar,Hyderabad,Male,66,Auto,14-08-2024,14-08-2025,743.98,99510.41,CL2583,09-09-2024,9680.25,Pending
P2584,C2584,Kavya Reddy,Indore,Male,47,Travel,03-05-2023,02-05-2024,1200.48,89747.47,CL2584,19-07-2023,6249.32,Settled
P2585,C2585,Vihaan Reddy,Jaipur,Female,75,Travel,11-12-2025,11-12-2026,1307.64,98138.25,CL2585,,0,Rejected
P2586,C2586,Arjun Nair,Chandigarh,Male,28,Travel,14-08-2025,14-08-2026,1150.65,78328.48,CL2586,18-09-2025,9994.99,Rejected
P2587,C2587,Sai Kumar,Delhi,Male,60,Health,12-10-2025,12-10-2026,445.75,70899.87,CL2587,,0,Rejected
P2588,C2588,Vihaan Reddy,Indore,Female,45,Health,16-04-2024,16-04-2025,1031.55,23948.55,CL2588,,0,Rejected
P2589,C2589,Rohan Desai,Bengaluru,Female,63,Health,12-03-2025,12-03-2026,1000.08,64295.98,CL2589,,0,Rejected
P2590,C2590,Ishita Singh,Delhi,Female,34,Health,13-07-2023,12-07-2024,1153.21,91448.93,CL2590,,0,Rejected
P2591,C2591,Kunal Mehta,Pune,Male,26,Auto,27-02-2025,27-02-2026,717.72,80860.42,CL2591,,0,Rejected
P2592,C2592,Sai Kumar,Mumbai,Female,53,Auto,09-11-2024,09-11-2025,367.34,53580.1,CL2592,03-02-2025,4723.86,Settled
P2593,C2593,Kavya Reddy,Indore,Male,69,Travel,12-12-2025,12-12-2026,546.63,76536.06,CL2593,,0,Rejected
P2594,C2594,Rohan Desai,Hyderabad,Female,60,Health,05-05-2025,05-05-2026,260.98,98854.73,CL2594,27-09-2025,7605.33,Rejected
P2595,C2595,Ishita Singh,Pune,Female,46,Health,28-10-2024,28-10-2025,936.9,70459.43,CL2595,23-08-2025,8372.29,Settled
P2596,C2596,Aditya Verma,Lucknow,Female,39,Health,04-05-2023,03-05-2024,1222.69,60634.42,CL2596,13-12-2023,5523.74,Pending
P2597,C2597,Ananya Gupta,Kolkata,Male,36,Travel,18-09-2023,17-09-2024,649.39,70554.77,CL2597,27-08-2024,6908.27,Pending
P2598,C2598,Vivaan Patel,Lucknow,Male,75,Travel,05-11-2024,05-11-2025,1277.78,98182.99,CL2598,,0,Rejected
P2599,C2599,Sai Kumar,Lucknow,Male,45,Auto,16-10-2025,16-10-2026,937.71,63264.27,CL2599,,0,Rejected
P2600,C2600,Rohan Desai,Chandigarh,Male,64,Travel,30-12-2025,30-12-2026,989.63,76271.42,CL2600,29-10-2026,9950.25,Rejected
P2601,C2601,Priya Nair,Pune,Male,61,Auto,27-01-2023,27-01-2024,333.37,57419.6,CL2601,23-07-2023,9938.62,Settled
P2602,C2602,Vivaan Patel,Jaipur,Female,64,Travel,29-01-2024,28-01-2025,1457.86,78788.71,CL2602,30-04-2024,4008.13,Pending
P2603,C2603,Ishita Singh,Jaipur,Male,56,Health,27-04-2024,27-04-2025,1018.09,42776.44,CL2603,29-10-2024,4137.94,Rejected
P2604,C2604,Aarav Sharma,Bengaluru,Female,34,Travel,16-03-2025,16-03-2026,376.53,47741.25,CL2604,,0,Rejected
P2605,C2605,Vihaan Reddy,Mumbai,Female,69,Travel,05-02-2025,05-02-2026,607.98,22050.64,CL2605,,0,Rejected
P2606,C2606,Ishita Singh,Chandigarh,Female,41,Health,07-12-2025,07-12-2026,1427.08,28854.53,CL2606,27-05-2026,2966.97,Pending
P2607,C2607,Vihaan Reddy,Delhi,Female,69,Health,05-07-2025,05-07-2026,1377.78,78484.87,CL2607,26-11-2025,9057.09,Pending
P2608,C2608,Aarav Sharma,Ahmedabad,Female,48,Health,24-11-2023,23-11-2024,1364.57,24739.79,CL2608,27-05-2024,6726.21,Pending
P2609,C2609,Vivaan Patel,Chandigarh,Male,35,Health,21-07-2025,21-07-2026,351.69,68218.39,CL2609,25-03-2026,2038.73,Settled
P2610,C2610,Vivaan Patel,Hyderabad,Female,35,Auto,22-03-2025,22-03-2026,708.07,93802.75,CL2610,,0,Rejected
P2611,C2611,Rohan Desai,Mumbai,Male,46,Travel,07-02-2025,07-02-2026,1252.21,73925.26,CL2611,,0,Rejected
P2612,C2612,Meera Kulkarni,Bengaluru,Female,26,Travel,04-12-2025,04-12-2026,982.47,63138.27,CL2612,19-03-2026,8456.79,Rejected
P2613,C2613,Vivaan Patel,Pune,Male,44,Health,14-05-2025,14-05-2026,1036.56,93757.75,CL2613,04-05-2026,3068.64,Rejected
P2614,C2614,Aditya Verma,Delhi,Male,33,Travel,15-01-2024,14-01-2025,1491.19,84448.26,CL2614,,0,Rejected
P2615,C2615,Neha Joshi,Hyderabad,Female,55,Health,28-10-2024,28-10-2025,1444.16,71003.21,CL2615,,0,Rejected
P2616,C2616,Vihaan Reddy,Delhi,Male,37,Health,17-02-2023,17-02-2024,384.84,79088.05,CL2616,10-01-2024,2654.46,Rejected
P2617,C2617,Rohan Desai,Delhi,Male,63,Travel,22-06-2023,21-06-2024,1305.96,55144.34,CL2617,,0,Rejected
P2618,C2618,Sneha Iyer,Lucknow,Male,67,Travel,07-10-2025,07-10-2026,1475.09,98525.36,CL2618,13-10-2025,4910.19,Settled
P2619,C2619,Sai Kumar,Mumbai,Female,63,Auto,07-06-2023,06-06-2024,1235.78,53669.64,CL2619,,0,Rejected
P2620,C2620,Pooja Sharma,Jaipur,Female,43,Travel,04-06-2024,04-06-2025,1442.77,91994.96,CL2620,25-01-2025,8842.11,Settled
P2621,C2621,Kavya Reddy,Indore,Male,73,Auto,04-07-2025,04-07-2026,811.84,20561.12,CL2621,20-03-2026,1180.05,Pending
P2622,C2622,Priya Nair,Bengaluru,Female,37,Auto,10-03-2024,10-03-2025,1476.07,83755.67,CL2622,,0,Rejected
P2623,C2623,Kunal Mehta,Kolkata,Female,58,Travel,21-07-2025,21-07-2026,708.48,41882.71,CL2623,11-02-2026,3020.24,Settled
P2624,C2624,Aditya Verma,Jaipur,Male,60,Health,14-03-2025,14-03-2026,1209.11,93086.2,CL2624,,0,Rejected
P2625,C2625,Kunal Mehta,Chennai,Female,63,Auto,26-03-2024,26-03-2025,510.85,58136.92,CL2625,,0,Rejected
P2626,C2626,Aarav Sharma,Chandigarh,Male,45,Auto,18-10-2025,18-10-2026,931.66,24488.26,CL2626,,0,Rejected
P2627,C2627,Pooja Sharma,Chennai,Male,28,Health,05-03-2024,05-03-2025,334.74,64797.83,CL2627,,0,Rejected
P2628,C2628,Ishita Singh,Lucknow,Male,70,Auto,06-01-2023,06-01-2024,886.83,76584.81,CL2628,15-06-2023,8056.01,Pending
P2629,C2629,Sneha Iyer,Chennai,Male,37,Travel,27-09-2023,26-09-2024,1289.94,70148.99,CL2629,01-01-2024,5887.74,Settled
P2630,C2630,Vihaan Reddy,Chennai,Female,32,Travel,03-09-2023,02-09-2024,1180.84,24226.74,CL2630,28-03-2024,6081.12,Settled
P2631,C2631,Meera Kulkarni,Chennai,Male,29,Health,27-01-2023,27-01-2024,1038.84,45918.29,CL2631,03-12-2023,6108.03,Settled
P2632,C2632,Sai Kumar,Chandigarh,Female,45,Health,28-07-2025,28-07-2026,927.5,36650.75,CL2632,08-01-2026,1846.48,Pending
P2633,C2633,Ananya Gupta,Chandigarh,Male,43,Travel,10-11-2025,10-11-2026,840.24,51221.58,CL2633,09-06-2026,9731.23,Pending
P2634,C2634,Ishita Singh,Chennai,Female,42,Health,09-03-2025,09-03-2026,768.03,69331.75,CL2634,09-02-2026,9096.22,Rejected
P2635,C2635,Vivaan Patel,Delhi,Female,64,Health,03-10-2023,02-10-2024,424.82,87350.54,CL2635,28-03-2024,4437.95,Settled
P2636,C2636,Vihaan Reddy,Jaipur,Male,34,Auto,20-06-2024,20-06-2025,1177.13,85152.17,CL2636,04-12-2024,5946.8,Rejected
P2637,C2637,Arjun Nair,Hyderabad,Female,64,Health,15-11-2025,15-11-2026,330.45,59071.25,CL2637,08-01-2026,5358.29,Settled
P2638,C2638,Rohan Desai,Mumbai,Female,62,Auto,19-06-2024,19-06-2025,977.83,58836.65,CL2638,,0,Rejected
P2639,C2639,Kunal Mehta,Delhi,Female,34,Auto,30-04-2024,30-04-2025,906.79,78705.67,CL2639,24-05-2024,4496.43,Rejected
P2640,C2640,Vihaan Reddy,Indore,Female,70,Health,30-09-2024,30-09-2025,1184.5,58099.23,CL2640,19-06-2025,7634.32,Rejected
P2641,C2641,Ishita Singh,Mumbai,Female,61,Travel,27-05-2024,27-05-2025,954.14,41948.61,CL2641,,0,Rejected
P2642,C2642,Aarav Sharma,Jaipur,Female,39,Auto,11-07-2023,10-07-2024,1340.97,33431.61,CL2642,20-09-2023,3881.92,Pending
P2643,C2643,Ananya Gupta,Chandigarh,Female,38,Auto,26-09-2025,26-09-2026,668.38,96548.42,CL2643,09-10-2025,3942.17,Settled
P2644,C2644,Aarav Sharma,Kolkata,Female,31,Travel,10-04-2025,10-04-2026,588.59,97940.26,CL2644,,0,Rejected
P2645,C2645,Neha Joshi,Pune,Male,31,Health,15-10-2025,15-10-2026,546.83,63658.42,CL2645,19-01-2026,9406.46,Pending
P2646,C2646,Meera Kulkarni,Lucknow,Female,51,Health,26-06-2023,25-06-2024,393.95,83327.13,CL2646,02-04-2024,2563.12,Rejected
P2647,C2647,Ananya Gupta,Delhi,Male,26,Auto,18-10-2025,18-10-2026,801.51,84337.48,CL2647,12-06-2026,8198.91,Pending
P2648,C2648,Kavya Reddy,Chandigarh,Male,71,Auto,19-10-2024,19-10-2025,546.91,43501.88,CL2648,,0,Rejected
P2649,C2649,Aditya Verma,Delhi,Female,25,Health,22-09-2025,22-09-2026,443.63,70646.39,CL2649,10-11-2025,5056.18,Rejected
P2650,C2650,Kunal Mehta,Mumbai,Female,49,Auto,21-06-2023,20-06-2024,1274.62,88248.75,CL2650,08-10-2023,4039.53,Rejected
P2651,C2651,Aditya Verma,Jaipur,Male,37,Auto,23-10-2024,23-10-2025,1308.09,32257.72,CL2651,,0,Rejected
P2652,C2652,Neha Joshi,Indore,Female,70,Auto,04-08-2025,04-08-2026,579.7,51770.19,CL2652,,0,Rejected
P2653,C2653,Aditya Verma,Bengaluru,Male,30,Auto,14-10-2024,14-10-2025,1110.27,81904.67,CL2653,24-12-2024,8444.66,Pending
P2654,C2654,Priya Nair,Hyderabad,Female,36,Travel,21-10-2024,21-10-2025,1137.85,71382.3,CL2654,25-05-2025,3805.67,Settled
P2655,C2655,Ananya Gupta,Indore,Female,35,Health,23-12-2024,23-12-2025,1346.91,20967.86,CL2655,16-08-2025,2154.19,Pending
P2656,C2656,Vivaan Patel,Pune,Female,47,Health,27-02-2023,27-02-2024,352.12,86496.24,CL2656,12-12-2023,3456.58,Pending
P2657,C2657,Pooja Sharma,Pune,Male,21,Auto,17-11-2025,17-11-2026,606.02,57839.48,CL2657,07-06-2026,4230.06,Pending
P2658,C2658,Ishita Singh,Chennai,Female,41,Travel,19-07-2023,18-07-2024,1442.63,78407.13,CL2658,,0,Rejected
P2659,C2659,Aarav Sharma,Bengaluru,Female,24,Travel,11-05-2025,11-05-2026,313.4,58799.16,CL2659,01-05-2026,4523.97,Pending
P2660,C2660,Vihaan Reddy,Lucknow,Male,59,Health,26-08-2024,26-08-2025,1359.14,49525.91,CL2660,05-10-2024,9273.08,Rejected
P2661,C2661,Arjun Nair,Ahmedabad,Female,34,Travel,16-08-2025,16-08-2026,810.77,98908.27,CL2661,,0,Rejected
P2662,C2662,Pooja Sharma,Mumbai,Male,36,Health,18-06-2025,18-06-2026,666.68,22896.32,CL2662,17-10-2025,8231.51,Settled
P2663,C2663,Priya Nair,Lucknow,Male,62,Travel,30-07-2023,29-07-2024,315.62,25773.24,CL2663,23-10-2023,8065.79,Pending
P2664,C2664,Rohan Desai,Kolkata,Male,34,Auto,13-10-2024,13-10-2025,521.53,46445.39,CL2664,,0,Rejected
P2665,C2665,Priya Nair,Kolkata,Male,29,Health,11-10-2024,11-10-2025,1247.93,74656.73,CL2665,08-01-2025,6617.43,Pending
P2666,C2666,Sai Kumar,Kolkata,Male,68,Auto,12-09-2024,12-09-2025,431.21,62799.82,CL2666,17-07-2025,6802.83,Settled
P2667,C2667,Ananya Gupta,Mumbai,Male,65,Auto,30-03-2024,30-03-2025,304.19,85198.21,CL2667,08-05-2024,3575.08,Pending
P2668,C2668,Arjun Nair,Lucknow,Male,58,Auto,20-06-2024,20-06-2025,703.28,37696.84,CL2668,10-07-2024,7659.06,Rejected
P2669,C2669,Priya Nair,Ahmedabad,Female,42,Health,23-10-2023,22-10-2024,759.28,90527.38,CL2669,16-10-2024,3453.8,Rejected
P2670,C2670,Arjun Nair,Bengaluru,Female,31,Health,18-10-2024,18-10-2025,1444.86,33894.3,CL2670,22-02-2025,7296.69,Settled
P2671,C2671,Arjun Nair,Pune,Male,72,Auto,26-04-2025,26-04-2026,408.56,86403.56,CL2671,30-03-2026,3357.75,Rejected
P2672,C2672,Priya Nair,Indore,Male,68,Health,28-04-2025,28-04-2026,1365.76,90725.52,CL2672,,0,Rejected
P2673,C2673,Aditya Verma,Chennai,Female,44,Health,09-08-2024,09-08-2025,1383.59,24674.04,CL2673,04-11-2024,5386.18,Pending
P2674,C2674,Pooja Sharma,Chennai,Female,65,Auto,18-03-2025,18-03-2026,513.07,30458.12,CL2674,01-03-2026,4555.3,Settled
P2675,C2675,Pooja Sharma,Lucknow,Female,44,Health,28-09-2025,28-09-2026,268.83,70141.54,CL2675,28-06-2026,8125.85,Settled
P2676,C2676,Rohan Desai,Delhi,Male,68,Auto,30-06-2025,30-06-2026,377.06,84450.68,CL2676,08-05-2026,6720.38,Pending
P2677,C2677,Pooja Sharma,Bengaluru,Female,64,Health,10-05-2023,09-05-2024,1228.12,54298.4,CL2677,05-07-2023,2402.92,Rejected
P2678,C2678,Aditya Verma,Indore,Female,40,Auto,06-04-2023,05-04-2024,403.37,56642.59,CL2678,21-07-2023,3110.17,Settled
P2679,C2679,Vihaan Reddy,Mumbai,Female,69,Health,11-12-2025,11-12-2026,727.57,49214.03,CL2679,13-06-2026,1591.81,Pending
P2680,C2680,Kavya Reddy,Bengaluru,Male,29,Travel,18-09-2024,18-09-2025,689.33,69035.5,CL2680,07-06-2025,6406.07,Pending
P2681,C2681,Meera Kulkarni,Chandigarh,Female,35,Travel,07-02-2025,07-02-2026,1486.19,47386.48,CL2681,17-11-2025,4343.99,Rejected
P2682,C2682,Kavya Reddy,Hyderabad,Female,61,Health,08-06-2024,08-06-2025,1181.82,89129.4,CL2682,22-12-2024,6780.46,Settled
P2683,C2683,Sneha Iyer,Mumbai,Male,58,Travel,20-08-2024,20-08-2025,1010.32,94433.65,CL2683,,0,Rejected
P2684,C2684,Vivaan Patel,Mumbai,Female,61,Auto,06-02-2024,05-02-2025,617.15,52314.46,CL2684,,0,Rejected
P2685,C2685,Ishita Singh,Pune,Female,43,Travel,19-05-2023,18-05-2024,499.55,50927.59,CL2685,,0,Rejected
P2686,C2686,Priya Nair,Chennai,Female,31,Auto,22-10-2025,22-10-2026,1122.56,83535.69,CL2686,,0,Rejected
P2687,C2687,Ananya Gupta,Chennai,Female,70,Travel,02-03-2024,02-03-2025,594.69,76452.73,CL2687,18-10-2024,9749.3,Settled
P2688,C2688,Pooja Sharma,Delhi,Male,52,Travel,26-10-2025,26-10-2026,1251.42,26848.01,CL2688,,0,Rejected
P2689,C2689,Rohan Desai,Jaipur,Male,24,Health,16-01-2023,16-01-2024,1479.55,60771.52,CL2689,23-08-2023,9479.57,Settled
P2690,C2690,Meera Kulkarni,Kolkata,Male,58,Auto,18-04-2025,18-04-2026,853.39,45330.47,CL2690,16-05-2025,7201.39,Pending
P2691,C2691,Vivaan Patel,Chennai,Male,58,Travel,03-07-2024,03-07-2025,1463.07,45181.23,CL2691,24-04-2025,9352.04,Pending
P2692,C2692,Vivaan Patel,Mumbai,Female,65,Health,27-08-2025,27-08-2026,437.85,72991.83,CL2692,13-09-2025,5517.05,Rejected
P2693,C2693,Arjun Nair,Mumbai,Male,36,Health,27-01-2025,27-01-2026,857.75,42493.46,CL2693,,0,Rejected
P2694,C2694,Vivaan Patel,Lucknow,Male,62,Auto,10-10-2025,10-10-2026,848.08,46118.82,CL2694,22-05-2026,5103.57,Settled
P2695,C2695,Aarav Sharma,Indore,Female,62,Auto,02-12-2023,01-12-2024,528.08,24752.2,CL2695,20-07-2024,6120.19,Settled
P2696,C2696,Aarav Sharma,Ahmedabad,Female,45,Travel,23-05-2025,23-05-2026,1199.22,55927.33,CL2696,06-03-2026,8959.3,Rejected
P2697,C2697,Pooja Sharma,Chennai,Male,46,Auto,15-06-2024,15-06-2025,335.15,57735.63,CL2697,20-09-2024,4151.42,Rejected
P2698,C2698,Ananya Gupta,Indore,Male,27,Travel,09-03-2023,08-03-2024,333.65,34518.08,CL2698,,0,Rejected
P2699,C2699,Sneha Iyer,Lucknow,Female,69,Auto,25-10-2023,24-10-2024,1280.63,37242.45,CL2699,,0,Rejected
P2700,C2700,Ananya Gupta,Ahmedabad,Male,61,Travel,08-12-2025,08-12-2026,1489.23,67845.69,CL2700,13-12-2025,3489.84,Pending
P2701,C2701,Arjun Nair,Delhi,Female,73,Travel,14-12-2023,13-12-2024,988.14,80579.43,CL2701,26-08-2024,2650.92,Settled
P2702,C2702,Meera Kulkarni,Bengaluru,Male,40,Auto,08-07-2024,08-07-2025,1376.92,50859.9,CL2702,,0,Rejected
P2703,C2703,Neha Joshi,Pune,Male,67,Health,11-05-2023,10-05-2024,315.94,67377.53,CL2703,15-06-2023,7328.4,Settled
P2704,C2704,Sneha Iyer,Bengaluru,Male,57,Travel,19-12-2025,19-12-2026,1121.37,63183.75,CL2704,03-03-2026,4361.56,Rejected
P2705,C2705,Vihaan Reddy,Hyderabad,Female,51,Health,08-03-2024,08-03-2025,1164.73,51598.11,CL2705,,0,Rejected
P2706,C2706,Sneha Iyer,Bengaluru,Male,65,Travel,01-10-2024,01-10-2025,949.37,75562.72,CL2706,,0,Rejected
P2707,C2707,Ananya Gupta,Lucknow,Male,47,Auto,30-06-2024,30-06-2025,416.51,37246.7,CL2707,06-04-2025,2363.86,Pending
P2708,C2708,Pooja Sharma,Delhi,Male,28,Health,03-04-2025,03-04-2026,1297.89,91379.89,CL2708,,0,Rejected
P2709,C2709,Neha Joshi,Jaipur,Male,56,Travel,26-07-2025,26-07-2026,1427.96,44200.67,CL2709,,0,Rejected
P2710,C2710,Sai Kumar,Indore,Male,38,Travel,22-05-2025,22-05-2026,700.64,45456.11,CL2710,11-10-2025,3142.64,Settled
P2711,C2711,Ishita Singh,Bengaluru,Male,32,Travel,06-02-2024,05-02-2025,1080.16,93975.08,CL2711,,0,Rejected
P2712,C2712,Ananya Gupta,Jaipur,Male,52,Travel,08-07-2025,08-07-2026,575.6,51176.42,CL2712,13-08-2025,1916.2,Rejected
P2713,C2713,Vivaan Patel,Delhi,Female,57,Travel,08-03-2024,08-03-2025,637.93,66050.16,CL2713,29-12-2024,6007.27,Rejected
P2714,C2714,Vivaan Patel,Bengaluru,Female,41,Health,06-12-2024,06-12-2025,494.46,86490.25,CL2714,29-03-2025,7416.09,Pending
P2715,C2715,Rohan Desai,Mumbai,Male,64,Travel,10-12-2023,09-12-2024,423.37,50927.76,CL2715,18-12-2023,7988.33,Rejected
P2716,C2716,Pooja Sharma,Delhi,Female,65,Auto,06-07-2024,06-07-2025,537.63,82726.18,CL2716,05-01-2025,2557.55,Pending
P2717,C2717,Neha Joshi,Lucknow,Female,73,Health,25-04-2025,25-04-2026,762.61,44128.07,CL2717,27-02-2026,8471.69,Pending
P2718,C2718,Sneha Iyer,Indore,Female,71,Auto,18-09-2023,17-09-2024,775.92,99572.13,CL2718,24-09-2023,3190.16,Settled
P2719,C2719,Arjun Nair,Indore,Female,64,Travel,22-10-2024,22-10-2025,1442.73,99899.58,CL2719,,0,Rejected
P2720,C2720,Neha Joshi,Pune,Female,75,Travel,18-05-2024,18-05-2025,957.44,45847.22,CL2720,,0,Rejected
P2721,C2721,Vivaan Patel,Pune,Male,47,Health,05-11-2023,04-11-2024,1396.78,26772.86,CL2721,,0,Rejected
P2722,C2722,Aditya Verma,Jaipur,Male,66,Health,13-04-2025,13-04-2026,1277.72,39888.51,CL2722,02-11-2025,5428.81,Pending
P2723,C2723,Pooja Sharma,Indore,Female,71,Health,05-07-2025,05-07-2026,628.59,75572.74,CL2723,11-02-2026,7820.65,Rejected
P2724,C2724,Rohan Desai,Jaipur,Male,51,Health,30-04-2023,29-04-2024,1085.43,26020.49,CL2724,,0,Rejected
P2725,C2725,Vivaan Patel,Lucknow,Male,26,Health,22-02-2023,22-02-2024,540.72,69054.51,CL2725,,0,Rejected
P2726,C2726,Sai Kumar,Pune,Male,44,Auto,11-12-2025,11-12-2026,901.65,77151.96,CL2726,10-05-2026,2082.1,Pending
P2727,C2727,Priya Nair,Hyderabad,Male,31,Auto,16-01-2023,16-01-2024,1098.39,35928.61,CL2727,04-04-2023,4547.89,Rejected
P2728,C2728,Arjun Nair,Kolkata,Female,59,Health,03-04-2024,03-04-2025,943.59,57985.24,CL2728,,0,Rejected
P2729,C2729,Pooja Sharma,Ahmedabad,Female,68,Auto,19-05-2024,19-05-2025,348.29,98186.96,CL2729,29-08-2024,7412.7,Settled
P2730,C2730,Arjun Nair,Chennai,Male,66,Travel,19-06-2025,19-06-2026,941.62,59027.32,CL2730,23-02-2026,8410.55,Settled
P2731,C2731,Kunal Mehta,Ahmedabad,Female,34,Health,01-03-2023,29-02-2024,618.76,32384.17,CL2731,27-12-2023,5873.05,Settled
P2732,C2732,Sneha Iyer,Kolkata,Female,36,Health,12-03-2024,12-03-2025,1200.65,44473.47,CL2732,03-02-2025,1625.95,Rejected
P2733,C2733,Meera Kulkarni,Hyderabad,Female,31,Auto,31-08-2025,31-08-2026,473.14,29878.76,CL2733,18-12-2025,2144.16,Rejected
P2734,C2734,Arjun Nair,Indore,Female,44,Auto,20-03-2023,19-03-2024,1168.58,88957.46,CL2734,26-12-2023,9347.35,Pending
P2735,C2735,Vivaan Patel,Ahmedabad,Male,33,Auto,19-04-2024,19-04-2025,335.6,33907.96,CL2735,,0,Rejected
P2736,C2736,Arjun Nair,Pune,Male,57,Health,08-04-2025,08-04-2026,389.11,46663.61,CL2736,06-11-2025,1030.69,Rejected
P2737,C2737,Vihaan Reddy,Hyderabad,Female,64,Health,06-07-2025,06-07-2026,331.1,77196.35,CL2737,06-06-2026,5410.97,Settled
P2738,C2738,Aditya Verma,Mumbai,Male,53,Travel,17-08-2023,16-08-2024,280.49,52952.7,CL2738,,0,Rejected
P2739,C2739,Rohan Desai,Chandigarh,Female,60,Travel,24-10-2023,23-10-2024,1166.32,70393.91,CL2739,12-11-2023,6450.54,Rejected
P2740,C2740,Neha Joshi,Bengaluru,Male,46,Health,24-04-2025,24-04-2026,711.3,51392.9,CL2740,30-08-2025,3946.17,Settled
P2741,C2741,Priya Nair,Bengaluru,Male,26,Travel,10-10-2025,10-10-2026,657.94,88178.03,CL2741,20-11-2025,1487.33,Pending
P2742,C2742,Neha Joshi,Ahmedabad,Male,32,Auto,04-01-2023,04-01-2024,656.9,26657.35,CL2742,10-05-2023,6702.23,Pending
P2743,C2743,Pooja Sharma,Indore,Male,26,Travel,21-03-2025,21-03-2026,262.56,80980.26,CL2743,21-03-2025,4918.23,Settled
P2744,C2744,Kunal Mehta,Ahmedabad,Male,36,Travel,06-10-2025,06-10-2026,537.52,49555.75,CL2744,,0,Rejected
P2745,C2745,Sneha Iyer,Jaipur,Female,68,Health,29-06-2023,28-06-2024,1163.66,31909.91,CL2745,,0,Rejected
P2746,C2746,Aarav Sharma,Hyderabad,Female,48,Health,02-03-2024,02-03-2025,763.45,85743.82,CL2746,01-04-2024,6515.87,Pending
P2747,C2747,Kunal Mehta,Delhi,Male,56,Travel,23-10-2025,23-10-2026,1441.04,56634.51,CL2747,02-04-2026,4296.18,Settled
P2748,C2748,Kavya Reddy,Mumbai,Female,26,Auto,21-10-2025,21-10-2026,853.52,50539.7,CL2748,02-10-2026,2538.66,Rejected
P2749,C2749,Kunal Mehta,Bengaluru,Female,48,Travel,19-01-2025,19-01-2026,1004.79,68335.64,CL2749,24-06-2025,9180.23,Settled
P2750,C2750,Kunal Mehta,Indore,Male,59,Travel,29-06-2023,28-06-2024,686.11,20704.87,CL2750,17-08-2023,8120.27,Settled
P2751,C2751,Neha Joshi,Ahmedabad,Male,64,Health,22-12-2025,22-12-2026,1123.89,67396.26,CL2751,09-10-2026,3438.86,Settled
P2752,C2752,Aarav Sharma,Jaipur,Female,36,Travel,03-12-2024,03-12-2025,364.74,91719.39,CL2752,03-11-2025,1001.49,Rejected
P2753,C2753,Vihaan Reddy,Chandigarh,Male,61,Travel,14-10-2023,13-10-2024,412.81,64271.72,CL2753,14-10-2023,1116.45,Rejected
P2754,C2754,Pooja Sharma,Mumbai,Female,33,Auto,08-09-2023,07-09-2024,566.48,89680.53,CL2754,23-02-2024,1132.92,Settled
P2755,C2755,Vihaan Reddy,Delhi,Female,36,Travel,09-01-2025,09-01-2026,1033.55,91480.89,CL2755,15-08-2025,5730.85,Settled
P2756,C2756,Vihaan Reddy,Delhi,Male,35,Travel,21-09-2025,21-09-2026,412.12,89891.87,CL2756,,0,Rejected
P2757,C2757,Priya Nair,Chennai,Female,23,Health,21-06-2025,21-06-2026,1001.43,55681.89,CL2757,23-02-2026,3460.46,Rejected
P2758,C2758,Aarav Sharma,Ahmedabad,Male,29,Auto,29-03-2024,29-03-2025,613.04,20778.4,CL2758,26-03-2025,8653.49,Rejected
P2759,C2759,Arjun Nair,Indore,Male,45,Auto,18-07-2025,18-07-2026,781.4,86179.64,CL2759,19-07-2025,6277.24,Settled
P2760,C2760,Pooja Sharma,Indore,Male,27,Health,25-09-2023,24-09-2024,336.49,99121.98,CL2760,20-02-2024,6041.54,Pending
P2761,C2761,Sneha Iyer,Jaipur,Male,73,Travel,06-10-2025,06-10-2026,976.03,96805.52,CL2761,,0,Rejected
P2762,C2762,Rohan Desai,Chennai,Male,32,Travel,24-04-2023,23-04-2024,1273.84,76425.63,CL2762,,0,Rejected
P2763,C2763,Sneha Iyer,Hyderabad,Female,22,Health,12-12-2024,12-12-2025,366.68,60703.98,CL2763,,0,Rejected
P2764,C2764,Ishita Singh,Ahmedabad,Male,23,Auto,26-08-2023,25-08-2024,1119.11,45426.44,CL2764,,0,Rejected
P2765,C2765,Aditya Verma,Delhi,Male,66,Health,28-05-2023,27-05-2024,519.91,80301.44,CL2765,24-04-2024,4811.58,Settled
P2766,C2766,Neha Joshi,Mumbai,Female,48,Health,05-05-2023,04-05-2024,597,33171.73,CL2766,01-05-2024,4726.17,Pending
P2767,C2767,Aarav Sharma,Indore,Male,68,Travel,24-10-2024,24-10-2025,1395.3,82756.13,CL2767,03-12-2024,6176.56,Rejected
P2768,C2768,Sneha Iyer,Chennai,Male,66,Travel,05-02-2025,05-02-2026,543.62,49517.88,CL2768,20-07-2025,1179.49,Pending
P2769,C2769,Rohan Desai,Mumbai,Male,33,Auto,21-10-2024,21-10-2025,345.76,35247.85,CL2769,17-02-2025,2274.73,Pending
P2770,C2770,Sai Kumar,Ahmedabad,Male,64,Auto,12-11-2025,12-11-2026,425.72,89480.86,CL2770,10-07-2026,1566.28,Pending
P2771,C2771,Neha Joshi,Pune,Male,26,Travel,26-11-2024,26-11-2025,1351.02,73203.45,CL2771,06-02-2025,3394.82,Pending
P2772,C2772,Rohan Desai,Chandigarh,Male,75,Health,24-08-2025,24-08-2026,1462.04,24138.61,CL2772,07-10-2025,3097.75,Settled
P2773,C2773,Ananya Gupta,Pune,Female,40,Health,18-02-2023,18-02-2024,1050.32,69170.86,CL2773,19-08-2023,1322.72,Pending
P2774,C2774,Ananya Gupta,Kolkata,Male,68,Auto,25-01-2023,25-01-2024,1474.51,86440.28,CL2774,23-08-2023,8265.02,Settled
P2775,C2775,Kavya Reddy,Jaipur,Female,34,Auto,15-09-2024,15-09-2025,1427.81,29965.45,CL2775,08-09-2025,5829.11,Settled
P2776,C2776,Kavya Reddy,Ahmedabad,Male,42,Travel,25-07-2025,25-07-2026,700.59,86685.3,CL2776,,0,Rejected
P2777,C2777,Sai Kumar,Chennai,Male,39,Travel,08-07-2025,08-07-2026,1228.08,22495.05,CL2777,07-01-2026,6734.4,Settled
P2778,C2778,Vivaan Patel,Jaipur,Female,38,Health,14-08-2023,13-08-2024,1010.1,42885.59,CL2778,02-06-2024,7766.02,Settled
P2779,C2779,Vivaan Patel,Pune,Male,73,Health,16-11-2023,15-11-2024,1030.59,97457.19,CL2779,03-10-2024,1701.03,Pending
P2780,C2780,Priya Nair,Ahmedabad,Male,43,Health,26-12-2025,26-12-2026,1394.1,41683.96,CL2780,13-12-2026,1325.43,Rejected
P2781,C2781,Sai Kumar,Jaipur,Male,36,Health,12-10-2024,12-10-2025,615.26,98556.65,CL2781,,0,Rejected
P2782,C2782,Aarav Sharma,Jaipur,Female,38,Auto,19-04-2024,19-04-2025,320.09,21951.19,CL2782,16-10-2024,1719.29,Rejected
P2783,C2783,Arjun Nair,Chennai,Male,37,Health,01-10-2025,01-10-2026,819.41,44041.61,CL2783,18-03-2026,5501.87,Rejected
P2784,C2784,Ishita Singh,Pune,Female,47,Travel,12-04-2024,12-04-2025,429.63,83508.34,CL2784,03-08-2024,6845.78,Rejected
P2785,C2785,Aditya Verma,Pune,Female,22,Auto,16-07-2023,15-07-2024,273.59,77734.33,CL2785,20-02-2024,4309.48,Settled
P2786,C2786,Aditya Verma,Indore,Female,26,Health,14-11-2024,14-11-2025,368,53757.43,CL2786,,0,Rejected
P2787,C2787,Vivaan Patel,Lucknow,Male,36,Travel,29-12-2025,29-12-2026,1133.36,57429.27,CL2787,30-11-2026,2675.61,Pending
P2788,C2788,Priya Nair,Bengaluru,Male,41,Auto,29-04-2025,29-04-2026,1468.02,76076.14,CL2788,31-08-2025,5742.8,Settled
P2789,C2789,Sai Kumar,Mumbai,Female,36,Health,17-11-2025,17-11-2026,1311.81,71985.83,CL2789,30-10-2026,4429.4,Pending
P2790,C2790,Meera Kulkarni,Kolkata,Female,43,Health,05-08-2025,05-08-2026,629.27,59098.28,CL2790,,0,Rejected
P2791,C2791,Ananya Gupta,Mumbai,Female,57,Travel,04-07-2024,04-07-2025,411.75,41108.05,CL2791,15-11-2024,5843.16,Pending
P2792,C2792,Vihaan Reddy,Indore,Female,23,Health,25-10-2023,24-10-2024,925.58,93439.79,CL2792,,0,Rejected
P2793,C2793,Ishita Singh,Indore,Female,60,Auto,04-10-2025,04-10-2026,1466.36,97319.77,CL2793,22-08-2026,3606.39,Pending
P2794,C2794,Kunal Mehta,Chennai,Female,22,Health,28-11-2025,28-11-2026,342.27,31467.54,CL2794,26-11-2026,6426.39,Rejected
P2795,C2795,Ishita Singh,Kolkata,Female,23,Health,04-08-2024,04-08-2025,1475.42,71209.09,CL2795,31-12-2024,5845.93,Rejected
P2796,C2796,Neha Joshi,Indore,Female,42,Travel,08-02-2024,07-02-2025,322.13,29249.18,CL2796,03-05-2024,6687.88,Rejected
P2797,C2797,Rohan Desai,Hyderabad,Female,51,Health,16-04-2025,16-04-2026,1109.51,36753.9,CL2797,28-01-2026,8897.05,Settled
P2798,C2798,Meera Kulkarni,Indore,Female,56,Auto,09-04-2024,09-04-2025,1458.83,56669.39,CL2798,26-03-2025,4827.65,Settled
P2799,C2799,Rohan Desai,Indore,Female,44,Auto,28-06-2025,28-06-2026,1188.98,69645.31,CL2799,,0,Rejected
P2800,C2800,Sneha Iyer,Kolkata,Male,51,Auto,04-06-2025,04-06-2026,717.13,29138.12,CL2800,14-02-2026,6042,Rejected
P2801,C2801,Ananya Gupta,Indore,Male,33,Health,19-08-2024,19-08-2025,916.98,47037.73,CL2801,,0,Rejected
P2802,C2802,Aditya Verma,Bengaluru,Female,64,Health,21-05-2023,20-05-2024,1073.75,86512.35,CL2802,01-08-2023,4448.5,Settled
P2803,C2803,Pooja Sharma,Ahmedabad,Female,58,Health,16-09-2023,15-09-2024,307.59,29075.81,CL2803,13-06-2024,4598.96,Rejected
P2804,C2804,Aarav Sharma,Bengaluru,Male,74,Auto,21-01-2023,21-01-2024,961.63,25701.96,CL2804,15-05-2023,5014.7,Pending
P2805,C2805,Vivaan Patel,Chandigarh,Female,22,Travel,10-12-2024,10-12-2025,900.46,47875.81,CL2805,15-05-2025,3044.83,Pending
P2806,C2806,Ananya Gupta,Mumbai,Female,53,Health,18-07-2025,18-07-2026,1067.07,87517.33,CL2806,,0,Rejected
P2807,C2807,Aarav Sharma,Lucknow,Female,26,Travel,06-06-2023,05-06-2024,915.49,22884.71,CL2807,26-12-2023,3356.31,Settled
P2808,C2808,Kavya Reddy,Chandigarh,Female,68,Auto,01-09-2025,01-09-2026,872.4,27007.18,CL2808,,0,Rejected
P2809,C2809,Ananya Gupta,Lucknow,Female,37,Auto,28-12-2023,27-12-2024,447.2,22367.87,CL2809,,0,Rejected
P2810,C2810,Aarav Sharma,Kolkata,Female,47,Auto,23-04-2024,23-04-2025,402.87,86870.09,CL2810,01-01-2025,3269.92,Pending
P2811,C2811,Kavya Reddy,Chennai,Female,51,Health,11-11-2023,10-11-2024,674.21,51822.15,CL2811,16-02-2024,7915.35,Rejected
P2812,C2812,Kunal Mehta,Delhi,Female,25,Auto,27-12-2025,27-12-2026,1047.37,63872.45,CL2812,,0,Rejected
P2813,C2813,Priya Nair,Pune,Male,52,Health,03-09-2025,03-09-2026,1198.1,61130.6,CL2813,04-04-2026,3430.73,Pending
P2814,C2814,Aarav Sharma,Lucknow,Male,55,Auto,03-05-2023,02-05-2024,789.95,63025.99,CL2814,27-02-2024,5180.8,Settled
P2815,C2815,Neha Joshi,Indore,Female,26,Travel,08-11-2024,08-11-2025,1160.73,86099.07,CL2815,18-04-2025,5642.05,Pending
P2816,C2816,Meera Kulkarni,Pune,Female,25,Auto,18-03-2023,17-03-2024,549.15,93779.9,CL2816,27-05-2023,9821.53,Rejected
P2817,C2817,Vivaan Patel,Chennai,Male,57,Travel,25-03-2024,25-03-2025,677.23,58648.47,CL2817,,0,Rejected
P2818,C2818,Sai Kumar,Mumbai,Female,21,Travel,27-05-2024,27-05-2025,864.56,60302.75,CL2818,18-03-2025,9178.17,Rejected
P2819,C2819,Aditya Verma,Indore,Male,64,Travel,03-09-2023,02-09-2024,1198.4,65709.4,CL2819,,0,Rejected
P2820,C2820,Sai Kumar,Kolkata,Male,56,Travel,30-04-2023,29-04-2024,1009.87,65304.04,CL2820,,0,Rejected
P2821,C2821,Rohan Desai,Indore,Female,48,Auto,02-11-2024,02-11-2025,956.58,52060.61,CL2821,27-10-2025,6610.44,Settled
P2822,C2822,Aarav Sharma,Ahmedabad,Female,40,Travel,25-12-2025,25-12-2026,1070.75,41374.04,CL2822,25-10-2026,8310.1,Settled
P2823,C2823,Ishita Singh,Chennai,Female,48,Health,18-03-2024,18-03-2025,1351.36,20722.8,CL2823,26-12-2024,4043.82,Pending
P2824,C2824,Priya Nair,Chennai,Male,33,Auto,21-06-2023,20-06-2024,767.12,60899.51,CL2824,03-06-2024,9917.07,Settled
P2825,C2825,Meera Kulkarni,Ahmedabad,Female,69,Travel,25-11-2025,25-11-2026,1000.94,87316.56,CL2825,12-03-2026,8193.75,Rejected
P2826,C2826,Kavya Reddy,Ahmedabad,Female,38,Health,16-07-2024,16-07-2025,386.7,87750.68,CL2826,13-07-2025,4587.03,Rejected
P2827,C2827,Aarav Sharma,Kolkata,Female,74,Auto,18-01-2024,17-01-2025,350.04,93684.35,CL2827,08-12-2024,6595.05,Settled
P2828,C2828,Neha Joshi,Jaipur,Male,52,Auto,17-09-2024,17-09-2025,1274.55,66776.97,CL2828,07-12-2024,8974.27,Settled
P2829,C2829,Kunal Mehta,Delhi,Male,21,Health,24-11-2024,24-11-2025,299.87,36275.24,CL2829,22-03-2025,1936.89,Pending
P2830,C2830,Meera Kulkarni,Hyderabad,Male,22,Auto,30-08-2025,30-08-2026,1260.13,79730.14,CL2830,,0,Rejected
P2831,C2831,Kunal Mehta,Hyderabad,Male,74,Travel,28-02-2023,28-02-2024,411.13,84371.58,CL2831,23-09-2023,1227.79,Pending
P2832,C2832,Vivaan Patel,Delhi,Male,56,Auto,26-08-2024,26-08-2025,803.01,82094.59,CL2832,,0,Rejected
P2833,C2833,Ananya Gupta,Hyderabad,Female,55,Auto,29-12-2024,29-12-2025,770.19,94637.28,CL2833,20-11-2025,9274.25,Rejected
P2834,C2834,Priya Nair,Chandigarh,Female,41,Health,29-10-2025,29-10-2026,1476.86,20883.96,CL2834,08-05-2026,3203,Rejected
P2835,C2835,Arjun Nair,Hyderabad,Female,47,Auto,12-08-2023,11-08-2024,261.86,92970.79,CL2835,05-01-2024,9150.05,Rejected
P2836,C2836,Priya Nair,Chandigarh,Male,22,Health,08-10-2024,08-10-2025,336.64,93331.25,CL2836,,0,Rejected
P2837,C2837,Kunal Mehta,Kolkata,Male,33,Health,03-12-2024,03-12-2025,762.08,46209.13,CL2837,22-03-2025,8011.38,Pending
P2838,C2838,Ishita Singh,Chennai,Male,27,Auto,02-01-2023,02-01-2024,1460.2,41918.76,CL2838,20-03-2023,8451.7,Pending
P2839,C2839,Aditya Verma,Indore,Male,34,Auto,19-12-2023,18-12-2024,1240.81,65811.25,CL2839,18-08-2024,1661.36,Settled
P2840,C2840,Aditya Verma,Jaipur,Male,58,Health,19-02-2023,19-02-2024,1464.25,36370.65,CL2840,03-08-2023,4414.94,Pending
P2841,C2841,Meera Kulkarni,Hyderabad,Female,64,Health,29-12-2025,29-12-2026,1212.87,91295.05,CL2841,,0,Rejected
P2842,C2842,Aarav Sharma,Chennai,Male,27,Health,17-06-2025,17-06-2026,728.47,86865.04,CL2842,12-01-2026,7641.86,Rejected
P2843,C2843,Meera Kulkarni,Chennai,Male,45,Health,17-12-2023,16-12-2024,1417.07,36583.52,CL2843,11-03-2024,9771.72,Settled
P2844,C2844,Sneha Iyer,Indore,Male,27,Auto,03-08-2023,02-08-2024,996.8,87297.17,CL2844,01-10-2023,3824.61,Pending
P2845,C2845,Sneha Iyer,Pune,Female,23,Travel,27-08-2023,26-08-2024,360.81,91365.17,CL2845,24-12-2023,5789,Pending
P2846,C2846,Neha Joshi,Delhi,Male,25,Health,19-12-2025,19-12-2026,931.36,82146.9,CL2846,,0,Rejected
P2847,C2847,Ishita Singh,Delhi,Male,41,Travel,13-04-2024,13-04-2025,798.14,92042.96,CL2847,21-09-2024,3936.18,Settled
P2848,C2848,Pooja Sharma,Indore,Male,61,Health,15-04-2024,15-04-2025,456.79,99659.11,CL2848,29-01-2025,5965.72,Pending
P2849,C2849,Rohan Desai,Delhi,Female,72,Travel,29-11-2024,29-11-2025,933.43,97973.41,CL2849,23-08-2025,2127.79,Settled
P2850,C2850,Sneha Iyer,Delhi,Female,31,Travel,21-01-2025,21-01-2026,575.95,46641.44,CL2850,02-01-2026,9616.93,Settled
P2851,C2851,Neha Joshi,Hyderabad,Female,47,Health,01-06-2023,31-05-2024,1159.86,48059.08,CL2851,,0,Rejected
P2852,C2852,Ishita Singh,Kolkata,Female,40,Health,03-11-2023,02-11-2024,349.5,52092.38,CL2852,13-04-2024,7915.35,Settled
P2853,C2853,Neha Joshi,Kolkata,Female,40,Travel,19-05-2023,18-05-2024,878.41,64596.25,CL2853,,0,Rejected
P2854,C2854,Sai Kumar,Delhi,Female,53,Auto,19-02-2025,19-02-2026,639.79,69465.53,CL2854,10-06-2025,6196.97,Rejected
P2855,C2855,Aarav Sharma,Hyderabad,Female,75,Health,16-02-2023,16-02-2024,1305.83,86264.22,CL2855,20-03-2023,3581.25,Settled
P2856,C2856,Priya Nair,Indore,Female,38,Health,24-12-2023,23-12-2024,1380.85,45189.91,CL2856,20-06-2024,5943.99,Rejected
P2857,C2857,Rohan Desai,Kolkata,Male,55,Health,28-04-2024,28-04-2025,720.9,44089.19,CL2857,,0,Rejected
P2858,C2858,Rohan Desai,Hyderabad,Male,31,Health,18-01-2024,17-01-2025,1178.04,64543.19,CL2858,,0,Rejected
P2859,C2859,Pooja Sharma,Mumbai,Female,45,Health,26-06-2023,25-06-2024,945.62,35499.24,CL2859,01-06-2024,9782.21,Pending
P2860,C2860,Aditya Verma,Hyderabad,Male,63,Auto,14-07-2025,14-07-2026,288.85,35462.19,CL2860,17-03-2026,2846.34,Rejected
P2861,C2861,Rohan Desai,Indore,Male,60,Auto,22-08-2024,22-08-2025,1433.28,22637.58,CL2861,30-07-2025,1963.47,Rejected
P2862,C2862,Ishita Singh,Delhi,Male,53,Health,12-06-2023,11-06-2024,1445.53,52033.12,CL2862,,0,Rejected
P2863,C2863,Pooja Sharma,Delhi,Male,58,Travel,07-04-2023,06-04-2024,547.89,84466.93,CL2863,,0,Rejected
P2864,C2864,Pooja Sharma,Jaipur,Male,54,Auto,09-08-2024,09-08-2025,825.15,35793.97,CL2864,26-05-2025,5109.86,Settled
P2865,C2865,Meera Kulkarni,Kolkata,Male,59,Auto,07-01-2025,07-01-2026,911.94,56386.25,CL2865,26-09-2025,1452.37,Settled
P2866,C2866,Ishita Singh,Jaipur,Female,60,Auto,10-07-2025,10-07-2026,304.1,95138.16,CL2866,25-10-2025,3837.5,Rejected
P2867,C2867,Rohan Desai,Indore,Female,21,Travel,25-06-2025,25-06-2026,995.24,61574.96,CL2867,,0,Rejected
P2868,C2868,Rohan Desai,Ahmedabad,Female,70,Travel,26-09-2024,26-09-2025,1170.89,99163.77,CL2868,12-04-2025,4437.4,Rejected
P2869,C2869,Aarav Sharma,Kolkata,Female,33,Health,09-12-2025,09-12-2026,1028.09,21891.08,CL2869,,0,Rejected
P2870,C2870,Kunal Mehta,Pune,Male,64,Health,19-06-2025,19-06-2026,304.13,76405.83,CL2870,,0,Rejected
P2871,C2871,Pooja Sharma,Chandigarh,Female,75,Health,25-05-2024,25-05-2025,833.33,82189.44,CL2871,13-11-2024,7179.46,Pending
P2872,C2872,Ishita Singh,Indore,Female,41,Health,21-07-2023,20-07-2024,748.87,50355.86,CL2872,,0,Rejected
P2873,C2873,Rohan Desai,Indore,Female,48,Auto,16-05-2023,15-05-2024,480.47,93344.67,CL2873,29-09-2023,4711.78,Settled
P2874,C2874,Vivaan Patel,Delhi,Female,51,Travel,31-01-2023,31-01-2024,587.13,43471.78,CL2874,,0,Rejected
P2875,C2875,Priya Nair,Pune,Male,68,Travel,17-10-2025,17-10-2026,895.27,99435.48,CL2875,02-12-2025,1913.82,Settled
P2876,C2876,Rohan Desai,Jaipur,Female,74,Auto,26-10-2023,25-10-2024,1178.97,29680.78,CL2876,,0,Rejected
P2877,C2877,Aarav Sharma,Mumbai,Male,38,Auto,12-07-2023,11-07-2024,1182.26,78979.21,CL2877,10-08-2023,5814.5,Settled
P2878,C2878,Meera Kulkarni,Ahmedabad,Male,30,Auto,29-09-2023,28-09-2024,1493,36247.75,CL2878,31-05-2024,8128.52,Settled
P2879,C2879,Aarav Sharma,Delhi,Female,33,Health,31-10-2024,31-10-2025,1067.48,64561.77,CL2879,19-01-2025,7608.97,Settled
P2880,C2880,Kavya Reddy,Chandigarh,Female,64,Auto,17-02-2023,17-02-2024,1128.44,59030.88,CL2880,07-06-2023,6131.53,Rejected
P2881,C2881,Ananya Gupta,Delhi,Female,25,Auto,24-04-2025,24-04-2026,634.17,99436.13,CL2881,,0,Rejected
P2882,C2882,Vivaan Patel,Lucknow,Male,50,Auto,19-03-2025,19-03-2026,442.28,77960.62,CL2882,06-12-2025,5892.67,Rejected
P2883,C2883,Meera Kulkarni,Kolkata,Female,53,Travel,07-02-2025,07-02-2026,516,81228.58,CL2883,,0,Rejected
P2884,C2884,Sai Kumar,Bengaluru,Male,68,Health,27-10-2025,27-10-2026,1397.53,99248.68,CL2884,,0,Rejected
P2885,C2885,Priya Nair,Pune,Female,65,Health,06-12-2024,06-12-2025,558.48,30737.5,CL2885,18-05-2025,7068.43,Rejected
P2886,C2886,Sneha Iyer,Lucknow,Male,28,Auto,24-10-2025,24-10-2026,1414.25,99772.34,CL2886,28-03-2026,2832.97,Settled
P2887,C2887,Pooja Sharma,Hyderabad,Male,72,Health,30-10-2025,30-10-2026,832.88,30425.64,CL2887,30-11-2025,7531.69,Pending
P2888,C2888,Sai Kumar,Lucknow,Female,71,Auto,07-05-2024,07-05-2025,848,57347.8,CL2888,16-05-2024,3475.07,Rejected
P2889,C2889,Sai Kumar,Chennai,Female,28,Health,03-11-2025,03-11-2026,1466.02,76753.52,CL2889,30-08-2026,1753.19,Settled
P2890,C2890,Sneha Iyer,Chandigarh,Male,22,Health,10-01-2025,10-01-2026,835.28,55443.54,CL2890,13-06-2025,3093.59,Settled
P2891,C2891,Meera Kulkarni,Mumbai,Male,65,Health,07-04-2023,06-04-2024,691.68,21261.59,CL2891,12-10-2023,9459.14,Pending
P2892,C2892,Ananya Gupta,Mumbai,Male,69,Auto,16-03-2024,16-03-2025,652.88,20027.47,CL2892,,0,Rejected
P2893,C2893,Aarav Sharma,Lucknow,Male,24,Travel,17-06-2025,17-06-2026,1347.24,62452.43,CL2893,,0,Rejected
P2894,C2894,Arjun Nair,Pune,Female,67,Auto,17-01-2023,17-01-2024,300.13,68811.07,CL2894,,0,Rejected
P2895,C2895,Vivaan Patel,Ahmedabad,Male,69,Auto,26-07-2025,26-07-2026,902.06,66648.32,CL2895,09-07-2026,4321.69,Rejected
P2896,C2896,Pooja Sharma,Bengaluru,Male,47,Travel,11-07-2024,11-07-2025,1204.23,25968.83,CL2896,,0,Rejected
P2897,C2897,Neha Joshi,Chennai,Male,72,Travel,29-04-2025,29-04-2026,652.48,57812.8,CL2897,05-03-2026,8971.89,Rejected
P2898,C2898,Sai Kumar,Bengaluru,Male,54,Health,12-01-2023,12-01-2024,343.13,59251.59,CL2898,,0,Rejected
P2899,C2899,Vihaan Reddy,Delhi,Female,25,Auto,23-08-2024,23-08-2025,1412.9,78461.89,CL2899,17-08-2025,5778.74,Rejected
P2900,C2900,Sai Kumar,Delhi,Female,44,Travel,23-04-2024,23-04-2025,1131.31,20216.49,CL2900,04-12-2024,3605.08,Rejected
P2901,C2901,Vihaan Reddy,Pune,Female,31,Health,23-05-2023,22-05-2024,469.4,44226.12,CL2901,,0,Rejected
P2902,C2902,Sai Kumar,Chandigarh,Female,23,Travel,12-12-2025,12-12-2026,267.7,65872.17,CL2902,26-04-2026,1658.13,Rejected
P2903,C2903,Aditya Verma,Mumbai,Female,53,Auto,21-03-2023,20-03-2024,1367.36,94465.02,CL2903,,0,Rejected
P2904,C2904,Sneha Iyer,Delhi,Female,72,Travel,15-06-2024,15-06-2025,1170.38,36633.74,CL2904,26-11-2024,7334.93,Pending
P2905,C2905,Sai Kumar,Jaipur,Male,38,Auto,22-10-2025,22-10-2026,1029.87,97001.42,CL2905,,0,Rejected
P2906,C2906,Sneha Iyer,Indore,Female,41,Health,13-08-2025,13-08-2026,462.16,46109.68,CL2906,,0,Rejected
P2907,C2907,Sai Kumar,Delhi,Female,68,Health,14-11-2024,14-11-2025,1300.01,90210.02,CL2907,14-03-2025,4180.6,Settled
P2908,C2908,Sai Kumar,Delhi,Male,28,Health,06-06-2024,06-06-2025,720.17,77115.78,CL2908,20-08-2024,5462.28,Rejected
P2909,C2909,Kavya Reddy,Ahmedabad,Female,25,Travel,18-08-2025,18-08-2026,350.58,22389.35,CL2909,05-03-2026,4880.25,Pending
P2910,C2910,Ananya Gupta,Mumbai,Male,55,Auto,12-11-2024,12-11-2025,1133.51,51397.63,CL2910,31-10-2025,3608.4,Pending
P2911,C2911,Vihaan Reddy,Mumbai,Female,48,Travel,04-08-2025,04-08-2026,1037.9,34160.41,CL2911,12-05-2026,5128.81,Pending
P2912,C2912,Kunal Mehta,Delhi,Male,49,Health,11-03-2023,10-03-2024,1146.69,26480.01,CL2912,,0,Rejected
P2913,C2913,Pooja Sharma,Jaipur,Female,47,Health,20-01-2024,19-01-2025,768.55,79468.02,CL2913,04-01-2025,6182.44,Rejected
P2914,C2914,Vihaan Reddy,Bengaluru,Female,65,Auto,09-05-2024,09-05-2025,1093.23,39551.05,CL2914,,0,Rejected
P2915,C2915,Kunal Mehta,Lucknow,Male,65,Auto,27-04-2024,27-04-2025,270.59,55301.36,CL2915,18-07-2024,2926.83,Pending
P2916,C2916,Kavya Reddy,Mumbai,Male,48,Health,19-09-2024,19-09-2025,534.91,21896.02,CL2916,25-07-2025,9850.94,Rejected
P2917,C2917,Meera Kulkarni,Kolkata,Male,65,Health,20-01-2024,19-01-2025,548.18,90556.03,CL2917,,0,Rejected
P2918,C2918,Vihaan Reddy,Chandigarh,Female,60,Health,03-12-2023,02-12-2024,826.58,30796.21,CL2918,17-04-2024,4517.97,Settled
P2919,C2919,Sai Kumar,Indore,Male,44,Travel,19-09-2025,19-09-2026,1229.63,46508.35,CL2919,03-01-2026,4329.26,Settled
P2920,C2920,Rohan Desai,Jaipur,Female,24,Health,23-04-2023,22-04-2024,281.38,74499.36,CL2920,07-10-2023,8496.96,Rejected
P2921,C2921,Sai Kumar,Kolkata,Female,47,Travel,29-10-2023,28-10-2024,563.59,54861.84,CL2921,13-11-2023,3574.54,Pending
P2922,C2922,Arjun Nair,Ahmedabad,Male,62,Health,09-07-2024,09-07-2025,517.93,37108,CL2922,31-10-2024,1392.68,Pending
P2923,C2923,Ishita Singh,Lucknow,Male,56,Travel,08-12-2025,08-12-2026,1368.01,32185.09,CL2923,10-07-2026,8874.32,Settled
P2924,C2924,Ananya Gupta,Delhi,Male,65,Travel,02-12-2023,01-12-2024,476.93,42039.52,CL2924,22-06-2024,1200.78,Rejected
P2925,C2925,Vihaan Reddy,Bengaluru,Female,23,Travel,23-05-2025,23-05-2026,280.33,28950.74,CL2925,25-04-2026,8382.1,Pending
P2926,C2926,Aarav Sharma,Indore,Female,64,Auto,19-11-2025,19-11-2026,840.8,53821.65,CL2926,,0,Rejected
P2927,C2927,Aarav Sharma,Lucknow,Female,22,Travel,21-02-2023,21-02-2024,915.41,63892.85,CL2927,,0,Rejected
P2928,C2928,Aarav Sharma,Jaipur,Male,72,Health,09-11-2024,09-11-2025,1095.26,97107.16,CL2928,19-11-2024,7274.65,Pending
P2929,C2929,Vihaan Reddy,Mumbai,Male,33,Travel,03-06-2025,03-06-2026,374.2,46546.11,CL2929,02-08-2025,3444.44,Rejected
P2930,C2930,Meera Kulkarni,Ahmedabad,Female,55,Auto,15-02-2024,14-02-2025,494.66,44409.17,CL2930,25-03-2024,4940.46,Rejected
P2931,C2931,Priya Nair,Lucknow,Female,54,Travel,24-01-2024,23-01-2025,972.51,77056.76,CL2931,,0,Rejected
P2932,C2932,Kavya Reddy,Hyderabad,Male,25,Health,01-12-2024,01-12-2025,1433.72,98827.52,CL2932,23-03-2025,1036.16,Settled
P2933,C2933,Kavya Reddy,Hyderabad,Female,52,Auto,19-10-2024,19-10-2025,519.21,53948.31,CL2933,14-06-2025,7356.42,Settled
P2934,C2934,Meera Kulkarni,Delhi,Female,46,Travel,11-02-2025,11-02-2026,1225.07,43795.86,CL2934,,0,Rejected
P2935,C2935,Priya Nair,Delhi,Male,65,Health,22-04-2024,22-04-2025,254.91,41619.77,CL2935,,0,Rejected
P2936,C2936,Meera Kulkarni,Kolkata,Male,75,Auto,31-03-2024,31-03-2025,366.83,83968.6,CL2936,07-07-2024,5085.75,Rejected
P2937,C2937,Ananya Gupta,Mumbai,Female,37,Health,02-09-2023,01-09-2024,444.15,42585.08,CL2937,15-10-2023,7723.89,Rejected
P2938,C2938,Rohan Desai,Mumbai,Female,30,Auto,27-09-2023,26-09-2024,1052.51,67719.59,CL2938,03-12-2023,3562.88,Settled
P2939,C2939,Neha Joshi,Chennai,Male,59,Auto,04-06-2023,03-06-2024,1301.04,71711.26,CL2939,29-07-2023,7245.02,Settled
P2940,C2940,Sai Kumar,Pune,Male,43,Auto,25-01-2024,24-01-2025,421.76,74758.19,CL2940,,0,Rejected
P2941,C2941,Aarav Sharma,Hyderabad,Female,70,Auto,31-10-2024,31-10-2025,711.67,51390.85,CL2941,12-08-2025,2240.05,Pending
P2942,C2942,Priya Nair,Kolkata,Male,72,Auto,12-04-2025,12-04-2026,400.09,27946.37,CL2942,10-05-2025,7436.85,Pending
P2943,C2943,Kunal Mehta,Pune,Female,51,Travel,01-01-2024,31-12-2024,397.23,41596.81,CL2943,,0,Rejected
P2944,C2944,Kunal Mehta,Hyderabad,Female,37,Health,21-12-2025,21-12-2026,938.21,74491.54,CL2944,,0,Rejected
P2945,C2945,Pooja Sharma,Kolkata,Female,67,Travel,02-03-2025,02-03-2026,766.29,30237.45,CL2945,16-07-2025,5238.6,Pending
P2946,C2946,Sneha Iyer,Mumbai,Female,44,Auto,28-06-2024,28-06-2025,1235.28,26775.82,CL2946,,0,Rejected
P2947,C2947,Aditya Verma,Bengaluru,Male,64,Auto,10-10-2025,10-10-2026,893.02,86989.21,CL2947,,0,Rejected
P2948,C2948,Arjun Nair,Chennai,Male,27,Auto,29-04-2024,29-04-2025,1166.09,22149.69,CL2948,12-10-2024,4829.36,Rejected
P2949,C2949,Kavya Reddy,Ahmedabad,Female,23,Auto,09-08-2023,08-08-2024,598.26,74904.48,CL2949,23-12-2023,6924.34,Settled
P2950,C2950,Vihaan Reddy,Chandigarh,Female,69,Auto,10-11-2025,10-11-2026,1087.01,22398.23,CL2950,09-11-2026,3350.6,Settled
P2951,C2951,Sneha Iyer,Ahmedabad,Male,53,Health,03-04-2023,02-04-2024,1008.49,58073.93,CL2951,21-09-2023,7711.62,Pending
P2952,C2952,Ishita Singh,Lucknow,Female,47,Travel,02-10-2024,02-10-2025,575.54,61323.65,CL2952,21-12-2024,2242.64,Pending
P2953,C2953,Kunal Mehta,Hyderabad,Male,66,Auto,11-05-2025,11-05-2026,284.43,31673.77,CL2953,26-09-2025,4845.49,Settled
P2954,C2954,Sai Kumar,Bengaluru,Female,72,Travel,09-06-2025,09-06-2026,440.33,62770.84,CL2954,17-11-2025,2947.65,Settled
P2955,C2955,Priya Nair,Lucknow,Female,31,Health,16-06-2025,16-06-2026,550.32,68989.45,CL2955,07-11-2025,1342.59,Rejected
P2956,C2956,Vivaan Patel,Indore,Male,60,Auto,14-04-2023,13-04-2024,317.03,32562.23,CL2956,02-02-2024,6042.29,Pending
P2957,C2957,Vihaan Reddy,Mumbai,Male,58,Health,29-04-2023,28-04-2024,354.75,96475.48,CL2957,11-04-2024,4740.38,Settled
P2958,C2958,Meera Kulkarni,Mumbai,Male,39,Auto,15-03-2025,15-03-2026,757.74,95732.3,CL2958,31-12-2025,1451.71,Settled
P2959,C2959,Sai Kumar,Chennai,Female,53,Health,07-02-2024,06-02-2025,1393.11,39551.72,CL2959,01-07-2024,6216.4,Pending
P2960,C2960,Aarav Sharma,Kolkata,Female,65,Travel,29-05-2024,29-05-2025,764.26,25671.61,CL2960,11-03-2025,7395.75,Pending
P2961,C2961,Vivaan Patel,Indore,Male,36,Auto,10-04-2025,10-04-2026,760.86,24258.75,CL2961,19-12-2025,6961.08,Settled
P2962,C2962,Meera Kulkarni,Chennai,Male,66,Auto,09-08-2025,09-08-2026,1414.76,95996.89,CL2962,,0,Rejected
P2963,C2963,Kavya Reddy,Kolkata,Male,23,Travel,28-02-2023,28-02-2024,1086.28,95555.73,CL2963,30-05-2023,1881.23,Pending
P2964,C2964,Priya Nair,Chennai,Male,22,Travel,19-03-2024,19-03-2025,1029.3,89530.62,CL2964,20-04-2024,6676.15,Rejected
P2965,C2965,Meera Kulkarni,Chennai,Female,48,Travel,14-05-2024,14-05-2025,866.08,39043.89,CL2965,,0,Rejected
P2966,C2966,Kunal Mehta,Jaipur,Female,45,Auto,23-01-2023,23-01-2024,1305.51,54280.91,CL2966,27-10-2023,1749.83,Pending
P2967,C2967,Meera Kulkarni,Hyderabad,Female,27,Health,19-06-2024,19-06-2025,429.93,99783.48,CL2967,12-01-2025,3888.78,Rejected
P2968,C2968,Pooja Sharma,Jaipur,Female,21,Health,23-11-2024,23-11-2025,856.44,61169.07,CL2968,23-05-2025,6668.44,Settled
P2969,C2969,Kunal Mehta,Ahmedabad,Female,56,Health,24-08-2024,24-08-2025,1082.28,86521.57,CL2969,27-09-2024,9053.54,Pending
P2970,C2970,Aditya Verma,Indore,Male,60,Health,10-03-2023,09-03-2024,718.01,83250.92,CL2970,03-10-2023,3422.14,Rejected
P2971,C2971,Sneha Iyer,Chandigarh,Female,51,Auto,24-12-2025,24-12-2026,746.78,94625.35,CL2971,,0,Rejected
P2972,C2972,Priya Nair,Mumbai,Male,49,Auto,30-07-2025,30-07-2026,1305.55,37149.5,CL2972,12-02-2026,3379.53,Pending
P2973,C2973,Vihaan Reddy,Kolkata,Male,54,Travel,05-12-2024,05-12-2025,703.95,77641.09,CL2973,,0,Rejected
P2974,C2974,Priya Nair,Hyderabad,Male,34,Auto,28-01-2023,28-01-2024,1357.82,57345.47,CL2974,27-01-2024,7414.14,Rejected
P2975,C2975,Ananya Gupta,Chennai,Male,56,Auto,22-03-2025,22-03-2026,1341.02,48662.31,CL2975,17-10-2025,9751.86,Pending
P2976,C2976,Neha Joshi,Chandigarh,Male,35,Auto,09-07-2023,08-07-2024,934.47,29301.33,CL2976,08-03-2024,9968.84,Settled
P2977,C2977,Ishita Singh,Chennai,Female,47,Auto,19-04-2024,19-04-2025,1057.53,31932.33,CL2977,30-04-2024,4736.88,Pending
P2978,C2978,Aditya Verma,Jaipur,Male,38,Travel,12-09-2025,12-09-2026,1499.09,98633.9,CL2978,22-09-2025,1844.29,Settled
P2979,C2979,Kavya Reddy,Mumbai,Female,71,Health,07-09-2023,06-09-2024,1382.53,35235.46,CL2979,19-09-2023,4652.62,Rejected
P2980,C2980,Aditya Verma,Indore,Female,41,Health,04-06-2024,04-06-2025,930.71,60446.18,CL2980,01-03-2025,3923.94,Settled
P2981,C2981,Kavya Reddy,Bengaluru,Female,41,Travel,25-12-2024,25-12-2025,273.22,44466.69,CL2981,10-07-2025,6393.2,Rejected
P2982,C2982,Meera Kulkarni,Delhi,Male,75,Auto,16-01-2023,16-01-2024,869.27,67109.79,CL2982,02-04-2023,7500.62,Pending
P2983,C2983,Arjun Nair,Kolkata,Male,43,Health,27-01-2025,27-01-2026,543.02,38655.59,CL2983,,0,Rejected
P2984,C2984,Sneha Iyer,Indore,Female,26,Health,21-07-2024,21-07-2025,1200.9,27356.39,CL2984,17-09-2024,9533.43,Settled
P2985,C2985,Kunal Mehta,Hyderabad,Female,49,Health,23-04-2023,22-04-2024,615.21,59239.36,CL2985,,0,Rejected
P2986,C2986,Arjun Nair,Lucknow,Male,32,Auto,10-01-2025,10-01-2026,945.41,48765.81,CL2986,28-09-2025,4815.27,Settled
P2987,C2987,Vivaan Patel,Mumbai,Male,42,Health,20-03-2023,19-03-2024,1337.42,42065.46,CL2987,01-01-2024,9801.59,Rejected
P2988,C2988,Kunal Mehta,Delhi,Female,32,Health,10-04-2025,10-04-2026,1129.06,51636.11,CL2988,10-12-2025,3257.32,Settled
P2989,C2989,Rohan Desai,Pune,Male,41,Health,05-03-2023,04-03-2024,1111.35,37241.7,CL2989,,0,Rejected
P2990,C2990,Ananya Gupta,Pune,Male,58,Auto,09-04-2023,08-04-2024,514.76,40739.22,CL2990,07-11-2023,3995.12,Pending
P2991,C2991,Sneha Iyer,Lucknow,Female,30,Auto,07-02-2025,07-02-2026,1090.78,28839.3,CL2991,28-02-2025,8954.39,Settled
P2992,C2992,Vihaan Reddy,Kolkata,Male,63,Auto,12-09-2023,11-09-2024,558.55,61625.68,CL2992,03-12-2023,4278.14,Pending
P2993,C2993,Meera Kulkarni,Hyderabad,Female,32,Auto,15-10-2023,14-10-2024,489.89,67222.06,CL2993,05-10-2024,9090.84,Settled
P2994,C2994,Kavya Reddy,Ahmedabad,Male,52,Health,08-02-2023,08-02-2024,1180.47,51868.16,CL2994,14-06-2023,2917.9,Settled
P2995,C2995,Aarav Sharma,Chandigarh,Male,67,Health,26-04-2025,26-04-2026,502.94,24941.88,CL2995,,0,Rejected
P2996,C2996,Arjun Nair,Indore,Male,64,Travel,11-05-2025,11-05-2026,852.47,49715.85,CL2996,18-08-2025,6837.33,Settled
P2997,C2997,Sneha Iyer,Pune,Male,60,Auto,29-05-2025,29-05-2026,823.04,93234.31,CL2997,04-09-2025,6562.37,Rejected
P2998,C2998,Arjun Nair,Bengaluru,Male,31,Auto,14-01-2024,13-01-2025,364.82,94585.18,CL2998,03-03-2024,8600.22,Rejected
P2999,C2999,Neha Joshi,Mumbai,Male,73,Auto,05-08-2024,05-08-2025,563.96,82950.94,CL2999,20-04-2025,1728.27,Settled
P3000,C3000,Pooja Sharma,Chennai,Female,74,Auto,17-09-2025,17-09-2026,939.27,91913.85,CL3000,31-03-2026,6823.08,Settled
P3001,C3001,Vivaan Patel,Bengaluru,Male,54,Travel,24-10-2024,24-10-2025,1316.91,92933.61,CL3001,16-04-2025,8623.09,Rejected
P3002,C3002,Priya Nair,Chandigarh,Male,71,Travel,07-10-2023,06-10-2024,466.68,36779.71,CL3002,18-05-2024,6693.17,Rejected
P3003,C3003,Vivaan Patel,Chennai,Female,29,Auto,28-10-2024,28-10-2025,941.57,89355.27,CL3003,03-03-2025,7028.62,Rejected
P3004,C3004,Arjun Nair,Delhi,Female,34,Health,15-04-2025,15-04-2026,1260.6,36902.16,CL3004,,0,Rejected
P3005,C3005,Kunal Mehta,Indore,Female,67,Travel,28-01-2024,27-01-2025,1009.94,59945.44,CL3005,01-06-2024,5964.16,Settled
P3006,C3006,Ananya Gupta,Ahmedabad,Male,53,Auto,22-06-2024,22-06-2025,567.64,55330.06,CL3006,,0,Rejected
P3007,C3007,Sneha Iyer,Pune,Male,60,Travel,08-04-2023,07-04-2024,1320.41,79866.87,CL3007,,0,Rejected
P3008,C3008,Ishita Singh,Chennai,Female,47,Auto,20-09-2025,20-09-2026,721.77,66439.11,CL3008,18-12-2025,8329.66,Pending
P3009,C3009,Aditya Verma,Kolkata,Male,25,Auto,12-03-2023,11-03-2024,1476.18,72786.29,CL3009,12-08-2023,4473.06,Rejected
P3010,C3010,Neha Joshi,Indore,Female,48,Health,25-11-2025,25-11-2026,1380.97,45773,CL3010,,0,Rejected
P3011,C3011,Aditya Verma,Kolkata,Male,42,Auto,15-04-2025,15-04-2026,356.32,74943.05,CL3011,10-02-2026,6081.88,Pending
P3012,C3012,Rohan Desai,Indore,Female,71,Travel,17-12-2024,17-12-2025,1399.15,55615.66,CL3012,16-04-2025,2332.41,Pending
P3013,C3013,Meera Kulkarni,Bengaluru,Male,72,Auto,08-11-2023,07-11-2024,1196.71,49811.79,CL3013,08-12-2023,4783.51,Rejected
P3014,C3014,Kunal Mehta,Bengaluru,Female,34,Health,03-12-2024,03-12-2025,543.97,46921.75,CL3014,05-08-2025,3557.28,Rejected
P3015,C3015,Rohan Desai,Kolkata,Female,28,Health,27-07-2025,27-07-2026,1005.64,99338.14,CL3015,29-08-2025,8992.98,Pending
P3016,C3016,Aditya Verma,Bengaluru,Male,21,Health,27-07-2024,27-07-2025,1145.84,68339,CL3016,,0,Rejected
P3017,C3017,Vivaan Patel,Chandigarh,Female,54,Health,06-03-2023,05-03-2024,808.66,20861.84,CL3017,,0,Rejected
P3018,C3018,Pooja Sharma,Chennai,Male,73,Travel,02-03-2025,02-03-2026,276.65,58938.72,CL3018,24-03-2025,7187.97,Pending
P3019,C3019,Arjun Nair,Chandigarh,Male,33,Health,14-08-2025,14-08-2026,1245.02,24303.61,CL3019,16-09-2025,3349.96,Rejected
P3020,C3020,Ananya Gupta,Bengaluru,Female,26,Travel,06-12-2024,06-12-2025,1480.56,67131.29,CL3020,04-06-2025,9144.9,Settled
P3021,C3021,Sneha Iyer,Indore,Male,54,Travel,31-05-2024,31-05-2025,1398.76,67861.41,CL3021,21-12-2024,6687.47,Settled
P3022,C3022,Meera Kulkarni,Mumbai,Male,73,Travel,19-07-2025,19-07-2026,373.91,20460.59,CL3022,,0,Rejected
P3023,C3023,Ananya Gupta,Ahmedabad,Male,51,Health,15-12-2025,15-12-2026,874.32,48098.59,CL3023,,0,Rejected
P3024,C3024,Sneha Iyer,Bengaluru,Male,63,Auto,02-10-2025,02-10-2026,295.16,33279.67,CL3024,,0,Rejected
P3025,C3025,Rohan Desai,Delhi,Female,22,Travel,17-01-2025,17-01-2026,1058.77,86055.98,CL3025,07-05-2025,1922.65,Pending
P3026,C3026,Vivaan Patel,Chennai,Female,35,Travel,30-04-2023,29-04-2024,795.57,97336.11,CL3026,,0,Rejected
P3027,C3027,Pooja Sharma,Delhi,Male,38,Health,28-05-2024,28-05-2025,1407.67,69454.31,CL3027,30-06-2024,4201.85,Rejected
P3028,C3028,Vihaan Reddy,Mumbai,Female,31,Travel,15-05-2024,15-05-2025,1347.17,58686.62,CL3028,29-07-2024,5296.26,Rejected
P3029,C3029,Meera Kulkarni,Hyderabad,Male,47,Auto,23-12-2025,23-12-2026,303.27,50650.17,CL3029,,0,Rejected
P3030,C3030,Meera Kulkarni,Pune,Male,37,Health,13-04-2024,13-04-2025,1108.49,70576.39,CL3030,,0,Rejected
P3031,C3031,Kunal Mehta,Mumbai,Female,65,Auto,11-05-2024,11-05-2025,1110.52,95306.02,CL3031,15-11-2024,9079.87,Pending
P3032,C3032,Meera Kulkarni,Pune,Male,72,Health,06-09-2025,06-09-2026,936.3,43562,CL3032,03-07-2026,1107.96,Settled
P3033,C3033,Pooja Sharma,Lucknow,Female,35,Travel,14-02-2025,14-02-2026,462.44,46342.9,CL3033,03-06-2025,4687.63,Rejected
P3034,C3034,Vihaan Reddy,Pune,Female,74,Travel,05-05-2024,05-05-2025,415.62,91671.79,CL3034,29-06-2024,7476.86,Pending
P3035,C3035,Neha Joshi,Hyderabad,Female,31,Travel,01-11-2023,31-10-2024,997.29,91083.73,CL3035,29-12-2023,3825.05,Settled
P3036,C3036,Sneha Iyer,Mumbai,Female,72,Health,05-11-2024,05-11-2025,531.4,38069.42,CL3036,31-07-2025,5930.68,Pending
P3037,C3037,Kunal Mehta,Jaipur,Male,73,Auto,02-05-2023,01-05-2024,1103.91,67328.46,CL3037,,0,Rejected
P3038,C3038,Aarav Sharma,Delhi,Male,66,Travel,14-08-2023,13-08-2024,1488.68,70140.78,CL3038,,0,Rejected
P3039,C3039,Neha Joshi,Ahmedabad,Male,65,Travel,28-04-2024,28-04-2025,548.65,87394.8,CL3039,29-04-2024,9457.6,Rejected
P3040,C3040,Aarav Sharma,Hyderabad,Male,49,Auto,07-12-2023,06-12-2024,842.63,97085.74,CL3040,,0,Rejected
P3041,C3041,Aditya Verma,Hyderabad,Female,22,Travel,08-12-2024,08-12-2025,366.4,65988.49,CL3041,,0,Rejected
P3042,C3042,Vivaan Patel,Hyderabad,Male,36,Health,02-06-2023,01-06-2024,1102.04,24407.07,CL3042,09-09-2023,9905.35,Rejected
P3043,C3043,Vihaan Reddy,Hyderabad,Male,32,Travel,07-03-2024,07-03-2025,1407.64,52450.4,CL3043,16-03-2024,5480.87,Settled
P3044,C3044,Aditya Verma,Mumbai,Female,41,Auto,28-01-2023,28-01-2024,973.56,95567.53,CL3044,05-11-2023,8414.22,Pending
P3045,C3045,Kunal Mehta,Bengaluru,Female,74,Health,11-04-2023,10-04-2024,1335.28,67205.39,CL3045,,0,Rejected
P3046,C3046,Kavya Reddy,Kolkata,Female,27,Auto,26-11-2023,25-11-2024,477.83,60791.53,CL3046,12-04-2024,5278.04,Rejected
P3047,C3047,Kunal Mehta,Hyderabad,Female,24,Auto,01-09-2025,01-09-2026,786.99,58646.01,CL3047,,0,Rejected
P3048,C3048,Arjun Nair,Indore,Female,54,Auto,06-02-2025,06-02-2026,1166.87,46149.78,CL3048,,0,Rejected
P3049,C3049,Meera Kulkarni,Mumbai,Female,27,Health,05-05-2025,05-05-2026,1180.04,94976.38,CL3049,15-02-2026,4646.95,Settled
P3050,C3050,Aditya Verma,Ahmedabad,Male,75,Auto,27-11-2025,27-11-2026,1145.81,94978.99,CL3050,,0,Rejected
P3051,C3051,Priya Nair,Mumbai,Male,74,Auto,11-07-2024,11-07-2025,1267,57100.7,CL3051,13-09-2024,9508.81,Pending
P3052,C3052,Vivaan Patel,Indore,Female,61,Travel,16-06-2023,15-06-2024,1213.25,67624.31,CL3052,20-09-2023,2581.35,Rejected
P3053,C3053,Pooja Sharma,Jaipur,Female,75,Health,23-01-2023,23-01-2024,533.66,41029.38,CL3053,,0,Rejected
P3054,C3054,Vivaan Patel,Chennai,Female,47,Health,28-03-2025,28-03-2026,1360.04,74584.75,CL3054,14-10-2025,9817,Settled
P3055,C3055,Priya Nair,Pune,Female,72,Travel,15-04-2025,15-04-2026,1442.51,39693.88,CL3055,11-06-2025,4783.42,Settled
P3056,C3056,Kavya Reddy,Chandigarh,Female,46,Health,23-01-2025,23-01-2026,402.87,26687.11,CL3056,19-10-2025,6504.42,Pending
P3057,C3057,Sneha Iyer,Mumbai,Female,27,Travel,08-04-2025,08-04-2026,640.2,33443.6,CL3057,26-01-2026,1391.27,Settled
P3058,C3058,Aarav Sharma,Indore,Female,41,Health,10-02-2023,10-02-2024,1363.89,60360.04,CL3058,,0,Rejected
P3059,C3059,Arjun Nair,Ahmedabad,Male,73,Health,14-02-2025,14-02-2026,931.18,25127.09,CL3059,15-03-2025,1064.39,Pending
P3060,C3060,Pooja Sharma,Chennai,Female,73,Auto,03-07-2025,03-07-2026,443.4,52755.78,CL3060,16-08-2025,8360.08,Pending
P3061,C3061,Kavya Reddy,Bengaluru,Male,22,Health,23-02-2025,23-02-2026,1201.94,39209.69,CL3061,,0,Rejected
P3062,C3062,Arjun Nair,Ahmedabad,Female,31,Travel,20-04-2023,19-04-2024,1200.95,46002.28,CL3062,18-04-2024,8613.75,Settled
P3063,C3063,Arjun Nair,Chennai,Male,49,Health,25-11-2025,25-11-2026,1424.63,75859.37,CL3063,,0,Rejected
P3064,C3064,Ananya Gupta,Hyderabad,Female,66,Travel,01-01-2023,01-01-2024,1215.57,29720.64,CL3064,,0,Rejected
P3065,C3065,Vivaan Patel,Chennai,Male,55,Travel,16-01-2023,16-01-2024,1012.27,40837.08,CL3065,08-12-2023,9897.43,Settled
P3066,C3066,Priya Nair,Indore,Female,43,Health,01-01-2024,31-12-2024,809.46,70958.17,CL3066,19-01-2024,5219.58,Pending
P3067,C3067,Vivaan Patel,Delhi,Female,34,Auto,19-10-2023,18-10-2024,1121.51,67042.2,CL3067,16-05-2024,4187.29,Rejected
P3068,C3068,Aarav Sharma,Indore,Male,63,Health,25-09-2024,25-09-2025,1119.34,92627.83,CL3068,,0,Rejected
P3069,C3069,Aditya Verma,Ahmedabad,Female,32,Travel,31-01-2024,30-01-2025,606.49,98763.55,CL3069,02-02-2024,7922.37,Rejected
P3070,C3070,Vivaan Patel,Ahmedabad,Female,64,Travel,22-04-2025,22-04-2026,1220.5,21415.54,CL3070,,0,Rejected
P3071,C3071,Neha Joshi,Pune,Female,30,Travel,02-06-2024,02-06-2025,936.8,73869.07,CL3071,,0,Rejected
P3072,C3072,Sneha Iyer,Hyderabad,Female,51,Travel,13-10-2024,13-10-2025,622.22,32848.24,CL3072,,0,Rejected
P3073,C3073,Ananya Gupta,Mumbai,Male,46,Health,12-01-2025,12-01-2026,971.77,32133.93,CL3073,13-11-2025,3060.87,Settled
P3074,C3074,Aditya Verma,Pune,Male,66,Travel,30-06-2024,30-06-2025,730.66,93050.35,CL3074,30-05-2025,5643.1,Pending
P3075,C3075,Meera Kulkarni,Ahmedabad,Male,68,Auto,08-11-2025,08-11-2026,1285.39,97348.28,CL3075,16-08-2026,3797.08,Rejected
P3076,C3076,Meera Kulkarni,Ahmedabad,Female,59,Auto,16-07-2023,15-07-2024,603.61,46095.22,CL3076,10-06-2024,6127.18,Pending
P3077,C3077,Sai Kumar,Chennai,Male,37,Auto,27-12-2024,27-12-2025,336.32,86829.3,CL3077,23-09-2025,1346.34,Pending
P3078,C3078,Rohan Desai,Ahmedabad,Female,56,Auto,25-04-2025,25-04-2026,932.78,76735.41,CL3078,05-12-2025,9395.47,Settled
P3079,C3079,Aditya Verma,Chennai,Female,43,Travel,08-08-2024,08-08-2025,1409.48,95680.05,CL3079,08-03-2025,2855.61,Pending
P3080,C3080,Aditya Verma,Bengaluru,Male,33,Travel,08-07-2023,07-07-2024,1150.41,68454.72,CL3080,,0,Rejected
P3081,C3081,Vivaan Patel,Kolkata,Female,53,Travel,10-11-2023,09-11-2024,758.36,49366.04,CL3081,,0,Rejected
P3082,C3082,Aditya Verma,Lucknow,Female,39,Auto,28-05-2025,28-05-2026,651.45,81554.81,CL3082,,0,Rejected
P3083,C3083,Vihaan Reddy,Bengaluru,Female,47,Travel,27-03-2025,27-03-2026,1182.23,55297.74,CL3083,25-01-2026,1468.74,Rejected
P3084,C3084,Aditya Verma,Jaipur,Male,58,Travel,25-08-2024,25-08-2025,520.81,86662.39,CL3084,18-06-2025,9103.15,Pending
P3085,C3085,Rohan Desai,Bengaluru,Male,53,Auto,26-11-2024,26-11-2025,1208.3,75445.91,CL3085,24-10-2025,5837.76,Pending
P3086,C3086,Sneha Iyer,Chennai,Female,75,Health,24-12-2024,24-12-2025,952.66,48708.57,CL3086,20-05-2025,6163.56,Rejected
P3087,C3087,Kavya Reddy,Bengaluru,Female,70,Auto,21-08-2024,21-08-2025,584.92,51644.6,CL3087,31-01-2025,8484.56,Rejected
P3088,C3088,Sneha Iyer,Chandigarh,Male,53,Auto,27-01-2024,26-01-2025,370.27,80008.1,CL3088,,0,Rejected
P3089,C3089,Ananya Gupta,Jaipur,Female,47,Auto,25-03-2025,25-03-2026,1427.7,90248.05,CL3089,02-10-2025,9764.72,Pending
P3090,C3090,Aarav Sharma,Hyderabad,Female,36,Travel,07-03-2024,07-03-2025,251.51,86402.84,CL3090,19-02-2025,5639,Rejected
P3091,C3091,Aditya Verma,Mumbai,Male,64,Travel,21-12-2024,21-12-2025,1327.18,23582.15,CL3091,09-05-2025,6346.23,Settled
P3092,C3092,Neha Joshi,Mumbai,Male,52,Health,03-01-2025,03-01-2026,926.08,48487.21,CL3092,13-09-2025,5142.81,Pending
P3093,C3093,Kavya Reddy,Jaipur,Male,33,Travel,27-05-2023,26-05-2024,1268.47,72311.64,CL3093,10-09-2023,6402.4,Settled
P3094,C3094,Arjun Nair,Bengaluru,Female,28,Health,15-03-2024,15-03-2025,1161.68,48838.73,CL3094,24-04-2024,4699.88,Settled
P3095,C3095,Aarav Sharma,Indore,Female,25,Health,08-07-2023,07-07-2024,356.16,73997.49,CL3095,10-05-2024,4710.52,Pending
P3096,C3096,Ishita Singh,Delhi,Female,23,Health,16-05-2025,16-05-2026,907.1,84945.72,CL3096,,0,Rejected
P3097,C3097,Rohan Desai,Hyderabad,Male,56,Auto,15-01-2023,15-01-2024,1348.66,31535.79,CL3097,13-11-2023,3212.62,Rejected
P3098,C3098,Meera Kulkarni,Indore,Female,55,Health,31-08-2024,31-08-2025,1366.12,34259.24,CL3098,08-07-2025,4082.89,Pending
P3099,C3099,Aditya Verma,Chandigarh,Female,42,Health,07-05-2023,06-05-2024,1286.92,20319.76,CL3099,23-02-2024,8600.1,Rejected
P3100,C3100,Sai Kumar,Jaipur,Male,42,Travel,16-05-2023,15-05-2024,1494.11,36379.38,CL3100,,0,Rejected
P3101,C3101,Ananya Gupta,Delhi,Male,72,Auto,17-10-2024,17-10-2025,333.86,40904.23,CL3101,26-10-2024,6820.21,Pending
P3102,C3102,Kunal Mehta,Chandigarh,Female,64,Travel,20-06-2023,19-06-2024,368.11,50371.06,CL3102,,0,Rejected
P3103,C3103,Meera Kulkarni,Pune,Male,49,Health,17-10-2024,17-10-2025,792.94,27259.42,CL3103,19-02-2025,4433.05,Rejected
P3104,C3104,Vihaan Reddy,Ahmedabad,Female,23,Auto,26-05-2025,26-05-2026,1008.63,26105.68,CL3104,25-09-2025,1612.28,Settled
P3105,C3105,Priya Nair,Lucknow,Female,70,Health,13-10-2025,13-10-2026,471.93,71153.27,CL3105,18-03-2026,2917,Settled
P3106,C3106,Vihaan Reddy,Pune,Male,48,Auto,19-11-2023,18-11-2024,1358.62,32349.47,CL3106,,0,Rejected
P3107,C3107,Pooja Sharma,Lucknow,Female,26,Health,28-02-2025,28-02-2026,417.48,99429.89,CL3107,29-09-2025,6021.05,Pending
P3108,C3108,Meera Kulkarni,Pune,Female,29,Auto,29-12-2024,29-12-2025,1250.06,54794.46,CL3108,13-09-2025,3402.01,Rejected
P3109,C3109,Aarav Sharma,Hyderabad,Male,34,Auto,21-10-2023,20-10-2024,623.8,27652.2,CL3109,,0,Rejected
P3110,C3110,Kavya Reddy,Delhi,Female,56,Travel,30-05-2024,30-05-2025,403.83,27799.01,CL3110,25-09-2024,2533.38,Pending
P3111,C3111,Vivaan Patel,Jaipur,Female,39,Travel,16-06-2024,16-06-2025,950.2,98272.53,CL3111,12-04-2025,6040.59,Settled
P3112,C3112,Pooja Sharma,Kolkata,Male,60,Travel,17-09-2023,16-09-2024,1185.22,89930.37,CL3112,31-10-2023,4297.41,Settled
P3113,C3113,Kunal Mehta,Pune,Male,59,Travel,11-07-2025,11-07-2026,973.04,61061.61,CL3113,31-12-2025,3541.05,Settled
P3114,C3114,Sneha Iyer,Ahmedabad,Female,26,Health,05-02-2025,05-02-2026,475.86,70524.69,CL3114,23-11-2025,5896.15,Rejected
P3115,C3115,Aarav Sharma,Jaipur,Female,55,Travel,24-02-2023,24-02-2024,1024.65,81365.45,CL3115,20-01-2024,4660.98,Pending
P3116,C3116,Vivaan Patel,Bengaluru,Male,64,Auto,08-06-2025,08-06-2026,1269.25,99482.16,CL3116,,0,Rejected
P3117,C3117,Aditya Verma,Delhi,Female,48,Health,14-05-2024,14-05-2025,556.72,42744.76,CL3117,,0,Rejected
P3118,C3118,Meera Kulkarni,Ahmedabad,Male,33,Travel,08-12-2025,08-12-2026,836.77,94460,CL3118,05-02-2026,1924.5,Rejected
P3119,C3119,Aarav Sharma,Ahmedabad,Male,42,Travel,09-05-2023,08-05-2024,412.06,52481.1,CL3119,,0,Rejected
P3120,C3120,Kunal Mehta,Ahmedabad,Female,49,Auto,05-11-2025,05-11-2026,263.09,71224.35,CL3120,,0,Rejected
P3121,C3121,Neha Joshi,Chennai,Female,37,Health,06-12-2023,05-12-2024,455.85,51449.18,CL3121,,0,Rejected
P3122,C3122,Sai Kumar,Hyderabad,Female,69,Auto,30-07-2023,29-07-2024,1492.92,93088.36,CL3122,01-11-2023,7930.01,Rejected
P3123,C3123,Ishita Singh,Chennai,Male,56,Travel,11-04-2025,11-04-2026,254.87,89296,CL3123,15-08-2025,6915.03,Pending
P3124,C3124,Ananya Gupta,Hyderabad,Female,55,Travel,22-09-2023,21-09-2024,1146.35,30171.66,CL3124,14-09-2024,1280.21,Settled
P3125,C3125,Rohan Desai,Delhi,Male,44,Health,16-08-2025,16-08-2026,682.34,82689.74,CL3125,16-12-2025,6460.32,Pending
P3126,C3126,Ananya Gupta,Chandigarh,Male,58,Health,27-04-2024,27-04-2025,307.69,74904.56,CL3126,16-02-2025,6350.11,Settled
P3127,C3127,Sai Kumar,Bengaluru,Male,51,Travel,08-08-2025,08-08-2026,556.39,29463.12,CL3127,29-11-2025,3241.38,Rejected
P3128,C3128,Aarav Sharma,Pune,Male,34,Health,19-10-2024,19-10-2025,1122.22,82094.91,CL3128,,0,Rejected
P3129,C3129,Priya Nair,Chandigarh,Female,41,Health,01-09-2023,31-08-2024,1329.28,25963.43,CL3129,03-11-2023,2784.96,Pending
P3130,C3130,Pooja Sharma,Chennai,Male,39,Auto,09-11-2023,08-11-2024,1419.79,62139.21,CL3130,09-11-2023,4604.23,Settled
P3131,C3131,Priya Nair,Chennai,Female,25,Auto,10-02-2025,10-02-2026,1363.08,47497.36,CL3131,,0,Rejected
P3132,C3132,Ananya Gupta,Hyderabad,Male,33,Health,02-01-2024,01-01-2025,802.31,55447.52,CL3132,,0,Rejected
P3133,C3133,Vihaan Reddy,Delhi,Female,51,Auto,05-08-2023,04-08-2024,434.64,20005.42,CL3133,16-04-2024,5967.09,Settled
P3134,C3134,Rohan Desai,Lucknow,Male,65,Travel,23-01-2025,23-01-2026,1208.68,47899.69,CL3134,03-12-2025,8259.36,Pending
P3135,C3135,Aarav Sharma,Lucknow,Male,24,Health,07-07-2024,07-07-2025,760.15,89611.96,CL3135,30-10-2024,7192.23,Settled
P3136,C3136,Kavya Reddy,Chennai,Male,56,Auto,01-12-2025,01-12-2026,1278.69,58727.74,CL3136,,0,Rejected
P3137,C3137,Vivaan Patel,Indore,Male,64,Health,22-05-2023,21-05-2024,870.08,92264.08,CL3137,21-08-2023,5858.83,Pending
P3138,C3138,Aarav Sharma,Bengaluru,Female,26,Travel,18-03-2024,18-03-2025,712.83,66779.88,CL3138,28-03-2024,9038.35,Rejected
P3139,C3139,Meera Kulkarni,Kolkata,Male,34,Travel,06-07-2024,06-07-2025,304.15,38039.52,CL3139,08-08-2024,9151.21,Settled
P3140,C3140,Rohan Desai,Mumbai,Female,66,Health,17-07-2023,16-07-2024,1278.43,80944.95,CL3140,,0,Rejected
P3141,C3141,Ananya Gupta,Bengaluru,Male,74,Health,08-05-2023,07-05-2024,1091.1,41970.02,CL3141,04-02-2024,8554.26,Settled
P3142,C3142,Pooja Sharma,Pune,Male,33,Health,06-04-2025,06-04-2026,828.23,31611.2,CL3142,,0,Rejected
P3143,C3143,Sneha Iyer,Chennai,Female,68,Travel,06-02-2023,06-02-2024,1093.18,84978.41,CL3143,,0,Rejected
P3144,C3144,Sneha Iyer,Jaipur,Male,48,Auto,25-06-2024,25-06-2025,604.22,39958.84,CL3144,,0,Rejected
P3145,C3145,Meera Kulkarni,Chandigarh,Male,67,Travel,02-01-2023,02-01-2024,564.05,51437.85,CL3145,02-12-2023,4270.18,Settled
P3146,C3146,Priya Nair,Kolkata,Female,33,Health,26-05-2023,25-05-2024,377.68,25158.66,CL3146,29-12-2023,8450.44,Rejected
P3147,C3147,Ishita Singh,Bengaluru,Male,53,Auto,14-02-2023,14-02-2024,306.85,24772.06,CL3147,,0,Rejected
P3148,C3148,Meera Kulkarni,Chennai,Female,37,Health,09-06-2023,08-06-2024,1249.12,80695.87,CL3148,10-03-2024,2097.22,Settled
P3149,C3149,Ishita Singh,Mumbai,Female,72,Health,03-11-2025,03-11-2026,586.66,32327.53,CL3149,07-02-2026,5375.12,Settled
P3150,C3150,Meera Kulkarni,Indore,Male,33,Health,27-01-2023,27-01-2024,385.77,76644.51,CL3150,,0,Rejected
P3151,C3151,Pooja Sharma,Lucknow,Female,63,Auto,17-07-2023,16-07-2024,849.82,31548.65,CL3151,26-11-2023,9314.34,Rejected
P3152,C3152,Ishita Singh,Mumbai,Female,48,Travel,06-10-2025,06-10-2026,329.48,36092.86,CL3152,,0,Rejected
P3153,C3153,Vivaan Patel,Lucknow,Female,44,Travel,25-10-2023,24-10-2024,1461.86,33254.01,CL3153,,0,Rejected
P3154,C3154,Meera Kulkarni,Lucknow,Male,27,Auto,13-02-2023,13-02-2024,310.17,89195.25,CL3154,30-04-2023,5781.14,Settled
P3155,C3155,Sneha Iyer,Lucknow,Female,42,Auto,05-02-2025,05-02-2026,1075.21,87329.55,CL3155,26-09-2025,1184.06,Settled
P3156,C3156,Sai Kumar,Hyderabad,Male,57,Travel,03-11-2024,03-11-2025,605.76,48885.54,CL3156,,0,Rejected
P3157,C3157,Neha Joshi,Bengaluru,Female,53,Travel,26-11-2023,25-11-2024,270.52,68667.5,CL3157,07-02-2024,6254.17,Settled
P3158,C3158,Arjun Nair,Chennai,Female,63,Auto,01-03-2025,01-03-2026,1301.57,35735.56,CL3158,,0,Rejected
P3159,C3159,Neha Joshi,Jaipur,Male,71,Health,13-12-2024,13-12-2025,862.85,23245.48,CL3159,,0,Rejected
P3160,C3160,Neha Joshi,Kolkata,Female,40,Auto,24-04-2023,23-04-2024,1360.18,64295.16,CL3160,09-11-2023,2352.31,Settled
P3161,C3161,Neha Joshi,Chandigarh,Male,42,Travel,15-11-2023,14-11-2024,337.27,90969.39,CL3161,14-03-2024,3721.24,Settled
P3162,C3162,Sneha Iyer,Pune,Female,55,Travel,21-01-2024,20-01-2025,599.45,73153.84,CL3162,21-12-2024,4049.74,Settled
P3163,C3163,Arjun Nair,Pune,Female,51,Auto,20-12-2023,19-12-2024,1041.04,36648.91,CL3163,09-07-2024,8795.49,Rejected
P3164,C3164,Ananya Gupta,Indore,Male,32,Health,03-08-2024,03-08-2025,807.82,87503.84,CL3164,11-09-2024,5783.89,Rejected
P3165,C3165,Neha Joshi,Hyderabad,Female,41,Health,13-06-2023,12-06-2024,1387.71,48784.88,CL3165,,0,Rejected
P3166,C3166,Sneha Iyer,Bengaluru,Male,72,Travel,27-08-2025,27-08-2026,1149.79,31592.67,CL3166,07-01-2026,3068.14,Settled
P3167,C3167,Rohan Desai,Chennai,Male,63,Travel,10-12-2024,10-12-2025,726.47,54265.19,CL3167,31-10-2025,4400.75,Rejected
P3168,C3168,Rohan Desai,Mumbai,Female,30,Health,21-10-2023,20-10-2024,728.84,58240.65,CL3168,,0,Rejected
P3169,C3169,Priya Nair,Hyderabad,Female,67,Auto,18-01-2023,18-01-2024,670.52,37528.71,CL3169,,0,Rejected
P3170,C3170,Aarav Sharma,Chennai,Male,56,Health,28-08-2023,27-08-2024,1377.19,62841.45,CL3170,20-09-2023,8844.97,Rejected
P3171,C3171,Aditya Verma,Ahmedabad,Male,29,Auto,09-09-2023,08-09-2024,1325.3,56469.5,CL3171,28-08-2024,4233.08,Rejected
P3172,C3172,Ananya Gupta,Delhi,Male,28,Health,24-07-2024,24-07-2025,1303.38,92747.56,CL3172,21-02-2025,6808.32,Settled
P3173,C3173,Sai Kumar,Indore,Male,65,Auto,01-10-2025,01-10-2026,1102.78,26592.36,CL3173,05-07-2026,8173.64,Pending
P3174,C3174,Aditya Verma,Chennai,Female,74,Auto,19-06-2024,19-06-2025,538.38,74159.03,CL3174,02-10-2024,5709.96,Rejected
P3175,C3175,Sai Kumar,Chennai,Female,60,Travel,15-04-2025,15-04-2026,284.69,64385.58,CL3175,25-08-2025,8613.06,Pending
P3176,C3176,Kavya Reddy,Pune,Female,43,Travel,10-03-2024,10-03-2025,812.62,60588.22,CL3176,06-01-2025,5090.27,Pending
P3177,C3177,Neha Joshi,Bengaluru,Male,30,Health,06-12-2024,06-12-2025,1408.79,49278.64,CL3177,23-04-2025,8320.93,Settled
P3178,C3178,Aarav Sharma,Kolkata,Male,56,Auto,01-05-2025,01-05-2026,515.24,41432.53,CL3178,27-07-2025,5169.93,Rejected
P3179,C3179,Kunal Mehta,Hyderabad,Male,59,Travel,24-05-2025,24-05-2026,564.22,88946.25,CL3179,16-01-2026,3376.84,Settled
P3180,C3180,Vihaan Reddy,Indore,Male,31,Auto,05-09-2025,05-09-2026,1334.29,35261.96,CL3180,,0,Rejected
P3181,C3181,Rohan Desai,Lucknow,Female,34,Health,20-06-2023,19-06-2024,435.24,48102.27,CL3181,,0,Rejected
P3182,C3182,Vivaan Patel,Lucknow,Male,42,Health,25-09-2025,25-09-2026,856.78,45511.42,CL3182,08-03-2026,8124.98,Pending
P3183,C3183,Kunal Mehta,Indore,Female,48,Auto,06-09-2024,06-09-2025,502.22,96654.44,CL3183,02-08-2025,9724.68,Pending
P3184,C3184,Sneha Iyer,Pune,Male,68,Health,08-06-2023,07-06-2024,1010.32,99042.95,CL3184,12-03-2024,2525.98,Pending
P3185,C3185,Rohan Desai,Chandigarh,Male,25,Health,09-07-2024,09-07-2025,891.06,51796.86,CL3185,05-06-2025,2206.66,Rejected
P3186,C3186,Ananya Gupta,Kolkata,Female,26,Health,29-10-2024,29-10-2025,343.68,37568.27,CL3186,16-06-2025,7192.81,Pending
P3187,C3187,Vihaan Reddy,Delhi,Female,30,Auto,08-11-2025,08-11-2026,1356.95,89555.03,CL3187,,0,Rejected
P3188,C3188,Kavya Reddy,Bengaluru,Male,69,Auto,03-06-2023,02-06-2024,498.56,95904.59,CL3188,17-12-2023,5488.85,Settled
P3189,C3189,Vihaan Reddy,Chennai,Male,46,Auto,19-08-2025,19-08-2026,1467.59,31503.14,CL3189,,0,Rejected
P3190,C3190,Vivaan Patel,Delhi,Female,65,Health,14-12-2025,14-12-2026,898.55,74781.17,CL3190,28-07-2026,6187.53,Rejected
P3191,C3191,Vihaan Reddy,Ahmedabad,Female,50,Health,11-02-2025,11-02-2026,552.47,21772.04,CL3191,,0,Rejected
P3192,C3192,Aarav Sharma,Hyderabad,Female,58,Travel,06-06-2025,06-06-2026,862.4,96127.79,CL3192,,0,Rejected
P3193,C3193,Aditya Verma,Kolkata,Female,39,Travel,28-01-2023,28-01-2024,922.38,33404.08,CL3193,17-01-2024,7191.48,Pending
P3194,C3194,Kavya Reddy,Indore,Female,63,Travel,09-10-2023,08-10-2024,414.36,64092.17,CL3194,,0,Rejected
P3195,C3195,Pooja Sharma,Mumbai,Female,51,Auto,27-03-2025,27-03-2026,990.95,24568.06,CL3195,31-12-2025,6297.87,Settled
P3196,C3196,Meera Kulkarni,Indore,Female,39,Auto,14-03-2023,13-03-2024,415.02,50269.67,CL3196,27-11-2023,3579.36,Pending
P3197,C3197,Arjun Nair,Indore,Female,33,Travel,03-10-2025,03-10-2026,819.98,89610.53,CL3197,16-10-2025,2221.07,Pending
P3198,C3198,Sai Kumar,Kolkata,Male,71,Travel,18-02-2023,18-02-2024,1492.25,20877.09,CL3198,,0,Rejected
P3199,C3199,Kunal Mehta,Chandigarh,Female,75,Health,17-02-2024,16-02-2025,1123.24,34111.46,CL3199,17-03-2024,2228.35,Settled
P3200,C3200,Neha Joshi,Hyderabad,Male,43,Travel,01-06-2025,01-06-2026,265.09,21217.32,CL3200,22-03-2026,8547.19,Rejected
P3201,C3201,Ishita Singh,Pune,Male,73,Auto,18-09-2023,17-09-2024,1341.77,20606.76,CL3201,23-02-2024,3981.59,Rejected
P3202,C3202,Meera Kulkarni,Chennai,Female,55,Health,27-10-2023,26-10-2024,847.77,20868.83,CL3202,19-05-2024,1585.98,Settled
P3203,C3203,Vivaan Patel,Mumbai,Female,59,Health,25-06-2023,24-06-2024,696.32,61663.53,CL3203,27-11-2023,9869.08,Settled
P3204,C3204,Ishita Singh,Delhi,Female,34,Health,31-08-2025,31-08-2026,1288.75,92037.44,CL3204,19-08-2026,8396.58,Settled
P3205,C3205,Pooja Sharma,Kolkata,Female,63,Health,17-07-2023,16-07-2024,306.61,57639.8,CL3205,27-06-2024,1079.59,Pending
P3206,C3206,Vihaan Reddy,Indore,Male,45,Auto,26-05-2023,25-05-2024,1357.67,38490.11,CL3206,08-11-2023,4365.48,Settled
P3207,C3207,Vivaan Patel,Mumbai,Male,74,Travel,06-07-2023,05-07-2024,1179.81,43612.4,CL3207,20-03-2024,4525.87,Settled
P3208,C3208,Neha Joshi,Chandigarh,Male,53,Health,23-02-2024,22-02-2025,1043.24,80852.5,CL3208,17-09-2024,8630.77,Pending
P3209,C3209,Sneha Iyer,Jaipur,Male,58,Health,16-09-2025,16-09-2026,690.66,67512.2,CL3209,07-09-2026,9282.92,Pending
P3210,C3210,Ishita Singh,Pune,Female,35,Travel,07-08-2024,07-08-2025,1165.79,89744.35,CL3210,10-02-2025,7934.32,Settled
P3211,C3211,Vihaan Reddy,Kolkata,Male,43,Auto,03-04-2023,02-04-2024,1250.62,35010.56,CL3211,05-02-2024,4533.78,Pending
P3212,C3212,Vivaan Patel,Jaipur,Male,24,Travel,28-06-2023,27-06-2024,1274.25,71819.28,CL3212,,0,Rejected
P3213,C3213,Sai Kumar,Indore,Female,22,Health,24-01-2025,24-01-2026,574.68,45225.86,CL3213,29-05-2025,4019.69,Rejected
P3214,C3214,Kavya Reddy,Bengaluru,Female,32,Travel,21-02-2023,21-02-2024,1129.55,59201.53,CL3214,05-07-2023,6633.25,Pending
P3215,C3215,Meera Kulkarni,Chennai,Female,38,Travel,25-01-2024,24-01-2025,615.52,71066.93,CL3215,03-10-2024,5245.77,Rejected
P3216,C3216,Arjun Nair,Ahmedabad,Female,23,Auto,05-11-2024,05-11-2025,1346.25,53126.88,CL3216,21-01-2025,4167.36,Rejected
P3217,C3217,Rohan Desai,Bengaluru,Female,55,Health,06-10-2025,06-10-2026,600.43,27826.42,CL3217,24-06-2026,1257.15,Pending
P3218,C3218,Vivaan Patel,Ahmedabad,Male,66,Auto,14-10-2025,14-10-2026,639.27,87642.18,CL3218,07-07-2026,7569.5,Settled
P3219,C3219,Ananya Gupta,Indore,Male,39,Travel,13-01-2024,12-01-2025,1311.91,28234.44,CL3219,19-09-2024,3111.32,Settled
P3220,C3220,Aarav Sharma,Indore,Male,54,Health,11-09-2023,10-09-2024,262.86,25382.15,CL3220,25-07-2024,9642.23,Pending
P3221,C3221,Pooja Sharma,Kolkata,Male,23,Auto,21-05-2023,20-05-2024,1029.66,36741.47,CL3221,,0,Rejected
P3222,C3222,Aditya Verma,Ahmedabad,Female,34,Auto,02-02-2024,01-02-2025,1476.04,87631.47,CL3222,10-05-2024,9387.61,Settled
P3223,C3223,Ananya Gupta,Kolkata,Female,74,Auto,29-05-2024,29-05-2025,1008.61,56892.96,CL3223,,0,Rejected
P3224,C3224,Vihaan Reddy,Chennai,Female,68,Auto,16-03-2023,15-03-2024,1262.46,57151.32,CL3224,17-04-2023,9869.12,Rejected
P3225,C3225,Vivaan Patel,Kolkata,Male,52,Travel,02-03-2025,02-03-2026,543.57,48165.51,CL3225,26-05-2025,7601.29,Rejected
P3226,C3226,Arjun Nair,Jaipur,Male,25,Health,31-07-2025,31-07-2026,543.05,56621.36,CL3226,,0,Rejected
P3227,C3227,Kavya Reddy,Indore,Male,60,Travel,02-01-2023,02-01-2024,587.08,43906.02,CL3227,09-04-2023,3968.96,Rejected
P3228,C3228,Sneha Iyer,Chennai,Female,66,Travel,21-12-2023,20-12-2024,1157.83,59352.3,CL3228,09-03-2024,8675.8,Rejected
P3229,C3229,Ishita Singh,Mumbai,Female,25,Health,18-12-2024,18-12-2025,657.74,73114.22,CL3229,25-06-2025,9727.6,Settled
P3230,C3230,Kavya Reddy,Kolkata,Male,68,Travel,01-10-2024,01-10-2025,1322.59,58009.72,CL3230,01-12-2024,1039.49,Settled
P3231,C3231,Aditya Verma,Kolkata,Male,54,Health,28-06-2024,28-06-2025,529.83,49599.18,CL3231,28-05-2025,8747.63,Rejected
P3232,C3232,Vivaan Patel,Jaipur,Female,61,Health,29-05-2025,29-05-2026,506.21,67465.39,CL3232,20-03-2026,6843.91,Settled
P3233,C3233,Kavya Reddy,Ahmedabad,Male,71,Travel,10-06-2025,10-06-2026,820.27,25642.26,CL3233,03-12-2025,1548.47,Pending
P3234,C3234,Neha Joshi,Pune,Male,69,Health,05-06-2023,04-06-2024,1321.94,64724.46,CL3234,04-08-2023,4923.57,Pending
P3235,C3235,Ishita Singh,Chennai,Female,27,Travel,26-08-2024,26-08-2025,543.75,62386.61,CL3235,,0,Rejected
P3236,C3236,Rohan Desai,Hyderabad,Male,65,Travel,16-06-2024,16-06-2025,541.57,95627.79,CL3236,29-04-2025,6592.74,Settled
P3237,C3237,Sai Kumar,Bengaluru,Male,22,Health,25-06-2024,25-06-2025,572.99,35692.71,CL3237,,0,Rejected
P3238,C3238,Sai Kumar,Hyderabad,Male,43,Health,20-08-2025,20-08-2026,1206.71,34001.31,CL3238,,0,Rejected
P3239,C3239,Ishita Singh,Kolkata,Male,45,Auto,21-08-2025,21-08-2026,750.87,66380.19,CL3239,24-02-2026,4644.24,Pending
P3240,C3240,Neha Joshi,Kolkata,Female,52,Health,11-08-2023,10-08-2024,999.2,66728.88,CL3240,,0,Rejected
P3241,C3241,Kunal Mehta,Bengaluru,Male,47,Travel,22-03-2024,22-03-2025,1493.21,84843.38,CL3241,09-06-2024,3874.22,Settled
P3242,C3242,Vivaan Patel,Mumbai,Male,27,Travel,17-07-2024,17-07-2025,604.29,81611.69,CL3242,22-06-2025,3356.75,Settled
P3243,C3243,Ishita Singh,Bengaluru,Male,30,Health,29-10-2024,29-10-2025,520.79,97588.32,CL3243,02-03-2025,9646.45,Settled
P3244,C3244,Priya Nair,Bengaluru,Male,21,Health,07-02-2025,07-02-2026,1251.79,71325,CL3244,12-08-2025,8608.21,Pending
P3245,C3245,Vivaan Patel,Pune,Female,68,Health,05-08-2023,04-08-2024,727.44,30798.31,CL3245,19-03-2024,1225.07,Pending
P3246,C3246,Kunal Mehta,Lucknow,Female,50,Auto,28-01-2024,27-01-2025,1058.47,40726.03,CL3246,27-05-2024,8708.21,Rejected
P3247,C3247,Priya Nair,Kolkata,Female,60,Health,12-01-2023,12-01-2024,773.18,86845.26,CL3247,16-03-2023,2406.78,Rejected
P3248,C3248,Priya Nair,Bengaluru,Male,50,Travel,18-03-2024,18-03-2025,782.8,48971.19,CL3248,20-08-2024,7830.48,Rejected
P3249,C3249,Vivaan Patel,Kolkata,Female,75,Health,25-03-2023,24-03-2024,864.04,46864.84,CL3249,,0,Rejected
P3250,C3250,Arjun Nair,Chennai,Female,33,Travel,09-10-2024,09-10-2025,355.09,87548.88,CL3250,,0,Rejected
P3251,C3251,Ishita Singh,Chandigarh,Male,69,Health,30-12-2024,30-12-2025,1027.33,48130.05,CL3251,01-11-2025,5390.48,Pending
P3252,C3252,Arjun Nair,Pune,Male,42,Auto,12-03-2024,12-03-2025,535.43,87489.54,CL3252,17-08-2024,2947.89,Settled
P3253,C3253,Ishita Singh,Ahmedabad,Female,56,Travel,16-01-2024,15-01-2025,1280.89,37830.42,CL3253,,0,Rejected
P3254,C3254,Aarav Sharma,Kolkata,Male,51,Health,11-08-2025,11-08-2026,1336.4,87385.24,CL3254,22-12-2025,8979.48,Rejected
P3255,C3255,Vihaan Reddy,Mumbai,Male,30,Auto,17-05-2025,17-05-2026,448.55,51016.02,CL3255,11-02-2026,4258.05,Rejected
P3256,C3256,Sneha Iyer,Ahmedabad,Male,56,Travel,12-06-2023,11-06-2024,392.47,88665.73,CL3256,07-05-2024,8669.9,Settled
P3257,C3257,Meera Kulkarni,Chandigarh,Female,66,Health,23-09-2023,22-09-2024,461.24,43920.17,CL3257,18-08-2024,6977.32,Settled
P3258,C3258,Pooja Sharma,Mumbai,Female,42,Travel,06-07-2023,05-07-2024,1390.16,23605.31,CL3258,16-03-2024,2456.78,Rejected
P3259,C3259,Pooja Sharma,Ahmedabad,Female,47,Auto,28-05-2025,28-05-2026,1048.34,32133.52,CL3259,18-05-2026,3058.66,Rejected
P3260,C3260,Ananya Gupta,Delhi,Male,66,Auto,12-09-2025,12-09-2026,1188.33,77276.38,CL3260,25-04-2026,7178.61,Settled
P3261,C3261,Pooja Sharma,Mumbai,Male,72,Travel,10-04-2023,09-04-2024,1048.56,65834.49,CL3261,01-08-2023,1989.07,Rejected
P3262,C3262,Neha Joshi,Bengaluru,Male,53,Travel,05-06-2025,05-06-2026,1236.33,34230,CL3262,21-01-2026,8728.99,Settled
P3263,C3263,Kunal Mehta,Chennai,Male,51,Auto,24-04-2024,24-04-2025,613.49,99250.63,CL3263,,0,Rejected
P3264,C3264,Meera Kulkarni,Lucknow,Male,26,Health,10-02-2025,10-02-2026,1096.64,58293.4,CL3264,08-01-2026,6146.4,Settled
P3265,C3265,Ishita Singh,Chennai,Male,71,Travel,24-08-2024,24-08-2025,1343.02,95748.67,CL3265,03-03-2025,8552.92,Settled
P3266,C3266,Arjun Nair,Pune,Female,59,Travel,20-12-2025,20-12-2026,819.07,48878.27,CL3266,04-02-2026,5173.35,Pending
P3267,C3267,Arjun Nair,Pune,Female,27,Health,14-09-2024,14-09-2025,905.13,37245.75,CL3267,31-10-2024,5009.77,Pending
P3268,C3268,Vivaan Patel,Hyderabad,Male,31,Auto,09-12-2025,09-12-2026,1238.08,24108.94,CL3268,,0,Rejected
P3269,C3269,Priya Nair,Bengaluru,Female,64,Auto,10-03-2023,09-03-2024,1468.52,49043.39,CL3269,09-10-2023,8665,Settled
P3270,C3270,Aarav Sharma,Hyderabad,Female,55,Travel,04-01-2025,04-01-2026,384,32534.82,CL3270,,0,Rejected
P3271,C3271,Meera Kulkarni,Delhi,Female,67,Travel,06-09-2024,06-09-2025,427.4,32951.8,CL3271,02-11-2024,1717.24,Pending
P3272,C3272,Aditya Verma,Lucknow,Female,29,Health,29-06-2023,28-06-2024,812.21,39659.56,CL3272,,0,Rejected
P3273,C3273,Kunal Mehta,Jaipur,Male,61,Health,28-05-2025,28-05-2026,543.72,95332.66,CL3273,05-02-2026,4720.72,Settled
P3274,C3274,Kunal Mehta,Kolkata,Male,24,Auto,06-07-2024,06-07-2025,1453.37,75406.7,CL3274,25-02-2025,5204.61,Settled
P3275,C3275,Sneha Iyer,Indore,Female,30,Health,23-06-2024,23-06-2025,502.36,63997.22,CL3275,13-01-2025,5768.18,Settled
P3276,C3276,Aarav Sharma,Chennai,Male,69,Auto,26-06-2025,26-06-2026,1427.15,48918.11,CL3276,31-10-2025,6538.74,Settled
P3277,C3277,Arjun Nair,Kolkata,Male,24,Travel,20-02-2025,20-02-2026,440.02,69891.68,CL3277,,0,Rejected
P3278,C3278,Pooja Sharma,Ahmedabad,Male,72,Health,27-04-2024,27-04-2025,942.24,41090.26,CL3278,,0,Rejected
P3279,C3279,Arjun Nair,Bengaluru,Female,46,Travel,16-02-2025,16-02-2026,1248.01,55605.51,CL3279,23-04-2025,6521.45,Pending
P3280,C3280,Aarav Sharma,Kolkata,Male,41,Travel,15-03-2024,15-03-2025,509.11,94032.26,CL3280,09-06-2024,4098.74,Settled
P3281,C3281,Arjun Nair,Delhi,Female,22,Travel,08-12-2024,08-12-2025,849.87,29949.49,CL3281,23-05-2025,6074.69,Rejected
P3282,C3282,Ananya Gupta,Kolkata,Female,52,Travel,03-01-2024,02-01-2025,1414.15,55997.29,CL3282,24-04-2024,2410.56,Settled
P3283,C3283,Ishita Singh,Delhi,Male,26,Travel,20-11-2025,20-11-2026,525.12,94822.09,CL3283,31-12-2025,8561.83,Rejected
P3284,C3284,Aarav Sharma,Mumbai,Female,52,Health,29-11-2023,28-11-2024,624.4,55338.21,CL3284,,0,Rejected
P3285,C3285,Vihaan Reddy,Chandigarh,Female,29,Travel,07-01-2025,07-01-2026,255.05,77564.7,CL3285,,0,Rejected
P3286,C3286,Rohan Desai,Indore,Female,45,Auto,23-10-2024,23-10-2025,332.12,35682,CL3286,11-08-2025,9599.38,Pending
P3287,C3287,Kavya Reddy,Pune,Female,57,Travel,08-05-2024,08-05-2025,1099.48,96442.06,CL3287,,0,Rejected
P3288,C3288,Vivaan Patel,Lucknow,Male,44,Health,27-01-2025,27-01-2026,1427.14,67746.1,CL3288,,0,Rejected
P3289,C3289,Rohan Desai,Pune,Male,45,Travel,12-08-2023,11-08-2024,266.23,91089.59,CL3289,13-05-2024,8537.07,Settled
P3290,C3290,Aditya Verma,Mumbai,Female,56,Health,26-11-2024,26-11-2025,618.19,65851.65,CL3290,,0,Rejected
P3291,C3291,Vivaan Patel,Ahmedabad,Male,40,Auto,24-02-2024,23-02-2025,451.2,67186.64,CL3291,,0,Rejected
P3292,C3292,Ishita Singh,Jaipur,Female,45,Health,14-10-2023,13-10-2024,438.51,32043.74,CL3292,26-06-2024,7151.99,Settled
P3293,C3293,Neha Joshi,Ahmedabad,Male,55,Health,07-11-2023,06-11-2024,988.66,28365.77,CL3293,,0,Rejected
P3294,C3294,Aarav Sharma,Bengaluru,Female,52,Auto,01-08-2023,31-07-2024,694.62,37383.65,CL3294,,0,Rejected
P3295,C3295,Kavya Reddy,Ahmedabad,Male,72,Health,08-08-2023,07-08-2024,464.98,88115.3,CL3295,22-02-2024,7770.54,Rejected
P3296,C3296,Kavya Reddy,Mumbai,Male,21,Travel,12-10-2025,12-10-2026,859.77,75481.85,CL3296,06-04-2026,5081.11,Settled
P3297,C3297,Priya Nair,Kolkata,Male,31,Travel,14-05-2024,14-05-2025,797.18,98399.94,CL3297,01-08-2024,7082.5,Pending
P3298,C3298,Vihaan Reddy,Pune,Female,55,Health,08-04-2024,08-04-2025,783.91,42313.7,CL3298,,0,Rejected
P3299,C3299,Arjun Nair,Delhi,Female,51,Auto,28-05-2024,28-05-2025,1483.7,37517.59,CL3299,04-06-2024,1900.6,Pending
P3300,C3300,Rohan Desai,Lucknow,Male,35,Health,31-01-2023,31-01-2024,1386.23,95792.38,CL3300,,0,Rejected
P3301,C3301,Rohan Desai,Ahmedabad,Male,43,Health,15-08-2023,14-08-2024,1451.23,74426.1,CL3301,15-01-2024,1233.47,Pending
P3302,C3302,Vivaan Patel,Pune,Female,73,Travel,30-08-2025,30-08-2026,638.6,43147.29,CL3302,,0,Rejected
P3303,C3303,Rohan Desai,Jaipur,Male,32,Health,04-04-2024,04-04-2025,490.36,33592.34,CL3303,12-11-2024,7853.46,Rejected
P3304,C3304,Ishita Singh,Lucknow,Male,68,Travel,03-08-2025,03-08-2026,760.58,57829.6,CL3304,23-01-2026,1253.59,Rejected
P3305,C3305,Vihaan Reddy,Indore,Female,43,Health,29-01-2025,29-01-2026,1152.11,74933.55,CL3305,13-11-2025,8807.72,Rejected
P3306,C3306,Sai Kumar,Chandigarh,Female,35,Health,01-09-2024,01-09-2025,955.22,50268.39,CL3306,12-03-2025,7197.61,Settled
P3307,C3307,Ishita Singh,Indore,Female,33,Travel,30-05-2023,29-05-2024,1447.2,29623.12,CL3307,15-06-2023,7382.99,Rejected
P3308,C3308,Pooja Sharma,Chennai,Male,33,Travel,20-10-2025,20-10-2026,1244.06,60501.07,CL3308,,0,Rejected
P3309,C3309,Vivaan Patel,Pune,Male,56,Travel,22-01-2023,22-01-2024,870.61,65765.29,CL3309,,0,Rejected
P3310,C3310,Ishita Singh,Indore,Female,75,Travel,27-01-2025,27-01-2026,594.96,79600.69,CL3310,05-07-2025,1954.41,Settled
P3311,C3311,Kunal Mehta,Ahmedabad,Female,54,Health,31-07-2023,30-07-2024,923.23,61702.06,CL3311,07-07-2024,1978.16,Pending
P3312,C3312,Sneha Iyer,Chandigarh,Female,23,Travel,21-08-2025,21-08-2026,474.12,34061.27,CL3312,24-05-2026,2038.4,Pending
P3313,C3313,Vivaan Patel,Delhi,Female,66,Travel,10-08-2025,10-08-2026,285.26,73973.32,CL3313,06-03-2026,5128,Pending
P3314,C3314,Rohan Desai,Bengaluru,Female,71,Auto,17-04-2023,16-04-2024,352.36,33549.04,CL3314,,0,Rejected
P3315,C3315,Vivaan Patel,Chennai,Female,25,Health,17-06-2025,17-06-2026,772.23,22190.23,CL3315,07-04-2026,6674.41,Settled
P3316,C3316,Aarav Sharma,Indore,Female,55,Auto,05-11-2024,05-11-2025,480.79,64259.8,CL3316,,0,Rejected
P3317,C3317,Sneha Iyer,Hyderabad,Male,37,Health,17-09-2023,16-09-2024,1297.4,97681.05,CL3317,28-03-2024,1850.12,Rejected
P3318,C3318,Priya Nair,Bengaluru,Male,54,Auto,13-11-2025,13-11-2026,809.9,94725.06,CL3318,21-09-2026,2872.66,Pending
P3319,C3319,Arjun Nair,Pune,Female,47,Health,08-12-2023,07-12-2024,1326.58,63907.93,CL3319,23-08-2024,5875.47,Settled
P3320,C3320,Vihaan Reddy,Ahmedabad,Male,60,Auto,28-04-2023,27-04-2024,313.48,55625.4,CL3320,,0,Rejected
P3321,C3321,Rohan Desai,Chandigarh,Female,26,Health,16-03-2025,16-03-2026,1096.49,91588.3,CL3321,,0,Rejected
P3322,C3322,Aarav Sharma,Bengaluru,Female,44,Travel,28-03-2025,28-03-2026,924.18,42046.4,CL3322,19-03-2026,3464.34,Rejected
P3323,C3323,Sneha Iyer,Hyderabad,Male,50,Health,26-03-2025,26-03-2026,1241.95,35762.4,CL3323,,0,Rejected
P3324,C3324,Vivaan Patel,Kolkata,Female,29,Travel,05-04-2023,04-04-2024,270.53,28283.06,CL3324,09-04-2023,1776.69,Rejected
P3325,C3325,Vihaan Reddy,Indore,Female,59,Health,12-12-2024,12-12-2025,390.67,84931.76,CL3325,,0,Rejected
P3326,C3326,Meera Kulkarni,Indore,Male,75,Travel,02-11-2023,01-11-2024,381.97,63811.82,CL3326,,0,Rejected
P3327,C3327,Rohan Desai,Chennai,Male,51,Travel,24-03-2024,24-03-2025,1285.28,22977.74,CL3327,,0,Rejected
P3328,C3328,Pooja Sharma,Chandigarh,Female,57,Travel,05-11-2024,05-11-2025,987.23,70576.35,CL3328,,0,Rejected
P3329,C3329,Kavya Reddy,Kolkata,Male,27,Auto,11-03-2024,11-03-2025,1381.77,82950.39,CL3329,25-04-2024,2701.89,Rejected
P3330,C3330,Vihaan Reddy,Jaipur,Female,52,Travel,10-02-2023,10-02-2024,956.92,40116.14,CL3330,03-10-2023,7847.85,Pending
P3331,C3331,Meera Kulkarni,Chandigarh,Male,61,Travel,16-10-2025,16-10-2026,1328.72,90577.1,CL3331,08-10-2026,9484.5,Settled
P3332,C3332,Rohan Desai,Kolkata,Male,28,Auto,03-03-2023,02-03-2024,1225.1,89924.3,CL3332,,0,Rejected
P3333,C3333,Meera Kulkarni,Delhi,Male,35,Health,07-06-2025,07-06-2026,1255.17,86478.78,CL3333,,0,Rejected
P3334,C3334,Vivaan Patel,Chandigarh,Female,70,Auto,11-09-2023,10-09-2024,539.15,24690.05,CL3334,,0,Rejected
P3335,C3335,Pooja Sharma,Lucknow,Female,50,Auto,14-03-2025,14-03-2026,1204.56,86033.77,CL3335,28-05-2025,6689.59,Rejected
P3336,C3336,Arjun Nair,Lucknow,Male,43,Auto,06-05-2025,06-05-2026,982.43,90052.08,CL3336,05-01-2026,3491.52,Pending
P3337,C3337,Sneha Iyer,Chennai,Male,33,Auto,25-11-2023,24-11-2024,947.65,53502.79,CL3337,07-11-2024,1450.65,Pending
P3338,C3338,Sneha Iyer,Chennai,Female,55,Health,29-10-2024,29-10-2025,1324.41,69389.58,CL3338,30-05-2025,4584.76,Settled
P3339,C3339,Vihaan Reddy,Pune,Female,32,Travel,03-01-2023,03-01-2024,391.7,63642.4,CL3339,07-06-2023,7777.29,Settled
P3340,C3340,Arjun Nair,Kolkata,Male,55,Auto,22-10-2025,22-10-2026,1423.32,44488.26,CL3340,,0,Rejected
P3341,C3341,Kunal Mehta,Jaipur,Female,60,Travel,25-10-2025,25-10-2026,1411.2,98948.35,CL3341,22-10-2026,2270.91,Rejected
P3342,C3342,Neha Joshi,Ahmedabad,Male,28,Travel,10-06-2025,10-06-2026,274.87,95953.04,CL3342,12-05-2026,9006.9,Pending
P3343,C3343,Aarav Sharma,Hyderabad,Male,36,Auto,01-02-2023,01-02-2024,1207.4,64272.71,CL3343,,0,Rejected
P3344,C3344,Meera Kulkarni,Lucknow,Female,26,Auto,19-08-2024,19-08-2025,1364.84,56348.08,CL3344,29-08-2024,6779.68,Pending
P3345,C3345,Sai Kumar,Pune,Female,64,Health,27-11-2024,27-11-2025,1088.45,90913.76,CL3345,05-12-2024,8528.12,Rejected
P3346,C3346,Kunal Mehta,Pune,Male,69,Health,28-04-2025,28-04-2026,762.03,25951.35,CL3346,,0,Rejected
P3347,C3347,Kunal Mehta,Indore,Female,38,Health,14-08-2024,14-08-2025,653.52,88906.03,CL3347,27-06-2025,8681.97,Rejected
P3348,C3348,Kunal Mehta,Hyderabad,Female,61,Travel,30-01-2025,30-01-2026,393.74,82273.57,CL3348,10-01-2026,6807.78,Pending
P3349,C3349,Rohan Desai,Pune,Female,36,Health,16-02-2024,15-02-2025,1413.51,98360.7,CL3349,01-10-2024,8723.32,Settled
P3350,C3350,Kunal Mehta,Indore,Male,44,Travel,18-07-2025,18-07-2026,1478.66,22380.21,CL3350,02-07-2026,5234.28,Rejected
P3351,C3351,Aditya Verma,Hyderabad,Female,55,Auto,24-01-2023,24-01-2024,1220.38,69743.4,CL3351,,0,Rejected
P3352,C3352,Kavya Reddy,Delhi,Male,51,Auto,12-06-2025,12-06-2026,1272.59,38332.42,CL3352,,0,Rejected
P3353,C3353,Pooja Sharma,Jaipur,Female,67,Travel,05-06-2025,05-06-2026,388.5,83111.74,CL3353,,0,Rejected
P3354,C3354,Meera Kulkarni,Kolkata,Female,67,Health,19-12-2023,18-12-2024,1070.65,74042.46,CL3354,14-10-2024,7990.46,Settled
P3355,C3355,Vivaan Patel,Delhi,Female,67,Auto,04-01-2024,03-01-2025,582.14,25718.35,CL3355,26-01-2024,7898.73,Pending
P3356,C3356,Ananya Gupta,Pune,Female,74,Health,21-07-2024,21-07-2025,464.39,48526.49,CL3356,26-10-2024,6744.45,Pending
P3357,C3357,Arjun Nair,Bengaluru,Male,43,Travel,20-07-2025,20-07-2026,1334.11,97386.21,CL3357,14-11-2025,6838.11,Rejected
P3358,C3358,Kunal Mehta,Pune,Female,74,Health,22-02-2023,22-02-2024,595.83,57753.96,CL3358,08-10-2023,4135.25,Settled
P3359,C3359,Arjun Nair,Lucknow,Male,34,Travel,27-04-2023,26-04-2024,883.99,71237.44,CL3359,09-04-2024,6476.21,Rejected
P3360,C3360,Neha Joshi,Chennai,Male,36,Health,04-06-2025,04-06-2026,866.05,91298.39,CL3360,08-02-2026,2132.98,Pending
P3361,C3361,Arjun Nair,Kolkata,Male,26,Auto,03-01-2024,02-01-2025,940.39,54303.54,CL3361,17-12-2024,4302.97,Pending
P3362,C3362,Kavya Reddy,Kolkata,Female,65,Travel,25-02-2025,25-02-2026,1365.61,34128.55,CL3362,08-03-2025,4709.07,Pending
P3363,C3363,Ananya Gupta,Indore,Female,45,Auto,30-09-2024,30-09-2025,1417.39,35353.24,CL3363,04-08-2025,1839.11,Pending
P3364,C3364,Ananya Gupta,Chennai,Male,25,Auto,29-09-2024,29-09-2025,1038.55,51708.13,CL3364,11-09-2025,1759.32,Rejected
P3365,C3365,Vihaan Reddy,Indore,Female,37,Health,10-11-2023,09-11-2024,943.08,79332.19,CL3365,17-02-2024,5325.02,Settled
P3366,C3366,Kavya Reddy,Hyderabad,Female,62,Auto,15-07-2023,14-07-2024,1482.33,75937.15,CL3366,21-05-2024,6723.88,Settled
P3367,C3367,Aarav Sharma,Hyderabad,Female,73,Auto,15-12-2023,14-12-2024,398.36,43495.8,CL3367,,0,Rejected
P3368,C3368,Pooja Sharma,Jaipur,Female,21,Health,11-10-2023,10-10-2024,482.88,72115.88,CL3368,,0,Rejected
P3369,C3369,Sai Kumar,Jaipur,Female,37,Auto,11-03-2023,10-03-2024,257.83,61582.13,CL3369,,0,Rejected
P3370,C3370,Aditya Verma,Chennai,Female,29,Auto,14-05-2024,14-05-2025,1097.21,48498.99,CL3370,18-06-2024,9254.56,Settled
P3371,C3371,Vivaan Patel,Ahmedabad,Female,48,Health,08-12-2024,08-12-2025,404.43,44993.61,CL3371,,0,Rejected
P3372,C3372,Ananya Gupta,Lucknow,Male,52,Auto,25-02-2025,25-02-2026,1337.27,28213.84,CL3372,,0,Rejected
P3373,C3373,Aditya Verma,Hyderabad,Male,33,Health,13-01-2025,13-01-2026,334.78,94511.42,CL3373,,0,Rejected
P3374,C3374,Neha Joshi,Bengaluru,Female,21,Auto,10-09-2023,09-09-2024,1490.66,49129.85,CL3374,01-08-2024,4279.53,Rejected
P3375,C3375,Kunal Mehta,Jaipur,Female,29,Health,10-05-2025,10-05-2026,818.84,90567.34,CL3375,,0,Rejected
P3376,C3376,Sneha Iyer,Kolkata,Male,24,Auto,31-12-2024,31-12-2025,872.56,53132.49,CL3376,05-10-2025,2240.56,Settled
P3377,C3377,Pooja Sharma,Ahmedabad,Female,40,Auto,25-10-2024,25-10-2025,1096.75,97486.65,CL3377,17-04-2025,3851.83,Rejected
P3378,C3378,Rohan Desai,Chennai,Female,71,Travel,02-08-2024,02-08-2025,398.44,65191.41,CL3378,27-05-2025,6209.38,Rejected
P3379,C3379,Meera Kulkarni,Jaipur,Female,31,Travel,04-01-2023,04-01-2024,1134.45,65941.76,CL3379,06-04-2023,5769.59,Pending
P3380,C3380,Sai Kumar,Lucknow,Female,57,Travel,06-09-2023,05-09-2024,1215.33,46358.36,CL3380,,0,Rejected
P3381,C3381,Aditya Verma,Lucknow,Female,72,Travel,25-01-2024,24-01-2025,1104.97,34013.26,CL3381,29-08-2024,9757.25,Rejected
P3382,C3382,Aditya Verma,Hyderabad,Female,71,Auto,13-04-2023,12-04-2024,1364.18,68060.55,CL3382,09-10-2023,2883.13,Settled
P3383,C3383,Aarav Sharma,Pune,Male,69,Health,16-12-2023,15-12-2024,895.65,75630.83,CL3383,03-04-2024,5619.83,Settled
P3384,C3384,Ananya Gupta,Indore,Female,65,Health,22-02-2023,22-02-2024,308.5,93700.42,CL3384,24-02-2023,4583.89,Pending
P3385,C3385,Kunal Mehta,Chandigarh,Female,52,Travel,18-07-2025,18-07-2026,1120.22,85080.53,CL3385,05-06-2026,6003.78,Pending
P3386,C3386,Pooja Sharma,Delhi,Female,32,Health,24-02-2024,23-02-2025,1053.01,83143.62,CL3386,07-05-2024,8792.96,Settled
P3387,C3387,Meera Kulkarni,Mumbai,Female,38,Travel,23-05-2025,23-05-2026,844.98,84278.82,CL3387,,0,Rejected
P3388,C3388,Sneha Iyer,Chennai,Female,59,Travel,10-08-2023,09-08-2024,1339.74,99832.45,CL3388,,0,Rejected
P3389,C3389,Aarav Sharma,Chandigarh,Female,61,Auto,14-11-2023,13-11-2024,982.39,46226.37,CL3389,18-05-2024,6390.82,Pending
P3390,C3390,Arjun Nair,Hyderabad,Male,49,Health,04-01-2023,04-01-2024,445.26,94317.7,CL3390,22-11-2023,2767.53,Pending
P3391,C3391,Vivaan Patel,Jaipur,Female,57,Auto,18-10-2025,18-10-2026,1095.81,35823.06,CL3391,23-06-2026,6738.62,Settled
P3392,C3392,Priya Nair,Chandigarh,Male,57,Auto,29-09-2025,29-09-2026,1268.11,74031.69,CL3392,26-03-2026,9310.55,Pending
P3393,C3393,Vivaan Patel,Lucknow,Male,45,Auto,03-03-2023,02-03-2024,812.98,96937.02,CL3393,05-06-2023,6501.99,Settled
P3394,C3394,Rohan Desai,Kolkata,Male,22,Travel,17-11-2025,17-11-2026,1162.9,98042.93,CL3394,03-09-2026,7442.17,Pending
P3395,C3395,Kavya Reddy,Delhi,Female,69,Auto,20-06-2023,19-06-2024,881.56,34818.8,CL3395,07-02-2024,4060.01,Rejected
P3396,C3396,Vivaan Patel,Bengaluru,Female,73,Auto,16-11-2024,16-11-2025,908.83,50933.85,CL3396,16-04-2025,6656.31,Settled
P3397,C3397,Rohan Desai,Chandigarh,Female,41,Health,14-10-2024,14-10-2025,747.01,87699.89,CL3397,,0,Rejected
P3398,C3398,Sneha Iyer,Pune,Female,34,Health,16-11-2024,16-11-2025,1143.97,52194.85,CL3398,,0,Rejected
P3399,C3399,Aarav Sharma,Pune,Female,39,Auto,29-03-2025,29-03-2026,778.5,48975.06,CL3399,22-10-2025,2431.24,Pending
P3400,C3400,Ananya Gupta,Bengaluru,Male,59,Travel,06-02-2024,05-02-2025,1112.58,36238.43,CL3400,15-02-2024,3362.94,Rejected
P3401,C3401,Rohan Desai,Ahmedabad,Female,59,Travel,09-02-2025,09-02-2026,294.03,37175.46,CL3401,09-05-2025,7280.34,Settled
P3402,C3402,Ishita Singh,Chennai,Female,23,Travel,26-09-2024,26-09-2025,615.01,94374.22,CL3402,02-09-2025,4284.43,Pending
P3403,C3403,Sai Kumar,Indore,Female,53,Travel,23-05-2024,23-05-2025,796.71,90467.34,CL3403,08-03-2025,3663.82,Settled
P3404,C3404,Sneha Iyer,Kolkata,Female,67,Travel,07-01-2023,07-01-2024,631.9,44705.87,CL3404,,0,Rejected
P3405,C3405,Sneha Iyer,Indore,Male,37,Health,21-11-2023,20-11-2024,823.6,89759.14,CL3405,,0,Rejected
P3406,C3406,Ishita Singh,Lucknow,Male,48,Travel,10-01-2024,09-01-2025,899.25,67099.28,CL3406,01-02-2024,3817.13,Rejected
P3407,C3407,Sai Kumar,Mumbai,Female,63,Health,15-12-2024,15-12-2025,1403.79,61135.65,CL3407,,0,Rejected
P3408,C3408,Arjun Nair,Chandigarh,Female,32,Travel,09-09-2025,09-09-2026,1017.68,98531.6,CL3408,03-11-2025,1549.57,Rejected
P3409,C3409,Aarav Sharma,Pune,Female,62,Travel,25-01-2024,24-01-2025,783.69,46087.8,CL3409,04-11-2024,9985.91,Settled
P3410,C3410,Kavya Reddy,Jaipur,Male,62,Auto,10-08-2023,09-08-2024,352.02,79314.45,CL3410,02-11-2023,6366.08,Settled
P3411,C3411,Rohan Desai,Chennai,Female,64,Health,11-06-2024,11-06-2025,274.32,29733.7,CL3411,13-07-2024,9631.14,Settled
P3412,C3412,Neha Joshi,Hyderabad,Male,54,Health,02-03-2023,01-03-2024,495.72,77434.84,CL3412,31-12-2023,2371.64,Settled
P3413,C3413,Arjun Nair,Chennai,Male,67,Travel,03-11-2023,02-11-2024,785.71,41693.46,CL3413,02-05-2024,4375.02,Settled
P3414,C3414,Vivaan Patel,Jaipur,Female,57,Auto,27-06-2025,27-06-2026,1404.54,83204.24,CL3414,06-06-2026,2523.39,Pending
P3415,C3415,Aditya Verma,Chennai,Female,61,Travel,10-09-2023,09-09-2024,641.22,85135.42,CL3415,,0,Rejected
P3416,C3416,Kavya Reddy,Jaipur,Male,37,Travel,31-07-2024,31-07-2025,895.29,91451.58,CL3416,09-01-2025,3569.89,Pending
P3417,C3417,Meera Kulkarni,Kolkata,Female,68,Travel,21-06-2024,21-06-2025,363.72,63220.05,CL3417,,0,Rejected
P3418,C3418,Rohan Desai,Mumbai,Male,30,Travel,22-06-2024,22-06-2025,1052.84,98861.16,CL3418,12-04-2025,9822.09,Settled
P3419,C3419,Kunal Mehta,Kolkata,Male,56,Auto,11-12-2023,10-12-2024,258.19,72806.62,CL3419,,0,Rejected
P3420,C3420,Vivaan Patel,Indore,Male,71,Travel,22-10-2023,21-10-2024,323.3,27948.03,CL3420,28-05-2024,2169.74,Settled
P3421,C3421,Kavya Reddy,Ahmedabad,Male,22,Auto,13-03-2025,13-03-2026,806.01,88349.58,CL3421,28-07-2025,3083.61,Settled
P3422,C3422,Sneha Iyer,Lucknow,Male,39,Travel,08-06-2025,08-06-2026,985.07,84644.34,CL3422,09-11-2025,5175.34,Settled
P3423,C3423,Arjun Nair,Chennai,Male,30,Health,21-04-2023,20-04-2024,1361.94,76632.47,CL3423,29-05-2023,3386.87,Rejected
P3424,C3424,Meera Kulkarni,Mumbai,Male,31,Auto,10-06-2025,10-06-2026,908.97,36633.08,CL3424,26-02-2026,6920.07,Pending
P3425,C3425,Ishita Singh,Mumbai,Male,30,Travel,05-01-2025,05-01-2026,343.94,70660.15,CL3425,30-11-2025,7624.48,Rejected
P3426,C3426,Ishita Singh,Kolkata,Female,74,Auto,22-04-2023,21-04-2024,1108.73,99546.73,CL3426,07-02-2024,8228.22,Pending
P3427,C3427,Sneha Iyer,Indore,Female,52,Travel,27-02-2023,27-02-2024,757.14,58674.03,CL3427,27-05-2023,5900.9,Settled
P3428,C3428,Priya Nair,Indore,Female,49,Health,21-03-2023,20-03-2024,1046.03,48921.72,CL3428,,0,Rejected
P3429,C3429,Aarav Sharma,Bengaluru,Male,56,Travel,29-03-2023,28-03-2024,1420.23,71846.48,CL3429,20-11-2023,9960.89,Rejected
P3430,C3430,Aditya Verma,Hyderabad,Female,62,Travel,21-08-2023,20-08-2024,704.46,93969.61,CL3430,,0,Rejected
P3431,C3431,Aditya Verma,Chandigarh,Male,39,Health,30-06-2025,30-06-2026,1282.71,20282.55,CL3431,20-06-2026,3693.39,Settled
P3432,C3432,Aditya Verma,Kolkata,Male,42,Auto,24-07-2024,24-07-2025,554.11,80925.23,CL3432,18-01-2025,4018.75,Rejected
P3433,C3433,Priya Nair,Pune,Female,48,Health,01-01-2024,31-12-2024,1480.56,48460.44,CL3433,28-03-2024,7753.58,Pending
P3434,C3434,Vivaan Patel,Delhi,Female,63,Travel,01-04-2025,01-04-2026,381.57,46778.12,CL3434,,0,Rejected
P3435,C3435,Kavya Reddy,Chandigarh,Female,22,Auto,17-11-2024,17-11-2025,757.69,50952.19,CL3435,22-08-2025,6322.88,Pending
P3436,C3436,Kunal Mehta,Delhi,Male,49,Health,19-06-2023,18-06-2024,972.13,46198.46,CL3436,29-07-2023,8003.98,Pending
P3437,C3437,Priya Nair,Jaipur,Female,39,Travel,09-12-2024,09-12-2025,1243.66,43049.47,CL3437,20-02-2025,2423,Pending
P3438,C3438,Kavya Reddy,Bengaluru,Male,36,Travel,28-12-2025,28-12-2026,1360.76,99164.66,CL3438,13-02-2026,7916.54,Settled
P3439,C3439,Ananya Gupta,Lucknow,Male,72,Auto,20-04-2025,20-04-2026,308.19,64733.76,CL3439,,0,Rejected
P3440,C3440,Sneha Iyer,Kolkata,Female,26,Travel,29-01-2025,29-01-2026,969.61,99033.5,CL3440,03-07-2025,7126.52,Settled
P3441,C3441,Aditya Verma,Delhi,Female,47,Health,13-03-2025,13-03-2026,305.97,68456.48,CL3441,21-10-2025,4038.21,Settled
P3442,C3442,Meera Kulkarni,Mumbai,Male,21,Health,01-10-2025,01-10-2026,476.63,40613.38,CL3442,12-10-2025,7067.83,Pending
P3443,C3443,Pooja Sharma,Chennai,Female,38,Auto,29-05-2023,28-05-2024,363.23,32776.79,CL3443,,0,Rejected
P3444,C3444,Priya Nair,Mumbai,Female,21,Travel,25-03-2024,25-03-2025,862.13,72801.23,CL3444,02-12-2024,4853.17,Settled
P3445,C3445,Aditya Verma,Hyderabad,Male,45,Travel,24-02-2025,24-02-2026,650.99,49918.46,CL3445,01-01-2026,6172.7,Rejected
P3446,C3446,Pooja Sharma,Kolkata,Female,54,Auto,01-07-2024,01-07-2025,1389.74,23474.69,CL3446,,0,Rejected
P3447,C3447,Sai Kumar,Lucknow,Female,32,Health,19-10-2025,19-10-2026,578.15,53999.06,CL3447,19-01-2026,1787.63,Rejected
P3448,C3448,Arjun Nair,Lucknow,Female,57,Travel,08-05-2023,07-05-2024,1260.34,37155.16,CL3448,04-04-2024,8117.66,Pending
P3449,C3449,Ishita Singh,Delhi,Female,68,Health,10-09-2025,10-09-2026,295.33,82836.5,CL3449,07-03-2026,4971.7,Rejected
P3450,C3450,Aarav Sharma,Pune,Female,49,Health,26-03-2024,26-03-2025,876.34,35548.82,CL3450,,0,Rejected
P3451,C3451,Rohan Desai,Mumbai,Male,58,Auto,19-04-2025,19-04-2026,1147.7,39032.51,CL3451,21-02-2026,9160.64,Pending
P3452,C3452,Kavya Reddy,Bengaluru,Male,33,Auto,03-07-2024,03-07-2025,690.14,93295.13,CL3452,18-05-2025,8508.28,Rejected
P3453,C3453,Arjun Nair,Chandigarh,Female,38,Auto,18-01-2023,18-01-2024,569.44,71678.64,CL3453,,0,Rejected
P3454,C3454,Meera Kulkarni,Hyderabad,Female,21,Travel,04-05-2023,03-05-2024,443.68,30753.14,CL3454,01-12-2023,5652.99,Pending
P3455,C3455,Kavya Reddy,Chennai,Female,24,Travel,22-07-2025,22-07-2026,250.45,27540.51,CL3455,,0,Rejected
P3456,C3456,Neha Joshi,Chennai,Female,37,Travel,25-02-2025,25-02-2026,454.68,25308.94,CL3456,04-02-2026,6001.89,Rejected
P3457,C3457,Vivaan Patel,Mumbai,Female,62,Health,24-02-2024,23-02-2025,443.66,35532.03,CL3457,,0,Rejected
P3458,C3458,Sai Kumar,Mumbai,Female,44,Travel,24-12-2025,24-12-2026,357.19,85636.31,CL3458,10-03-2026,7985.12,Rejected
P3459,C3459,Pooja Sharma,Pune,Male,41,Auto,05-07-2025,05-07-2026,636.67,55680.77,CL3459,31-01-2026,7489.07,Rejected
P3460,C3460,Kunal Mehta,Hyderabad,Male,36,Auto,05-08-2024,05-08-2025,1269.27,50022.7,CL3460,14-07-2025,5275.62,Pending
P3461,C3461,Meera Kulkarni,Mumbai,Female,25,Health,17-04-2024,17-04-2025,1272.14,39430.66,CL3461,08-01-2025,9900.68,Pending
P3462,C3462,Aditya Verma,Hyderabad,Male,59,Travel,06-07-2024,06-07-2025,889.38,95430.64,CL3462,16-12-2024,5122.71,Settled
P3463,C3463,Rohan Desai,Hyderabad,Female,22,Auto,06-10-2025,06-10-2026,766.15,88768.23,CL3463,,0,Rejected
P3464,C3464,Meera Kulkarni,Chennai,Male,22,Travel,04-09-2023,03-09-2024,1487.54,58818.88,CL3464,05-03-2024,6778.39,Pending
P3465,C3465,Priya Nair,Mumbai,Male,46,Travel,17-03-2023,16-03-2024,556.59,48399.76,CL3465,21-11-2023,9551.41,Settled
P3466,C3466,Ishita Singh,Bengaluru,Female,75,Health,24-06-2025,24-06-2026,303.67,43118.57,CL3466,09-07-2025,1143.36,Rejected
P3467,C3467,Sai Kumar,Mumbai,Female,70,Travel,20-09-2023,19-09-2024,252.75,95107.5,CL3467,14-09-2024,4410.92,Settled
P3468,C3468,Rohan Desai,Bengaluru,Female,41,Health,04-08-2025,04-08-2026,901.9,31052.04,CL3468,06-07-2026,5654.5,Pending
P3469,C3469,Ishita Singh,Hyderabad,Male,37,Auto,12-10-2025,12-10-2026,749.01,52866.07,CL3469,,0,Rejected
P3470,C3470,Ananya Gupta,Jaipur,Male,44,Health,29-11-2024,29-11-2025,654.25,56550.44,CL3470,02-08-2025,2363.74,Rejected
P3471,C3471,Ananya Gupta,Mumbai,Male,37,Travel,01-03-2024,01-03-2025,1433.94,32229.85,CL3471,,0,Rejected
P3472,C3472,Meera Kulkarni,Kolkata,Female,60,Auto,22-09-2025,22-09-2026,603.82,66031.46,CL3472,,0,Rejected
P3473,C3473,Vivaan Patel,Ahmedabad,Female,51,Travel,03-04-2024,03-04-2025,555.79,69669.11,CL3473,09-01-2025,7831.68,Pending
P3474,C3474,Meera Kulkarni,Pune,Male,21,Health,09-11-2024,09-11-2025,1139.65,51333.21,CL3474,,0,Rejected
P3475,C3475,Vihaan Reddy,Lucknow,Female,34,Auto,14-06-2023,13-06-2024,1134.71,24355.64,CL3475,22-02-2024,1543.83,Settled
P3476,C3476,Rohan Desai,Chandigarh,Female,36,Health,27-12-2025,27-12-2026,407.62,65667.77,CL3476,22-07-2026,5347.67,Rejected
P3477,C3477,Ananya Gupta,Indore,Male,70,Auto,03-04-2024,03-04-2025,283.5,38624.58,CL3477,02-10-2024,4854.04,Pending
P3478,C3478,Vihaan Reddy,Jaipur,Male,69,Travel,27-04-2023,26-04-2024,1279.4,51212.26,CL3478,23-11-2023,8197.62,Pending
P3479,C3479,Kunal Mehta,Chennai,Female,47,Auto,14-10-2025,14-10-2026,870.32,75362.88,CL3479,13-09-2026,9310.56,Pending
P3480,C3480,Vihaan Reddy,Indore,Female,49,Auto,31-10-2024,31-10-2025,492.51,21169.54,CL3480,11-11-2024,5488.03,Settled
P3481,C3481,Vihaan Reddy,Bengaluru,Female,72,Health,20-09-2024,20-09-2025,1470.4,74676.53,CL3481,21-07-2025,3685.35,Pending
P3482,C3482,Ishita Singh,Chennai,Female,25,Travel,26-11-2023,25-11-2024,299.51,50697.68,CL3482,06-11-2024,1207.62,Settled
P3483,C3483,Kavya Reddy,Chandigarh,Male,51,Auto,28-04-2025,28-04-2026,1221.04,27400.28,CL3483,08-01-2026,9257.36,Pending
P3484,C3484,Priya Nair,Chennai,Female,22,Auto,29-03-2023,28-03-2024,340.39,40981.52,CL3484,,0,Rejected
P3485,C3485,Rohan Desai,Bengaluru,Female,28,Auto,29-06-2024,29-06-2025,613.64,59529.31,CL3485,13-11-2024,9641.57,Settled
P3486,C3486,Priya Nair,Chandigarh,Female,41,Auto,12-02-2023,12-02-2024,860.51,65055.4,CL3486,28-11-2023,5540.81,Pending
P3487,C3487,Priya Nair,Bengaluru,Female,58,Travel,26-11-2024,26-11-2025,928.81,83191.07,CL3487,09-07-2025,6132.94,Rejected
P3488,C3488,Sai Kumar,Lucknow,Female,23,Auto,06-03-2025,06-03-2026,1108.66,28236.96,CL3488,06-04-2025,3098.32,Pending
P3489,C3489,Sneha Iyer,Hyderabad,Female,31,Travel,03-12-2025,03-12-2026,1342.81,87261.1,CL3489,05-10-2026,3315.55,Settled
P3490,C3490,Meera Kulkarni,Ahmedabad,Male,39,Auto,02-11-2025,02-11-2026,290.02,31592.07,CL3490,31-07-2026,8201.14,Rejected
P3491,C3491,Priya Nair,Chandigarh,Male,33,Auto,09-01-2023,09-01-2024,582.95,73006.43,CL3491,11-08-2023,8591.19,Pending
P3492,C3492,Rohan Desai,Chandigarh,Female,53,Travel,03-02-2024,02-02-2025,849.6,34036.59,CL3492,,0,Rejected
P3493,C3493,Vihaan Reddy,Hyderabad,Female,74,Health,22-10-2024,22-10-2025,934.13,55310.64,CL3493,,0,Rejected
P3494,C3494,Sai Kumar,Chennai,Male,26,Auto,29-12-2023,28-12-2024,649.71,27828.05,CL3494,16-05-2024,8840.89,Pending
P3495,C3495,Ishita Singh,Lucknow,Male,39,Travel,14-01-2023,14-01-2024,1412.98,93950.45,CL3495,14-10-2023,6724.35,Rejected
P3496,C3496,Arjun Nair,Jaipur,Male,69,Travel,21-10-2024,21-10-2025,786.45,80693.21,CL3496,,0,Rejected
P3497,C3497,Meera Kulkarni,Chandigarh,Male,64,Health,06-06-2025,06-06-2026,1295.47,90249.46,CL3497,20-07-2025,1746.04,Settled
P3498,C3498,Neha Joshi,Hyderabad,Female,39,Health,24-09-2023,23-09-2024,753.25,34313.29,CL3498,02-10-2023,8996.96,Rejected
P3499,C3499,Priya Nair,Chandigarh,Female,33,Travel,20-05-2023,19-05-2024,774.91,39454.24,CL3499,,0,Rejected
P3500,C3500,Arjun Nair,Pune,Female,30,Travel,20-04-2025,20-04-2026,1389.71,97630.04,CL3500,,0,Rejected
P3501,C3501,Aarav Sharma,Chandigarh,Female,68,Travel,29-11-2025,29-11-2026,792.07,50163.53,CL3501,23-04-2026,1329.32,Settled
P3502,C3502,Vivaan Patel,Hyderabad,Male,54,Auto,15-05-2023,14-05-2024,819.69,44297.78,CL3502,,0,Rejected
P3503,C3503,Aarav Sharma,Mumbai,Female,44,Travel,16-12-2025,16-12-2026,657.14,87698.19,CL3503,,0,Rejected
P3504,C3504,Aarav Sharma,Bengaluru,Female,45,Travel,05-02-2025,05-02-2026,821.51,78281.33,CL3504,16-06-2025,3907.35,Pending
P3505,C3505,Aarav Sharma,Bengaluru,Female,62,Health,02-01-2023,02-01-2024,811.6,31506.24,CL3505,,0,Rejected
P3506,C3506,Aarav Sharma,Indore,Male,50,Health,23-08-2024,23-08-2025,1391.96,80115.09,CL3506,,0,Rejected
P3507,C3507,Priya Nair,Ahmedabad,Female,53,Auto,08-06-2023,07-06-2024,914.21,97360.68,CL3507,,0,Rejected
P3508,C3508,Neha Joshi,Bengaluru,Female,22,Travel,22-11-2025,22-11-2026,604.75,61600.78,CL3508,07-01-2026,3944.17,Rejected
P3509,C3509,Ananya Gupta,Mumbai,Female,69,Auto,15-03-2023,14-03-2024,932.81,98514.19,CL3509,24-05-2023,1140.86,Settled
P3510,C3510,Ananya Gupta,Kolkata,Male,60,Travel,28-01-2025,28-01-2026,999.87,62780.21,CL3510,16-06-2025,4032.71,Settled
P3511,C3511,Vihaan Reddy,Lucknow,Female,40,Auto,06-03-2024,06-03-2025,280.94,65670.27,CL3511,25-06-2024,1820.91,Rejected
P3512,C3512,Priya Nair,Lucknow,Male,42,Auto,25-01-2025,25-01-2026,1223.72,49379.59,CL3512,11-02-2025,3086.32,Pending
P3513,C3513,Kavya Reddy,Jaipur,Female,40,Health,24-01-2025,24-01-2026,286.4,71134.69,CL3513,14-11-2025,6608.49,Settled
P3514,C3514,Priya Nair,Chandigarh,Male,53,Health,25-11-2023,24-11-2024,672.82,88713.75,CL3514,09-03-2024,5162.21,Pending
P3515,C3515,Aarav Sharma,Kolkata,Male,58,Auto,25-11-2023,24-11-2024,438.57,38633.4,CL3515,08-12-2023,8571.93,Pending
P3516,C3516,Priya Nair,Indore,Female,26,Travel,26-10-2023,25-10-2024,374.5,50884.5,CL3516,,0,Rejected
P3517,C3517,Ananya Gupta,Bengaluru,Male,57,Auto,04-11-2025,04-11-2026,671.54,52266.68,CL3517,24-08-2026,2213.88,Settled
P3518,C3518,Ishita Singh,Chandigarh,Female,59,Travel,25-08-2025,25-08-2026,1308.13,40089.45,CL3518,,0,Rejected
P3519,C3519,Aarav Sharma,Mumbai,Female,60,Health,23-07-2025,23-07-2026,1251.36,74414.34,CL3519,02-12-2025,7901.42,Rejected
P3520,C3520,Vivaan Patel,Chandigarh,Female,63,Auto,01-01-2023,01-01-2024,682.56,73608.49,CL3520,18-05-2023,2290.79,Settled
P3521,C3521,Sai Kumar,Indore,Male,32,Travel,31-05-2025,31-05-2026,945.88,20363.44,CL3521,,0,Rejected
P3522,C3522,Aarav Sharma,Jaipur,Male,66,Travel,14-05-2024,14-05-2025,588.86,69716.35,CL3522,,0,Rejected
P3523,C3523,Arjun Nair,Kolkata,Male,39,Travel,19-11-2024,19-11-2025,599.03,30863.02,CL3523,22-08-2025,5666.88,Pending
P3524,C3524,Sneha Iyer,Kolkata,Female,35,Travel,06-03-2025,06-03-2026,372.59,27075.77,CL3524,06-04-2025,7006.21,Settled
P3525,C3525,Meera Kulkarni,Kolkata,Male,46,Health,21-12-2025,21-12-2026,694.58,46219.88,CL3525,01-10-2026,7327.24,Settled
P3526,C3526,Meera Kulkarni,Mumbai,Female,69,Travel,25-06-2025,25-06-2026,508.85,40547.66,CL3526,10-11-2025,4101.52,Pending
P3527,C3527,Neha Joshi,Chandigarh,Female,74,Health,09-05-2023,08-05-2024,287.75,76157.71,CL3527,28-04-2024,4885.06,Pending
P3528,C3528,Vihaan Reddy,Bengaluru,Male,45,Travel,03-10-2024,03-10-2025,723.19,40556.03,CL3528,02-09-2025,1153.01,Pending
P3529,C3529,Ishita Singh,Indore,Female,24,Health,12-07-2024,12-07-2025,1315.62,56258.44,CL3529,06-04-2025,9523.36,Settled
P3530,C3530,Pooja Sharma,Kolkata,Male,68,Auto,25-02-2025,25-02-2026,647.72,22008.52,CL3530,17-08-2025,9837.53,Rejected
P3531,C3531,Vivaan Patel,Chennai,Female,63,Auto,09-03-2023,08-03-2024,949.98,83055.5,CL3531,18-05-2023,7686.98,Settled
P3532,C3532,Arjun Nair,Delhi,Male,73,Travel,25-09-2025,25-09-2026,999.34,89435.93,CL3532,18-06-2026,9295.37,Rejected
P3533,C3533,Rohan Desai,Pune,Male,32,Health,05-02-2025,05-02-2026,395.01,24572.22,CL3533,10-01-2026,5491.51,Settled
P3534,C3534,Sai Kumar,Chandigarh,Female,74,Auto,02-05-2024,02-05-2025,1370.9,51803.81,CL3534,,0,Rejected
P3535,C3535,Aditya Verma,Indore,Male,28,Travel,08-04-2024,08-04-2025,321.48,84168.77,CL3535,,0,Rejected
P3536,C3536,Arjun Nair,Chandigarh,Male,29,Auto,21-12-2025,21-12-2026,1306.62,64669.21,CL3536,,0,Rejected
P3537,C3537,Sneha Iyer,Indore,Male,47,Travel,30-05-2025,30-05-2026,605.91,67791.95,CL3537,,0,Rejected
P3538,C3538,Neha Joshi,Kolkata,Male,61,Health,15-03-2025,15-03-2026,368.42,36832.49,CL3538,04-11-2025,8786.29,Settled
P3539,C3539,Neha Joshi,Chandigarh,Female,52,Auto,11-08-2024,11-08-2025,802.32,62656.13,CL3539,,0,Rejected
P3540,C3540,Arjun Nair,Lucknow,Male,49,Auto,18-09-2024,18-09-2025,784.71,46459.6,CL3540,12-08-2025,6312.4,Settled
P3541,C3541,Meera Kulkarni,Indore,Female,54,Travel,29-09-2023,28-09-2024,381.24,99954.23,CL3541,09-09-2024,1473.24,Pending
P3542,C3542,Priya Nair,Pune,Male,54,Travel,05-08-2025,05-08-2026,897.34,78144.15,CL3542,,0,Rejected
P3543,C3543,Vivaan Patel,Indore,Female,67,Auto,31-07-2023,30-07-2024,434.93,91239.9,CL3543,09-12-2023,6700.34,Settled
P3544,C3544,Sneha Iyer,Delhi,Female,61,Health,12-11-2024,12-11-2025,443.09,28257.61,CL3544,,0,Rejected
P3545,C3545,Ishita Singh,Chandigarh,Male,22,Auto,09-06-2025,09-06-2026,1280.53,97823.92,CL3545,,0,Rejected
P3546,C3546,Pooja Sharma,Chandigarh,Male,54,Auto,03-10-2024,03-10-2025,1421.08,39772,CL3546,13-12-2024,1652.59,Settled
P3547,C3547,Kavya Reddy,Ahmedabad,Male,40,Auto,30-11-2023,29-11-2024,1066.8,66911.11,CL3547,27-08-2024,1601.13,Pending
P3548,C3548,Priya Nair,Indore,Female,68,Travel,04-09-2024,04-09-2025,1437.77,58879.48,CL3548,,0,Rejected
P3549,C3549,Pooja Sharma,Ahmedabad,Female,65,Health,20-09-2025,20-09-2026,530.14,57488.2,CL3549,07-01-2026,4024.73,Rejected
P3550,C3550,Sneha Iyer,Mumbai,Male,49,Travel,21-08-2024,21-08-2025,766.44,27504.4,CL3550,,0,Rejected
P3551,C3551,Arjun Nair,Hyderabad,Male,43,Health,07-04-2024,07-04-2025,871.2,70629.13,CL3551,06-03-2025,2468.25,Pending
P3552,C3552,Sai Kumar,Lucknow,Female,45,Auto,09-10-2025,09-10-2026,982.37,81323.03,CL3552,28-04-2026,2567.72,Settled
P3553,C3553,Meera Kulkarni,Mumbai,Male,58,Auto,20-11-2024,20-11-2025,1470.99,87469.39,CL3553,15-06-2025,3782.53,Pending
P3554,C3554,Sneha Iyer,Jaipur,Female,75,Health,05-11-2025,05-11-2026,577.41,31578.32,CL3554,25-08-2026,8331.28,Rejected
P3555,C3555,Kavya Reddy,Pune,Male,61,Travel,31-01-2025,31-01-2026,1448.12,38860.07,CL3555,,0,Rejected
P3556,C3556,Aarav Sharma,Ahmedabad,Female,59,Health,14-04-2024,14-04-2025,724.91,21780.53,CL3556,11-05-2024,7627.31,Settled
P3557,C3557,Sai Kumar,Hyderabad,Male,65,Health,20-06-2025,20-06-2026,528.34,87150.81,CL3557,,0,Rejected
P3558,C3558,Sneha Iyer,Chandigarh,Female,61,Health,04-04-2023,03-04-2024,1404.66,46143.67,CL3558,,0,Rejected
P3559,C3559,Aarav Sharma,Delhi,Female,42,Health,01-12-2023,30-11-2024,1091.99,95546.85,CL3559,11-01-2024,7154.54,Pending
P3560,C3560,Priya Nair,Lucknow,Female,37,Health,14-05-2023,13-05-2024,937.45,20611.65,CL3560,,0,Rejected
P3561,C3561,Ishita Singh,Lucknow,Female,41,Health,06-07-2025,06-07-2026,1287.43,59641.87,CL3561,24-09-2025,9820.26,Rejected
P3562,C3562,Pooja Sharma,Indore,Female,47,Health,21-06-2023,20-06-2024,720.3,44480.59,CL3562,,0,Rejected
P3563,C3563,Meera Kulkarni,Chandigarh,Female,23,Travel,21-10-2024,21-10-2025,785.54,88106.53,CL3563,,0,Rejected
P3564,C3564,Sneha Iyer,Bengaluru,Female,54,Travel,06-01-2024,05-01-2025,1338.71,33660.38,CL3564,20-01-2024,5871.11,Rejected
P3565,C3565,Aarav Sharma,Delhi,Male,39,Travel,26-05-2025,26-05-2026,370.75,90377.36,CL3565,16-01-2026,6235.76,Settled
P3566,C3566,Meera Kulkarni,Lucknow,Male,52,Travel,06-10-2023,05-10-2024,1300.79,48918.39,CL3566,06-04-2024,8627.93,Pending
P3567,C3567,Aditya Verma,Jaipur,Female,45,Auto,31-07-2023,30-07-2024,611.36,71712.74,CL3567,11-12-2023,3909.38,Settled
P3568,C3568,Sneha Iyer,Chandigarh,Male,57,Health,02-06-2023,01-06-2024,299.76,63797.7,CL3568,19-10-2023,6544.47,Pending
P3569,C3569,Arjun Nair,Bengaluru,Female,51,Travel,20-05-2025,20-05-2026,998.74,76697.14,CL3569,25-09-2025,9293.51,Rejected
P3570,C3570,Sai Kumar,Hyderabad,Male,21,Travel,20-08-2025,20-08-2026,728.36,96201.41,CL3570,22-05-2026,3982.48,Settled
P3571,C3571,Vihaan Reddy,Delhi,Male,40,Auto,21-12-2024,21-12-2025,1043.68,32337.2,CL3571,,0,Rejected
P3572,C3572,Sneha Iyer,Delhi,Female,28,Auto,05-05-2025,05-05-2026,835.01,65408.83,CL3572,22-05-2025,8440.48,Rejected
P3573,C3573,Aarav Sharma,Ahmedabad,Male,60,Health,07-07-2025,07-07-2026,547.59,67205.6,CL3573,14-07-2025,3171.41,Pending
P3574,C3574,Pooja Sharma,Indore,Male,26,Health,02-04-2025,02-04-2026,463.55,51001.54,CL3574,27-07-2025,5298.94,Pending
P3575,C3575,Aditya Verma,Hyderabad,Male,72,Health,03-02-2024,02-02-2025,413.02,88593.06,CL3575,,0,Rejected
P3576,C3576,Kunal Mehta,Bengaluru,Male,30,Auto,28-03-2024,28-03-2025,801.57,73507.76,CL3576,11-08-2024,8124.32,Pending
P3577,C3577,Sneha Iyer,Ahmedabad,Female,67,Travel,16-04-2024,16-04-2025,989.49,81894.32,CL3577,,0,Rejected
P3578,C3578,Vivaan Patel,Chennai,Female,30,Auto,15-08-2025,15-08-2026,387.58,41472.69,CL3578,19-04-2026,8117.06,Settled
P3579,C3579,Aditya Verma,Chandigarh,Male,75,Health,04-06-2023,03-06-2024,1176.19,90135.19,CL3579,,0,Rejected
P3580,C3580,Ananya Gupta,Mumbai,Female,37,Travel,12-09-2024,12-09-2025,756.68,71619.29,CL3580,13-10-2024,2640.01,Rejected
P3581,C3581,Ananya Gupta,Lucknow,Female,73,Auto,26-09-2023,25-09-2024,675.77,53811.45,CL3581,,0,Rejected
P3582,C3582,Neha Joshi,Delhi,Male,29,Auto,20-07-2023,19-07-2024,788.29,58261.03,CL3582,22-01-2024,3145.61,Settled
P3583,C3583,Rohan Desai,Ahmedabad,Female,45,Health,02-10-2024,02-10-2025,625.5,69702.74,CL3583,23-07-2025,6612.08,Pending
P3584,C3584,Aditya Verma,Chandigarh,Male,43,Health,25-06-2024,25-06-2025,1427.61,89582.99,CL3584,02-09-2024,5434.17,Settled
P3585,C3585,Pooja Sharma,Indore,Male,45,Travel,11-11-2024,11-11-2025,1109.6,86688.58,CL3585,12-04-2025,1810.55,Pending
P3586,C3586,Sneha Iyer,Chennai,Male,54,Health,14-01-2025,14-01-2026,1409.77,53405.08,CL3586,13-06-2025,9289.79,Settled
P3587,C3587,Aarav Sharma,Chennai,Male,73,Travel,03-08-2025,03-08-2026,745.58,79897.08,CL3587,04-10-2025,2072.51,Rejected
P3588,C3588,Neha Joshi,Hyderabad,Female,23,Travel,30-12-2025,30-12-2026,1404.47,71828.8,CL3588,10-05-2026,1611.76,Pending
P3589,C3589,Rohan Desai,Chennai,Male,52,Auto,24-09-2024,24-09-2025,904.17,96254.29,CL3589,,0,Rejected
P3590,C3590,Kunal Mehta,Kolkata,Female,73,Auto,16-08-2023,15-08-2024,1218.11,25126.49,CL3590,27-03-2024,7088.5,Rejected
P3591,C3591,Meera Kulkarni,Ahmedabad,Female,25,Travel,21-06-2025,21-06-2026,611.43,61324.52,CL3591,01-03-2026,7255.65,Rejected
P3592,C3592,Neha Joshi,Pune,Female,27,Travel,21-03-2023,20-03-2024,1053.11,56026.46,CL3592,02-02-2024,4116.42,Pending
P3593,C3593,Sai Kumar,Lucknow,Male,31,Travel,08-08-2025,08-08-2026,583.64,79869.14,CL3593,02-06-2026,9799.35,Settled
P3594,C3594,Vivaan Patel,Ahmedabad,Female,37,Health,12-03-2024,12-03-2025,1078.18,29148.1,CL3594,07-11-2024,4639.06,Pending
P3595,C3595,Kavya Reddy,Hyderabad,Male,27,Travel,30-03-2023,29-03-2024,437.18,85492.95,CL3595,20-04-2023,7305.11,Settled
P3596,C3596,Kunal Mehta,Delhi,Female,45,Auto,26-05-2025,26-05-2026,718.99,65811.49,CL3596,29-10-2025,2763.5,Pending
P3597,C3597,Meera Kulkarni,Bengaluru,Female,51,Health,13-07-2023,12-07-2024,263.52,20398.93,CL3597,21-02-2024,3093.11,Rejected
P3598,C3598,Rohan Desai,Indore,Male,68,Auto,28-01-2024,27-01-2025,1283.91,89669.89,CL3598,22-04-2024,9512.14,Settled
P3599,C3599,Aarav Sharma,Jaipur,Male,26,Travel,26-07-2024,26-07-2025,734.79,35633.9,CL3599,05-09-2024,6074.4,Rejected
P3600,C3600,Vivaan Patel,Kolkata,Male,32,Travel,24-04-2024,24-04-2025,413.82,38586.46,CL3600,15-11-2024,2905.95,Settled
P3601,C3601,Aarav Sharma,Indore,Female,54,Health,21-02-2023,21-02-2024,577.56,64388.61,CL3601,,0,Rejected
P3602,C3602,Priya Nair,Jaipur,Female,61,Auto,24-07-2023,23-07-2024,653.02,81753.96,CL3602,12-11-2023,6555.95,Settled
P3603,C3603,Vihaan Reddy,Kolkata,Female,75,Auto,16-09-2025,16-09-2026,282.63,39525.3,CL3603,27-09-2025,8222.01,Rejected
P3604,C3604,Sneha Iyer,Hyderabad,Female,39,Health,21-03-2025,21-03-2026,911.22,98014.71,CL3604,05-07-2025,3787.65,Pending
P3605,C3605,Kavya Reddy,Pune,Male,23,Auto,09-07-2024,09-07-2025,783.81,63828.68,CL3605,20-09-2024,3805.72,Settled
P3606,C3606,Pooja Sharma,Bengaluru,Male,49,Auto,29-06-2025,29-06-2026,1367.78,84718.53,CL3606,27-06-2026,1756.42,Settled
P3607,C3607,Ananya Gupta,Hyderabad,Female,64,Travel,06-03-2025,06-03-2026,1462.12,75466.92,CL3607,25-03-2025,8498.3,Pending
P3608,C3608,Pooja Sharma,Jaipur,Male,64,Travel,06-01-2025,06-01-2026,1459.12,76561.49,CL3608,23-11-2025,2712.2,Pending
P3609,C3609,Priya Nair,Ahmedabad,Male,43,Health,31-10-2023,30-10-2024,960.57,78087.6,CL3609,14-10-2024,2131.5,Rejected
P3610,C3610,Kunal Mehta,Bengaluru,Male,71,Travel,02-02-2023,02-02-2024,1475.99,21983.85,CL3610,31-01-2024,7129.16,Rejected
P3611,C3611,Kavya Reddy,Hyderabad,Female,55,Health,14-08-2023,13-08-2024,526.1,62283.32,CL3611,30-11-2023,7623.6,Settled
P3612,C3612,Pooja Sharma,Chennai,Female,22,Travel,26-02-2023,26-02-2024,961.64,88248.55,CL3612,02-11-2023,5654.13,Pending
P3613,C3613,Neha Joshi,Lucknow,Male,56,Health,27-03-2023,26-03-2024,441.86,44562.93,CL3613,,0,Rejected
P3614,C3614,Vihaan Reddy,Bengaluru,Male,72,Health,30-09-2024,30-09-2025,1107.14,25339.33,CL3614,04-05-2025,1023.83,Rejected
P3615,C3615,Ananya Gupta,Ahmedabad,Male,44,Auto,10-05-2025,10-05-2026,632.99,37750.73,CL3615,27-12-2025,5834.94,Pending
P3616,C3616,Sneha Iyer,Hyderabad,Male,54,Auto,23-11-2025,23-11-2026,521.62,83357.96,CL3616,10-06-2026,8736.8,Rejected
P3617,C3617,Aditya Verma,Chandigarh,Male,34,Auto,19-03-2024,19-03-2025,636.3,50362.39,CL3617,,0,Rejected
P3618,C3618,Ananya Gupta,Lucknow,Male,67,Auto,10-09-2023,09-09-2024,1072.28,50413.31,CL3618,,0,Rejected
P3619,C3619,Sai Kumar,Bengaluru,Male,45,Health,18-03-2025,18-03-2026,277.33,47255.48,CL3619,18-02-2026,4749.03,Pending
P3620,C3620,Sai Kumar,Delhi,Female,66,Travel,26-12-2023,25-12-2024,678.18,35163.6,CL3620,,0,Rejected
P3621,C3621,Ishita Singh,Bengaluru,Male,28,Health,21-10-2023,20-10-2024,1328.09,39420.15,CL3621,31-07-2024,3222.72,Rejected
P3622,C3622,Meera Kulkarni,Jaipur,Female,38,Auto,15-02-2025,15-02-2026,252.85,81495.93,CL3622,16-12-2025,5032.85,Pending
P3623,C3623,Vivaan Patel,Lucknow,Male,30,Travel,21-11-2024,21-11-2025,874.54,45323.35,CL3623,03-04-2025,1135.81,Pending
P3624,C3624,Kavya Reddy,Lucknow,Male,65,Health,09-07-2023,08-07-2024,1157.44,64964.3,CL3624,,0,Rejected
P3625,C3625,Kunal Mehta,Chandigarh,Female,22,Health,17-04-2023,16-04-2024,299.33,26731.11,CL3625,20-09-2023,5773.31,Rejected
P3626,C3626,Pooja Sharma,Bengaluru,Male,68,Health,15-04-2023,14-04-2024,682.17,21915.79,CL3626,13-01-2024,8355.56,Settled
P3627,C3627,Ananya Gupta,Chandigarh,Female,42,Auto,04-10-2023,03-10-2024,568.69,78254.56,CL3627,07-01-2024,2561.52,Pending
P3628,C3628,Sai Kumar,Delhi,Female,22,Travel,08-08-2025,08-08-2026,1387.76,36059.44,CL3628,,0,Rejected
P3629,C3629,Ananya Gupta,Bengaluru,Female,36,Health,26-04-2023,25-04-2024,316.65,64415.58,CL3629,,0,Rejected
P3630,C3630,Pooja Sharma,Kolkata,Female,39,Health,30-05-2023,29-05-2024,712.98,63563.99,CL3630,16-01-2024,5151.07,Settled
P3631,C3631,Aarav Sharma,Kolkata,Female,21,Travel,13-11-2024,13-11-2025,653.32,27026.51,CL3631,,0,Rejected
P3632,C3632,Priya Nair,Kolkata,Female,22,Travel,23-09-2024,23-09-2025,432.89,33605.12,CL3632,,0,Rejected
P3633,C3633,Sneha Iyer,Hyderabad,Female,50,Travel,18-06-2023,17-06-2024,938.82,36674.62,CL3633,02-08-2023,2131.04,Settled
P3634,C3634,Kavya Reddy,Lucknow,Female,53,Health,06-07-2023,05-07-2024,375.28,34980.77,CL3634,,0,Rejected
P3635,C3635,Kavya Reddy,Indore,Female,22,Travel,10-12-2023,09-12-2024,532.86,31319.05,CL3635,06-08-2024,7404.1,Rejected
P3636,C3636,Pooja Sharma,Jaipur,Female,25,Health,30-04-2023,29-04-2024,730.16,38814.45,CL3636,01-05-2023,1052.27,Settled
P3637,C3637,Rohan Desai,Kolkata,Female,29,Auto,24-05-2025,24-05-2026,1054.63,61947.79,CL3637,17-01-2026,7850.12,Pending
P3638,C3638,Kunal Mehta,Bengaluru,Female,33,Auto,29-11-2024,29-11-2025,1384.22,77324.72,CL3638,,0,Rejected
P3639,C3639,Aditya Verma,Jaipur,Male,29,Travel,23-03-2023,22-03-2024,710.62,73065.32,CL3639,,0,Rejected
P3640,C3640,Ishita Singh,Kolkata,Female,34,Auto,11-02-2025,11-02-2026,1381.1,21755.35,CL3640,13-05-2025,4160.64,Rejected
P3641,C3641,Vihaan Reddy,Chandigarh,Female,56,Auto,06-07-2024,06-07-2025,1132.77,76654.47,CL3641,28-07-2024,4380.46,Pending
P3642,C3642,Sai Kumar,Hyderabad,Male,25,Auto,25-05-2023,24-05-2024,1339.94,95459.96,CL3642,,0,Rejected
P3643,C3643,Ishita Singh,Bengaluru,Male,38,Health,13-02-2023,13-02-2024,255.43,38690.86,CL3643,20-09-2023,2813.47,Pending
P3644,C3644,Aditya Verma,Kolkata,Female,62,Health,30-08-2023,29-08-2024,685.11,73758.94,CL3644,27-04-2024,9139.42,Settled
P3645,C3645,Vivaan Patel,Jaipur,Male,25,Health,01-10-2024,01-10-2025,1075.59,40526.82,CL3645,17-03-2025,3717.15,Pending
P3646,C3646,Vivaan Patel,Delhi,Female,58,Travel,22-01-2024,21-01-2025,1376.8,43223.99,CL3646,25-12-2024,4090.08,Rejected
P3647,C3647,Meera Kulkarni,Hyderabad,Male,45,Auto,21-10-2025,21-10-2026,1469.45,62546.38,CL3647,15-05-2026,8555.42,Rejected
P3648,C3648,Sai Kumar,Ahmedabad,Male,58,Health,27-11-2025,27-11-2026,681.42,21874.27,CL3648,,0,Rejected
P3649,C3649,Pooja Sharma,Indore,Female,36,Auto,02-01-2023,02-01-2024,265.58,77069.78,CL3649,29-01-2023,5591.7,Rejected
P3650,C3650,Vihaan Reddy,Pune,Female,29,Auto,06-09-2024,06-09-2025,838.12,44697.85,CL3650,28-09-2024,3954.65,Rejected
P3651,C3651,Ishita Singh,Chandigarh,Male,51,Health,06-05-2023,05-05-2024,618.49,68635.02,CL3651,,0,Rejected
P3652,C3652,Ananya Gupta,Indore,Male,35,Health,16-08-2023,15-08-2024,1071.02,95523.28,CL3652,29-03-2024,9836.36,Pending
P3653,C3653,Aditya Verma,Chandigarh,Male,38,Travel,08-01-2024,07-01-2025,378.86,38364.82,CL3653,13-01-2024,2356.36,Rejected
P3654,C3654,Pooja Sharma,Chandigarh,Male,55,Travel,25-09-2023,24-09-2024,1042.4,72586.4,CL3654,,0,Rejected
P3655,C3655,Rohan Desai,Ahmedabad,Female,59,Auto,25-09-2023,24-09-2024,1172.67,61022.84,CL3655,02-02-2024,8263.84,Pending
P3656,C3656,Ananya Gupta,Bengaluru,Male,66,Health,20-03-2023,19-03-2024,557.41,75010.58,CL3656,16-09-2023,7267.83,Pending
P3657,C3657,Pooja Sharma,Lucknow,Male,48,Health,01-06-2023,31-05-2024,570.82,22838.66,CL3657,,0,Rejected
P3658,C3658,Neha Joshi,Chennai,Female,45,Auto,03-09-2025,03-09-2026,876.83,27980.69,CL3658,18-03-2026,6967.33,Settled
P3659,C3659,Aarav Sharma,Jaipur,Female,50,Auto,29-01-2024,28-01-2025,1041.54,55207.27,CL3659,,0,Rejected
P3660,C3660,Sneha Iyer,Indore,Female,23,Health,29-07-2024,29-07-2025,1136.78,63595.95,CL3660,,0,Rejected
P3661,C3661,Kunal Mehta,Chennai,Female,51,Auto,13-05-2025,13-05-2026,1216.95,94510.03,CL3661,25-02-2026,1726.57,Rejected
P3662,C3662,Aditya Verma,Indore,Male,47,Travel,12-08-2024,12-08-2025,680.31,38632.23,CL3662,,0,Rejected
P3663,C3663,Sai Kumar,Hyderabad,Female,38,Health,30-06-2023,29-06-2024,447.74,90666.75,CL3663,,0,Rejected
P3664,C3664,Meera Kulkarni,Kolkata,Male,24,Health,09-02-2025,09-02-2026,854.4,87284.56,CL3664,23-07-2025,7377.03,Pending
P3665,C3665,Priya Nair,Pune,Male,27,Health,27-09-2025,27-09-2026,630.74,40806.85,CL3665,21-08-2026,9982.25,Settled
P3666,C3666,Aditya Verma,Ahmedabad,Female,73,Health,20-03-2023,19-03-2024,886.2,50296.49,CL3666,,0,Rejected
P3667,C3667,Aditya Verma,Ahmedabad,Male,37,Auto,30-06-2023,29-06-2024,752.6,47546.59,CL3667,03-08-2023,9801.12,Settled
P3668,C3668,Ishita Singh,Kolkata,Male,31,Travel,02-05-2023,01-05-2024,1222.82,30953.37,CL3668,,0,Rejected
P3669,C3669,Vihaan Reddy,Chandigarh,Female,47,Travel,09-10-2023,08-10-2024,601.48,68942.32,CL3669,,0,Rejected
P3670,C3670,Kunal Mehta,Kolkata,Male,23,Travel,06-04-2025,06-04-2026,1350.75,23200.09,CL3670,11-11-2025,2837.18,Settled
P3671,C3671,Arjun Nair,Delhi,Female,27,Health,19-05-2023,18-05-2024,1247.96,55733.57,CL3671,,0,Rejected
P3672,C3672,Vivaan Patel,Bengaluru,Male,28,Travel,16-09-2024,16-09-2025,389.62,21278.63,CL3672,22-07-2025,7839.7,Rejected
P3673,C3673,Sneha Iyer,Lucknow,Female,59,Travel,06-09-2025,06-09-2026,702.48,24551.95,CL3673,30-07-2026,5481.73,Settled
P3674,C3674,Vivaan Patel,Ahmedabad,Male,47,Auto,03-06-2025,03-06-2026,1208.55,36768.5,CL3674,05-07-2025,1085.72,Pending
P3675,C3675,Kavya Reddy,Pune,Male,57,Travel,06-04-2025,06-04-2026,667.11,59629.49,CL3675,24-04-2025,7060.99,Pending
P3676,C3676,Kunal Mehta,Hyderabad,Female,41,Health,04-11-2024,04-11-2025,363.45,42319.74,CL3676,04-01-2025,7877.05,Settled
P3677,C3677,Aditya Verma,Bengaluru,Male,67,Auto,02-11-2025,02-11-2026,1430.6,54270.44,CL3677,,0,Rejected
P3678,C3678,Vivaan Patel,Chennai,Male,32,Health,10-08-2025,10-08-2026,1171.22,52397.44,CL3678,13-01-2026,3464.19,Pending
P3679,C3679,Arjun Nair,Chandigarh,Female,30,Travel,01-01-2023,01-01-2024,876.98,84113.45,CL3679,21-06-2023,1899.52,Pending
P3680,C3680,Ananya Gupta,Ahmedabad,Male,28,Travel,30-04-2023,29-04-2024,628.13,42810.5,CL3680,,0,Rejected
P3681,C3681,Vihaan Reddy,Chennai,Female,44,Travel,27-12-2025,27-12-2026,830.69,49392.43,CL3681,10-09-2026,8869.74,Rejected
P3682,C3682,Ananya Gupta,Delhi,Male,39,Health,01-05-2024,01-05-2025,632.6,38415.77,CL3682,20-10-2024,8594.61,Settled
P3683,C3683,Kavya Reddy,Chennai,Male,38,Travel,01-11-2023,31-10-2024,401.58,27215.52,CL3683,,0,Rejected
P3684,C3684,Vihaan Reddy,Delhi,Female,52,Auto,13-09-2024,13-09-2025,1153.95,41089.92,CL3684,29-07-2025,2989.53,Pending
P3685,C3685,Vihaan Reddy,Jaipur,Male,36,Auto,28-07-2025,28-07-2026,1116.61,73746.3,CL3685,21-06-2026,4798.52,Rejected
P3686,C3686,Aditya Verma,Mumbai,Male,26,Travel,07-09-2024,07-09-2025,284.97,30825.31,CL3686,,0,Rejected
P3687,C3687,Arjun Nair,Pune,Male,34,Travel,05-11-2025,05-11-2026,1328.99,22300.49,CL3687,24-11-2025,1011.76,Settled
P3688,C3688,Rohan Desai,Hyderabad,Male,61,Auto,31-12-2025,31-12-2026,1223.23,67860.73,CL3688,12-10-2026,3785.1,Settled
P3689,C3689,Neha Joshi,Pune,Female,39,Auto,18-09-2024,18-09-2025,1324.33,40740.99,CL3689,,0,Rejected
P3690,C3690,Ananya Gupta,Kolkata,Male,70,Health,04-10-2025,04-10-2026,1421.3,80417.54,CL3690,10-02-2026,3973.33,Settled
P3691,C3691,Kunal Mehta,Ahmedabad,Female,39,Auto,19-02-2023,19-02-2024,938.85,53831.71,CL3691,11-10-2023,4595.98,Settled
P3692,C3692,Ananya Gupta,Chandigarh,Female,55,Travel,12-07-2024,12-07-2025,772.26,38690.8,CL3692,07-04-2025,3320.8,Settled
P3693,C3693,Meera Kulkarni,Mumbai,Male,41,Auto,14-03-2023,13-03-2024,1153.68,80146.83,CL3693,,0,Rejected
P3694,C3694,Aditya Verma,Mumbai,Male,37,Health,23-05-2024,23-05-2025,1479.87,75338.71,CL3694,11-08-2024,3433.55,Pending
P3695,C3695,Sai Kumar,Jaipur,Male,33,Auto,29-09-2025,29-09-2026,309.36,26853.62,CL3695,19-12-2025,2153.76,Pending
P3696,C3696,Kunal Mehta,Pune,Male,40,Auto,09-08-2024,09-08-2025,1212.92,29534.49,CL3696,,0,Rejected
P3697,C3697,Kavya Reddy,Hyderabad,Female,24,Health,26-06-2025,26-06-2026,527.19,31319.27,CL3697,17-04-2026,6585.9,Pending
P3698,C3698,Neha Joshi,Bengaluru,Male,26,Health,28-07-2023,27-07-2024,608.96,69445.13,CL3698,31-07-2023,2815.36,Rejected
P3699,C3699,Kavya Reddy,Mumbai,Male,33,Auto,11-08-2023,10-08-2024,1184.35,26671.6,CL3699,20-04-2024,1198.51,Settled
P3700,C3700,Pooja Sharma,Chennai,Male,64,Auto,26-05-2025,26-05-2026,828.91,60057.17,CL3700,23-07-2025,2557.98,Pending
P3701,C3701,Ananya Gupta,Kolkata,Female,36,Auto,21-07-2023,20-07-2024,686.29,55333.72,CL3701,31-08-2023,3536.04,Pending
P3702,C3702,Neha Joshi,Indore,Male,73,Auto,29-09-2023,28-09-2024,829.98,81189.77,CL3702,04-09-2024,8183.26,Pending
P3703,C3703,Meera Kulkarni,Indore,Female,49,Auto,12-07-2023,11-07-2024,1086.23,86641.33,CL3703,11-10-2023,8716.01,Rejected
P3704,C3704,Vihaan Reddy,Chennai,Female,60,Health,21-11-2025,21-11-2026,1381.55,93164.58,CL3704,04-08-2026,8039.92,Pending
P3705,C3705,Kunal Mehta,Kolkata,Female,57,Travel,16-10-2023,15-10-2024,478.06,31552.76,CL3705,27-06-2024,7821.78,Settled
P3706,C3706,Ishita Singh,Hyderabad,Female,43,Travel,20-05-2023,19-05-2024,946.2,87167.78,CL3706,17-09-2023,1913.36,Pending
P3707,C3707,Meera Kulkarni,Bengaluru,Male,75,Travel,23-12-2025,23-12-2026,474.92,20206.2,CL3707,05-12-2026,1408.5,Pending
P3708,C3708,Sai Kumar,Chandigarh,Female,32,Health,17-10-2024,17-10-2025,1107.26,38101.15,CL3708,20-12-2024,2998.54,Settled
P3709,C3709,Kunal Mehta,Indore,Female,46,Travel,17-12-2023,16-12-2024,347.09,42608.9,CL3709,09-11-2024,4841.73,Rejected
P3710,C3710,Priya Nair,Delhi,Female,58,Auto,26-09-2025,26-09-2026,1133.65,46048.26,CL3710,12-02-2026,2217.7,Rejected
P3711,C3711,Meera Kulkarni,Ahmedabad,Male,62,Travel,25-05-2025,25-05-2026,312.35,50675.57,CL3711,28-08-2025,6631.28,Settled
P3712,C3712,Ishita Singh,Kolkata,Male,70,Travel,31-12-2024,31-12-2025,1129.91,27068.6,CL3712,28-05-2025,1478.39,Pending
P3713,C3713,Aditya Verma,Jaipur,Female,51,Health,02-07-2024,02-07-2025,898.3,61311.8,CL3713,23-03-2025,7413.88,Settled
P3714,C3714,Rohan Desai,Bengaluru,Male,24,Health,22-09-2023,21-09-2024,1197.59,48267.15,CL3714,,0,Rejected
P3715,C3715,Aarav Sharma,Delhi,Female,26,Health,07-07-2023,06-07-2024,800.08,84265.39,CL3715,,0,Rejected
P3716,C3716,Kavya Reddy,Indore,Male,72,Travel,01-09-2024,01-09-2025,1020.13,30871.19,CL3716,02-02-2025,9559.48,Pending
P3717,C3717,Aarav Sharma,Mumbai,Male,62,Travel,23-11-2025,23-11-2026,1450.55,93208.83,CL3717,14-10-2026,7361.5,Settled
P3718,C3718,Aarav Sharma,Chandigarh,Male,50,Auto,29-08-2025,29-08-2026,1275.13,76925.32,CL3718,01-05-2026,2677.51,Settled
P3719,C3719,Rohan Desai,Chennai,Female,46,Auto,06-08-2024,06-08-2025,462.52,91707.58,CL3719,19-02-2025,6782.14,Settled
P3720,C3720,Ishita Singh,Delhi,Female,35,Travel,20-07-2025,20-07-2026,356.65,41123.64,CL3720,,0,Rejected
P3721,C3721,Ananya Gupta,Jaipur,Female,66,Auto,11-11-2023,10-11-2024,1141.21,86147.62,CL3721,08-12-2023,2459.53,Rejected
P3722,C3722,Kunal Mehta,Chennai,Female,58,Health,26-09-2023,25-09-2024,626.91,32022.73,CL3722,28-09-2023,6013.92,Pending
P3723,C3723,Vihaan Reddy,Kolkata,Male,23,Health,20-07-2024,20-07-2025,892.75,94792.75,CL3723,19-10-2024,5782.65,Pending
P3724,C3724,Vivaan Patel,Ahmedabad,Female,30,Travel,17-04-2024,17-04-2025,1295.75,47020.11,CL3724,,0,Rejected
P3725,C3725,Aditya Verma,Kolkata,Male,47,Health,16-06-2024,16-06-2025,922.22,52119.69,CL3725,23-01-2025,6925.71,Rejected
P3726,C3726,Priya Nair,Kolkata,Female,21,Auto,14-12-2023,13-12-2024,595.24,97868.29,CL3726,20-09-2024,7757.04,Pending
P3727,C3727,Kavya Reddy,Kolkata,Male,53,Auto,18-08-2025,18-08-2026,1146.61,34743.54,CL3727,21-03-2026,3556.62,Pending
P3728,C3728,Kunal Mehta,Indore,Female,74,Health,17-11-2025,17-11-2026,1400.34,93525.13,CL3728,,0,Rejected
P3729,C3729,Vihaan Reddy,Ahmedabad,Female,47,Travel,29-12-2025,29-12-2026,1435.38,74719.45,CL3729,08-07-2026,2861.33,Settled
P3730,C3730,Meera Kulkarni,Lucknow,Female,69,Travel,15-10-2024,15-10-2025,992.44,70617.43,CL3730,19-11-2024,9508.01,Settled
P3731,C3731,Kunal Mehta,Chennai,Female,63,Health,28-12-2023,27-12-2024,612.09,95908.88,CL3731,,0,Rejected
P3732,C3732,Vivaan Patel,Ahmedabad,Female,27,Travel,31-12-2025,31-12-2026,478.33,53127.52,CL3732,20-08-2026,9115.17,Rejected
P3733,C3733,Ananya Gupta,Delhi,Male,72,Travel,12-05-2024,12-05-2025,1345.49,37238.8,CL3733,09-06-2024,1351.01,Settled
P3734,C3734,Kavya Reddy,Ahmedabad,Female,36,Health,10-03-2025,10-03-2026,1467.55,27771.18,CL3734,,0,Rejected
P3735,C3735,Kavya Reddy,Pune,Male,49,Health,26-10-2024,26-10-2025,1458.93,21947.16,CL3735,09-01-2025,3733.34,Pending
P3736,C3736,Rohan Desai,Hyderabad,Male,42,Travel,11-08-2024,11-08-2025,708.38,42790.11,CL3736,26-06-2025,7906.11,Pending
P3737,C3737,Sai Kumar,Bengaluru,Male,22,Health,21-08-2023,20-08-2024,1286.1,42052.93,CL3737,20-10-2023,7617.33,Pending
P3738,C3738,Kunal Mehta,Lucknow,Male,59,Auto,15-05-2023,14-05-2024,381.54,91748.82,CL3738,25-04-2024,5442.61,Rejected
P3739,C3739,Kavya Reddy,Delhi,Female,27,Health,18-12-2024,18-12-2025,686.63,97162.17,CL3739,,0,Rejected
P3740,C3740,Arjun Nair,Lucknow,Male,42,Travel,10-03-2025,10-03-2026,745.48,71531.9,CL3740,05-05-2025,6381.71,Pending
P3741,C3741,Vivaan Patel,Lucknow,Female,33,Health,04-10-2023,03-10-2024,490.41,60857.01,CL3741,09-08-2024,4783.95,Pending
P3742,C3742,Pooja Sharma,Indore,Female,70,Health,14-12-2025,14-12-2026,298.99,98971.46,CL3742,14-11-2026,3474.93,Rejected
P3743,C3743,Priya Nair,Hyderabad,Male,44,Auto,27-08-2025,27-08-2026,466.67,77677.06,CL3743,04-01-2026,8897.17,Pending
P3744,C3744,Arjun Nair,Jaipur,Male,54,Health,24-07-2024,24-07-2025,445.78,96029.64,CL3744,07-01-2025,4629.83,Pending
P3745,C3745,Aarav Sharma,Kolkata,Female,38,Auto,14-06-2025,14-06-2026,308.72,82417.6,CL3745,,0,Rejected
P3746,C3746,Pooja Sharma,Delhi,Female,69,Travel,10-05-2025,10-05-2026,500.16,54966.66,CL3746,,0,Rejected
P3747,C3747,Ishita Singh,Mumbai,Female,67,Health,11-06-2023,10-06-2024,851.68,46196.93,CL3747,22-09-2023,2248.35,Rejected
P3748,C3748,Rohan Desai,Delhi,Male,21,Health,10-01-2025,10-01-2026,501.51,93883.97,CL3748,14-01-2025,7098.28,Settled
P3749,C3749,Ananya Gupta,Ahmedabad,Male,47,Travel,03-04-2025,03-04-2026,1353.76,53558.66,CL3749,02-02-2026,1482.25,Rejected
P3750,C3750,Sai Kumar,Hyderabad,Female,38,Travel,21-12-2023,20-12-2024,1302.81,59490.28,CL3750,30-12-2023,2587.08,Rejected
P3751,C3751,Kavya Reddy,Delhi,Male,48,Travel,29-11-2023,28-11-2024,678.94,42574.38,CL3751,,0,Rejected
P3752,C3752,Ishita Singh,Jaipur,Male,43,Travel,25-05-2023,24-05-2024,1334.7,86105.06,CL3752,28-09-2023,8968.72,Settled
P3753,C3753,Aditya Verma,Pune,Male,41,Auto,03-07-2023,02-07-2024,1288.31,43331.71,CL3753,21-06-2024,8758.89,Rejected
P3754,C3754,Sai Kumar,Chandigarh,Female,24,Travel,11-05-2024,11-05-2025,515.65,83448.28,CL3754,,0,Rejected
P3755,C3755,Rohan Desai,Hyderabad,Male,38,Health,25-03-2025,25-03-2026,638.49,97618.06,CL3755,27-04-2025,7823.48,Rejected
P3756,C3756,Ananya Gupta,Mumbai,Female,44,Auto,13-11-2024,13-11-2025,901.99,64565.61,CL3756,06-01-2025,7600.06,Settled
P3757,C3757,Kunal Mehta,Indore,Female,56,Travel,03-03-2025,03-03-2026,536.98,79498.6,CL3757,12-09-2025,6945.74,Pending
P3758,C3758,Arjun Nair,Chandigarh,Male,62,Health,13-04-2025,13-04-2026,1186.67,81381.88,CL3758,29-03-2026,7187.4,Pending
P3759,C3759,Ananya Gupta,Pune,Female,52,Auto,26-05-2023,25-05-2024,1480.3,76987.26,CL3759,12-08-2023,3889.4,Pending
P3760,C3760,Meera Kulkarni,Delhi,Male,30,Auto,09-12-2025,09-12-2026,1147.11,37217.55,CL3760,21-01-2026,5767.06,Rejected
P3761,C3761,Neha Joshi,Hyderabad,Male,54,Auto,30-12-2024,30-12-2025,1318.7,46272.05,CL3761,07-04-2025,4142.03,Pending
P3762,C3762,Rohan Desai,Chennai,Female,53,Health,01-11-2023,31-10-2024,435.31,25606.51,CL3762,16-07-2024,5767.37,Pending
P3763,C3763,Kunal Mehta,Mumbai,Female,60,Health,13-01-2024,12-01-2025,959.02,22498.07,CL3763,06-02-2024,3683.15,Rejected
P3764,C3764,Vihaan Reddy,Delhi,Female,25,Auto,23-03-2025,23-03-2026,1399.25,75041.34,CL3764,,0,Rejected
P3765,C3765,Sneha Iyer,Jaipur,Female,29,Health,01-11-2025,01-11-2026,1448.06,89020.02,CL3765,,0,Rejected
P3766,C3766,Ananya Gupta,Bengaluru,Female,39,Auto,19-07-2023,18-07-2024,1026.09,69624.08,CL3766,06-08-2023,3648.96,Settled
P3767,C3767,Ananya Gupta,Ahmedabad,Male,33,Health,06-09-2023,05-09-2024,293.92,78649.41,CL3767,20-12-2023,3053.55,Settled
P3768,C3768,Pooja Sharma,Bengaluru,Male,46,Auto,09-09-2024,09-09-2025,293.83,70390.64,CL3768,04-11-2024,9709.08,Pending
P3769,C3769,Priya Nair,Chennai,Female,48,Health,03-04-2023,02-04-2024,797.68,64609.2,CL3769,20-02-2024,5426.38,Rejected
P3770,C3770,Sneha Iyer,Delhi,Male,46,Auto,29-05-2025,29-05-2026,867.41,69171.63,CL3770,08-09-2025,4881.38,Settled
P3771,C3771,Meera Kulkarni,Bengaluru,Female,47,Travel,22-07-2025,22-07-2026,1147.14,55674.99,CL3771,16-01-2026,6085.1,Rejected
P3772,C3772,Pooja Sharma,Kolkata,Female,26,Travel,19-08-2024,19-08-2025,588.28,73172.71,CL3772,28-09-2024,9377.91,Settled
P3773,C3773,Priya Nair,Mumbai,Male,27,Health,27-02-2023,27-02-2024,1239.76,81101.54,CL3773,10-09-2023,9993.33,Pending
P3774,C3774,Priya Nair,Delhi,Male,67,Health,15-11-2024,15-11-2025,1422.75,81716,CL3774,02-04-2025,9648.12,Pending
P3775,C3775,Vivaan Patel,Ahmedabad,Female,75,Auto,04-01-2025,04-01-2026,536.61,94022.41,CL3775,,0,Rejected
P3776,C3776,Priya Nair,Mumbai,Male,59,Travel,14-06-2024,14-06-2025,788.2,59123.63,CL3776,11-11-2024,8542.39,Rejected
P3777,C3777,Aarav Sharma,Bengaluru,Female,36,Health,21-03-2025,21-03-2026,495.8,74548.92,CL3777,06-02-2026,3893.05,Rejected
P3778,C3778,Sneha Iyer,Chandigarh,Female,69,Health,03-01-2025,03-01-2026,1150.01,29811.6,CL3778,,0,Rejected
P3779,C3779,Priya Nair,Delhi,Female,41,Auto,02-12-2024,02-12-2025,1468.19,60138.51,CL3779,05-04-2025,8556.96,Pending
P3780,C3780,Vihaan Reddy,Kolkata,Female,50,Travel,15-06-2025,15-06-2026,491.71,69797.66,CL3780,,0,Rejected
P3781,C3781,Vivaan Patel,Chandigarh,Male,73,Health,23-04-2025,23-04-2026,1237.82,92370,CL3781,18-11-2025,8410.09,Rejected
P3782,C3782,Priya Nair,Kolkata,Male,39,Travel,03-05-2023,02-05-2024,1357.43,97751.31,CL3782,,0,Rejected
P3783,C3783,Rohan Desai,Delhi,Female,26,Travel,21-02-2025,21-02-2026,1258.75,55113.94,CL3783,,0,Rejected
P3784,C3784,Neha Joshi,Delhi,Female,70,Health,09-05-2024,09-05-2025,357.89,66907.04,CL3784,,0,Rejected
P3785,C3785,Aarav Sharma,Kolkata,Male,53,Travel,04-07-2023,03-07-2024,753.63,43905.04,CL3785,06-05-2024,3459.59,Settled
P3786,C3786,Pooja Sharma,Kolkata,Female,53,Health,16-01-2025,16-01-2026,1453.5,51646.22,CL3786,01-09-2025,1654.11,Pending
P3787,C3787,Vihaan Reddy,Ahmedabad,Male,74,Health,02-03-2024,02-03-2025,1286.47,40274.53,CL3787,05-11-2024,4761.55,Settled
P3788,C3788,Vivaan Patel,Bengaluru,Male,59,Health,03-07-2025,03-07-2026,874.03,38900.34,CL3788,23-03-2026,1538.06,Pending
P3789,C3789,Pooja Sharma,Chandigarh,Male,41,Auto,27-11-2023,26-11-2024,513.03,59604.48,CL3789,22-07-2024,7424.4,Rejected
P3790,C3790,Arjun Nair,Ahmedabad,Male,70,Travel,04-04-2024,04-04-2025,1331.23,30202.39,CL3790,15-10-2024,7774.17,Rejected
P3791,C3791,Sneha Iyer,Hyderabad,Male,47,Travel,25-09-2024,25-09-2025,1187.93,68628.58,CL3791,16-08-2025,7924.24,Settled
P3792,C3792,Aditya Verma,Ahmedabad,Male,75,Health,06-11-2024,06-11-2025,314.85,28069.36,CL3792,,0,Rejected
P3793,C3793,Vihaan Reddy,Bengaluru,Female,34,Travel,16-11-2025,16-11-2026,1436.24,52000.96,CL3793,14-10-2026,6682.36,Pending
P3794,C3794,Kunal Mehta,Chennai,Male,70,Auto,04-06-2023,03-06-2024,926.42,34614.61,CL3794,,0,Rejected
P3795,C3795,Pooja Sharma,Chennai,Male,48,Travel,29-08-2023,28-08-2024,704.09,66181.63,CL3795,22-12-2023,2979.81,Settled
P3796,C3796,Meera Kulkarni,Ahmedabad,Female,45,Travel,27-06-2023,26-06-2024,1145.64,90449.03,CL3796,13-12-2023,1948.49,Rejected
P3797,C3797,Pooja Sharma,Indore,Female,51,Travel,07-04-2025,07-04-2026,992.56,34264.76,CL3797,26-10-2025,9443.29,Settled
P3798,C3798,Pooja Sharma,Delhi,Female,56,Auto,14-04-2025,14-04-2026,761.97,57883.56,CL3798,,0,Rejected
P3799,C3799,Pooja Sharma,Bengaluru,Male,65,Auto,26-06-2024,26-06-2025,282.69,33903.07,CL3799,,0,Rejected
P3800,C3800,Priya Nair,Lucknow,Male,21,Auto,31-03-2023,30-03-2024,798.05,75132.58,CL3800,04-07-2023,9429.79,Pending
P3801,C3801,Arjun Nair,Jaipur,Female,64,Health,04-03-2025,04-03-2026,1272.56,90067.27,CL3801,27-03-2025,5071.56,Pending
P3802,C3802,Meera Kulkarni,Ahmedabad,Female,74,Health,22-06-2023,21-06-2024,309.17,30666.39,CL3802,,0,Rejected
P3803,C3803,Vivaan Patel,Jaipur,Female,75,Auto,29-02-2024,28-02-2025,1141.54,23883.85,CL3803,01-04-2024,8509.53,Rejected
P3804,C3804,Aditya Verma,Indore,Female,49,Travel,17-08-2025,17-08-2026,329.17,87865.7,CL3804,26-01-2026,8505.3,Settled
P3805,C3805,Sneha Iyer,Hyderabad,Female,64,Travel,17-08-2023,16-08-2024,729.28,75073.9,CL3805,26-06-2024,4796.7,Settled
P3806,C3806,Arjun Nair,Lucknow,Male,62,Health,01-11-2025,01-11-2026,577.31,62187.69,CL3806,27-06-2026,2226.48,Pending
P3807,C3807,Aditya Verma,Ahmedabad,Female,40,Auto,18-01-2024,17-01-2025,1035.5,82755.03,CL3807,,0,Rejected
P3808,C3808,Vivaan Patel,Ahmedabad,Male,33,Health,03-11-2024,03-11-2025,1408.69,86917.77,CL3808,,0,Rejected
P3809,C3809,Arjun Nair,Delhi,Male,24,Travel,19-05-2025,19-05-2026,940.54,28119.25,CL3809,01-04-2026,6328.2,Rejected
P3810,C3810,Pooja Sharma,Ahmedabad,Female,64,Health,15-10-2023,14-10-2024,749.71,85743.16,CL3810,,0,Rejected
P3811,C3811,Aarav Sharma,Indore,Male,64,Auto,07-06-2023,06-06-2024,1457.42,24160.34,CL3811,,0,Rejected
P3812,C3812,Aditya Verma,Pune,Male,71,Health,04-11-2023,03-11-2024,1496.34,46600.8,CL3812,,0,Rejected
P3813,C3813,Ishita Singh,Lucknow,Female,52,Auto,31-05-2024,31-05-2025,385.5,61243.56,CL3813,,0,Rejected
P3814,C3814,Kavya Reddy,Mumbai,Female,53,Travel,07-11-2024,07-11-2025,1372.71,87884.81,CL3814,14-06-2025,9811.75,Pending
P3815,C3815,Sai Kumar,Bengaluru,Female,38,Auto,22-10-2025,22-10-2026,836.8,57121.85,CL3815,23-02-2026,6803.37,Settled
P3816,C3816,Priya Nair,Jaipur,Male,67,Travel,23-12-2024,23-12-2025,1455.41,40169.27,CL3816,26-02-2025,9644.28,Pending
P3817,C3817,Sneha Iyer,Kolkata,Male,40,Auto,12-10-2025,12-10-2026,551.91,37557.51,CL3817,26-01-2026,2341.78,Settled
P3818,C3818,Ananya Gupta,Delhi,Male,27,Health,14-06-2025,14-06-2026,957.55,92545.77,CL3818,08-01-2026,9507.91,Pending
P3819,C3819,Kunal Mehta,Jaipur,Male,44,Auto,04-01-2025,04-01-2026,855.48,60074.26,CL3819,,0,Rejected
P3820,C3820,Aarav Sharma,Mumbai,Female,60,Health,23-11-2024,23-11-2025,413.56,35244.22,CL3820,15-05-2025,6830.87,Settled
P3821,C3821,Rohan Desai,Chennai,Female,59,Auto,10-08-2025,10-08-2026,774.25,87809.15,CL3821,20-12-2025,4896.63,Settled
P3822,C3822,Sai Kumar,Indore,Female,29,Health,12-08-2024,12-08-2025,1136.07,53933.91,CL3822,22-05-2025,4718.6,Pending
P3823,C3823,Ishita Singh,Jaipur,Female,64,Auto,11-11-2024,11-11-2025,366.27,64155.71,CL3823,17-09-2025,3635.24,Settled
P3824,C3824,Sneha Iyer,Mumbai,Male,39,Health,21-06-2025,21-06-2026,433.3,81152.09,CL3824,,0,Rejected
P3825,C3825,Neha Joshi,Hyderabad,Male,60,Travel,27-12-2023,26-12-2024,1166.91,51937.32,CL3825,,0,Rejected
P3826,C3826,Priya Nair,Jaipur,Female,72,Auto,09-07-2024,09-07-2025,1427.01,86316.63,CL3826,24-09-2024,2182.72,Pending
P3827,C3827,Kunal Mehta,Chandigarh,Female,51,Auto,04-04-2024,04-04-2025,1187.05,65567.6,CL3827,21-10-2024,8831.66,Pending
P3828,C3828,Sai Kumar,Pune,Female,38,Auto,24-04-2024,24-04-2025,636.1,92339.16,CL3828,,0,Rejected
P3829,C3829,Sai Kumar,Indore,Male,41,Health,22-11-2023,21-11-2024,450.96,21980.18,CL3829,15-04-2024,6042.15,Settled
P3830,C3830,Vivaan Patel,Delhi,Female,45,Auto,06-01-2025,06-01-2026,1075.65,50398.31,CL3830,,0,Rejected
P3831,C3831,Aditya Verma,Chennai,Female,62,Auto,18-10-2025,18-10-2026,343.9,87984.4,CL3831,,0,Rejected
P3832,C3832,Sai Kumar,Jaipur,Male,57,Travel,26-11-2023,25-11-2024,444.63,57988.21,CL3832,,0,Rejected
P3833,C3833,Sai Kumar,Delhi,Male,21,Travel,21-03-2025,21-03-2026,823.13,62933.77,CL3833,22-12-2025,6176.96,Pending
P3834,C3834,Meera Kulkarni,Kolkata,Female,45,Health,08-02-2023,08-02-2024,895.75,90469.3,CL3834,10-11-2023,8491.71,Rejected
P3835,C3835,Ananya Gupta,Chennai,Male,41,Health,23-10-2024,23-10-2025,725.33,21747.98,CL3835,,0,Rejected
P3836,C3836,Kunal Mehta,Chandigarh,Female,70,Health,20-05-2024,20-05-2025,1308.51,78409.57,CL3836,09-01-2025,2023.53,Rejected
P3837,C3837,Vihaan Reddy,Kolkata,Male,50,Travel,05-09-2025,05-09-2026,519.13,65558.55,CL3837,,0,Rejected
P3838,C3838,Kavya Reddy,Delhi,Male,23,Health,18-08-2023,17-08-2024,1123.47,58183.16,CL3838,26-02-2024,8676.43,Rejected
P3839,C3839,Pooja Sharma,Mumbai,Male,52,Health,18-02-2023,18-02-2024,1254.44,61822.44,CL3839,,0,Rejected
P3840,C3840,Vivaan Patel,Pune,Male,62,Health,21-11-2023,20-11-2024,1415.12,66025.14,CL3840,08-11-2024,9855.8,Pending
P3841,C3841,Sai Kumar,Lucknow,Male,75,Travel,23-07-2023,22-07-2024,949.12,65747.64,CL3841,25-07-2023,9316.8,Rejected
P3842,C3842,Aditya Verma,Lucknow,Female,29,Travel,24-09-2024,24-09-2025,1305.2,28521.77,CL3842,29-06-2025,3144.22,Pending
P3843,C3843,Sneha Iyer,Hyderabad,Female,39,Health,14-09-2024,14-09-2025,844.69,81162.37,CL3843,20-11-2024,9605.89,Rejected
P3844,C3844,Aarav Sharma,Mumbai,Male,24,Health,31-08-2024,31-08-2025,921.23,79781.56,CL3844,05-02-2025,7101.26,Settled
P3845,C3845,Kavya Reddy,Chennai,Female,27,Travel,04-11-2024,04-11-2025,1175.52,63704.03,CL3845,14-05-2025,5839.86,Settled
P3846,C3846,Aditya Verma,Kolkata,Female,49,Auto,25-02-2025,25-02-2026,353.25,66944.91,CL3846,,0,Rejected
P3847,C3847,Sneha Iyer,Mumbai,Male,52,Health,27-01-2025,27-01-2026,362.17,47226.89,CL3847,29-12-2025,5435.66,Rejected
P3848,C3848,Ishita Singh,Bengaluru,Male,53,Travel,09-10-2025,09-10-2026,256.44,81014.39,CL3848,28-04-2026,4088.47,Rejected
P3849,C3849,Kavya Reddy,Kolkata,Female,35,Health,15-04-2023,14-04-2024,1008.82,24556.02,CL3849,24-08-2023,1504.07,Pending
P3850,C3850,Priya Nair,Mumbai,Female,24,Travel,08-10-2024,08-10-2025,813.33,63528.05,CL3850,,0,Rejected
P3851,C3851,Vivaan Patel,Hyderabad,Female,36,Travel,28-04-2024,28-04-2025,1381.02,94852.46,CL3851,14-03-2025,1446.91,Pending
P3852,C3852,Aditya Verma,Delhi,Female,33,Auto,23-02-2023,23-02-2024,643.06,52806.36,CL3852,11-04-2023,4007.09,Settled
P3853,C3853,Kavya Reddy,Ahmedabad,Female,69,Travel,26-01-2025,26-01-2026,1288.6,51435.3,CL3853,,0,Rejected
P3854,C3854,Rohan Desai,Delhi,Male,70,Auto,08-06-2025,08-06-2026,1443.66,77080.93,CL3854,15-12-2025,1413.61,Pending
P3855,C3855,Rohan Desai,Hyderabad,Female,43,Travel,12-02-2024,11-02-2025,1432.41,49122.11,CL3855,,0,Rejected
P3856,C3856,Sai Kumar,Kolkata,Female,58,Auto,29-11-2025,29-11-2026,1319.07,71533.28,CL3856,,0,Rejected
P3857,C3857,Arjun Nair,Pune,Male,22,Health,21-11-2024,21-11-2025,284.69,55569.07,CL3857,21-10-2025,5133.55,Rejected
P3858,C3858,Pooja Sharma,Pune,Male,46,Auto,24-12-2025,24-12-2026,1230.27,66482.82,CL3858,01-08-2026,5051.4,Pending
P3859,C3859,Arjun Nair,Jaipur,Male,71,Auto,22-09-2023,21-09-2024,482.61,41239.79,CL3859,16-03-2024,3499.51,Pending
P3860,C3860,Ananya Gupta,Pune,Female,71,Auto,22-06-2023,21-06-2024,898.48,44584.3,CL3860,02-12-2023,1982.52,Pending
P3861,C3861,Meera Kulkarni,Delhi,Female,44,Health,04-04-2025,04-04-2026,486,74899.71,CL3861,12-02-2026,9631.99,Settled
P3862,C3862,Vihaan Reddy,Lucknow,Male,41,Health,04-08-2023,03-08-2024,615.21,84000.74,CL3862,,0,Rejected
P3863,C3863,Vihaan Reddy,Ahmedabad,Male,43,Health,16-06-2023,15-06-2024,1069.8,22854.78,CL3863,23-05-2024,4168.82,Rejected
P3864,C3864,Ishita Singh,Bengaluru,Male,21,Auto,16-07-2023,15-07-2024,612.91,68231.05,CL3864,18-07-2023,6272.12,Rejected
P3865,C3865,Sneha Iyer,Kolkata,Female,21,Health,17-10-2025,17-10-2026,1097.87,66792.47,CL3865,,0,Rejected
P3866,C3866,Ananya Gupta,Hyderabad,Male,68,Auto,22-09-2024,22-09-2025,277.32,99000.37,CL3866,17-10-2024,4403.03,Rejected
P3867,C3867,Priya Nair,Mumbai,Male,28,Health,12-02-2025,12-02-2026,563.16,70859.8,CL3867,,0,Rejected
P3868,C3868,Ananya Gupta,Ahmedabad,Female,69,Health,03-11-2023,02-11-2024,456.31,81405.91,CL3868,29-04-2024,5930.98,Settled
P3869,C3869,Meera Kulkarni,Mumbai,Male,65,Auto,08-08-2025,08-08-2026,396.74,85605.72,CL3869,,0,Rejected
P3870,C3870,Rohan Desai,Delhi,Male,24,Auto,20-10-2023,19-10-2024,345.82,68062.95,CL3870,23-10-2023,8090.78,Pending
P3871,C3871,Kavya Reddy,Mumbai,Female,73,Health,11-01-2023,11-01-2024,906.71,93840.69,CL3871,,0,Rejected
P3872,C3872,Pooja Sharma,Jaipur,Female,73,Travel,13-06-2023,12-06-2024,951.36,35580.29,CL3872,04-05-2024,3509.19,Pending
P3873,C3873,Ananya Gupta,Jaipur,Male,71,Health,01-08-2024,01-08-2025,1404.84,93236.99,CL3873,,0,Rejected
P3874,C3874,Aditya Verma,Bengaluru,Female,62,Auto,21-02-2024,20-02-2025,1129.7,45713.67,CL3874,10-05-2024,9556.85,Rejected
P3875,C3875,Vivaan Patel,Chennai,Female,53,Auto,04-05-2024,04-05-2025,1214.72,28527.71,CL3875,,0,Rejected
P3876,C3876,Sai Kumar,Kolkata,Male,71,Health,26-11-2023,25-11-2024,523.66,62446.97,CL3876,,0,Rejected
P3877,C3877,Meera Kulkarni,Chandigarh,Female,31,Auto,12-05-2025,12-05-2026,885.33,27571.98,CL3877,23-08-2025,6708.24,Pending
P3878,C3878,Ananya Gupta,Kolkata,Male,33,Health,27-05-2023,26-05-2024,933.83,85254.18,CL3878,26-07-2023,1499.76,Rejected
P3879,C3879,Pooja Sharma,Jaipur,Female,43,Auto,04-01-2023,04-01-2024,702.58,95444,CL3879,,0,Rejected
P3880,C3880,Meera Kulkarni,Pune,Female,74,Auto,04-09-2024,04-09-2025,406.91,63610.34,CL3880,,0,Rejected
P3881,C3881,Rohan Desai,Bengaluru,Male,67,Auto,26-02-2025,26-02-2026,852.31,28510.98,CL3881,04-04-2025,9921.02,Settled
P3882,C3882,Priya Nair,Chennai,Female,75,Health,21-02-2024,20-02-2025,677.51,63798.94,CL3882,,0,Rejected
P3883,C3883,Vivaan Patel,Pune,Male,65,Travel,23-08-2024,23-08-2025,1438.26,94643.59,CL3883,06-10-2024,1564.51,Rejected
P3884,C3884,Aarav Sharma,Indore,Female,36,Health,10-01-2024,09-01-2025,971.17,81707.35,CL3884,06-05-2024,5661.46,Pending
P3885,C3885,Ishita Singh,Chandigarh,Male,37,Auto,12-09-2025,12-09-2026,916.21,73149.3,CL3885,09-02-2026,1571.1,Pending
P3886,C3886,Arjun Nair,Kolkata,Female,41,Health,29-04-2023,28-04-2024,1014.44,68719.8,CL3886,,0,Rejected
P3887,C3887,Rohan Desai,Mumbai,Male,62,Auto,01-04-2023,31-03-2024,1497.21,50453.4,CL3887,07-11-2023,9663.93,Pending
P3888,C3888,Sneha Iyer,Chennai,Male,27,Health,19-05-2024,19-05-2025,501.58,86331.29,CL3888,22-01-2025,6347.79,Rejected
P3889,C3889,Sneha Iyer,Chandigarh,Female,50,Travel,30-03-2025,30-03-2026,697.35,55049.83,CL3889,19-03-2026,5389.68,Settled
P3890,C3890,Meera Kulkarni,Chennai,Male,42,Auto,01-07-2025,01-07-2026,705.44,76888.41,CL3890,,0,Rejected
P3891,C3891,Sneha Iyer,Indore,Male,40,Travel,19-12-2023,18-12-2024,1171.7,92633.45,CL3891,29-09-2024,6394.8,Settled
P3892,C3892,Sai Kumar,Chandigarh,Male,57,Auto,19-07-2024,19-07-2025,1490.66,82507.69,CL3892,03-04-2025,9681.94,Pending
P3893,C3893,Aarav Sharma,Jaipur,Female,24,Health,03-12-2024,03-12-2025,274.58,38572.19,CL3893,20-10-2025,7760.23,Pending
P3894,C3894,Priya Nair,Indore,Female,57,Auto,22-10-2025,22-10-2026,375.19,33820.57,CL3894,12-05-2026,8672.17,Settled
P3895,C3895,Pooja Sharma,Ahmedabad,Female,49,Travel,23-09-2024,23-09-2025,478.17,68053.17,CL3895,05-04-2025,6633.42,Pending
P3896,C3896,Aditya Verma,Pune,Male,22,Health,02-01-2025,02-01-2026,257.51,43672.51,CL3896,,0,Rejected
P3897,C3897,Vihaan Reddy,Ahmedabad,Male,63,Health,19-08-2025,19-08-2026,276.88,38609.2,CL3897,,0,Rejected
P3898,C3898,Sai Kumar,Pune,Female,71,Auto,17-08-2025,17-08-2026,751.2,91799.41,CL3898,,0,Rejected
P3899,C3899,Ananya Gupta,Lucknow,Female,74,Auto,17-10-2025,17-10-2026,414.06,28489.3,CL3899,08-03-2026,3869.55,Pending
P3900,C3900,Priya Nair,Bengaluru,Male,44,Travel,11-11-2025,11-11-2026,1232.86,74157.2,CL3900,14-10-2026,7839.01,Pending
P3901,C3901,Priya Nair,Bengaluru,Female,59,Auto,08-08-2025,08-08-2026,327.9,44464.2,CL3901,,0,Rejected
P3902,C3902,Pooja Sharma,Indore,Male,51,Travel,02-01-2024,01-01-2025,300.32,78847.17,CL3902,29-01-2024,4283.57,Rejected
P3903,C3903,Neha Joshi,Jaipur,Female,62,Travel,04-11-2024,04-11-2025,1350.86,51381.71,CL3903,25-12-2024,6205.51,Pending
P3904,C3904,Ishita Singh,Hyderabad,Male,45,Travel,10-04-2023,09-04-2024,545.68,40289.28,CL3904,08-03-2024,9106.75,Rejected
P3905,C3905,Sai Kumar,Pune,Female,37,Health,22-05-2023,21-05-2024,914.1,60799.65,CL3905,,0,Rejected
P3906,C3906,Vivaan Patel,Chandigarh,Male,35,Auto,20-12-2024,20-12-2025,1162.39,44822.48,CL3906,28-04-2025,4830.78,Pending
P3907,C3907,Meera Kulkarni,Ahmedabad,Female,50,Health,16-02-2025,16-02-2026,363.11,26059.85,CL3907,23-04-2025,2193.17,Rejected
P3908,C3908,Pooja Sharma,Kolkata,Female,72,Auto,05-03-2023,04-03-2024,745.93,56309.47,CL3908,23-01-2024,1800.92,Rejected
P3909,C3909,Sneha Iyer,Ahmedabad,Male,44,Auto,26-04-2023,25-04-2024,1473.4,92665.96,CL3909,,0,Rejected
P3910,C3910,Arjun Nair,Mumbai,Female,37,Health,05-07-2023,04-07-2024,893,87345.6,CL3910,,0,Rejected
P3911,C3911,Rohan Desai,Delhi,Female,65,Travel,31-05-2025,31-05-2026,1177.35,93437.68,CL3911,17-11-2025,3408.08,Pending
P3912,C3912,Sai Kumar,Mumbai,Female,39,Travel,03-09-2024,03-09-2025,931.48,72754.33,CL3912,25-07-2025,6125.54,Pending
P3913,C3913,Kunal Mehta,Chandigarh,Female,28,Auto,12-07-2025,12-07-2026,1217.13,36144.27,CL3913,18-11-2025,6017.66,Settled
P3914,C3914,Sneha Iyer,Hyderabad,Male,57,Auto,26-10-2025,26-10-2026,949.62,57047.77,CL3914,29-07-2026,4055.8,Rejected
P3915,C3915,Meera Kulkarni,Hyderabad,Female,24,Auto,09-07-2023,08-07-2024,909.17,34805.18,CL3915,05-06-2024,7906.17,Pending
P3916,C3916,Aditya Verma,Ahmedabad,Female,73,Health,09-05-2025,09-05-2026,946.43,45384.33,CL3916,19-12-2025,4331.47,Settled
P3917,C3917,Priya Nair,Bengaluru,Male,56,Auto,01-12-2024,01-12-2025,1335.67,53075.27,CL3917,10-03-2025,2376.07,Settled
P3918,C3918,Sneha Iyer,Mumbai,Female,48,Auto,24-11-2024,24-11-2025,1143.25,72463.48,CL3918,,0,Rejected
P3919,C3919,Aarav Sharma,Chandigarh,Female,66,Health,05-08-2023,04-08-2024,742.05,63877.17,CL3919,,0,Rejected
P3920,C3920,Sneha Iyer,Lucknow,Male,66,Auto,31-01-2025,31-01-2026,1200.29,83593.92,CL3920,04-11-2025,5508.67,Pending
P3921,C3921,Aditya Verma,Indore,Male,41,Auto,21-01-2025,21-01-2026,731.43,76457.57,CL3921,01-06-2025,5186.87,Pending
P3922,C3922,Kunal Mehta,Pune,Male,32,Health,20-03-2024,20-03-2025,1013.73,39170.86,CL3922,04-05-2024,6481.02,Settled
P3923,C3923,Sai Kumar,Jaipur,Male,63,Auto,14-08-2024,14-08-2025,469.18,87738.69,CL3923,13-01-2025,4403.83,Pending
P3924,C3924,Ananya Gupta,Delhi,Male,71,Travel,13-01-2023,13-01-2024,263.7,53805.77,CL3924,09-05-2023,4573.7,Pending
P3925,C3925,Ananya Gupta,Lucknow,Male,67,Auto,08-06-2025,08-06-2026,1124.55,72139.3,CL3925,14-09-2025,3106.41,Rejected
P3926,C3926,Meera Kulkarni,Chandigarh,Male,72,Travel,05-09-2025,05-09-2026,596.02,21027.23,CL3926,21-05-2026,1375.2,Pending
P3927,C3927,Rohan Desai,Chandigarh,Male,31,Auto,11-07-2025,11-07-2026,1029.33,52810.84,CL3927,22-04-2026,1398.13,Pending
P3928,C3928,Sai Kumar,Kolkata,Male,28,Auto,19-12-2024,19-12-2025,1306.87,56992.06,CL3928,06-08-2025,3989.94,Pending
P3929,C3929,Vihaan Reddy,Lucknow,Male,23,Auto,29-10-2023,28-10-2024,955.14,92326.62,CL3929,27-03-2024,3576.35,Rejected
P3930,C3930,Ananya Gupta,Hyderabad,Male,59,Auto,02-06-2024,02-06-2025,440.34,79541.79,CL3930,,0,Rejected
P3931,C3931,Rohan Desai,Jaipur,Male,28,Auto,06-05-2025,06-05-2026,1229.31,22706.49,CL3931,,0,Rejected
P3932,C3932,Ishita Singh,Mumbai,Male,55,Travel,02-06-2024,02-06-2025,1209.12,29910.03,CL3932,21-08-2024,1839.85,Settled
P3933,C3933,Pooja Sharma,Indore,Female,21,Health,22-10-2024,22-10-2025,1445.89,47122.46,CL3933,09-09-2025,7366.86,Rejected
P3934,C3934,Aditya Verma,Delhi,Male,38,Health,08-07-2025,08-07-2026,1466.18,22075.8,CL3934,18-12-2025,3687.07,Pending
P3935,C3935,Vivaan Patel,Delhi,Male,45,Travel,02-11-2024,02-11-2025,1069.67,35645.77,CL3935,,0,Rejected
P3936,C3936,Kunal Mehta,Bengaluru,Male,38,Travel,01-12-2024,01-12-2025,508.92,88719.98,CL3936,11-04-2025,5307.54,Pending
P3937,C3937,Rohan Desai,Mumbai,Female,31,Auto,05-06-2025,05-06-2026,563.1,75020.04,CL3937,30-07-2025,3947.77,Settled
P3938,C3938,Kunal Mehta,Bengaluru,Male,51,Auto,01-03-2024,01-03-2025,809.4,24670.13,CL3938,10-10-2024,5374.32,Settled
P3939,C3939,Meera Kulkarni,Chandigarh,Female,45,Travel,09-09-2024,09-09-2025,277.42,21174.8,CL3939,,0,Rejected
P3940,C3940,Ananya Gupta,Mumbai,Female,51,Health,23-02-2025,23-02-2026,706.97,93944.33,CL3940,19-12-2025,8355.58,Pending
P3941,C3941,Vivaan Patel,Kolkata,Male,69,Auto,10-03-2025,10-03-2026,1425.77,46526.99,CL3941,18-12-2025,1635.69,Pending
P3942,C3942,Ishita Singh,Bengaluru,Male,38,Travel,31-12-2025,31-12-2026,519.26,43831.36,CL3942,30-08-2026,8968.35,Rejected
P3943,C3943,Ishita Singh,Mumbai,Male,37,Travel,29-06-2024,29-06-2025,1481.95,61172.46,CL3943,29-08-2024,8114.31,Pending
P3944,C3944,Vivaan Patel,Kolkata,Male,30,Health,26-06-2023,25-06-2024,1223.75,92970.72,CL3944,15-05-2024,3979.53,Pending
P3945,C3945,Rohan Desai,Mumbai,Male,36,Health,30-05-2023,29-05-2024,815.28,47777.5,CL3945,,0,Rejected
P3946,C3946,Arjun Nair,Pune,Female,68,Health,31-05-2025,31-05-2026,816.52,76936.43,CL3946,12-01-2026,5784.78,Settled
P3947,C3947,Aditya Verma,Indore,Male,23,Auto,22-02-2025,22-02-2026,1305.11,75723.49,CL3947,24-11-2025,9197.93,Pending
P3948,C3948,Sneha Iyer,Indore,Female,46,Auto,28-08-2025,28-08-2026,1481.47,84865.96,CL3948,10-06-2026,5918.95,Pending
P3949,C3949,Rohan Desai,Bengaluru,Male,52,Health,22-02-2024,21-02-2025,1082.3,49117.96,CL3949,10-09-2024,2221.94,Rejected
P3950,C3950,Kunal Mehta,Chennai,Male,31,Travel,05-06-2025,05-06-2026,899.66,26426.58,CL3950,,0,Rejected
P3951,C3951,Priya Nair,Indore,Male,22,Health,12-03-2023,11-03-2024,903.05,32399.81,CL3951,,0,Rejected
P3952,C3952,Vihaan Reddy,Delhi,Female,53,Travel,20-04-2024,20-04-2025,763.09,52866.52,CL3952,08-07-2024,9279.16,Settled
P3953,C3953,Pooja Sharma,Kolkata,Female,74,Auto,24-11-2025,24-11-2026,1363.97,48306.22,CL3953,19-02-2026,5551.03,Settled
P3954,C3954,Vivaan Patel,Kolkata,Male,47,Auto,01-07-2024,01-07-2025,566.09,36187.1,CL3954,08-05-2025,7296.85,Settled
P3955,C3955,Priya Nair,Mumbai,Female,58,Health,02-12-2024,02-12-2025,1058.76,83483.65,CL3955,07-10-2025,8231.4,Pending
P3956,C3956,Neha Joshi,Jaipur,Male,36,Auto,23-10-2023,22-10-2024,1278.62,35691.76,CL3956,23-02-2024,7817.51,Settled
P3957,C3957,Vihaan Reddy,Chennai,Male,67,Auto,14-09-2023,13-09-2024,1205.98,47266.62,CL3957,06-06-2024,2599.75,Settled
P3958,C3958,Rohan Desai,Pune,Female,38,Auto,12-09-2025,12-09-2026,845.16,38518.04,CL3958,,0,Rejected
P3959,C3959,Meera Kulkarni,Bengaluru,Female,44,Health,14-02-2024,13-02-2025,265.8,48108.25,CL3959,23-06-2024,8779.91,Settled
P3960,C3960,Aditya Verma,Lucknow,Female,66,Health,19-01-2023,19-01-2024,1107.17,46705.75,CL3960,19-01-2023,6532.58,Pending
P3961,C3961,Aarav Sharma,Pune,Male,55,Auto,08-05-2025,08-05-2026,628.31,90175.15,CL3961,,0,Rejected
P3962,C3962,Kunal Mehta,Jaipur,Male,46,Travel,18-01-2024,17-01-2025,719.02,40144.98,CL3962,12-11-2024,4919.36,Settled
P3963,C3963,Arjun Nair,Chandigarh,Female,75,Auto,09-08-2023,08-08-2024,603.46,65352.2,CL3963,,0,Rejected
P3964,C3964,Sneha Iyer,Ahmedabad,Male,45,Auto,05-04-2024,05-04-2025,1332.78,39372.25,CL3964,06-08-2024,8317.61,Pending
P3965,C3965,Ishita Singh,Indore,Female,56,Auto,25-07-2023,24-07-2024,785.42,81592.17,CL3965,,0,Rejected
P3966,C3966,Aarav Sharma,Lucknow,Male,59,Travel,02-02-2023,02-02-2024,285.93,97125.49,CL3966,01-10-2023,7299.85,Settled
P3967,C3967,Arjun Nair,Kolkata,Male,32,Travel,08-06-2025,08-06-2026,1444.51,77581.07,CL3967,14-05-2026,5843.41,Rejected
P3968,C3968,Neha Joshi,Hyderabad,Male,57,Travel,13-05-2023,12-05-2024,1446.26,20493.79,CL3968,03-03-2024,6370.19,Rejected
P3969,C3969,Ananya Gupta,Mumbai,Male,63,Travel,10-07-2025,10-07-2026,935.3,87989.49,CL3969,23-11-2025,1375.91,Settled
P3970,C3970,Vihaan Reddy,Ahmedabad,Female,22,Auto,02-09-2025,02-09-2026,703.35,35989.25,CL3970,13-09-2025,2788.98,Pending
P3971,C3971,Priya Nair,Indore,Male,25,Auto,18-03-2023,17-03-2024,469.64,20956.28,CL3971,12-10-2023,8906.85,Settled
P3972,C3972,Pooja Sharma,Indore,Female,22,Health,07-09-2024,07-09-2025,824.78,50446.38,CL3972,24-02-2025,1490.87,Rejected
P3973,C3973,Vihaan Reddy,Chandigarh,Male,35,Travel,11-08-2024,11-08-2025,456.8,55107.45,CL3973,14-08-2024,6494.4,Rejected
P3974,C3974,Sneha Iyer,Lucknow,Male,43,Auto,15-12-2023,14-12-2024,1319.39,89870.63,CL3974,,0,Rejected
P3975,C3975,Meera Kulkarni,Pune,Male,46,Health,14-06-2023,13-06-2024,1400.52,84799.64,CL3975,27-06-2023,9793.4,Settled
P3976,C3976,Sai Kumar,Chennai,Male,35,Auto,14-03-2025,14-03-2026,1196.99,94084.24,CL3976,09-01-2026,8341.57,Pending
P3977,C3977,Ananya Gupta,Ahmedabad,Male,65,Auto,29-02-2024,28-02-2025,339.11,82172.47,CL3977,,0,Rejected
P3978,C3978,Sai Kumar,Hyderabad,Female,62,Auto,25-04-2023,24-04-2024,1276.48,47547.76,CL3978,29-01-2024,5761.83,Pending
P3979,C3979,Rohan Desai,Kolkata,Female,34,Travel,08-01-2024,07-01-2025,721.61,26263.75,CL3979,04-05-2024,6358.09,Pending
P3980,C3980,Ananya Gupta,Ahmedabad,Male,61,Travel,26-09-2025,26-09-2026,889.39,97117.23,CL3980,03-12-2025,3027.96,Settled
P3981,C3981,Ananya Gupta,Hyderabad,Female,25,Health,06-05-2025,06-05-2026,694.7,54871.26,CL3981,19-02-2026,6759.8,Pending
P3982,C3982,Ananya Gupta,Pune,Female,21,Health,10-04-2024,10-04-2025,351.35,20410.74,CL3982,16-07-2024,8779.58,Rejected
P3983,C3983,Vihaan Reddy,Chennai,Female,57,Travel,14-11-2024,14-11-2025,1093.77,35499,CL3983,05-07-2025,4881.66,Pending
P3984,C3984,Aarav Sharma,Chandigarh,Female,55,Travel,26-02-2023,26-02-2024,1280.71,92084.76,CL3984,,0,Rejected
P3985,C3985,Sai Kumar,Bengaluru,Female,42,Health,15-03-2024,15-03-2025,1103.1,83051.3,CL3985,,0,Rejected
P3986,C3986,Meera Kulkarni,Bengaluru,Male,48,Health,07-02-2023,07-02-2024,1066.96,62053.49,CL3986,01-01-2024,2513.18,Pending
P3987,C3987,Ananya Gupta,Ahmedabad,Male,22,Health,22-03-2025,22-03-2026,859.76,46649.91,CL3987,21-04-2025,1308.55,Settled
P3988,C3988,Priya Nair,Pune,Female,49,Health,01-11-2023,31-10-2024,1237.84,21692.86,CL3988,,0,Rejected
P3989,C3989,Vivaan Patel,Hyderabad,Female,31,Travel,30-10-2025,30-10-2026,1204.61,72934.87,CL3989,10-07-2026,3661.8,Rejected
P3990,C3990,Neha Joshi,Delhi,Male,34,Auto,12-07-2025,12-07-2026,500.59,94129.58,CL3990,09-06-2026,3124.17,Rejected
P3991,C3991,Vihaan Reddy,Ahmedabad,Female,51,Health,10-04-2024,10-04-2025,685.91,82441.34,CL3991,31-05-2024,9354.15,Settled
P3992,C3992,Sai Kumar,Hyderabad,Male,26,Travel,02-09-2025,02-09-2026,672.64,94660.1,CL3992,23-02-2026,3468.43,Settled
P3993,C3993,Vivaan Patel,Kolkata,Female,23,Travel,30-06-2025,30-06-2026,543.36,78347.88,CL3993,18-04-2026,1604.94,Pending
P3994,C3994,Ishita Singh,Hyderabad,Female,30,Auto,14-11-2024,14-11-2025,256.62,94036.31,CL3994,,0,Rejected
P3995,C3995,Ananya Gupta,Pune,Female,55,Travel,27-03-2024,27-03-2025,1108.78,44709.47,CL3995,22-04-2024,4055.67,Rejected
P3996,C3996,Ananya Gupta,Ahmedabad,Female,38,Travel,11-10-2024,11-10-2025,1179.7,55820.69,CL3996,09-02-2025,4918.18,Rejected
P3997,C3997,Ishita Singh,Ahmedabad,Male,31,Travel,09-09-2025,09-09-2026,1272.27,34532.14,CL3997,,0,Rejected
P3998,C3998,Aarav Sharma,Ahmedabad,Female,67,Health,18-04-2025,18-04-2026,1123.77,94976.3,CL3998,16-06-2025,5909.49,Pending
P3999,C3999,Meera Kulkarni,Pune,Female,72,Health,17-07-2023,16-07-2024,1394.25,25342.96,CL3999,13-11-2023,4445.7,Settled
P4000,C4000,Priya Nair,Lucknow,Male,49,Health,23-03-2025,23-03-2026,1362.39,81259.62,CL4000,,0,Rejected
P4001,C4001,Priya Nair,Lucknow,Female,56,Auto,13-04-2024,13-04-2025,1373.68,36656.25,CL4001,,0,Rejected
P4002,C4002,Aditya Verma,Hyderabad,Male,63,Auto,05-06-2025,05-06-2026,760.53,99213.02,CL4002,,0,Rejected
P4003,C4003,Neha Joshi,Delhi,Female,41,Auto,07-05-2024,07-05-2025,349.43,58450.85,CL4003,06-09-2024,7954.05,Settled
P4004,C4004,Meera Kulkarni,Jaipur,Male,52,Auto,17-02-2025,17-02-2026,618.38,72476,CL4004,04-03-2025,7836.15,Pending
P4005,C4005,Ananya Gupta,Delhi,Female,40,Travel,05-10-2023,04-10-2024,599.74,91214.36,CL4005,04-09-2024,8087.87,Rejected
P4006,C4006,Ananya Gupta,Ahmedabad,Male,21,Health,12-09-2023,11-09-2024,581.89,36659.86,CL4006,,0,Rejected
P4007,C4007,Arjun Nair,Kolkata,Male,43,Health,23-10-2023,22-10-2024,941.34,26520.25,CL4007,20-07-2024,6161.12,Settled
P4008,C4008,Neha Joshi,Lucknow,Male,70,Travel,09-11-2023,08-11-2024,1001.07,82880.88,CL4008,02-09-2024,5026.49,Settled
P4009,C4009,Sneha Iyer,Bengaluru,Female,39,Auto,26-12-2023,25-12-2024,1474.89,34162.47,CL4009,,0,Rejected
P4010,C4010,Ishita Singh,Bengaluru,Male,33,Auto,12-03-2024,12-03-2025,732.87,25417.65,CL4010,14-10-2024,2782.93,Rejected
P4011,C4011,Aarav Sharma,Ahmedabad,Female,48,Health,17-02-2024,16-02-2025,1066.18,96414.71,CL4011,08-05-2024,2820.76,Settled
P4012,C4012,Vihaan Reddy,Delhi,Female,74,Auto,10-08-2023,09-08-2024,891.17,21414.67,CL4012,12-10-2023,8689.59,Settled
P4013,C4013,Pooja Sharma,Lucknow,Male,48,Health,30-03-2023,29-03-2024,1399.44,37354.86,CL4013,,0,Rejected
P4014,C4014,Kavya Reddy,Delhi,Male,46,Travel,22-03-2023,21-03-2024,1365.07,49237.31,CL4014,08-10-2023,8459.17,Settled
P4015,C4015,Sai Kumar,Pune,Female,25,Health,12-11-2025,12-11-2026,314.27,35787.15,CL4015,,0,Rejected
P4016,C4016,Meera Kulkarni,Pune,Female,35,Auto,19-07-2025,19-07-2026,615.92,91181.25,CL4016,14-02-2026,3213.87,Settled
P4017,C4017,Meera Kulkarni,Kolkata,Female,29,Auto,29-09-2025,29-09-2026,317.45,35883.1,CL4017,30-07-2026,6229.05,Pending
P4018,C4018,Vihaan Reddy,Hyderabad,Female,34,Auto,11-12-2024,11-12-2025,692.48,89419.73,CL4018,26-06-2025,3767.54,Rejected
P4019,C4019,Sai Kumar,Hyderabad,Male,27,Auto,20-07-2024,20-07-2025,312.81,82120.78,CL4019,17-08-2024,4820.47,Rejected
P4020,C4020,Priya Nair,Lucknow,Male,44,Health,19-05-2025,19-05-2026,723.14,47536.09,CL4020,,0,Rejected
P4021,C4021,Rohan Desai,Hyderabad,Male,28,Travel,07-12-2023,06-12-2024,890.42,38429.64,CL4021,,0,Rejected
P4022,C4022,Vivaan Patel,Hyderabad,Female,55,Health,31-03-2023,30-03-2024,1248.85,41425.62,CL4022,10-05-2023,8491.75,Rejected
P4023,C4023,Sneha Iyer,Kolkata,Male,65,Travel,08-02-2023,08-02-2024,992.09,72375.37,CL4023,18-04-2023,2679.49,Rejected
P4024,C4024,Neha Joshi,Jaipur,Female,25,Health,14-05-2024,14-05-2025,1347.06,92535.97,CL4024,18-10-2024,9017.83,Rejected
P4025,C4025,Sai Kumar,Mumbai,Female,55,Travel,25-10-2025,25-10-2026,598.09,80053.86,CL4025,15-08-2026,3984.92,Settled
P4026,C4026,Aditya Verma,Indore,Female,49,Health,20-08-2024,20-08-2025,478.8,25194.88,CL4026,28-06-2025,8824.21,Rejected
P4027,C4027,Meera Kulkarni,Indore,Female,68,Travel,11-02-2024,10-02-2025,956.45,63648.36,CL4027,16-06-2024,5130.28,Pending
P4028,C4028,Meera Kulkarni,Indore,Female,23,Health,16-05-2023,15-05-2024,467.07,78551.32,CL4028,24-10-2023,5534.87,Rejected
P4029,C4029,Vihaan Reddy,Ahmedabad,Male,68,Health,22-06-2023,21-06-2024,795.86,90757.86,CL4029,,0,Rejected
P4030,C4030,Kunal Mehta,Chennai,Male,73,Travel,04-10-2024,04-10-2025,702.31,50599.89,CL4030,24-07-2025,1992.07,Pending
P4031,C4031,Arjun Nair,Indore,Male,63,Health,29-10-2024,29-10-2025,1318.1,37648.21,CL4031,19-08-2025,9672.07,Settled
P4032,C4032,Kunal Mehta,Lucknow,Male,23,Auto,12-11-2025,12-11-2026,1037.81,91544.49,CL4032,22-09-2026,4908.42,Settled
P4033,C4033,Sai Kumar,Hyderabad,Male,55,Travel,26-08-2023,25-08-2024,778.55,77238.83,CL4033,,0,Rejected
P4034,C4034,Rohan Desai,Indore,Male,75,Travel,28-05-2023,27-05-2024,815.72,30029.37,CL4034,30-04-2024,3561.43,Pending
P4035,C4035,Arjun Nair,Jaipur,Female,65,Travel,03-03-2025,03-03-2026,1454.92,34045.86,CL4035,26-03-2025,3472.82,Rejected
P4036,C4036,Kavya Reddy,Kolkata,Male,32,Travel,05-08-2023,04-08-2024,974.22,57624.77,CL4036,31-12-2023,5056.83,Settled
P4037,C4037,Rohan Desai,Chennai,Male,47,Auto,04-12-2023,03-12-2024,1256.74,29033.11,CL4037,19-02-2024,5469.77,Settled
P4038,C4038,Vihaan Reddy,Ahmedabad,Female,26,Travel,17-04-2023,16-04-2024,1469.28,71694.49,CL4038,03-04-2024,2712.53,Rejected
P4039,C4039,Rohan Desai,Pune,Female,62,Travel,25-07-2025,25-07-2026,514.78,34740.29,CL4039,11-02-2026,3542.34,Pending
P4040,C4040,Kavya Reddy,Ahmedabad,Female,71,Health,25-10-2025,25-10-2026,785.68,37406.43,CL4040,,0,Rejected
P4041,C4041,Kavya Reddy,Indore,Male,24,Health,12-10-2025,12-10-2026,1207.23,56033.95,CL4041,,0,Rejected
P4042,C4042,Sai Kumar,Kolkata,Female,41,Travel,07-12-2023,06-12-2024,1333.4,35520.99,CL4042,,0,Rejected
P4043,C4043,Ananya Gupta,Jaipur,Female,72,Health,16-01-2024,15-01-2025,925.43,70817.8,CL4043,30-08-2024,8582.32,Pending
P4044,C4044,Aditya Verma,Delhi,Female,36,Travel,16-01-2023,16-01-2024,535.23,29731.15,CL4044,02-08-2023,5936.03,Rejected
P4045,C4045,Sai Kumar,Indore,Female,47,Health,27-04-2025,27-04-2026,1189.76,20332.14,CL4045,09-07-2025,4899.57,Settled
P4046,C4046,Sneha Iyer,Delhi,Female,57,Health,17-01-2023,17-01-2024,471.85,29484.92,CL4046,27-05-2023,1754.97,Settled
P4047,C4047,Arjun Nair,Indore,Female,39,Auto,03-05-2024,03-05-2025,644.76,51153.19,CL4047,02-01-2025,3138.29,Pending
P4048,C4048,Ishita Singh,Mumbai,Female,54,Auto,14-11-2025,14-11-2026,686.27,69443.97,CL4048,10-01-2026,7386.38,Settled
P4049,C4049,Sneha Iyer,Chandigarh,Female,23,Auto,07-11-2023,06-11-2024,256.57,60992.56,CL4049,02-11-2024,8459.84,Settled
P4050,C4050,Sai Kumar,Jaipur,Male,62,Travel,12-07-2025,12-07-2026,577.63,95984.99,CL4050,27-03-2026,5020.89,Settled
P4051,C4051,Rohan Desai,Jaipur,Male,53,Health,10-05-2024,10-05-2025,750.9,43984.74,CL4051,23-07-2024,3936.95,Pending
P4052,C4052,Ishita Singh,Chandigarh,Male,34,Travel,16-12-2025,16-12-2026,806.9,77639.59,CL4052,06-12-2026,1322.98,Pending
P4053,C4053,Priya Nair,Chandigarh,Male,72,Health,23-01-2023,23-01-2024,883.31,75080.13,CL4053,19-04-2023,8903.06,Settled
P4054,C4054,Aarav Sharma,Kolkata,Male,57,Travel,24-08-2024,24-08-2025,1295.33,82774.57,CL4054,,0,Rejected
P4055,C4055,Arjun Nair,Kolkata,Male,60,Travel,06-01-2025,06-01-2026,252.78,39914.28,CL4055,,0,Rejected
P4056,C4056,Rohan Desai,Mumbai,Female,52,Travel,14-09-2024,14-09-2025,301.62,49455.33,CL4056,07-12-2024,4258.4,Rejected
P4057,C4057,Sneha Iyer,Mumbai,Female,51,Health,05-02-2024,04-02-2025,779.62,97933.06,CL4057,,0,Rejected
P4058,C4058,Vivaan Patel,Mumbai,Male,22,Travel,02-11-2023,01-11-2024,291.13,37099.65,CL4058,,0,Rejected
P4059,C4059,Aarav Sharma,Kolkata,Male,51,Auto,01-06-2023,31-05-2024,1271.39,77433.65,CL4059,28-10-2023,5192.38,Rejected
P4060,C4060,Arjun Nair,Pune,Female,47,Travel,27-09-2023,26-09-2024,657.84,90467.43,CL4060,03-11-2023,5776.69,Rejected
P4061,C4061,Pooja Sharma,Ahmedabad,Male,69,Travel,17-04-2023,16-04-2024,602.96,61120.46,CL4061,23-03-2024,4502.16,Settled
P4062,C4062,Kunal Mehta,Chennai,Female,48,Travel,23-11-2023,22-11-2024,1304.9,93644.6,CL4062,10-12-2023,4147.08,Settled
P4063,C4063,Sai Kumar,Delhi,Female,37,Auto,09-09-2025,09-09-2026,353.51,57447.18,CL4063,17-10-2025,7839.98,Rejected
P4064,C4064,Sneha Iyer,Lucknow,Female,52,Auto,19-01-2024,18-01-2025,885.77,78142.33,CL4064,,0,Rejected
P4065,C4065,Kavya Reddy,Bengaluru,Female,48,Auto,14-04-2024,14-04-2025,965.35,98688.49,CL4065,07-06-2024,4365.24,Rejected
P4066,C4066,Ishita Singh,Kolkata,Male,57,Travel,23-12-2024,23-12-2025,1400.3,26399.14,CL4066,04-07-2025,6845.85,Settled
P4067,C4067,Sneha Iyer,Chandigarh,Male,43,Auto,05-06-2024,05-06-2025,834.32,83144.26,CL4067,08-09-2024,4144.51,Settled
P4068,C4068,Kavya Reddy,Indore,Female,25,Travel,20-04-2024,20-04-2025,1496.57,64978.19,CL4068,07-05-2024,4423.36,Rejected
P4069,C4069,Ananya Gupta,Pune,Male,56,Health,15-01-2023,15-01-2024,632.14,25050.52,CL4069,13-10-2023,6274.27,Settled
P4070,C4070,Kavya Reddy,Pune,Male,36,Auto,19-05-2025,19-05-2026,1003.01,91092.11,CL4070,11-03-2026,7057.26,Pending
P4071,C4071,Neha Joshi,Hyderabad,Female,47,Travel,21-09-2025,21-09-2026,356.06,41159.08,CL4071,,0,Rejected
P4072,C4072,Neha Joshi,Ahmedabad,Female,37,Health,05-06-2024,05-06-2025,509.66,91639.55,CL4072,,0,Rejected
P4073,C4073,Pooja Sharma,Chennai,Female,56,Auto,25-10-2024,25-10-2025,762.83,89224.36,CL4073,02-01-2025,1964.86,Settled
P4074,C4074,Neha Joshi,Pune,Female,67,Health,03-11-2025,03-11-2026,635.22,35423,CL4074,,0,Rejected
P4075,C4075,Kunal Mehta,Ahmedabad,Female,33,Health,02-02-2025,02-02-2026,555.93,61863.2,CL4075,05-11-2025,4973.63,Rejected
P4076,C4076,Ishita Singh,Jaipur,Male,52,Travel,03-09-2024,03-09-2025,1486.9,25397.32,CL4076,,0,Rejected
P4077,C4077,Sai Kumar,Delhi,Male,28,Auto,11-09-2025,11-09-2026,1195.18,93172.34,CL4077,13-08-2026,8550.22,Rejected
P4078,C4078,Sneha Iyer,Delhi,Male,23,Travel,22-02-2023,22-02-2024,1350.7,72662.58,CL4078,25-09-2023,2639.3,Pending
P4079,C4079,Meera Kulkarni,Chandigarh,Female,42,Auto,18-02-2025,18-02-2026,1403.72,35445.84,CL4079,26-08-2025,2411.83,Rejected
P4080,C4080,Kavya Reddy,Jaipur,Female,40,Health,06-02-2025,06-02-2026,768.34,51975.4,CL4080,05-10-2025,1761.64,Settled
P4081,C4081,Kavya Reddy,Chennai,Male,65,Auto,09-11-2024,09-11-2025,1184.3,35646.86,CL4081,,0,Rejected
P4082,C4082,Sai Kumar,Ahmedabad,Male,65,Auto,05-07-2023,04-07-2024,1015.91,56773.84,CL4082,28-07-2023,9118.6,Pending
P4083,C4083,Sneha Iyer,Indore,Male,72,Travel,04-09-2024,04-09-2025,1189.68,44904.53,CL4083,26-08-2025,5011.49,Pending
P4084,C4084,Rohan Desai,Mumbai,Female,54,Auto,30-07-2023,29-07-2024,1449.57,46636.33,CL4084,01-08-2023,5172.78,Pending
P4085,C4085,Ishita Singh,Jaipur,Male,24,Health,01-11-2024,01-11-2025,1070.56,76490.71,CL4085,30-10-2025,1768.06,Pending
P4086,C4086,Ishita Singh,Kolkata,Female,75,Auto,02-11-2024,02-11-2025,494.43,96399.59,CL4086,11-07-2025,7790.97,Rejected
P4087,C4087,Aditya Verma,Pune,Male,48,Auto,06-08-2024,06-08-2025,577.34,32254.42,CL4087,06-05-2025,5106.48,Pending
P4088,C4088,Arjun Nair,Mumbai,Female,60,Travel,25-08-2025,25-08-2026,343.65,59762.21,CL4088,,0,Rejected
P4089,C4089,Kunal Mehta,Chennai,Male,29,Health,25-10-2024,25-10-2025,251.37,48934.26,CL4089,01-11-2024,7864.39,Settled
P4090,C4090,Rohan Desai,Chandigarh,Male,35,Travel,10-08-2025,10-08-2026,1251.18,85980.78,CL4090,18-02-2026,3465.95,Rejected
P4091,C4091,Rohan Desai,Pune,Female,34,Auto,11-07-2024,11-07-2025,1072.54,47275.48,CL4091,04-08-2024,8114.33,Rejected
P4092,C4092,Kavya Reddy,Pune,Female,45,Health,30-09-2023,29-09-2024,1141.21,48333.86,CL4092,11-07-2024,3348.99,Settled
P4093,C4093,Ishita Singh,Bengaluru,Female,67,Travel,06-04-2024,06-04-2025,703.82,70965.45,CL4093,20-02-2025,1831.49,Settled
P4094,C4094,Kunal Mehta,Bengaluru,Male,49,Health,02-07-2024,02-07-2025,345.68,21959.65,CL4094,15-07-2024,3432.24,Rejected
P4095,C4095,Vihaan Reddy,Kolkata,Female,71,Auto,15-12-2025,15-12-2026,1352.33,32101.19,CL4095,23-11-2026,3094.38,Settled
P4096,C4096,Kunal Mehta,Hyderabad,Female,62,Health,14-06-2023,13-06-2024,996.8,59550.4,CL4096,11-10-2023,7966.6,Settled
P4097,C4097,Pooja Sharma,Hyderabad,Female,53,Health,18-06-2024,18-06-2025,914.67,60528.61,CL4097,24-01-2025,4616.22,Rejected
P4098,C4098,Ishita Singh,Jaipur,Female,33,Travel,01-12-2025,01-12-2026,1341.2,37492.01,CL4098,,0,Rejected
P4099,C4099,Arjun Nair,Kolkata,Male,62,Auto,11-11-2024,11-11-2025,1491.37,48848.52,CL4099,19-10-2025,9522.1,Pending
P4100,C4100,Pooja Sharma,Pune,Female,32,Travel,24-08-2024,24-08-2025,558.9,53457.63,CL4100,03-01-2025,8661.67,Rejected
P4101,C4101,Kunal Mehta,Lucknow,Female,48,Auto,22-12-2024,22-12-2025,1034.76,20853.24,CL4101,28-01-2025,5677.24,Pending
P4102,C4102,Arjun Nair,Chennai,Female,72,Travel,21-06-2023,20-06-2024,671.28,97346.73,CL4102,,0,Rejected
P4103,C4103,Ananya Gupta,Delhi,Female,44,Auto,31-05-2024,31-05-2025,1007.52,94306.43,CL4103,,0,Rejected
P4104,C4104,Kavya Reddy,Kolkata,Male,36,Health,22-08-2025,22-08-2026,1329.09,80707.28,CL4104,31-10-2025,5596.57,Settled
P4105,C4105,Priya Nair,Chandigarh,Male,50,Auto,02-07-2025,02-07-2026,813.68,80629.7,CL4105,28-02-2026,1114.6,Rejected
P4106,C4106,Sneha Iyer,Hyderabad,Male,25,Travel,12-10-2024,12-10-2025,841.53,34803.03,CL4106,,0,Rejected
P4107,C4107,Neha Joshi,Chennai,Female,22,Health,14-01-2024,13-01-2025,1322.7,47492.81,CL4107,,0,Rejected
P4108,C4108,Vivaan Patel,Kolkata,Female,40,Auto,27-05-2023,26-05-2024,1064.45,32321.58,CL4108,07-09-2023,6475.9,Settled
P4109,C4109,Sai Kumar,Kolkata,Male,41,Auto,16-09-2024,16-09-2025,688.16,39384.92,CL4109,13-06-2025,1931.1,Rejected
P4110,C4110,Meera Kulkarni,Chandigarh,Male,54,Health,16-04-2024,16-04-2025,1021.22,79304.64,CL4110,,0,Rejected
P4111,C4111,Ananya Gupta,Pune,Female,57,Auto,01-04-2025,01-04-2026,784.38,40827.91,CL4111,,0,Rejected
P4112,C4112,Ananya Gupta,Indore,Male,39,Health,05-06-2025,05-06-2026,365.27,56630.59,CL4112,24-03-2026,3480.82,Rejected
P4113,C4113,Rohan Desai,Hyderabad,Female,29,Auto,30-05-2023,29-05-2024,1179.03,92574.36,CL4113,27-03-2024,9854.93,Settled
P4114,C4114,Arjun Nair,Bengaluru,Male,37,Auto,30-10-2025,30-10-2026,1467.88,34374.4,CL4114,,0,Rejected
P4115,C4115,Ananya Gupta,Indore,Male,72,Travel,05-08-2023,04-08-2024,304.13,98784.65,CL4115,,0,Rejected
P4116,C4116,Sai Kumar,Indore,Female,51,Auto,31-07-2023,30-07-2024,770.15,92819.53,CL4116,,0,Rejected
P4117,C4117,Vihaan Reddy,Jaipur,Male,62,Travel,20-01-2025,20-01-2026,1344.41,21388.36,CL4117,,0,Rejected
P4118,C4118,Arjun Nair,Chandigarh,Female,69,Health,12-01-2023,12-01-2024,1195.56,25715.05,CL4118,27-06-2023,8861.69,Rejected
P4119,C4119,Ishita Singh,Hyderabad,Male,22,Health,21-06-2025,21-06-2026,1081.2,31268.01,CL4119,20-04-2026,6567.52,Rejected
P4120,C4120,Vivaan Patel,Chandigarh,Female,36,Auto,16-01-2023,16-01-2024,774.87,71882.42,CL4120,28-10-2023,9488.13,Settled
P4121,C4121,Rohan Desai,Delhi,Female,68,Travel,18-03-2024,18-03-2025,1048.47,96064.18,CL4121,24-09-2024,5075.24,Rejected
P4122,C4122,Ishita Singh,Hyderabad,Male,38,Auto,23-05-2024,23-05-2025,682.12,44230.72,CL4122,29-03-2025,3448.28,Settled
P4123,C4123,Vihaan Reddy,Kolkata,Male,42,Health,06-01-2024,05-01-2025,647.23,55551.18,CL4123,,0,Rejected
P4124,C4124,Aarav Sharma,Delhi,Male,28,Health,14-09-2024,14-09-2025,598.17,89917.9,CL4124,05-09-2025,1332.66,Settled
P4125,C4125,Pooja Sharma,Indore,Female,74,Travel,27-02-2023,27-02-2024,1136.47,83864.99,CL4125,24-08-2023,8259.2,Pending
P4126,C4126,Aditya Verma,Hyderabad,Male,51,Health,20-02-2025,20-02-2026,1129.34,67972.19,CL4126,16-08-2025,5253.29,Rejected
P4127,C4127,Sneha Iyer,Ahmedabad,Female,26,Travel,02-01-2023,02-01-2024,325.98,64260,CL4127,08-04-2023,3852.45,Settled
P4128,C4128,Neha Joshi,Chennai,Female,48,Travel,20-09-2025,20-09-2026,437.85,57160,CL4128,,0,Rejected
P4129,C4129,Ananya Gupta,Jaipur,Male,49,Travel,16-08-2023,15-08-2024,736.39,36922.34,CL4129,,0,Rejected
P4130,C4130,Arjun Nair,Jaipur,Female,44,Health,18-02-2023,18-02-2024,995.23,97993.42,CL4130,,0,Rejected
P4131,C4131,Kavya Reddy,Chennai,Male,66,Travel,07-03-2025,07-03-2026,1467.26,41497.7,CL4131,,0,Rejected
P4132,C4132,Vivaan Patel,Mumbai,Female,59,Travel,01-09-2024,01-09-2025,509.81,63825.67,CL4132,17-11-2024,9323.96,Settled
P4133,C4133,Sai Kumar,Mumbai,Male,52,Auto,29-12-2025,29-12-2026,990.98,95702.92,CL4133,09-11-2026,9197.45,Settled
P4134,C4134,Priya Nair,Chandigarh,Male,55,Auto,25-04-2024,25-04-2025,627.87,77597.72,CL4134,05-07-2024,1893.05,Rejected
P4135,C4135,Priya Nair,Chandigarh,Male,36,Health,16-02-2024,15-02-2025,597.35,79429.06,CL4135,31-10-2024,5483.53,Rejected
P4136,C4136,Pooja Sharma,Indore,Female,51,Travel,10-11-2025,10-11-2026,1202.81,31841.51,CL4136,06-04-2026,4088.7,Settled
P4137,C4137,Neha Joshi,Lucknow,Male,45,Health,04-04-2024,04-04-2025,1376.53,53151.31,CL4137,13-02-2025,6039.01,Rejected
P4138,C4138,Aarav Sharma,Lucknow,Female,59,Auto,23-05-2023,22-05-2024,1192.32,66507.62,CL4138,29-12-2023,8062.62,Pending
P4139,C4139,Pooja Sharma,Bengaluru,Male,52,Travel,20-10-2023,19-10-2024,1325.38,31961.51,CL4139,06-02-2024,1354.66,Settled
P4140,C4140,Rohan Desai,Bengaluru,Male,21,Travel,04-05-2024,04-05-2025,1039.01,87412.92,CL4140,15-07-2024,5938.68,Rejected
P4141,C4141,Pooja Sharma,Mumbai,Male,56,Auto,29-01-2023,29-01-2024,270.84,29456.08,CL4141,05-02-2023,6117.28,Rejected
P4142,C4142,Pooja Sharma,Chandigarh,Male,75,Travel,29-08-2025,29-08-2026,564.19,23830.01,CL4142,,0,Rejected
P4143,C4143,Kavya Reddy,Indore,Male,67,Auto,17-02-2024,16-02-2025,1122.2,91526.27,CL4143,29-02-2024,1422.97,Pending
P4144,C4144,Aarav Sharma,Pune,Female,26,Travel,17-05-2024,17-05-2025,533.46,85493.77,CL4144,25-10-2024,8948.89,Rejected
P4145,C4145,Aditya Verma,Kolkata,Male,66,Travel,12-10-2023,11-10-2024,383.31,31763.88,CL4145,20-02-2024,8692.82,Rejected
P4146,C4146,Arjun Nair,Mumbai,Female,71,Auto,15-01-2025,15-01-2026,1124.07,94675.65,CL4146,28-07-2025,6393.74,Settled
P4147,C4147,Pooja Sharma,Bengaluru,Female,48,Travel,10-10-2023,09-10-2024,1254.94,72057.32,CL4147,06-03-2024,2511.66,Rejected
P4148,C4148,Aditya Verma,Mumbai,Female,26,Health,31-05-2023,30-05-2024,933.07,60278.12,CL4148,,0,Rejected
P4149,C4149,Kunal Mehta,Chennai,Female,44,Health,26-06-2024,26-06-2025,252.04,36376.47,CL4149,01-08-2024,1105.98,Pending
P4150,C4150,Aditya Verma,Lucknow,Female,55,Health,27-05-2024,27-05-2025,855.58,24362.79,CL4150,16-09-2024,4757.28,Pending
P4151,C4151,Sai Kumar,Kolkata,Male,65,Travel,06-03-2023,05-03-2024,1342.62,52046.48,CL4151,31-10-2023,8658.14,Settled
P4152,C4152,Ishita Singh,Hyderabad,Female,36,Travel,01-10-2024,01-10-2025,696.44,33682.95,CL4152,,0,Rejected
P4153,C4153,Kavya Reddy,Chandigarh,Male,43,Travel,16-12-2025,16-12-2026,1030.13,74735.06,CL4153,11-06-2026,4130.22,Rejected
P4154,C4154,Ananya Gupta,Jaipur,Female,37,Travel,06-09-2024,06-09-2025,831.4,67330.14,CL4154,06-09-2024,1642.12,Rejected
P4155,C4155,Ishita Singh,Chennai,Female,62,Health,12-01-2025,12-01-2026,954.65,33777.53,CL4155,,0,Rejected
P4156,C4156,Arjun Nair,Lucknow,Male,31,Travel,31-08-2024,31-08-2025,447.72,89644.88,CL4156,10-11-2024,8272.32,Pending
P4157,C4157,Rohan Desai,Chandigarh,Female,75,Health,17-06-2024,17-06-2025,1476.07,34565.63,CL4157,18-09-2024,3930.44,Pending
P4158,C4158,Ananya Gupta,Delhi,Female,64,Travel,03-07-2024,03-07-2025,1156.49,49046.39,CL4158,06-09-2024,7853.95,Rejected
P4159,C4159,Kunal Mehta,Kolkata,Male,56,Auto,23-12-2023,22-12-2024,1164.68,65017.34,CL4159,17-03-2024,6013.68,Pending
P4160,C4160,Aarav Sharma,Hyderabad,Male,28,Travel,05-05-2024,05-05-2025,261.1,88610.13,CL4160,16-03-2025,9294.74,Rejected
P4161,C4161,Sneha Iyer,Pune,Female,31,Auto,02-08-2024,02-08-2025,920.39,94165.15,CL4161,31-08-2024,4345.33,Pending
P4162,C4162,Kunal Mehta,Ahmedabad,Female,25,Auto,28-03-2023,27-03-2024,817.21,33273.1,CL4162,04-11-2023,8838.75,Settled
P4163,C4163,Vihaan Reddy,Kolkata,Male,42,Health,27-11-2023,26-11-2024,1405.06,62111.68,CL4163,20-08-2024,3681.04,Rejected
P4164,C4164,Priya Nair,Chandigarh,Female,54,Health,17-10-2023,16-10-2024,977.16,55111.22,CL4164,05-06-2024,5404.63,Rejected
P4165,C4165,Vivaan Patel,Pune,Female,61,Health,27-02-2024,26-02-2025,1209.94,39236.92,CL4165,11-02-2025,8199.35,Rejected
P4166,C4166,Aditya Verma,Lucknow,Female,29,Travel,15-02-2023,15-02-2024,416.79,96484.78,CL4166,18-04-2023,3644.66,Pending
P4167,C4167,Kavya Reddy,Indore,Male,44,Auto,09-01-2023,09-01-2024,337.37,65225.33,CL4167,,0,Rejected
P4168,C4168,Meera Kulkarni,Kolkata,Female,32,Travel,12-04-2023,11-04-2024,1488.35,52561.15,CL4168,,0,Rejected
P4169,C4169,Arjun Nair,Lucknow,Male,41,Travel,22-05-2023,21-05-2024,872.11,90083.44,CL4169,24-01-2024,2586.67,Rejected
P4170,C4170,Meera Kulkarni,Hyderabad,Male,60,Auto,31-03-2023,30-03-2024,776.1,83552.42,CL4170,07-03-2024,1361.9,Pending
P4171,C4171,Vivaan Patel,Chandigarh,Female,33,Auto,14-03-2024,14-03-2025,1065.19,32537,CL4171,,0,Rejected
P4172,C4172,Ishita Singh,Pune,Male,65,Travel,24-12-2023,23-12-2024,354.42,82581.71,CL4172,,0,Rejected
P4173,C4173,Aditya Verma,Chandigarh,Male,62,Travel,06-03-2025,06-03-2026,887.29,51527.62,CL4173,,0,Rejected
P4174,C4174,Pooja Sharma,Kolkata,Female,38,Auto,13-06-2024,13-06-2025,485.14,64689.83,CL4174,06-04-2025,4512.94,Rejected
P4175,C4175,Sneha Iyer,Jaipur,Female,75,Travel,01-09-2024,01-09-2025,635.95,56769.26,CL4175,,0,Rejected
P4176,C4176,Vivaan Patel,Mumbai,Male,48,Health,16-01-2025,16-01-2026,1197.27,81519.58,CL4176,,0,Rejected
P4177,C4177,Kavya Reddy,Indore,Male,22,Health,24-12-2025,24-12-2026,804.67,42855.24,CL4177,11-06-2026,3462.41,Rejected
P4178,C4178,Pooja Sharma,Kolkata,Male,61,Travel,13-12-2023,12-12-2024,835.29,40772.21,CL4178,08-08-2024,6447.67,Rejected
P4179,C4179,Priya Nair,Mumbai,Female,68,Travel,24-02-2023,24-02-2024,1019.19,56184.76,CL4179,,0,Rejected
P4180,C4180,Ananya Gupta,Delhi,Female,52,Auto,25-03-2023,24-03-2024,1348.75,65901.29,CL4180,23-09-2023,9573.72,Pending
P4181,C4181,Neha Joshi,Ahmedabad,Male,49,Health,13-07-2024,13-07-2025,1242.07,86506.02,CL4181,,0,Rejected
P4182,C4182,Sai Kumar,Chandigarh,Male,36,Auto,28-08-2023,27-08-2024,475.24,58597.4,CL4182,02-07-2024,8964.08,Settled
P4183,C4183,Neha Joshi,Chennai,Male,43,Travel,28-03-2025,28-03-2026,1185.62,94265.43,CL4183,26-08-2025,9259.48,Rejected
P4184,C4184,Priya Nair,Chennai,Female,32,Auto,28-04-2025,28-04-2026,1035.24,91955.38,CL4184,,0,Rejected
P4185,C4185,Vihaan Reddy,Mumbai,Male,63,Travel,21-06-2024,21-06-2025,1486.45,79736.2,CL4185,21-04-2025,3672.45,Pending
P4186,C4186,Ananya Gupta,Chennai,Female,33,Travel,26-02-2023,26-02-2024,1098.92,33550.65,CL4186,07-12-2023,4600.9,Pending
P4187,C4187,Priya Nair,Chandigarh,Male,21,Travel,27-05-2023,26-05-2024,495.97,55877.95,CL4187,04-02-2024,6188.29,Settled
P4188,C4188,Vihaan Reddy,Lucknow,Female,40,Travel,08-09-2023,07-09-2024,1324.85,91094.12,CL4188,,0,Rejected
P4189,C4189,Kavya Reddy,Chandigarh,Male,69,Health,01-05-2025,01-05-2026,1480.37,23793.54,CL4189,07-02-2026,6584.91,Settled
P4190,C4190,Kunal Mehta,Pune,Male,62,Auto,28-07-2023,27-07-2024,1055.02,82827.35,CL4190,11-10-2023,3890.86,Settled
P4191,C4191,Arjun Nair,Delhi,Male,71,Auto,23-04-2025,23-04-2026,1408.98,36616.26,CL4191,,0,Rejected
P4192,C4192,Pooja Sharma,Jaipur,Female,50,Health,26-05-2024,26-05-2025,372.44,29811.44,CL4192,03-01-2025,8200.38,Rejected
P4193,C4193,Neha Joshi,Jaipur,Female,56,Health,29-06-2025,29-06-2026,1145.43,62455.86,CL4193,,0,Rejected
P4194,C4194,Sai Kumar,Mumbai,Male,55,Auto,06-02-2025,06-02-2026,668.13,42940.23,CL4194,11-08-2025,3202.31,Rejected
P4195,C4195,Neha Joshi,Mumbai,Male,23,Travel,09-12-2025,09-12-2026,1168.57,79182.74,CL4195,,0,Rejected
P4196,C4196,Vivaan Patel,Hyderabad,Male,40,Travel,23-02-2023,23-02-2024,1428.88,24494.35,CL4196,12-10-2023,2321.67,Rejected
P4197,C4197,Sneha Iyer,Chandigarh,Female,32,Travel,23-12-2025,23-12-2026,1067.09,23566.11,CL4197,06-07-2026,9357.62,Settled
P4198,C4198,Rohan Desai,Chennai,Male,38,Health,17-05-2025,17-05-2026,1024.5,95826.13,CL4198,18-11-2025,2210.53,Settled
P4199,C4199,Aarav Sharma,Ahmedabad,Female,36,Auto,26-06-2025,26-06-2026,715.54,51498.17,CL4199,08-05-2026,6508.46,Rejected
P4200,C4200,Ananya Gupta,Pune,Female,42,Travel,09-04-2023,08-04-2024,291.51,41043.08,CL4200,19-09-2023,3890.09,Rejected
P4201,C4201,Rohan Desai,Bengaluru,Male,60,Travel,09-08-2025,09-08-2026,829.5,94176.88,CL4201,09-08-2025,8447,Settled
P4202,C4202,Priya Nair,Bengaluru,Male,39,Travel,07-04-2024,07-04-2025,1049.91,82581.29,CL4202,24-08-2024,3121.03,Pending
P4203,C4203,Arjun Nair,Hyderabad,Female,67,Travel,14-01-2023,14-01-2024,710.84,64475.15,CL4203,18-10-2023,8790.05,Settled
P4204,C4204,Meera Kulkarni,Ahmedabad,Male,50,Health,24-07-2024,24-07-2025,723.13,45578.91,CL4204,20-10-2024,2435.09,Rejected
P4205,C4205,Rohan Desai,Bengaluru,Male,58,Health,13-07-2025,13-07-2026,561.97,66208.64,CL4205,,0,Rejected
P4206,C4206,Kavya Reddy,Delhi,Female,23,Health,28-03-2025,28-03-2026,1475.81,49531.38,CL4206,29-04-2025,3891.65,Pending
P4207,C4207,Aditya Verma,Lucknow,Female,25,Health,23-09-2025,23-09-2026,467.29,88872.71,CL4207,08-03-2026,9220.08,Pending
P4208,C4208,Meera Kulkarni,Hyderabad,Male,68,Auto,10-06-2024,10-06-2025,1121.76,38318.78,CL4208,19-08-2024,9427.7,Rejected
P4209,C4209,Kavya Reddy,Chandigarh,Male,65,Health,27-11-2024,27-11-2025,960,99149.18,CL4209,07-08-2025,2132.4,Pending
P4210,C4210,Arjun Nair,Lucknow,Female,51,Health,19-11-2023,18-11-2024,882.27,50272.01,CL4210,25-12-2023,4754.95,Settled
P4211,C4211,Arjun Nair,Jaipur,Male,36,Auto,08-05-2024,08-05-2025,566.77,80034.71,CL4211,,0,Rejected
P4212,C4212,Priya Nair,Delhi,Female,29,Travel,29-12-2024,29-12-2025,503.26,80185.52,CL4212,,0,Rejected
P4213,C4213,Ishita Singh,Bengaluru,Male,30,Auto,17-09-2025,17-09-2026,259.7,59927.93,CL4213,09-07-2026,3188.45,Pending
P4214,C4214,Sneha Iyer,Delhi,Male,38,Auto,19-10-2025,19-10-2026,1256.78,23035.92,CL4214,09-09-2026,8985.68,Rejected
P4215,C4215,Arjun Nair,Ahmedabad,Female,47,Auto,08-01-2023,08-01-2024,982.13,80551.23,CL4215,05-11-2023,2643.78,Rejected
P4216,C4216,Arjun Nair,Mumbai,Female,47,Travel,05-02-2025,05-02-2026,785.02,83653.24,CL4216,02-02-2026,7847.65,Rejected
P4217,C4217,Ananya Gupta,Hyderabad,Female,28,Auto,23-08-2024,23-08-2025,300.86,72242.01,CL4217,03-04-2025,8526.79,Pending
P4218,C4218,Meera Kulkarni,Chennai,Male,58,Travel,03-04-2024,03-04-2025,694.43,27960.39,CL4218,22-12-2024,9609.92,Rejected
P4219,C4219,Arjun Nair,Chennai,Female,53,Auto,23-08-2023,22-08-2024,688.79,86967.82,CL4219,,0,Rejected
P4220,C4220,Priya Nair,Hyderabad,Male,38,Auto,23-01-2024,22-01-2025,1237.65,86212.11,CL4220,22-03-2024,8343.03,Pending
P4221,C4221,Aditya Verma,Kolkata,Female,52,Health,23-01-2023,23-01-2024,1072.71,47459.49,CL4221,,0,Rejected
P4222,C4222,Aarav Sharma,Chennai,Female,42,Travel,10-07-2024,10-07-2025,1057.34,49254.3,CL4222,21-06-2025,3376.27,Settled
P4223,C4223,Neha Joshi,Chandigarh,Female,67,Travel,31-01-2024,30-01-2025,340.45,51074.88,CL4223,,0,Rejected
P4224,C4224,Pooja Sharma,Indore,Male,29,Travel,16-11-2025,16-11-2026,1185.58,70995.18,CL4224,11-06-2026,2069.64,Rejected
P4225,C4225,Pooja Sharma,Ahmedabad,Female,66,Health,13-02-2025,13-02-2026,678.6,89434.59,CL4225,23-09-2025,7148.67,Settled
P4226,C4226,Vihaan Reddy,Lucknow,Male,56,Health,07-11-2024,07-11-2025,549.13,70217.89,CL4226,09-02-2025,4999.68,Rejected
P4227,C4227,Neha Joshi,Mumbai,Female,25,Auto,26-07-2023,25-07-2024,1337.81,29430.14,CL4227,23-02-2024,9637.68,Settled
P4228,C4228,Aditya Verma,Lucknow,Female,72,Travel,27-07-2024,27-07-2025,1361.62,73370.02,CL4228,23-10-2024,2734.27,Pending
P4229,C4229,Aarav Sharma,Kolkata,Male,49,Travel,13-10-2025,13-10-2026,1236.83,89442.3,CL4229,27-09-2026,5559.78,Pending
P4230,C4230,Rohan Desai,Chandigarh,Male,66,Travel,25-03-2025,25-03-2026,1023.42,94804.06,CL4230,28-04-2025,1335.52,Rejected
P4231,C4231,Ananya Gupta,Kolkata,Male,53,Health,09-11-2024,09-11-2025,1252.75,24028.22,CL4231,28-02-2025,2723.58,Pending
P4232,C4232,Aditya Verma,Mumbai,Male,66,Auto,25-08-2023,24-08-2024,293.65,45818.81,CL4232,17-11-2023,7510.33,Settled
P4233,C4233,Ishita Singh,Mumbai,Male,53,Auto,16-08-2024,16-08-2025,481.59,23778.9,CL4233,01-03-2025,1495.81,Rejected
P4234,C4234,Rohan Desai,Lucknow,Female,50,Auto,31-12-2024,31-12-2025,1404.6,20604.63,CL4234,,0,Rejected
P4235,C4235,Ishita Singh,Jaipur,Female,54,Travel,24-04-2023,23-04-2024,594.39,24329.84,CL4235,09-06-2023,8660.39,Rejected
P4236,C4236,Meera Kulkarni,Hyderabad,Female,63,Travel,28-04-2025,28-04-2026,648.38,43722.44,CL4236,26-08-2025,1863.7,Settled
P4237,C4237,Aarav Sharma,Kolkata,Female,41,Health,12-04-2023,11-04-2024,916.46,76025.89,CL4237,26-04-2023,9113.88,Pending
P4238,C4238,Kavya Reddy,Ahmedabad,Female,32,Health,25-06-2023,24-06-2024,1195.86,67724.1,CL4238,03-07-2023,1004.33,Pending
P4239,C4239,Sneha Iyer,Lucknow,Female,45,Health,27-07-2025,27-07-2026,1142.04,73006.13,CL4239,,0,Rejected
P4240,C4240,Vihaan Reddy,Ahmedabad,Female,44,Health,18-06-2025,18-06-2026,1255.71,78147.59,CL4240,,0,Rejected
P4241,C4241,Priya Nair,Chandigarh,Male,24,Auto,02-01-2025,02-01-2026,1424.36,42966.3,CL4241,,0,Rejected
P4242,C4242,Vihaan Reddy,Jaipur,Male,75,Health,03-12-2023,02-12-2024,1074.26,75070.77,CL4242,05-03-2024,9350.9,Pending
P4243,C4243,Ananya Gupta,Ahmedabad,Female,44,Health,17-02-2025,17-02-2026,357.99,83079.08,CL4243,,0,Rejected
P4244,C4244,Kavya Reddy,Bengaluru,Female,61,Auto,22-10-2025,22-10-2026,1124.85,78165.93,CL4244,13-09-2026,4768.75,Settled
P4245,C4245,Sneha Iyer,Kolkata,Male,67,Auto,20-09-2025,20-09-2026,361.03,45539.31,CL4245,19-02-2026,9693.66,Pending
P4246,C4246,Pooja Sharma,Chennai,Male,43,Health,19-08-2025,19-08-2026,1240.96,49367.43,CL4246,12-10-2025,3883.45,Pending
P4247,C4247,Meera Kulkarni,Ahmedabad,Female,39,Auto,23-11-2025,23-11-2026,271.78,23912.72,CL4247,23-09-2026,6729.14,Rejected
P4248,C4248,Kavya Reddy,Kolkata,Female,73,Health,06-03-2025,06-03-2026,506.98,63306.71,CL4248,20-09-2025,8328.23,Settled
P4249,C4249,Rohan Desai,Kolkata,Male,57,Travel,14-01-2025,14-01-2026,894.52,68517.36,CL4249,29-06-2025,5519.62,Settled
P4250,C4250,Priya Nair,Ahmedabad,Male,24,Auto,15-12-2025,15-12-2026,1469.16,60735.3,CL4250,13-06-2026,8652.49,Rejected
P4251,C4251,Sneha Iyer,Lucknow,Female,45,Auto,27-09-2023,26-09-2024,635.91,38405.94,CL4251,04-06-2024,5377.89,Pending
P4252,C4252,Pooja Sharma,Delhi,Female,40,Auto,25-08-2023,24-08-2024,1368.27,36165.43,CL4252,,0,Rejected
P4253,C4253,Neha Joshi,Delhi,Female,55,Auto,18-06-2025,18-06-2026,1084.55,87183.91,CL4253,,0,Rejected
P4254,C4254,Vivaan Patel,Mumbai,Female,45,Auto,21-04-2024,21-04-2025,1213.33,61810.76,CL4254,17-03-2025,2067.33,Pending
P4255,C4255,Aditya Verma,Hyderabad,Male,40,Travel,12-03-2024,12-03-2025,1169.99,35345.54,CL4255,,0,Rejected
P4256,C4256,Ishita Singh,Lucknow,Male,71,Travel,29-11-2023,28-11-2024,1367.66,25869.35,CL4256,,0,Rejected
P4257,C4257,Sai Kumar,Pune,Female,54,Travel,16-07-2023,15-07-2024,434.33,77594.43,CL4257,,0,Rejected
P4258,C4258,Priya Nair,Mumbai,Male,66,Health,12-04-2025,12-04-2026,564.37,63730.92,CL4258,19-06-2025,7459.37,Settled
P4259,C4259,Kunal Mehta,Kolkata,Female,74,Auto,03-10-2024,03-10-2025,577.12,39813.82,CL4259,29-01-2025,4546.15,Rejected
P4260,C4260,Aarav Sharma,Bengaluru,Male,37,Auto,06-12-2025,06-12-2026,1135.85,98770.62,CL4260,,0,Rejected
P4261,C4261,Kunal Mehta,Bengaluru,Male,49,Travel,26-06-2024,26-06-2025,960.21,49125.31,CL4261,,0,Rejected
P4262,C4262,Vihaan Reddy,Chandigarh,Female,31,Travel,06-04-2025,06-04-2026,1228.36,70733.51,CL4262,14-04-2025,6053.36,Rejected
P4263,C4263,Pooja Sharma,Chennai,Male,44,Auto,22-12-2025,22-12-2026,1190.53,95632.83,CL4263,05-02-2026,8261.73,Pending
P4264,C4264,Ananya Gupta,Mumbai,Female,52,Auto,03-09-2025,03-09-2026,788.89,90441.94,CL4264,,0,Rejected
P4265,C4265,Sneha Iyer,Hyderabad,Female,62,Health,17-09-2024,17-09-2025,1225.5,77053.55,CL4265,23-10-2024,9101.42,Rejected
P4266,C4266,Neha Joshi,Mumbai,Male,31,Auto,17-05-2024,17-05-2025,956.18,87813.98,CL4266,30-03-2025,2447.9,Pending
P4267,C4267,Ishita Singh,Lucknow,Male,60,Travel,04-04-2024,04-04-2025,1434.09,80606.26,CL4267,24-09-2024,5768.55,Settled
P4268,C4268,Vihaan Reddy,Indore,Male,23,Auto,02-08-2024,02-08-2025,489.39,77678.79,CL4268,,0,Rejected
P4269,C4269,Pooja Sharma,Indore,Female,72,Auto,30-04-2025,30-04-2026,849.64,43476.61,CL4269,,0,Rejected
P4270,C4270,Meera Kulkarni,Jaipur,Male,68,Health,24-03-2024,24-03-2025,479.41,42222.57,CL4270,,0,Rejected
P4271,C4271,Kunal Mehta,Chandigarh,Male,57,Auto,15-10-2023,14-10-2024,1183.05,50004.81,CL4271,11-12-2023,9853.1,Rejected
P4272,C4272,Kunal Mehta,Kolkata,Female,42,Auto,10-07-2024,10-07-2025,297.64,69101.94,CL4272,05-02-2025,5355.01,Settled
P4273,C4273,Ishita Singh,Lucknow,Male,22,Travel,14-10-2024,14-10-2025,317.13,29489.32,CL4273,27-07-2025,1922,Settled
P4274,C4274,Kavya Reddy,Bengaluru,Male,55,Auto,02-04-2024,02-04-2025,501.67,78741.6,CL4274,,0,Rejected
P4275,C4275,Neha Joshi,Jaipur,Male,48,Travel,19-04-2024,19-04-2025,964.58,40424.44,CL4275,04-05-2024,8568.42,Rejected
P4276,C4276,Sneha Iyer,Ahmedabad,Male,25,Health,28-09-2024,28-09-2025,890.05,40641.66,CL4276,27-07-2025,7854.97,Rejected
P4277,C4277,Kavya Reddy,Chandigarh,Female,69,Health,14-10-2024,14-10-2025,880.93,53693.58,CL4277,20-11-2024,6862.31,Pending
P4278,C4278,Arjun Nair,Bengaluru,Female,46,Auto,02-05-2023,01-05-2024,1037.2,23626.52,CL4278,01-01-2024,7563.82,Pending
P4279,C4279,Aarav Sharma,Mumbai,Female,56,Travel,14-04-2025,14-04-2026,382.43,52835.39,CL4279,21-10-2025,5296.08,Settled
P4280,C4280,Rohan Desai,Bengaluru,Male,58,Travel,17-12-2024,17-12-2025,416.67,75156.16,CL4280,,0,Rejected
P4281,C4281,Vihaan Reddy,Jaipur,Female,45,Auto,13-12-2025,13-12-2026,1456.75,21748.11,CL4281,04-03-2026,9418.54,Settled
P4282,C4282,Kunal Mehta,Jaipur,Male,46,Health,10-11-2023,09-11-2024,1340.43,50901.63,CL4282,06-03-2024,6223.12,Pending
P4283,C4283,Sai Kumar,Chandigarh,Male,27,Travel,06-02-2024,05-02-2025,338.18,70856.73,CL4283,,0,Rejected
P4284,C4284,Sneha Iyer,Indore,Female,54,Auto,27-11-2024,27-11-2025,326.6,53738.5,CL4284,29-11-2024,7144.59,Settled
P4285,C4285,Arjun Nair,Ahmedabad,Male,24,Health,12-10-2025,12-10-2026,473.43,81791.59,CL4285,,0,Rejected
P4286,C4286,Aarav Sharma,Ahmedabad,Male,59,Travel,06-07-2023,05-07-2024,486.62,48461.76,CL4286,08-07-2023,5513.39,Settled
P4287,C4287,Sneha Iyer,Indore,Female,40,Auto,27-03-2025,27-03-2026,475.63,79246.33,CL4287,21-02-2026,7123.75,Settled
P4288,C4288,Kunal Mehta,Hyderabad,Male,36,Health,05-05-2025,05-05-2026,1212.11,39161.55,CL4288,,0,Rejected
P4289,C4289,Pooja Sharma,Chandigarh,Male,57,Health,18-01-2023,18-01-2024,453.43,98880.03,CL4289,,0,Rejected
P4290,C4290,Ananya Gupta,Chandigarh,Male,74,Travel,09-04-2024,09-04-2025,1309.58,32250.63,CL4290,,0,Rejected
P4291,C4291,Kunal Mehta,Jaipur,Male,32,Health,13-06-2024,13-06-2025,329.42,74250.58,CL4291,27-07-2024,7441.16,Settled
P4292,C4292,Neha Joshi,Jaipur,Male,48,Health,02-01-2024,01-01-2025,1143.09,65499.51,CL4292,,0,Rejected
P4293,C4293,Neha Joshi,Chennai,Female,21,Travel,01-02-2025,01-02-2026,795.14,28819.4,CL4293,02-02-2025,1589.91,Settled
P4294,C4294,Arjun Nair,Indore,Male,24,Travel,18-03-2024,18-03-2025,685.98,33342.73,CL4294,22-10-2024,8273.83,Rejected
P4295,C4295,Kunal Mehta,Pune,Female,44,Health,28-10-2024,28-10-2025,1320.97,47857.24,CL4295,,0,Rejected
P4296,C4296,Kunal Mehta,Hyderabad,Female,49,Travel,27-03-2025,27-03-2026,1494.86,98511.61,CL4296,,0,Rejected
P4297,C4297,Arjun Nair,Delhi,Male,50,Travel,30-03-2024,30-03-2025,256.55,66617.2,CL4297,,0,Rejected
P4298,C4298,Ishita Singh,Delhi,Male,36,Travel,08-04-2025,08-04-2026,1471.55,69533.8,CL4298,08-07-2025,2306.32,Rejected
P4299,C4299,Priya Nair,Indore,Male,35,Health,29-12-2025,29-12-2026,495.25,81443.32,CL4299,05-07-2026,4497.97,Rejected
P4300,C4300,Rohan Desai,Kolkata,Male,59,Auto,17-12-2025,17-12-2026,1385.93,76961.58,CL4300,21-07-2026,2124.59,Pending
P4301,C4301,Meera Kulkarni,Hyderabad,Male,40,Travel,26-06-2023,25-06-2024,843.81,37528.21,CL4301,,0,Rejected
P4302,C4302,Kunal Mehta,Pune,Male,55,Travel,16-02-2024,15-02-2025,936.32,41542.43,CL4302,22-06-2024,8808.46,Pending
P4303,C4303,Vivaan Patel,Indore,Male,36,Auto,18-03-2023,17-03-2024,910.71,25499.81,CL4303,27-05-2023,3995.31,Rejected
P4304,C4304,Ishita Singh,Kolkata,Male,46,Health,19-06-2023,18-06-2024,451.01,65256.39,CL4304,05-11-2023,5977.57,Rejected
P4305,C4305,Meera Kulkarni,Ahmedabad,Female,49,Auto,29-03-2023,28-03-2024,688.86,82629.68,CL4305,,0,Rejected
P4306,C4306,Rohan Desai,Delhi,Male,53,Travel,18-09-2024,18-09-2025,1008.63,22115.7,CL4306,13-06-2025,1333.66,Rejected
P4307,C4307,Ishita Singh,Ahmedabad,Female,25,Travel,04-09-2024,04-09-2025,1264.95,84811.11,CL4307,,0,Rejected
P4308,C4308,Rohan Desai,Bengaluru,Female,65,Health,04-11-2024,04-11-2025,567.83,71757.17,CL4308,06-02-2025,5379.54,Pending
P4309,C4309,Meera Kulkarni,Bengaluru,Male,44,Health,19-10-2023,18-10-2024,684.88,63611.01,CL4309,08-09-2024,7731.42,Pending
P4310,C4310,Arjun Nair,Chennai,Male,65,Auto,02-04-2024,02-04-2025,512.29,77852.82,CL4310,28-08-2024,5150.97,Settled
P4311,C4311,Rohan Desai,Hyderabad,Female,59,Travel,02-03-2025,02-03-2026,706.44,83801.58,CL4311,,0,Rejected
P4312,C4312,Neha Joshi,Lucknow,Male,25,Travel,02-01-2025,02-01-2026,959.22,66959.54,CL4312,02-01-2025,1281.86,Pending
P4313,C4313,Rohan Desai,Jaipur,Male,29,Travel,11-10-2023,10-10-2024,1366.25,63836.25,CL4313,21-02-2024,8064.95,Pending
P4314,C4314,Arjun Nair,Ahmedabad,Female,49,Auto,16-08-2024,16-08-2025,1205.86,88914.52,CL4314,10-08-2025,9275.14,Rejected
P4315,C4315,Neha Joshi,Bengaluru,Female,29,Travel,17-01-2025,17-01-2026,378.85,24551.31,CL4315,,0,Rejected
P4316,C4316,Meera Kulkarni,Bengaluru,Male,22,Health,28-08-2024,28-08-2025,1069.76,40464.41,CL4316,14-07-2025,1267.12,Rejected
P4317,C4317,Aarav Sharma,Ahmedabad,Female,54,Travel,31-08-2025,31-08-2026,793.16,63176.08,CL4317,01-01-2026,2884.06,Rejected
P4318,C4318,Rohan Desai,Ahmedabad,Male,55,Travel,22-05-2023,21-05-2024,559.03,94411.07,CL4318,10-11-2023,5486.28,Pending
P4319,C4319,Sai Kumar,Jaipur,Female,26,Auto,29-01-2025,29-01-2026,1187.57,28249.7,CL4319,11-12-2025,9088.07,Pending
P4320,C4320,Aarav Sharma,Indore,Male,21,Auto,09-05-2025,09-05-2026,1490.51,98518.45,CL4320,21-07-2025,9036.04,Settled
P4321,C4321,Aarav Sharma,Lucknow,Female,65,Travel,16-07-2023,15-07-2024,1145.83,27061.57,CL4321,,0,Rejected
P4322,C4322,Vivaan Patel,Chandigarh,Male,25,Travel,09-05-2024,09-05-2025,1484.2,32902,CL4322,03-12-2024,6696.07,Settled
P4323,C4323,Sai Kumar,Hyderabad,Female,48,Travel,11-02-2023,11-02-2024,576.88,72178.63,CL4323,05-04-2023,7567.35,Settled
P4324,C4324,Vivaan Patel,Bengaluru,Female,36,Auto,09-05-2024,09-05-2025,835.57,68137.74,CL4324,,0,Rejected
P4325,C4325,Aarav Sharma,Delhi,Female,52,Travel,26-03-2025,26-03-2026,1267.05,34126.06,CL4325,02-02-2026,5570.41,Settled
P4326,C4326,Ananya Gupta,Chandigarh,Male,62,Health,18-09-2025,18-09-2026,1360.97,20812.49,CL4326,27-12-2025,8869.62,Settled
P4327,C4327,Sai Kumar,Chandigarh,Female,70,Health,22-09-2025,22-09-2026,799.19,37164.42,CL4327,,0,Rejected
P4328,C4328,Kavya Reddy,Bengaluru,Male,70,Auto,25-06-2024,25-06-2025,775.67,34564.19,CL4328,,0,Rejected
P4329,C4329,Meera Kulkarni,Delhi,Female,25,Travel,07-04-2024,07-04-2025,651.45,69826.31,CL4329,14-11-2024,5126.59,Rejected
P4330,C4330,Kavya Reddy,Jaipur,Female,52,Health,20-01-2025,20-01-2026,1320.44,99841.21,CL4330,,0,Rejected
P4331,C4331,Sneha Iyer,Lucknow,Male,24,Health,11-11-2023,10-11-2024,1011.72,40421.89,CL4331,21-08-2024,8352.04,Settled
P4332,C4332,Kunal Mehta,Chennai,Female,24,Auto,19-12-2023,18-12-2024,869.74,61986.1,CL4332,29-08-2024,9430.65,Settled
P4333,C4333,Kavya Reddy,Kolkata,Female,70,Auto,28-02-2025,28-02-2026,1045.66,78611.61,CL4333,31-05-2025,4029.73,Rejected
P4334,C4334,Rohan Desai,Ahmedabad,Female,69,Travel,18-07-2025,18-07-2026,410.25,55018.26,CL4334,03-05-2026,3855.98,Pending
P4335,C4335,Ishita Singh,Kolkata,Male,69,Health,12-01-2024,11-01-2025,308.78,70028.36,CL4335,06-06-2024,5442.05,Settled
P4336,C4336,Kavya Reddy,Delhi,Female,32,Auto,12-06-2024,12-06-2025,1463.12,96719.89,CL4336,,0,Rejected
P4337,C4337,Sneha Iyer,Mumbai,Male,40,Auto,05-11-2025,05-11-2026,1415.7,44078.91,CL4337,,0,Rejected
P4338,C4338,Aditya Verma,Lucknow,Female,54,Auto,23-09-2025,23-09-2026,1492.78,26496.52,CL4338,,0,Rejected
P4339,C4339,Arjun Nair,Indore,Female,71,Travel,28-04-2023,27-04-2024,1232.03,79256.14,CL4339,28-01-2024,7548.93,Settled
P4340,C4340,Rohan Desai,Chennai,Male,69,Health,25-09-2024,25-09-2025,529.39,98923.2,CL4340,01-01-2025,6660.17,Settled
P4341,C4341,Priya Nair,Pune,Male,23,Health,12-04-2023,11-04-2024,579.4,70893.49,CL4341,05-04-2024,6089.56,Rejected
P4342,C4342,Aarav Sharma,Kolkata,Male,74,Health,30-09-2023,29-09-2024,387.14,31351.09,CL4342,18-08-2024,3352.39,Rejected
P4343,C4343,Meera Kulkarni,Jaipur,Male,67,Travel,20-05-2023,19-05-2024,1329.32,50626.51,CL4343,26-08-2023,7719.4,Pending
P4344,C4344,Rohan Desai,Ahmedabad,Female,45,Health,07-10-2024,07-10-2025,922.84,50566.56,CL4344,05-09-2025,3533.35,Settled
P4345,C4345,Ananya Gupta,Lucknow,Female,36,Travel,15-04-2023,14-04-2024,1090.06,43577.68,CL4345,17-10-2023,7401.74,Settled
P4346,C4346,Ishita Singh,Delhi,Male,54,Health,29-01-2025,29-01-2026,1001.26,92152.89,CL4346,29-10-2025,7433.25,Rejected
P4347,C4347,Vihaan Reddy,Jaipur,Male,51,Auto,24-10-2023,23-10-2024,814.87,87144.67,CL4347,28-11-2023,5876.76,Rejected
P4348,C4348,Kunal Mehta,Pune,Male,49,Auto,03-04-2023,02-04-2024,395.83,55971.12,CL4348,,0,Rejected
P4349,C4349,Kavya Reddy,Pune,Male,68,Travel,05-11-2025,05-11-2026,786.08,74724.95,CL4349,03-01-2026,3502.14,Pending
P4350,C4350,Meera Kulkarni,Chennai,Female,51,Auto,08-11-2024,08-11-2025,1158.93,98591.81,CL4350,18-07-2025,4655.19,Pending
P4351,C4351,Ishita Singh,Hyderabad,Male,68,Auto,23-07-2024,23-07-2025,1345.94,80090.94,CL4351,16-11-2024,9680.12,Rejected
P4352,C4352,Sneha Iyer,Ahmedabad,Male,35,Health,17-09-2025,17-09-2026,424.86,97125.7,CL4352,14-07-2026,5516.82,Settled
P4353,C4353,Aarav Sharma,Chandigarh,Female,35,Health,23-01-2023,23-01-2024,845.1,93817.19,CL4353,08-10-2023,1438.94,Rejected
P4354,C4354,Arjun Nair,Kolkata,Female,64,Health,01-02-2024,31-01-2025,746.7,72615.29,CL4354,23-06-2024,5281.12,Rejected
P4355,C4355,Meera Kulkarni,Ahmedabad,Female,33,Travel,07-05-2023,06-05-2024,458.09,81069.12,CL4355,,0,Rejected
P4356,C4356,Ishita Singh,Chandigarh,Male,36,Auto,25-03-2024,25-03-2025,710.96,41187.86,CL4356,01-08-2024,2020.96,Rejected
P4357,C4357,Neha Joshi,Chandigarh,Female,68,Health,28-10-2024,28-10-2025,600.44,59321.36,CL4357,25-12-2024,6823.63,Settled
P4358,C4358,Kunal Mehta,Lucknow,Female,34,Auto,15-12-2024,15-12-2025,799.69,82638.18,CL4358,23-07-2025,1839.51,Rejected
P4359,C4359,Kunal Mehta,Chennai,Male,64,Travel,20-09-2024,20-09-2025,738.84,78095.5,CL4359,21-02-2025,9229.18,Pending
P4360,C4360,Vihaan Reddy,Kolkata,Female,75,Health,23-11-2024,23-11-2025,1371.42,59443.76,CL4360,10-02-2025,5880.86,Rejected
P4361,C4361,Ananya Gupta,Chennai,Male,65,Travel,11-01-2025,11-01-2026,605.24,57830.29,CL4361,30-04-2025,3135.1,Pending
P4362,C4362,Rohan Desai,Mumbai,Male,73,Travel,13-11-2025,13-11-2026,523.38,84047.67,CL4362,01-01-2026,9426.55,Settled
P4363,C4363,Arjun Nair,Lucknow,Male,42,Auto,24-07-2025,24-07-2026,985.69,80427.21,CL4363,,0,Rejected
P4364,C4364,Sai Kumar,Chennai,Female,23,Auto,11-08-2025,11-08-2026,985.29,95645.8,CL4364,20-07-2026,7546.33,Rejected
P4365,C4365,Arjun Nair,Kolkata,Male,23,Travel,25-04-2025,25-04-2026,946.68,85663.69,CL4365,04-01-2026,9472.05,Settled
P4366,C4366,Pooja Sharma,Chennai,Male,53,Travel,31-07-2023,30-07-2024,299.74,21237.61,CL4366,08-06-2024,7440.35,Settled
P4367,C4367,Ananya Gupta,Kolkata,Male,36,Auto,09-04-2023,08-04-2024,596.55,79260.98,CL4367,,0,Rejected
P4368,C4368,Meera Kulkarni,Ahmedabad,Female,66,Auto,29-08-2025,29-08-2026,318.04,61958.87,CL4368,24-12-2025,5732.12,Settled
P4369,C4369,Arjun Nair,Mumbai,Male,21,Auto,21-08-2025,21-08-2026,1258.17,25524.18,CL4369,05-01-2026,2346.7,Pending
P4370,C4370,Ananya Gupta,Ahmedabad,Female,68,Auto,12-01-2025,12-01-2026,571.08,52334.52,CL4370,02-12-2025,2093.64,Pending
P4371,C4371,Arjun Nair,Indore,Female,69,Travel,09-04-2025,09-04-2026,335.82,76258.1,CL4371,27-07-2025,4408.57,Pending
P4372,C4372,Ananya Gupta,Jaipur,Female,29,Auto,06-12-2025,06-12-2026,768.49,88109.24,CL4372,26-05-2026,8454.66,Pending
P4373,C4373,Vihaan Reddy,Delhi,Male,51,Health,19-07-2025,19-07-2026,524.2,95722.72,CL4373,18-07-2026,6210.76,Pending
P4374,C4374,Aarav Sharma,Indore,Male,28,Travel,14-06-2024,14-06-2025,306.61,97961.75,CL4374,09-12-2024,6446.86,Pending
P4375,C4375,Rohan Desai,Mumbai,Female,27,Health,15-02-2023,15-02-2024,966.21,94587.82,CL4375,11-04-2023,6882.37,Settled
P4376,C4376,Rohan Desai,Indore,Female,37,Health,17-03-2023,16-03-2024,1210.25,40530.3,CL4376,29-12-2023,9447.83,Pending
P4377,C4377,Kunal Mehta,Mumbai,Male,28,Health,03-01-2023,03-01-2024,1009.71,82498.79,CL4377,14-10-2023,3651.58,Rejected
P4378,C4378,Vivaan Patel,Jaipur,Female,73,Auto,22-06-2025,22-06-2026,997.04,94181.77,CL4378,27-05-2026,9851.51,Rejected
P4379,C4379,Priya Nair,Pune,Male,54,Travel,30-04-2025,30-04-2026,473.21,95181.57,CL4379,24-04-2026,6870.38,Rejected
P4380,C4380,Sneha Iyer,Mumbai,Male,67,Auto,21-03-2023,20-03-2024,1339.82,63382.19,CL4380,06-05-2023,8354.84,Rejected
P4381,C4381,Kavya Reddy,Lucknow,Female,75,Auto,15-05-2025,15-05-2026,1236.1,47855.79,CL4381,,0,Rejected
P4382,C4382,Sneha Iyer,Kolkata,Male,25,Health,28-06-2025,28-06-2026,632.27,53134.21,CL4382,27-05-2026,3738.86,Settled
P4383,C4383,Ishita Singh,Delhi,Female,53,Travel,15-12-2024,15-12-2025,664.49,46449.08,CL4383,,0,Rejected
P4384,C4384,Neha Joshi,Bengaluru,Male,40,Travel,03-05-2025,03-05-2026,1057.89,48916.48,CL4384,02-01-2026,4994.18,Pending
P4385,C4385,Neha Joshi,Lucknow,Male,60,Auto,13-03-2025,13-03-2026,1390.24,27035.94,CL4385,04-01-2026,9018.19,Pending
P4386,C4386,Aarav Sharma,Hyderabad,Male,70,Auto,01-05-2025,01-05-2026,1479.78,89980.32,CL4386,17-02-2026,6876.02,Rejected
P4387,C4387,Aditya Verma,Kolkata,Male,62,Health,09-11-2024,09-11-2025,360.63,80865.28,CL4387,15-11-2024,5175.63,Settled
P4388,C4388,Aditya Verma,Jaipur,Male,48,Travel,13-12-2024,13-12-2025,524.02,22180.09,CL4388,,0,Rejected
P4389,C4389,Meera Kulkarni,Chandigarh,Male,52,Auto,14-04-2025,14-04-2026,310.26,68118.12,CL4389,17-12-2025,9479.34,Settled
P4390,C4390,Sai Kumar,Indore,Male,35,Auto,07-04-2023,06-04-2024,725.39,92684.82,CL4390,18-12-2023,8930.8,Rejected
P4391,C4391,Aditya Verma,Delhi,Female,71,Travel,12-08-2025,12-08-2026,975.31,74301.57,CL4391,01-06-2026,9500.11,Pending
P4392,C4392,Vivaan Patel,Bengaluru,Female,53,Travel,24-07-2024,24-07-2025,1497.93,70830.01,CL4392,,0,Rejected
P4393,C4393,Kunal Mehta,Lucknow,Male,24,Auto,31-08-2025,31-08-2026,1388.25,60022.2,CL4393,03-07-2026,5755.66,Pending
P4394,C4394,Kavya Reddy,Bengaluru,Male,60,Auto,04-11-2025,04-11-2026,652.84,43390.57,CL4394,24-06-2026,7518.25,Rejected
P4395,C4395,Sneha Iyer,Hyderabad,Female,33,Travel,10-10-2024,10-10-2025,840.26,77852.28,CL4395,,0,Rejected
P4396,C4396,Sneha Iyer,Lucknow,Male,71,Health,26-07-2023,25-07-2024,791.15,71559,CL4396,08-07-2024,2379.79,Settled
P4397,C4397,Kunal Mehta,Ahmedabad,Female,58,Health,20-07-2024,20-07-2025,478.3,53902.77,CL4397,18-10-2024,3330.81,Pending
P4398,C4398,Kunal Mehta,Indore,Male,69,Health,16-05-2024,16-05-2025,1435.61,94609.28,CL4398,,0,Rejected
P4399,C4399,Neha Joshi,Jaipur,Male,67,Auto,09-09-2025,09-09-2026,314.2,97507.44,CL4399,,0,Rejected
P4400,C4400,Kunal Mehta,Mumbai,Male,60,Auto,17-03-2025,17-03-2026,1263.04,87965.68,CL4400,,0,Rejected
P4401,C4401,Priya Nair,Indore,Male,32,Auto,16-05-2023,15-05-2024,360.21,59141.08,CL4401,,0,Rejected
P4402,C4402,Priya Nair,Bengaluru,Female,28,Travel,08-07-2025,08-07-2026,1150.68,93656.35,CL4402,,0,Rejected
P4403,C4403,Aarav Sharma,Lucknow,Male,36,Travel,08-12-2023,07-12-2024,294.71,89333.42,CL4403,29-10-2024,4466,Pending
P4404,C4404,Vihaan Reddy,Ahmedabad,Male,40,Auto,13-07-2025,13-07-2026,908.03,26328.76,CL4404,,0,Rejected
P4405,C4405,Rohan Desai,Jaipur,Male,26,Auto,13-08-2024,13-08-2025,707.23,99071.9,CL4405,03-02-2025,8105.83,Rejected
P4406,C4406,Aarav Sharma,Hyderabad,Female,29,Travel,02-05-2025,02-05-2026,311.51,47992,CL4406,05-03-2026,3473.03,Rejected
P4407,C4407,Neha Joshi,Lucknow,Male,33,Health,18-01-2023,18-01-2024,1253.07,32298.34,CL4407,,0,Rejected
P4408,C4408,Kavya Reddy,Chandigarh,Male,33,Auto,27-11-2025,27-11-2026,1336.06,48220.37,CL4408,12-02-2026,6871.66,Pending
P4409,C4409,Neha Joshi,Pune,Male,33,Travel,14-08-2023,13-08-2024,722.01,79164.96,CL4409,,0,Rejected
P4410,C4410,Priya Nair,Delhi,Male,21,Auto,17-01-2025,17-01-2026,1460.42,82774.37,CL4410,27-01-2025,3964.63,Pending
P4411,C4411,Pooja Sharma,Chennai,Female,74,Health,15-12-2023,14-12-2024,1006.9,82856.99,CL4411,28-02-2024,8386.48,Rejected
P4412,C4412,Sneha Iyer,Jaipur,Female,29,Health,19-01-2025,19-01-2026,527.81,85477.29,CL4412,27-09-2025,2643.07,Pending
P4413,C4413,Sneha Iyer,Mumbai,Male,28,Health,04-06-2024,04-06-2025,749.87,77177.05,CL4413,28-01-2025,6583.14,Settled
P4414,C4414,Pooja Sharma,Ahmedabad,Female,67,Auto,13-04-2024,13-04-2025,475.92,71061.33,CL4414,08-10-2024,8336.13,Pending
P4415,C4415,Sai Kumar,Indore,Female,21,Auto,30-04-2025,30-04-2026,341.53,42565.97,CL4415,03-01-2026,7254.42,Pending
P4416,C4416,Priya Nair,Pune,Male,68,Auto,04-09-2025,04-09-2026,1486.61,41663.39,CL4416,07-06-2026,2001.49,Rejected
P4417,C4417,Ananya Gupta,Kolkata,Male,68,Auto,01-01-2023,01-01-2024,726.94,30307.92,CL4417,,0,Rejected
P4418,C4418,Arjun Nair,Lucknow,Female,25,Auto,04-09-2023,03-09-2024,993.42,73141.16,CL4418,10-06-2024,1684.15,Rejected
P4419,C4419,Aarav Sharma,Mumbai,Female,71,Travel,31-01-2025,31-01-2026,1289.76,32100.65,CL4419,,0,Rejected
P4420,C4420,Priya Nair,Ahmedabad,Female,29,Auto,30-01-2025,30-01-2026,864.39,68563.43,CL4420,19-04-2025,6837.37,Pending
P4421,C4421,Sai Kumar,Chandigarh,Male,57,Travel,24-12-2023,23-12-2024,1376.79,41433.93,CL4421,13-06-2024,2863.94,Pending
P4422,C4422,Ishita Singh,Ahmedabad,Female,52,Health,03-06-2024,03-06-2025,846.43,50053.12,CL4422,23-11-2024,6329.9,Settled
P4423,C4423,Priya Nair,Jaipur,Male,29,Health,29-09-2023,28-09-2024,643.43,44351.98,CL4423,03-05-2024,6162.56,Settled
P4424,C4424,Kavya Reddy,Hyderabad,Female,41,Travel,02-01-2024,01-01-2025,1154.83,79195.66,CL4424,21-02-2024,7858.69,Pending
P4425,C4425,Ishita Singh,Pune,Male,24,Auto,02-04-2025,02-04-2026,1466.38,32069.85,CL4425,,0,Rejected
P4426,C4426,Vivaan Patel,Mumbai,Male,35,Travel,04-05-2023,03-05-2024,1111.97,78319.72,CL4426,11-11-2023,1022.18,Settled
P4427,C4427,Ishita Singh,Chennai,Female,48,Health,14-01-2025,14-01-2026,614.28,38978.58,CL4427,01-06-2025,3104.95,Pending
P4428,C4428,Aarav Sharma,Mumbai,Female,64,Travel,04-11-2023,03-11-2024,596.17,79431.45,CL4428,02-11-2024,8807.72,Pending
P4429,C4429,Aditya Verma,Indore,Male,50,Travel,10-01-2025,10-01-2026,497.73,88003.34,CL4429,,0,Rejected
P4430,C4430,Vivaan Patel,Jaipur,Female,67,Auto,26-06-2023,25-06-2024,1182.77,55674.28,CL4430,12-09-2023,1517.48,Rejected
P4431,C4431,Aditya Verma,Delhi,Female,35,Auto,23-09-2023,22-09-2024,1326.59,43121.32,CL4431,07-01-2024,5271.94,Pending
P4432,C4432,Pooja Sharma,Chandigarh,Female,42,Auto,17-02-2025,17-02-2026,433,52568.49,CL4432,25-07-2025,5362.15,Settled
P4433,C4433,Sai Kumar,Mumbai,Female,57,Auto,04-06-2024,04-06-2025,848.45,29961.54,CL4433,,0,Rejected
P4434,C4434,Aarav Sharma,Chennai,Male,64,Travel,06-07-2025,06-07-2026,482.38,80539.54,CL4434,,0,Rejected
P4435,C4435,Meera Kulkarni,Bengaluru,Male,30,Health,14-09-2025,14-09-2026,395.76,81010.11,CL4435,12-12-2025,5682.52,Rejected
P4436,C4436,Vivaan Patel,Bengaluru,Male,48,Auto,16-03-2025,16-03-2026,650.99,81919.84,CL4436,,0,Rejected
P4437,C4437,Neha Joshi,Bengaluru,Male,51,Auto,04-11-2023,03-11-2024,1454.43,83913.83,CL4437,08-11-2023,4080.38,Rejected
P4438,C4438,Neha Joshi,Jaipur,Male,41,Health,07-05-2025,07-05-2026,1379.9,42720.49,CL4438,01-11-2025,7819.6,Pending
P4439,C4439,Kunal Mehta,Jaipur,Female,74,Health,30-09-2024,30-09-2025,811.76,45207.61,CL4439,14-01-2025,2648.57,Pending
P4440,C4440,Aditya Verma,Ahmedabad,Male,32,Travel,13-08-2024,13-08-2025,272.65,34114.22,CL4440,,0,Rejected
P4441,C4441,Sneha Iyer,Pune,Female,27,Health,27-02-2025,27-02-2026,1162.15,62030.77,CL4441,,0,Rejected
P4442,C4442,Rohan Desai,Chennai,Female,58,Auto,29-01-2023,29-01-2024,910.48,99557.07,CL4442,20-03-2023,1229.85,Settled
P4443,C4443,Pooja Sharma,Chandigarh,Male,34,Travel,24-02-2024,23-02-2025,739.14,24919.61,CL4443,,0,Rejected
P4444,C4444,Neha Joshi,Chandigarh,Male,50,Travel,03-11-2024,03-11-2025,1160.22,99311.42,CL4444,04-08-2025,8009.47,Pending
P4445,C4445,Priya Nair,Mumbai,Male,46,Auto,24-05-2025,24-05-2026,516.25,60849.09,CL4445,10-05-2026,5828.6,Rejected
P4446,C4446,Vihaan Reddy,Bengaluru,Male,73,Health,05-07-2024,05-07-2025,1397.96,58959.88,CL4446,,0,Rejected
P4447,C4447,Ishita Singh,Bengaluru,Male,65,Travel,04-04-2023,03-04-2024,769.17,83262,CL4447,03-09-2023,3064.39,Settled
P4448,C4448,Kunal Mehta,Jaipur,Male,31,Health,25-11-2023,24-11-2024,1412.24,79093.07,CL4448,25-08-2024,3464.2,Rejected
P4449,C4449,Ananya Gupta,Delhi,Female,26,Auto,07-03-2025,07-03-2026,1480.01,73773.93,CL4449,05-06-2025,8636.25,Pending
P4450,C4450,Neha Joshi,Chennai,Female,38,Travel,27-11-2024,27-11-2025,562.85,58321.05,CL4450,08-06-2025,9161.94,Pending
P4451,C4451,Meera Kulkarni,Chandigarh,Female,62,Auto,21-03-2024,21-03-2025,569.66,24772.61,CL4451,16-08-2024,4350.35,Pending
P4452,C4452,Ishita Singh,Bengaluru,Female,26,Travel,21-09-2025,21-09-2026,1429.48,51526.73,CL4452,,0,Rejected
P4453,C4453,Meera Kulkarni,Hyderabad,Female,69,Health,31-08-2024,31-08-2025,584.81,63778.48,CL4453,,0,Rejected
P4454,C4454,Pooja Sharma,Lucknow,Female,39,Travel,01-01-2023,01-01-2024,637.66,35160.67,CL4454,27-05-2023,3990.85,Rejected
P4455,C4455,Kunal Mehta,Bengaluru,Female,62,Auto,06-08-2025,06-08-2026,1395.03,33869.99,CL4455,09-08-2025,6403.61,Pending
P4456,C4456,Priya Nair,Chennai,Female,31,Health,18-11-2025,18-11-2026,1277.04,88103.08,CL4456,04-11-2026,3285.78,Settled
P4457,C4457,Arjun Nair,Mumbai,Male,38,Auto,07-09-2023,06-09-2024,1205.06,61788.99,CL4457,09-09-2023,3364.18,Pending
P4458,C4458,Meera Kulkarni,Ahmedabad,Male,61,Travel,01-01-2024,31-12-2024,513.58,73947.58,CL4458,,0,Rejected
P4459,C4459,Pooja Sharma,Chandigarh,Female,37,Auto,30-01-2025,30-01-2026,932.55,93094.83,CL4459,,0,Rejected
P4460,C4460,Pooja Sharma,Delhi,Female,48,Health,12-10-2023,11-10-2024,945.39,20421.61,CL4460,10-09-2024,8464.83,Rejected
P4461,C4461,Kunal Mehta,Chennai,Male,45,Auto,06-11-2023,05-11-2024,379.64,44543.93,CL4461,,0,Rejected
P4462,C4462,Sai Kumar,Hyderabad,Female,72,Health,22-08-2025,22-08-2026,473.32,67843.64,CL4462,04-02-2026,5380.55,Rejected
P4463,C4463,Sneha Iyer,Ahmedabad,Male,37,Travel,05-08-2023,04-08-2024,1275.66,51060.36,CL4463,,0,Rejected
P4464,C4464,Vihaan Reddy,Hyderabad,Female,30,Travel,11-09-2025,11-09-2026,840.83,87535.85,CL4464,,0,Rejected
P4465,C4465,Sai Kumar,Chennai,Male,75,Travel,21-01-2024,20-01-2025,1116.46,52631.77,CL4465,10-07-2024,2175.9,Pending
P4466,C4466,Kavya Reddy,Chennai,Female,68,Auto,28-05-2023,27-05-2024,783.32,55064.88,CL4466,20-11-2023,5505.52,Pending
P4467,C4467,Priya Nair,Mumbai,Male,29,Travel,04-10-2023,03-10-2024,440.19,40600.19,CL4467,10-10-2023,8922.07,Pending
P4468,C4468,Rohan Desai,Delhi,Male,41,Auto,02-01-2024,01-01-2025,371.6,74411.64,CL4468,27-01-2024,3472.36,Rejected
P4469,C4469,Meera Kulkarni,Ahmedabad,Female,35,Health,23-05-2025,23-05-2026,1023.29,47281.26,CL4469,24-11-2025,9281.74,Pending
P4470,C4470,Meera Kulkarni,Jaipur,Male,37,Auto,14-06-2025,14-06-2026,584.12,28794.86,CL4470,,0,Rejected
P4471,C4471,Sai Kumar,Hyderabad,Male,51,Auto,16-07-2025,16-07-2026,1214.89,28954.82,CL4471,20-02-2026,6821.12,Pending
P4472,C4472,Sneha Iyer,Chandigarh,Male,42,Travel,04-06-2025,04-06-2026,1187.24,82530.53,CL4472,13-02-2026,3352.44,Pending
P4473,C4473,Vihaan Reddy,Mumbai,Male,63,Travel,23-09-2025,23-09-2026,446.6,99372.77,CL4473,,0,Rejected
P4474,C4474,Sneha Iyer,Chandigarh,Male,53,Health,20-04-2023,19-04-2024,1106.92,79446.7,CL4474,21-02-2024,5674.35,Pending
P4475,C4475,Kavya Reddy,Mumbai,Female,21,Health,30-01-2025,30-01-2026,309.01,72891.33,CL4475,03-09-2025,3307.97,Settled
P4476,C4476,Vivaan Patel,Lucknow,Male,64,Travel,08-02-2023,08-02-2024,683.1,26144.09,CL4476,21-09-2023,5202.45,Rejected
P4477,C4477,Pooja Sharma,Kolkata,Male,26,Health,14-06-2024,14-06-2025,849.99,70276.32,CL4477,,0,Rejected
P4478,C4478,Arjun Nair,Bengaluru,Female,72,Health,18-12-2024,18-12-2025,1085.71,22531.23,CL4478,,0,Rejected
P4479,C4479,Sai Kumar,Bengaluru,Male,35,Health,27-03-2025,27-03-2026,462.39,70267.13,CL4479,05-01-2026,2013.06,Rejected
P4480,C4480,Vihaan Reddy,Kolkata,Female,26,Health,12-12-2023,11-12-2024,457.43,72590.13,CL4480,,0,Rejected
P4481,C4481,Rohan Desai,Mumbai,Female,21,Travel,21-12-2024,21-12-2025,1360.47,53527.03,CL4481,23-11-2025,3503.7,Rejected
P4482,C4482,Neha Joshi,Jaipur,Male,24,Auto,18-09-2023,17-09-2024,1240.38,57595.62,CL4482,,0,Rejected
P4483,C4483,Kunal Mehta,Indore,Male,53,Auto,06-07-2023,05-07-2024,965.77,60884.01,CL4483,,0,Rejected
P4484,C4484,Kavya Reddy,Indore,Female,31,Travel,11-12-2023,10-12-2024,387.11,47092.44,CL4484,14-08-2024,9992.57,Rejected
P4485,C4485,Neha Joshi,Lucknow,Female,29,Travel,26-03-2023,25-03-2024,1439.67,37550.18,CL4485,21-10-2023,7420.29,Settled
P4486,C4486,Vivaan Patel,Pune,Female,48,Auto,21-02-2024,20-02-2025,689.15,96404.32,CL4486,22-11-2024,8022.4,Pending
P4487,C4487,Priya Nair,Indore,Female,67,Auto,05-10-2025,05-10-2026,288.17,82471.4,CL4487,28-10-2025,4458.18,Rejected
P4488,C4488,Kavya Reddy,Jaipur,Male,42,Travel,28-07-2024,28-07-2025,1492.61,25046.42,CL4488,,0,Rejected
P4489,C4489,Ishita Singh,Ahmedabad,Female,33,Travel,16-09-2025,16-09-2026,1421.65,26194.68,CL4489,15-11-2025,2724.45,Settled
P4490,C4490,Ishita Singh,Indore,Male,58,Health,24-09-2025,24-09-2026,728.41,25941.03,CL4490,15-02-2026,7089,Rejected
P4491,C4491,Kavya Reddy,Indore,Female,58,Travel,18-11-2024,18-11-2025,393.14,31060.97,CL4491,12-08-2025,7284.22,Pending
P4492,C4492,Vivaan Patel,Jaipur,Female,61,Auto,24-12-2023,23-12-2024,310.93,25885.34,CL4492,,0,Rejected
P4493,C4493,Ananya Gupta,Chennai,Male,71,Travel,06-07-2024,06-07-2025,886.41,48019.1,CL4493,,0,Rejected
P4494,C4494,Aditya Verma,Chandigarh,Male,61,Travel,19-03-2024,19-03-2025,320.79,29597.27,CL4494,,0,Rejected
P4495,C4495,Neha Joshi,Pune,Male,34,Travel,16-03-2023,15-03-2024,753.27,37811.69,CL4495,,0,Rejected
P4496,C4496,Aarav Sharma,Bengaluru,Female,70,Auto,13-10-2024,13-10-2025,1364.94,24116.24,CL4496,,0,Rejected
P4497,C4497,Vihaan Reddy,Lucknow,Female,43,Health,02-10-2025,02-10-2026,1253.07,96456.58,CL4497,,0,Rejected
P4498,C4498,Pooja Sharma,Kolkata,Male,29,Auto,05-11-2024,05-11-2025,325.83,54815.21,CL4498,07-05-2025,4507.36,Rejected
P4499,C4499,Kavya Reddy,Bengaluru,Female,27,Health,02-11-2023,01-11-2024,589.39,80050.29,CL4499,01-11-2024,7292.38,Rejected
P4500,C4500,Priya Nair,Hyderabad,Female,21,Health,14-01-2024,13-01-2025,1009.13,41058.65,CL4500,04-09-2024,4256.82,Settled
P4501,C4501,Ananya Gupta,Bengaluru,Female,51,Auto,10-11-2025,10-11-2026,1056.26,97327.12,CL4501,07-07-2026,3574.65,Settled
P4502,C4502,Ishita Singh,Kolkata,Male,58,Auto,04-11-2024,04-11-2025,506.08,90699.08,CL4502,07-12-2024,1390.43,Rejected
P4503,C4503,Arjun Nair,Indore,Female,31,Health,27-03-2023,26-03-2024,620.15,40155.16,CL4503,15-10-2023,7687.61,Pending
P4504,C4504,Neha Joshi,Chennai,Male,25,Auto,16-01-2025,16-01-2026,477.15,49170.74,CL4504,26-01-2025,8814.06,Rejected
P4505,C4505,Sneha Iyer,Bengaluru,Male,51,Health,03-02-2024,02-02-2025,1130.72,20276.5,CL4505,,0,Rejected
P4506,C4506,Kunal Mehta,Kolkata,Female,30,Health,04-11-2023,03-11-2024,1279.54,97226.4,CL4506,27-12-2023,4198.74,Rejected
P4507,C4507,Meera Kulkarni,Indore,Male,54,Auto,29-04-2025,29-04-2026,1499.51,70431.42,CL4507,07-12-2025,9602.23,Rejected
P4508,C4508,Meera Kulkarni,Chennai,Male,69,Auto,13-05-2024,13-05-2025,1224.2,55608.27,CL4508,26-06-2024,7755.22,Rejected
P4509,C4509,Rohan Desai,Chennai,Female,61,Travel,26-03-2024,26-03-2025,333.07,81839.3,CL4509,15-02-2025,4356.99,Settled
P4510,C4510,Priya Nair,Kolkata,Male,21,Health,10-06-2025,10-06-2026,332.53,63442.06,CL4510,18-05-2026,3456.54,Pending
P4511,C4511,Neha Joshi,Kolkata,Male,29,Health,28-11-2024,28-11-2025,859.78,32395.66,CL4511,,0,Rejected
P4512,C4512,Aditya Verma,Jaipur,Female,60,Auto,28-06-2024,28-06-2025,404.22,29279.01,CL4512,07-09-2024,7138.24,Pending
P4513,C4513,Ananya Gupta,Ahmedabad,Female,37,Health,11-06-2023,10-06-2024,325.48,71048.8,CL4513,13-10-2023,5609.46,Rejected
P4514,C4514,Kavya Reddy,Lucknow,Female,55,Auto,22-03-2025,22-03-2026,1162.36,56461.88,CL4514,03-05-2025,7028.63,Settled
P4515,C4515,Priya Nair,Pune,Female,64,Health,18-10-2023,17-10-2024,526.48,88395.06,CL4515,,0,Rejected
P4516,C4516,Kavya Reddy,Chennai,Female,22,Health,21-07-2025,21-07-2026,273.61,88747.56,CL4516,07-05-2026,1170,Pending
P4517,C4517,Aarav Sharma,Ahmedabad,Female,41,Health,17-09-2025,17-09-2026,1305.64,87774.23,CL4517,16-10-2025,4100.2,Pending
P4518,C4518,Vivaan Patel,Hyderabad,Female,52,Health,11-11-2023,10-11-2024,922.37,47958.22,CL4518,,0,Rejected
P4519,C4519,Ishita Singh,Ahmedabad,Male,30,Auto,25-08-2023,24-08-2024,955.43,29791.29,CL4519,05-06-2024,7262.3,Rejected
P4520,C4520,Neha Joshi,Bengaluru,Male,26,Auto,11-10-2025,11-10-2026,1489.32,73189.59,CL4520,04-05-2026,9709.43,Settled
P4521,C4521,Vihaan Reddy,Indore,Male,25,Travel,29-05-2023,28-05-2024,917.3,92695.78,CL4521,17-09-2023,7382.98,Pending
P4522,C4522,Arjun Nair,Indore,Female,37,Auto,28-07-2023,27-07-2024,690.28,44502.37,CL4522,03-02-2024,8025.37,Rejected
P4523,C4523,Aarav Sharma,Mumbai,Male,64,Auto,30-05-2024,30-05-2025,1267.83,45757.2,CL4523,,0,Rejected
P4524,C4524,Pooja Sharma,Pune,Female,68,Health,04-10-2025,04-10-2026,662.5,79506.48,CL4524,16-03-2026,8118.63,Settled
P4525,C4525,Priya Nair,Lucknow,Male,58,Auto,18-03-2025,18-03-2026,969.1,45435.48,CL4525,03-11-2025,3408.07,Pending
P4526,C4526,Neha Joshi,Bengaluru,Female,50,Travel,17-03-2023,16-03-2024,1124.22,30674.26,CL4526,05-09-2023,1442.79,Rejected
P4527,C4527,Aarav Sharma,Bengaluru,Male,65,Auto,04-08-2023,03-08-2024,1440.11,67971.84,CL4527,20-01-2024,5226.03,Settled
P4528,C4528,Meera Kulkarni,Bengaluru,Female,59,Travel,31-01-2024,30-01-2025,1017.65,83653.68,CL4528,10-09-2024,6501.26,Rejected
P4529,C4529,Aditya Verma,Hyderabad,Male,65,Health,05-06-2024,05-06-2025,886.41,61858.38,CL4529,03-06-2025,9673.73,Pending
P4530,C4530,Vivaan Patel,Mumbai,Male,69,Travel,27-06-2025,27-06-2026,1465.91,66997.1,CL4530,,0,Rejected
P4531,C4531,Ishita Singh,Indore,Male,72,Health,31-08-2024,31-08-2025,1066.32,53088.4,CL4531,30-11-2024,5339.8,Pending
P4532,C4532,Ishita Singh,Delhi,Male,51,Auto,24-12-2024,24-12-2025,1450.78,88447.07,CL4532,,0,Rejected
P4533,C4533,Vihaan Reddy,Mumbai,Male,29,Health,08-11-2024,08-11-2025,1023.69,96148.99,CL4533,09-05-2025,6630.49,Settled
P4534,C4534,Neha Joshi,Bengaluru,Female,67,Auto,29-08-2024,29-08-2025,1145.78,55111.92,CL4534,20-10-2024,9764.43,Pending
P4535,C4535,Aarav Sharma,Chennai,Female,74,Auto,23-05-2025,23-05-2026,433.63,43385.24,CL4535,,0,Rejected
P4536,C4536,Vivaan Patel,Chandigarh,Female,58,Health,26-03-2023,25-03-2024,856.19,33205.75,CL4536,,0,Rejected
P4537,C4537,Sai Kumar,Delhi,Male,23,Health,23-04-2025,23-04-2026,827.44,37106.75,CL4537,,0,Rejected
P4538,C4538,Vihaan Reddy,Hyderabad,Female,31,Auto,31-08-2025,31-08-2026,1415.62,51544.23,CL4538,04-09-2025,3123.05,Settled
P4539,C4539,Arjun Nair,Mumbai,Female,54,Health,09-12-2023,08-12-2024,1290.85,53172.82,CL4539,,0,Rejected
P4540,C4540,Priya Nair,Mumbai,Male,73,Health,19-11-2025,19-11-2026,952.73,87547.64,CL4540,25-02-2026,5580.44,Settled
P4541,C4541,Aarav Sharma,Indore,Female,58,Health,07-03-2025,07-03-2026,1181.42,24762.45,CL4541,,0,Rejected
P4542,C4542,Arjun Nair,Lucknow,Male,74,Auto,07-01-2025,07-01-2026,1199.57,53594.56,CL4542,16-08-2025,3730.43,Pending
P4543,C4543,Kunal Mehta,Chennai,Male,66,Travel,12-02-2025,12-02-2026,268.93,75346.84,CL4543,15-09-2025,4390.73,Settled
P4544,C4544,Meera Kulkarni,Lucknow,Male,41,Auto,13-09-2025,13-09-2026,1277.27,46903.81,CL4544,14-02-2026,6277.42,Settled
P4545,C4545,Kavya Reddy,Bengaluru,Male,68,Auto,03-07-2023,02-07-2024,1260.54,84532.57,CL4545,30-07-2023,1172.56,Settled
P4546,C4546,Kavya Reddy,Delhi,Male,55,Auto,08-04-2025,08-04-2026,1067.26,40952.5,CL4546,,0,Rejected
P4547,C4547,Vivaan Patel,Lucknow,Male,66,Travel,16-04-2024,16-04-2025,1182.42,99986.58,CL4547,09-07-2024,4843.13,Pending
P4548,C4548,Rohan Desai,Jaipur,Female,47,Health,14-06-2025,14-06-2026,950.36,22616.79,CL4548,08-09-2025,9225.23,Pending
P4549,C4549,Aarav Sharma,Indore,Female,25,Health,27-07-2023,26-07-2024,1392.52,62424.44,CL4549,,0,Rejected
P4550,C4550,Meera Kulkarni,Hyderabad,Male,53,Health,16-09-2023,15-09-2024,520.91,75299.96,CL4550,20-03-2024,5743.57,Rejected
P4551,C4551,Aarav Sharma,Pune,Male,46,Health,25-06-2024,25-06-2025,1451.63,36399.9,CL4551,08-06-2025,9573.97,Rejected
P4552,C4552,Sai Kumar,Delhi,Male,49,Health,04-04-2025,04-04-2026,456.97,32189.98,CL4552,21-12-2025,2530.23,Rejected
P4553,C4553,Ananya Gupta,Delhi,Male,75,Auto,13-05-2025,13-05-2026,405.65,57569.2,CL4553,,0,Rejected
P4554,C4554,Arjun Nair,Ahmedabad,Male,36,Travel,06-08-2024,06-08-2025,329.95,78831.28,CL4554,,0,Rejected
P4555,C4555,Rohan Desai,Lucknow,Male,48,Auto,29-04-2023,28-04-2024,1406.52,80233.85,CL4555,22-10-2023,9203.2,Rejected
P4556,C4556,Sai Kumar,Chandigarh,Female,69,Health,01-08-2024,01-08-2025,668.8,41789.28,CL4556,09-10-2024,3360.25,Pending
P4557,C4557,Rohan Desai,Ahmedabad,Female,70,Travel,11-11-2024,11-11-2025,893.29,31559.74,CL4557,30-09-2025,4949.41,Settled
P4558,C4558,Ananya Gupta,Ahmedabad,Male,42,Travel,10-03-2025,10-03-2026,682.46,26900.56,CL4558,09-04-2025,6658.29,Rejected
P4559,C4559,Kunal Mehta,Mumbai,Female,59,Auto,22-06-2024,22-06-2025,1308.63,22659.03,CL4559,30-12-2024,9682.59,Settled
P4560,C4560,Aarav Sharma,Jaipur,Female,41,Auto,18-11-2025,18-11-2026,1397.06,20996.28,CL4560,26-12-2025,4734.44,Pending
P4561,C4561,Pooja Sharma,Chandigarh,Female,67,Health,02-03-2025,02-03-2026,949.26,85507.01,CL4561,09-10-2025,6588.39,Settled
P4562,C4562,Neha Joshi,Indore,Male,71,Travel,04-08-2023,03-08-2024,1405.35,58797.26,CL4562,,0,Rejected
P4563,C4563,Aditya Verma,Bengaluru,Male,26,Auto,25-10-2024,25-10-2025,1180.55,73708.12,CL4563,07-03-2025,7430.22,Settled
P4564,C4564,Vihaan Reddy,Pune,Male,25,Health,25-09-2025,25-09-2026,1352.1,89255.04,CL4564,09-08-2026,4975.86,Pending
P4565,C4565,Aditya Verma,Mumbai,Male,29,Health,16-06-2025,16-06-2026,1236.84,87860.58,CL4565,13-05-2026,6324.2,Settled
P4566,C4566,Aditya Verma,Bengaluru,Male,47,Travel,23-12-2023,22-12-2024,521.19,96415.17,CL4566,12-12-2024,7919.99,Pending
P4567,C4567,Kavya Reddy,Bengaluru,Female,24,Auto,26-03-2024,26-03-2025,1061.84,86738.3,CL4567,12-11-2024,4032.68,Settled
P4568,C4568,Pooja Sharma,Pune,Male,52,Health,07-05-2023,06-05-2024,1112.07,29813.76,CL4568,02-03-2024,5769.57,Rejected
P4569,C4569,Aarav Sharma,Pune,Female,68,Health,30-10-2023,29-10-2024,860.2,41585.15,CL4569,15-11-2023,5238.72,Settled
P4570,C4570,Sneha Iyer,Indore,Female,45,Auto,02-12-2023,01-12-2024,591.84,58812.56,CL4570,10-09-2024,3843.52,Rejected
P4571,C4571,Neha Joshi,Delhi,Female,52,Travel,25-04-2024,25-04-2025,419.38,80412.27,CL4571,17-01-2025,8429.08,Pending
P4572,C4572,Meera Kulkarni,Indore,Male,36,Auto,16-03-2025,16-03-2026,889.05,72816.37,CL4572,30-04-2025,7984.51,Pending
P4573,C4573,Rohan Desai,Delhi,Female,25,Travel,19-03-2025,19-03-2026,902.35,48236.78,CL4573,28-06-2025,8599.18,Pending
P4574,C4574,Sneha Iyer,Lucknow,Female,34,Health,29-12-2025,29-12-2026,1233.37,28671.42,CL4574,19-10-2026,9831.09,Rejected
P4575,C4575,Ishita Singh,Chennai,Male,51,Auto,02-03-2024,02-03-2025,507.51,20317.4,CL4575,26-09-2024,7438.17,Settled
P4576,C4576,Vihaan Reddy,Mumbai,Male,34,Health,22-10-2024,22-10-2025,615.16,21639.76,CL4576,31-12-2024,8586.63,Rejected
P4577,C4577,Vivaan Patel,Hyderabad,Male,38,Health,15-07-2025,15-07-2026,836.92,94614.24,CL4577,12-02-2026,9178.78,Pending
P4578,C4578,Ishita Singh,Bengaluru,Female,56,Health,09-10-2024,09-10-2025,1054.43,26556.14,CL4578,,0,Rejected
P4579,C4579,Meera Kulkarni,Mumbai,Female,33,Health,02-12-2023,01-12-2024,1317.57,69759.16,CL4579,,0,Rejected
P4580,C4580,Arjun Nair,Kolkata,Female,43,Travel,28-04-2024,28-04-2025,1098.76,23381.59,CL4580,11-10-2024,8951.56,Rejected
P4581,C4581,Neha Joshi,Hyderabad,Female,70,Auto,09-04-2024,09-04-2025,1384.96,27048.93,CL4581,30-04-2024,9368.44,Rejected
P4582,C4582,Kunal Mehta,Hyderabad,Male,41,Health,01-06-2024,01-06-2025,959.87,94812.4,CL4582,,0,Rejected
P4583,C4583,Rohan Desai,Lucknow,Male,37,Health,06-10-2024,06-10-2025,1408.75,52664.94,CL4583,,0,Rejected
P4584,C4584,Sai Kumar,Hyderabad,Male,64,Health,07-12-2023,06-12-2024,989.94,67802.57,CL4584,,0,Rejected
P4585,C4585,Priya Nair,Delhi,Male,36,Health,02-03-2025,02-03-2026,1358.96,99203.49,CL4585,,0,Rejected
P4586,C4586,Meera Kulkarni,Pune,Female,64,Auto,20-01-2023,20-01-2024,1265.71,38782.32,CL4586,15-08-2023,4158.56,Rejected
P4587,C4587,Aarav Sharma,Hyderabad,Female,51,Health,11-12-2023,10-12-2024,1119.68,29639.75,CL4587,16-12-2023,9832.45,Rejected
P4588,C4588,Ananya Gupta,Delhi,Male,31,Travel,18-11-2023,17-11-2024,1254.5,62045.03,CL4588,24-09-2024,6933.15,Rejected
P4589,C4589,Kunal Mehta,Mumbai,Female,59,Travel,10-11-2025,10-11-2026,550.07,40081.99,CL4589,,0,Rejected
P4590,C4590,Kavya Reddy,Delhi,Male,34,Travel,25-11-2025,25-11-2026,344.46,37282.12,CL4590,11-02-2026,5369.87,Settled
P4591,C4591,Aarav Sharma,Hyderabad,Male,52,Health,27-04-2025,27-04-2026,273.45,81905.73,CL4591,27-04-2025,6836.15,Settled
P4592,C4592,Aarav Sharma,Bengaluru,Female,24,Health,27-06-2025,27-06-2026,533.48,49052.75,CL4592,,0,Rejected
P4593,C4593,Arjun Nair,Indore,Male,41,Auto,01-10-2023,30-09-2024,913.8,43314.98,CL4593,,0,Rejected
P4594,C4594,Rohan Desai,Bengaluru,Male,71,Health,28-04-2024,28-04-2025,902.06,30548.34,CL4594,07-11-2024,2992.4,Pending
P4595,C4595,Pooja Sharma,Kolkata,Female,36,Auto,11-02-2025,11-02-2026,777.92,49291.66,CL4595,12-02-2025,4050.42,Settled
P4596,C4596,Sai Kumar,Lucknow,Female,45,Auto,24-12-2024,24-12-2025,742.95,51559.47,CL4596,01-01-2025,7325.35,Rejected
P4597,C4597,Sai Kumar,Kolkata,Female,44,Health,08-12-2024,08-12-2025,1203.24,30104.51,CL4597,18-09-2025,9816.85,Pending
P4598,C4598,Ananya Gupta,Kolkata,Male,39,Travel,29-05-2024,29-05-2025,1287.69,39017.91,CL4598,08-10-2024,4575.98,Settled
P4599,C4599,Kunal Mehta,Pune,Female,67,Auto,27-12-2023,26-12-2024,645,65243.99,CL4599,11-05-2024,3284.4,Rejected
P4600,C4600,Neha Joshi,Kolkata,Female,21,Auto,12-12-2025,12-12-2026,494.88,87253.22,CL4600,29-03-2026,3200.23,Rejected
P4601,C4601,Meera Kulkarni,Ahmedabad,Female,41,Health,21-02-2023,21-02-2024,959.34,58454.42,CL4601,,0,Rejected
P4602,C4602,Kavya Reddy,Pune,Male,49,Auto,03-02-2025,03-02-2026,1419.06,22409.76,CL4602,,0,Rejected
P4603,C4603,Aditya Verma,Indore,Male,29,Auto,03-02-2024,02-02-2025,433.08,27259.25,CL4603,10-06-2024,3122.07,Settled
P4604,C4604,Ananya Gupta,Mumbai,Male,53,Health,16-06-2024,16-06-2025,1120.66,62068.89,CL4604,,0,Rejected
P4605,C4605,Pooja Sharma,Hyderabad,Female,32,Travel,30-10-2024,30-10-2025,655.14,58584.97,CL4605,17-04-2025,1540.75,Pending
P4606,C4606,Aditya Verma,Jaipur,Male,73,Health,10-11-2023,09-11-2024,856.19,89041.21,CL4606,,0,Rejected
P4607,C4607,Priya Nair,Ahmedabad,Male,34,Auto,16-09-2025,16-09-2026,872.07,97740.06,CL4607,29-07-2026,1485.56,Pending
P4608,C4608,Meera Kulkarni,Kolkata,Female,52,Health,13-11-2025,13-11-2026,1179.56,65327.03,CL4608,25-06-2026,3314.71,Rejected
P4609,C4609,Sai Kumar,Bengaluru,Male,35,Travel,08-05-2024,08-05-2025,1032.11,35258.35,CL4609,23-04-2025,1593.98,Rejected
P4610,C4610,Sai Kumar,Mumbai,Male,67,Health,15-01-2025,15-01-2026,309.74,46322.22,CL4610,09-06-2025,7874.04,Pending
P4611,C4611,Aditya Verma,Ahmedabad,Female,58,Health,19-01-2025,19-01-2026,968.5,98662.49,CL4611,10-02-2025,4288.93,Rejected
P4612,C4612,Kunal Mehta,Hyderabad,Male,73,Travel,07-12-2024,07-12-2025,1164.89,75367.33,CL4612,29-01-2025,8685.07,Rejected
P4613,C4613,Kunal Mehta,Kolkata,Male,39,Health,07-05-2024,07-05-2025,396.62,21370.33,CL4613,21-09-2024,1076.73,Pending
P4614,C4614,Aditya Verma,Kolkata,Female,38,Auto,25-03-2023,24-03-2024,1481.85,52186.9,CL4614,,0,Rejected
P4615,C4615,Meera Kulkarni,Mumbai,Female,61,Auto,04-11-2025,04-11-2026,1159.43,97719.12,CL4615,31-03-2026,2751.01,Rejected
P4616,C4616,Rohan Desai,Lucknow,Female,37,Auto,23-03-2024,23-03-2025,394.53,62079.82,CL4616,24-08-2024,6133.75,Settled
P4617,C4617,Rohan Desai,Lucknow,Male,35,Auto,01-11-2024,01-11-2025,729.91,94919.73,CL4617,24-05-2025,2983.79,Pending
P4618,C4618,Ishita Singh,Chandigarh,Male,30,Health,16-05-2025,16-05-2026,1440.68,84195.85,CL4618,03-05-2026,3199.55,Pending
P4619,C4619,Priya Nair,Chennai,Female,29,Auto,08-02-2023,08-02-2024,1024.37,63563.72,CL4619,,0,Rejected
P4620,C4620,Kavya Reddy,Pune,Male,74,Auto,02-05-2024,02-05-2025,513.16,47903.05,CL4620,25-04-2025,7608.41,Pending
P4621,C4621,Ananya Gupta,Chandigarh,Male,42,Health,23-02-2024,22-02-2025,811.79,94141.03,CL4621,27-12-2024,2454.56,Settled
P4622,C4622,Kavya Reddy,Ahmedabad,Male,26,Health,30-09-2024,30-09-2025,316.89,48029.29,CL4622,28-10-2024,4074.98,Settled
P4623,C4623,Ananya Gupta,Hyderabad,Female,50,Auto,01-06-2025,01-06-2026,1291.32,85778.33,CL4623,,0,Rejected
P4624,C4624,Aditya Verma,Delhi,Female,21,Health,13-07-2023,12-07-2024,669.34,65357.33,CL4624,,0,Rejected
P4625,C4625,Ishita Singh,Delhi,Male,64,Travel,11-07-2025,11-07-2026,1022.03,77539.85,CL4625,16-10-2025,9942.67,Pending
P4626,C4626,Vivaan Patel,Pune,Female,53,Health,28-05-2024,28-05-2025,573.64,38644.92,CL4626,15-07-2024,6161.31,Pending
P4627,C4627,Vihaan Reddy,Chennai,Male,57,Travel,08-12-2024,08-12-2025,894.03,77887.19,CL4627,,0,Rejected
P4628,C4628,Neha Joshi,Hyderabad,Female,58,Health,25-06-2024,25-06-2025,892.46,93044.56,CL4628,,0,Rejected
P4629,C4629,Vivaan Patel,Mumbai,Male,30,Auto,14-10-2024,14-10-2025,1336.92,43609.25,CL4629,11-12-2024,6685.93,Pending
P4630,C4630,Aditya Verma,Chennai,Female,42,Auto,25-03-2024,25-03-2025,1332.56,21607.63,CL4630,28-08-2024,3207.61,Settled
P4631,C4631,Pooja Sharma,Delhi,Female,61,Travel,17-10-2024,17-10-2025,1286.12,39370.94,CL4631,,0,Rejected
P4632,C4632,Sai Kumar,Hyderabad,Male,57,Auto,08-03-2025,08-03-2026,609.8,62440.24,CL4632,30-10-2025,3575.42,Rejected
P4633,C4633,Aditya Verma,Mumbai,Male,42,Health,02-01-2023,02-01-2024,691.99,87561.88,CL4633,25-04-2023,5978.64,Pending
P4634,C4634,Kavya Reddy,Hyderabad,Male,42,Travel,16-02-2023,16-02-2024,576.1,94986.33,CL4634,17-07-2023,5544.97,Pending
P4635,C4635,Aarav Sharma,Delhi,Male,42,Health,08-06-2024,08-06-2025,649.32,76083.3,CL4635,,0,Rejected
P4636,C4636,Neha Joshi,Hyderabad,Female,23,Auto,05-09-2025,05-09-2026,288.18,30507.26,CL4636,,0,Rejected
P4637,C4637,Aarav Sharma,Chandigarh,Male,32,Health,05-07-2025,05-07-2026,1215.79,78064.82,CL4637,30-04-2026,9732.94,Settled
P4638,C4638,Meera Kulkarni,Mumbai,Female,24,Auto,08-07-2024,08-07-2025,1476.31,36607,CL4638,24-02-2025,9391.5,Pending
P4639,C4639,Ishita Singh,Hyderabad,Female,38,Health,06-08-2023,05-08-2024,1107.63,99460.01,CL4639,03-04-2024,1893.41,Pending
P4640,C4640,Ananya Gupta,Jaipur,Female,54,Auto,06-06-2025,06-06-2026,341.77,55176.41,CL4640,,0,Rejected
P4641,C4641,Sai Kumar,Mumbai,Male,26,Auto,02-06-2024,02-06-2025,631.71,36197.52,CL4641,19-04-2025,1213.17,Rejected
P4642,C4642,Sai Kumar,Kolkata,Female,33,Auto,22-05-2025,22-05-2026,1036.7,51903.29,CL4642,,0,Rejected
P4643,C4643,Aditya Verma,Chennai,Female,56,Auto,22-10-2024,22-10-2025,370.22,45779.71,CL4643,07-09-2025,1629.81,Settled
P4644,C4644,Kunal Mehta,Hyderabad,Male,72,Auto,14-03-2023,13-03-2024,1269.82,22759.47,CL4644,26-02-2024,1793.62,Settled
P4645,C4645,Neha Joshi,Bengaluru,Female,74,Health,08-11-2023,07-11-2024,617.95,30823.82,CL4645,16-08-2024,1363.68,Rejected
P4646,C4646,Ananya Gupta,Mumbai,Female,69,Auto,25-04-2024,25-04-2025,1020.82,87105.89,CL4646,21-10-2024,1962.2,Settled
P4647,C4647,Vivaan Patel,Mumbai,Female,75,Travel,02-11-2024,02-11-2025,280,43973.84,CL4647,,0,Rejected
P4648,C4648,Neha Joshi,Mumbai,Male,74,Auto,27-04-2023,26-04-2024,488.93,20806.53,CL4648,,0,Rejected
P4649,C4649,Aarav Sharma,Kolkata,Male,55,Travel,05-11-2023,04-11-2024,964.28,84184.65,CL4649,,0,Rejected
P4650,C4650,Ishita Singh,Bengaluru,Female,71,Travel,19-03-2025,19-03-2026,494.56,94718.49,CL4650,,0,Rejected
P4651,C4651,Vihaan Reddy,Bengaluru,Female,28,Auto,28-02-2023,28-02-2024,412.61,50603.8,CL4651,,0,Rejected
P4652,C4652,Aarav Sharma,Mumbai,Female,30,Health,07-01-2024,06-01-2025,1366.06,82148.03,CL4652,,0,Rejected
P4653,C4653,Kavya Reddy,Indore,Female,46,Auto,06-06-2023,05-06-2024,797.78,63015.92,CL4653,08-08-2023,9714.55,Settled
P4654,C4654,Neha Joshi,Bengaluru,Male,48,Auto,12-10-2025,12-10-2026,501.97,88665.62,CL4654,18-08-2026,2376.67,Rejected
P4655,C4655,Vivaan Patel,Indore,Male,66,Health,24-06-2024,24-06-2025,1330.61,96835.46,CL4655,19-01-2025,7132.42,Pending
P4656,C4656,Pooja Sharma,Pune,Female,75,Health,17-03-2024,17-03-2025,1338.87,25601.11,CL4656,25-09-2024,1096.34,Settled
P4657,C4657,Ishita Singh,Ahmedabad,Female,56,Auto,18-11-2023,17-11-2024,1241.91,71423.44,CL4657,10-09-2024,3203.61,Pending
P4658,C4658,Meera Kulkarni,Jaipur,Male,28,Auto,27-06-2024,27-06-2025,691.23,79303.58,CL4658,30-09-2024,5296.73,Settled
P4659,C4659,Aarav Sharma,Kolkata,Female,42,Health,09-05-2023,08-05-2024,1301.29,61437.94,CL4659,12-10-2023,5199,Settled
P4660,C4660,Kavya Reddy,Kolkata,Female,57,Travel,20-07-2024,20-07-2025,1198.46,23098.36,CL4660,28-10-2024,8558.05,Settled
P4661,C4661,Sai Kumar,Ahmedabad,Male,61,Health,23-01-2023,23-01-2024,752.55,69670.81,CL4661,,0,Rejected
P4662,C4662,Arjun Nair,Ahmedabad,Male,35,Auto,15-12-2024,15-12-2025,837.4,22069.35,CL4662,,0,Rejected
P4663,C4663,Kavya Reddy,Bengaluru,Male,70,Health,27-12-2023,26-12-2024,365.67,60720.7,CL4663,30-07-2024,2140.25,Rejected
P4664,C4664,Sai Kumar,Pune,Male,24,Health,07-04-2023,06-04-2024,1148.55,62650.57,CL4664,,0,Rejected
P4665,C4665,Aditya Verma,Pune,Male,22,Auto,21-02-2023,21-02-2024,849.27,73576.53,CL4665,,0,Rejected
P4666,C4666,Sneha Iyer,Ahmedabad,Female,25,Health,15-05-2023,14-05-2024,738.82,77002.71,CL4666,25-11-2023,8797.2,Pending
P4667,C4667,Aarav Sharma,Chandigarh,Female,64,Travel,28-08-2025,28-08-2026,1248.9,82919.13,CL4667,,0,Rejected
P4668,C4668,Neha Joshi,Mumbai,Male,48,Auto,07-06-2025,07-06-2026,1159.54,62551.72,CL4668,,0,Rejected
P4669,C4669,Ishita Singh,Kolkata,Male,73,Auto,29-09-2025,29-09-2026,464.74,78979.11,CL4669,16-06-2026,3855.07,Pending
P4670,C4670,Meera Kulkarni,Mumbai,Male,42,Travel,09-10-2023,08-10-2024,408.53,61367.21,CL4670,30-06-2024,8584.6,Settled
P4671,C4671,Rohan Desai,Kolkata,Male,63,Auto,19-01-2025,19-01-2026,859.6,26086.07,CL4671,,0,Rejected
P4672,C4672,Ishita Singh,Kolkata,Male,71,Travel,15-12-2025,15-12-2026,676.99,56843.3,CL4672,30-09-2026,9335.96,Settled
P4673,C4673,Vihaan Reddy,Lucknow,Female,52,Auto,14-08-2024,14-08-2025,1292.33,32358.72,CL4673,23-08-2024,5939.26,Settled
P4674,C4674,Pooja Sharma,Ahmedabad,Female,40,Auto,18-06-2024,18-06-2025,668.35,37293.77,CL4674,28-04-2025,7484.43,Pending
P4675,C4675,Kavya Reddy,Hyderabad,Male,26,Travel,10-02-2024,09-02-2025,353.27,77742.39,CL4675,27-08-2024,8743.51,Settled
P4676,C4676,Pooja Sharma,Pune,Female,52,Travel,06-11-2024,06-11-2025,735.78,66903.51,CL4676,15-04-2025,8432.34,Rejected
P4677,C4677,Rohan Desai,Chennai,Female,71,Health,07-03-2023,06-03-2024,936.26,70016.58,CL4677,22-04-2023,5428.35,Settled
P4678,C4678,Ananya Gupta,Bengaluru,Female,73,Travel,22-02-2025,22-02-2026,733.8,85893.12,CL4678,,0,Rejected
P4679,C4679,Sneha Iyer,Jaipur,Male,28,Auto,26-03-2023,25-03-2024,1413.03,97144.92,CL4679,,0,Rejected
P4680,C4680,Sneha Iyer,Ahmedabad,Female,21,Health,29-08-2025,29-08-2026,612.58,39526.54,CL4680,15-03-2026,7204.34,Pending
P4681,C4681,Sai Kumar,Delhi,Male,37,Health,02-11-2023,01-11-2024,1183.99,53107.27,CL4681,01-09-2024,7703.66,Pending
P4682,C4682,Neha Joshi,Chennai,Male,59,Health,30-07-2025,30-07-2026,1192.43,42114.01,CL4682,,0,Rejected
P4683,C4683,Arjun Nair,Ahmedabad,Male,32,Auto,14-02-2025,14-02-2026,744.84,96956.76,CL4683,06-01-2026,8026.6,Pending
P4684,C4684,Aditya Verma,Mumbai,Female,41,Health,25-08-2025,25-08-2026,567.47,86414.01,CL4684,09-01-2026,4877.18,Pending
P4685,C4685,Kavya Reddy,Chandigarh,Female,48,Travel,01-03-2025,01-03-2026,1294.48,45372.35,CL4685,,0,Rejected
P4686,C4686,Aarav Sharma,Kolkata,Male,73,Health,16-09-2025,16-09-2026,1424.95,82530.56,CL4686,01-10-2025,5351.82,Rejected
P4687,C4687,Meera Kulkarni,Ahmedabad,Female,28,Travel,27-03-2024,27-03-2025,1336.22,25704.62,CL4687,20-09-2024,6253.45,Pending
P4688,C4688,Kavya Reddy,Chandigarh,Female,56,Travel,07-06-2025,07-06-2026,901.76,77428.02,CL4688,27-10-2025,7807.71,Settled
P4689,C4689,Kunal Mehta,Chennai,Female,68,Auto,02-05-2025,02-05-2026,713.87,93810.31,CL4689,02-01-2026,8186.61,Settled
P4690,C4690,Vivaan Patel,Lucknow,Female,55,Health,02-05-2024,02-05-2025,594.06,83478.69,CL4690,26-10-2024,8899.91,Pending
P4691,C4691,Vihaan Reddy,Indore,Female,67,Health,18-10-2023,17-10-2024,1470.51,31267.49,CL4691,14-06-2024,8799.25,Rejected
P4692,C4692,Neha Joshi,Kolkata,Male,22,Travel,14-07-2024,14-07-2025,812.1,27126.19,CL4692,06-01-2025,7798.62,Pending
P4693,C4693,Priya Nair,Indore,Male,48,Health,14-04-2023,13-04-2024,289.84,89241.21,CL4693,14-04-2023,5085.76,Pending
P4694,C4694,Sneha Iyer,Chandigarh,Male,22,Travel,09-09-2025,09-09-2026,976.84,86183.93,CL4694,09-06-2026,7675.91,Settled
P4695,C4695,Vivaan Patel,Delhi,Female,25,Health,09-01-2024,08-01-2025,1451.72,53131.96,CL4695,13-05-2024,3808.06,Settled
P4696,C4696,Pooja Sharma,Indore,Female,57,Health,22-09-2024,22-09-2025,1122.86,72023.63,CL4696,23-09-2024,8281.04,Rejected
P4697,C4697,Vihaan Reddy,Indore,Male,43,Health,10-03-2025,10-03-2026,808.57,54374.48,CL4697,16-07-2025,9209.84,Rejected
P4698,C4698,Vihaan Reddy,Kolkata,Male,69,Auto,02-03-2024,02-03-2025,335.38,90025.52,CL4698,27-09-2024,9929.88,Rejected
P4699,C4699,Sneha Iyer,Lucknow,Male,73,Health,20-03-2023,19-03-2024,981.47,60337.35,CL4699,25-05-2023,8765.56,Settled
P4700,C4700,Ishita Singh,Chandigarh,Male,54,Travel,25-05-2023,24-05-2024,500.23,94099.13,CL4700,,0,Rejected
P4701,C4701,Vivaan Patel,Ahmedabad,Female,42,Health,03-05-2024,03-05-2025,875.44,54587.22,CL4701,12-05-2024,7780.3,Pending
P4702,C4702,Rohan Desai,Mumbai,Male,75,Auto,11-03-2024,11-03-2025,509.94,52772.6,CL4702,07-03-2025,1934.77,Rejected
P4703,C4703,Rohan Desai,Lucknow,Male,45,Travel,16-01-2023,16-01-2024,717.77,37680.76,CL4703,,0,Rejected
P4704,C4704,Vivaan Patel,Ahmedabad,Male,42,Travel,22-01-2024,21-01-2025,327.88,56762.9,CL4704,28-04-2024,4100.71,Pending
P4705,C4705,Vivaan Patel,Chennai,Male,42,Health,10-10-2024,10-10-2025,748.22,47813.77,CL4705,10-04-2025,9228.08,Pending
P4706,C4706,Meera Kulkarni,Chandigarh,Female,63,Auto,13-09-2024,13-09-2025,494.33,64170.42,CL4706,08-10-2024,1975.18,Rejected
P4707,C4707,Vivaan Patel,Hyderabad,Male,50,Health,25-01-2025,25-01-2026,1216.8,22121.4,CL4707,10-12-2025,3404.12,Settled
P4708,C4708,Ishita Singh,Pune,Male,66,Health,09-12-2025,09-12-2026,1122.33,27418.33,CL4708,,0,Rejected
P4709,C4709,Aditya Verma,Ahmedabad,Male,42,Auto,22-02-2024,21-02-2025,915.65,42605.5,CL4709,,0,Rejected
P4710,C4710,Aarav Sharma,Jaipur,Male,51,Health,02-08-2023,01-08-2024,1408.2,40082.58,CL4710,08-04-2024,2774.8,Pending
P4711,C4711,Sai Kumar,Hyderabad,Female,64,Travel,15-10-2025,15-10-2026,280.47,36653.74,CL4711,09-03-2026,1306.22,Rejected
P4712,C4712,Sneha Iyer,Kolkata,Male,56,Auto,25-09-2025,25-09-2026,1484.61,34586.56,CL4712,,0,Rejected
P4713,C4713,Aditya Verma,Jaipur,Female,60,Travel,09-12-2025,09-12-2026,651.1,71464.76,CL4713,,0,Rejected
P4714,C4714,Arjun Nair,Indore,Male,31,Health,19-04-2025,19-04-2026,596.65,60436.82,CL4714,01-12-2025,8342.42,Pending
P4715,C4715,Pooja Sharma,Delhi,Male,41,Health,20-04-2023,19-04-2024,294.41,40811.72,CL4715,02-08-2023,6218,Settled
P4716,C4716,Neha Joshi,Mumbai,Male,54,Health,14-08-2024,14-08-2025,728.18,40362.5,CL4716,06-12-2024,4257.49,Rejected
P4717,C4717,Ishita Singh,Kolkata,Male,57,Auto,25-07-2024,25-07-2025,1198.4,99789.85,CL4717,26-12-2024,5707.28,Settled
P4718,C4718,Meera Kulkarni,Hyderabad,Female,29,Health,07-10-2025,07-10-2026,1271.34,89088.87,CL4718,,0,Rejected
P4719,C4719,Aarav Sharma,Mumbai,Male,32,Auto,20-10-2025,20-10-2026,641.25,64941.23,CL4719,03-08-2026,5737.93,Pending
P4720,C4720,Aarav Sharma,Chennai,Male,74,Auto,20-06-2025,20-06-2026,1465.57,68019.04,CL4720,27-08-2025,8221.5,Settled
P4721,C4721,Pooja Sharma,Bengaluru,Female,56,Travel,10-06-2025,10-06-2026,674.41,31108.52,CL4721,,0,Rejected
P4722,C4722,Aarav Sharma,Kolkata,Male,63,Auto,02-12-2024,02-12-2025,931.87,95656.44,CL4722,,0,Rejected
P4723,C4723,Neha Joshi,Hyderabad,Male,34,Auto,25-09-2024,25-09-2025,1440.45,24991.59,CL4723,07-08-2025,9316.49,Settled
P4724,C4724,Vivaan Patel,Chandigarh,Female,60,Health,17-02-2025,17-02-2026,1409.96,75072.91,CL4724,23-03-2025,2189.76,Pending
P4725,C4725,Priya Nair,Ahmedabad,Female,56,Health,16-11-2024,16-11-2025,1124.6,48751.39,CL4725,09-09-2025,3971.26,Pending
P4726,C4726,Kavya Reddy,Hyderabad,Male,68,Health,24-04-2023,23-04-2024,1396.99,35092.11,CL4726,,0,Rejected
P4727,C4727,Ishita Singh,Indore,Female,27,Health,24-03-2025,24-03-2026,741.71,83225.81,CL4727,,0,Rejected
P4728,C4728,Priya Nair,Jaipur,Female,21,Travel,18-06-2025,18-06-2026,1288.61,70756.02,CL4728,,0,Rejected
P4729,C4729,Neha Joshi,Lucknow,Male,47,Health,12-04-2024,12-04-2025,1229.87,57949.74,CL4729,26-03-2025,3323.91,Rejected
P4730,C4730,Kavya Reddy,Jaipur,Male,36,Travel,20-11-2025,20-11-2026,1154.6,60930.98,CL4730,05-02-2026,8711.67,Pending
P4731,C4731,Kavya Reddy,Indore,Male,42,Auto,07-05-2024,07-05-2025,860.19,38365.57,CL4731,05-05-2025,4247.94,Settled
P4732,C4732,Priya Nair,Hyderabad,Female,74,Health,05-10-2024,05-10-2025,1202.65,55860.77,CL4732,,0,Rejected
P4733,C4733,Pooja Sharma,Mumbai,Male,39,Health,24-03-2025,24-03-2026,1432.25,35642.89,CL4733,,0,Rejected
P4734,C4734,Vivaan Patel,Delhi,Female,60,Travel,24-03-2025,24-03-2026,1394.4,48770.51,CL4734,01-10-2025,3238.17,Pending
P4735,C4735,Rohan Desai,Jaipur,Male,39,Auto,29-02-2024,28-02-2025,349.59,92307.55,CL4735,04-03-2024,4396.66,Settled
P4736,C4736,Vivaan Patel,Chandigarh,Male,37,Travel,30-10-2023,29-10-2024,1483.7,66024.84,CL4736,,0,Rejected
P4737,C4737,Priya Nair,Jaipur,Male,39,Travel,22-12-2023,21-12-2024,669.31,91438.27,CL4737,17-06-2024,3916.02,Settled
P4738,C4738,Vihaan Reddy,Indore,Female,44,Travel,02-03-2025,02-03-2026,434.64,58575.62,CL4738,19-09-2025,9564.6,Rejected
P4739,C4739,Kavya Reddy,Hyderabad,Male,65,Travel,26-05-2025,26-05-2026,1223.85,86305.34,CL4739,15-10-2025,1706.5,Pending
P4740,C4740,Arjun Nair,Chennai,Male,34,Health,07-02-2024,06-02-2025,1140.53,23327.45,CL4740,29-02-2024,6518.64,Rejected
P4741,C4741,Arjun Nair,Pune,Female,67,Auto,08-03-2024,08-03-2025,822.27,27049.47,CL4741,25-10-2024,3536.32,Pending
P4742,C4742,Kavya Reddy,Chandigarh,Female,33,Health,31-05-2023,30-05-2024,857.1,98926.59,CL4742,17-06-2023,8912.15,Settled
P4743,C4743,Neha Joshi,Ahmedabad,Male,38,Health,23-03-2025,23-03-2026,780.71,62065.59,CL4743,12-04-2025,1063.28,Pending
P4744,C4744,Kunal Mehta,Jaipur,Male,31,Travel,29-05-2025,29-05-2026,858.54,23651.54,CL4744,,0,Rejected
P4745,C4745,Ananya Gupta,Kolkata,Female,33,Health,10-02-2023,10-02-2024,310.41,88639.16,CL4745,,0,Rejected
P4746,C4746,Rohan Desai,Chennai,Male,57,Auto,28-07-2024,28-07-2025,1416.91,39947.3,CL4746,24-02-2025,7642.51,Settled
P4747,C4747,Sneha Iyer,Ahmedabad,Male,22,Auto,22-09-2024,22-09-2025,347.04,38209.96,CL4747,,0,Rejected
P4748,C4748,Aditya Verma,Ahmedabad,Female,72,Travel,07-06-2024,07-06-2025,664.88,22539.87,CL4748,09-12-2024,2382.36,Pending
P4749,C4749,Aarav Sharma,Indore,Male,57,Auto,25-05-2025,25-05-2026,925.54,93905.03,CL4749,13-10-2025,1850.74,Settled
P4750,C4750,Sneha Iyer,Delhi,Female,63,Auto,13-12-2023,12-12-2024,915.76,27121.48,CL4750,,0,Rejected
P4751,C4751,Aarav Sharma,Indore,Male,71,Health,15-08-2024,15-08-2025,1231.72,21301.58,CL4751,,0,Rejected
P4752,C4752,Vivaan Patel,Jaipur,Male,52,Auto,28-10-2023,27-10-2024,1291.53,98708.44,CL4752,09-06-2024,6084.4,Settled
P4753,C4753,Aarav Sharma,Jaipur,Male,63,Health,06-05-2023,05-05-2024,980.78,36418.44,CL4753,17-11-2023,6172.52,Rejected
P4754,C4754,Arjun Nair,Mumbai,Female,73,Travel,23-08-2024,23-08-2025,636.82,92535.04,CL4754,13-05-2025,8873.3,Pending
P4755,C4755,Vihaan Reddy,Jaipur,Male,71,Health,26-03-2024,26-03-2025,1116.96,79746.39,CL4755,,0,Rejected
P4756,C4756,Arjun Nair,Pune,Male,62,Travel,30-10-2024,30-10-2025,1393.53,97991.31,CL4756,12-04-2025,4397.14,Pending
P4757,C4757,Sai Kumar,Chandigarh,Female,32,Health,11-04-2023,10-04-2024,999.18,84323.64,CL4757,10-01-2024,5461.92,Settled
P4758,C4758,Vihaan Reddy,Mumbai,Female,32,Health,01-08-2024,01-08-2025,1102.41,70174.55,CL4758,,0,Rejected
P4759,C4759,Pooja Sharma,Indore,Female,64,Health,26-12-2025,26-12-2026,345.4,78496.57,CL4759,,0,Rejected
P4760,C4760,Ishita Singh,Indore,Female,38,Travel,08-02-2023,08-02-2024,1327.34,87739.43,CL4760,24-01-2024,7818.53,Settled
P4761,C4761,Aditya Verma,Delhi,Female,64,Health,27-10-2024,27-10-2025,732.52,64410.92,CL4761,,0,Rejected
P4762,C4762,Aarav Sharma,Chennai,Male,31,Auto,20-10-2024,20-10-2025,1227.11,93678.43,CL4762,19-01-2025,5218.73,Pending
P4763,C4763,Meera Kulkarni,Ahmedabad,Male,49,Auto,21-12-2023,20-12-2024,1036.72,79134.93,CL4763,14-11-2024,1450.48,Rejected
P4764,C4764,Aarav Sharma,Pune,Male,21,Health,30-12-2023,29-12-2024,729.68,26254.41,CL4764,,0,Rejected
P4765,C4765,Sneha Iyer,Delhi,Female,71,Travel,07-04-2024,07-04-2025,522.41,80000.4,CL4765,03-12-2024,7455.93,Pending
P4766,C4766,Kunal Mehta,Chandigarh,Female,43,Health,18-11-2023,17-11-2024,1381.12,74446.24,CL4766,06-03-2024,7007.23,Pending
P4767,C4767,Arjun Nair,Chandigarh,Male,74,Health,30-07-2024,30-07-2025,426.69,56146.95,CL4767,,0,Rejected
P4768,C4768,Pooja Sharma,Mumbai,Male,65,Auto,14-11-2023,13-11-2024,1262.81,93493.64,CL4768,23-10-2024,9646.86,Pending
P4769,C4769,Priya Nair,Hyderabad,Female,23,Health,03-11-2025,03-11-2026,1224.44,47350.73,CL4769,,0,Rejected
P4770,C4770,Priya Nair,Lucknow,Male,69,Auto,08-07-2024,08-07-2025,1290.86,49453.9,CL4770,14-11-2024,4069.79,Pending
P4771,C4771,Ishita Singh,Jaipur,Female,34,Health,24-02-2025,24-02-2026,698.27,52383.95,CL4771,18-01-2026,1510.8,Pending
P4772,C4772,Arjun Nair,Chennai,Female,70,Auto,12-12-2023,11-12-2024,1264.61,48715.54,CL4772,04-12-2024,3448.72,Settled
P4773,C4773,Sai Kumar,Chandigarh,Female,41,Auto,02-09-2025,02-09-2026,726.93,92119.5,CL4773,24-01-2026,9235.26,Pending
P4774,C4774,Priya Nair,Chandigarh,Male,21,Travel,10-10-2025,10-10-2026,958.67,83245.3,CL4774,12-07-2026,8936.56,Settled
P4775,C4775,Priya Nair,Mumbai,Male,63,Travel,13-12-2025,13-12-2026,625.83,49449.73,CL4775,11-05-2026,3147.42,Rejected
P4776,C4776,Rohan Desai,Hyderabad,Female,66,Health,05-11-2023,04-11-2024,283.84,22387.52,CL4776,14-07-2024,8372.13,Pending
P4777,C4777,Vihaan Reddy,Kolkata,Female,52,Health,27-04-2025,27-04-2026,972.48,64497.08,CL4777,08-07-2025,9587.73,Rejected
P4778,C4778,Aditya Verma,Bengaluru,Male,49,Auto,07-05-2023,06-05-2024,432.65,80804.58,CL4778,,0,Rejected
P4779,C4779,Kunal Mehta,Mumbai,Male,73,Travel,15-09-2024,15-09-2025,541.42,58272.67,CL4779,19-07-2025,4447.31,Rejected
P4780,C4780,Rohan Desai,Jaipur,Male,73,Health,04-02-2023,04-02-2024,1404.42,47850.19,CL4780,12-03-2023,9561.95,Settled
P4781,C4781,Aditya Verma,Kolkata,Male,69,Travel,18-06-2023,17-06-2024,1367.4,96575.68,CL4781,10-12-2023,7383.89,Pending
P4782,C4782,Aditya Verma,Hyderabad,Male,48,Travel,29-09-2024,29-09-2025,1163.71,50314.07,CL4782,,0,Rejected
P4783,C4783,Pooja Sharma,Delhi,Female,63,Health,28-10-2023,27-10-2024,817.33,87326.72,CL4783,28-05-2024,8682.56,Settled
P4784,C4784,Neha Joshi,Lucknow,Female,33,Health,06-09-2023,05-09-2024,335.28,75657.59,CL4784,02-09-2024,9557.59,Rejected
P4785,C4785,Vihaan Reddy,Pune,Female,67,Travel,30-09-2024,30-09-2025,1290.19,55813.47,CL4785,,0,Rejected
P4786,C4786,Rohan Desai,Jaipur,Male,61,Auto,08-09-2025,08-09-2026,748.13,23161.29,CL4786,07-03-2026,8359.45,Rejected
P4787,C4787,Aarav Sharma,Bengaluru,Male,70,Health,27-09-2024,27-09-2025,914.83,78929.7,CL4787,12-11-2024,4459.57,Settled
P4788,C4788,Priya Nair,Hyderabad,Male,65,Health,26-02-2025,26-02-2026,393.4,62055.56,CL4788,07-05-2025,3570.74,Rejected
P4789,C4789,Aarav Sharma,Chandigarh,Female,29,Health,05-05-2025,05-05-2026,1360.26,41752.59,CL4789,11-07-2025,3808.31,Settled
P4790,C4790,Kavya Reddy,Ahmedabad,Male,52,Health,10-04-2024,10-04-2025,254.75,45954.31,CL4790,14-06-2024,6530.9,Settled
P4791,C4791,Priya Nair,Delhi,Male,37,Health,26-04-2023,25-04-2024,306.74,97358.67,CL4791,,0,Rejected
P4792,C4792,Kavya Reddy,Kolkata,Female,36,Travel,27-08-2023,26-08-2024,694.69,97394.59,CL4792,11-09-2023,8922.38,Pending
P4793,C4793,Vivaan Patel,Pune,Male,41,Auto,10-01-2024,09-01-2025,883.21,96235.85,CL4793,06-03-2024,1940.01,Settled
P4794,C4794,Meera Kulkarni,Chennai,Female,65,Travel,07-11-2025,07-11-2026,624.39,61794.56,CL4794,15-09-2026,4434.54,Pending
P4795,C4795,Sneha Iyer,Jaipur,Female,65,Travel,24-04-2025,24-04-2026,843.45,74733.04,CL4795,,0,Rejected
P4796,C4796,Ishita Singh,Jaipur,Male,49,Health,14-07-2023,13-07-2024,701.46,53208.67,CL4796,06-12-2023,4872.92,Rejected
P4797,C4797,Kavya Reddy,Delhi,Male,31,Auto,24-10-2023,23-10-2024,754.64,38785.38,CL4797,27-04-2024,7372.29,Rejected
P4798,C4798,Sai Kumar,Jaipur,Female,47,Auto,23-09-2023,22-09-2024,997.98,62959.28,CL4798,,0,Rejected
P4799,C4799,Ananya Gupta,Chandigarh,Female,53,Health,23-07-2024,23-07-2025,798.64,37878.11,CL4799,22-10-2024,1429.74,Pending
P4800,C4800,Sai Kumar,Jaipur,Female,41,Health,01-04-2025,01-04-2026,642.1,92820.83,CL4800,23-01-2026,7030.36,Rejected
P4801,C4801,Meera Kulkarni,Jaipur,Female,43,Travel,18-04-2024,18-04-2025,1410.98,41371.86,CL4801,24-09-2024,5452.14,Settled
P4802,C4802,Meera Kulkarni,Mumbai,Male,38,Auto,23-11-2025,23-11-2026,1441.38,40781.03,CL4802,10-08-2026,2233.11,Pending
P4803,C4803,Priya Nair,Mumbai,Female,53,Health,04-06-2024,04-06-2025,713.05,89917.8,CL4803,26-08-2024,6975.47,Pending
P4804,C4804,Sneha Iyer,Bengaluru,Female,59,Health,10-06-2024,10-06-2025,319.13,85875.4,CL4804,14-03-2025,1726.61,Settled
P4805,C4805,Rohan Desai,Delhi,Female,26,Health,15-05-2023,14-05-2024,285.05,36804.23,CL4805,,0,Rejected
P4806,C4806,Vivaan Patel,Chandigarh,Female,39,Health,26-06-2025,26-06-2026,284.6,90818.02,CL4806,20-12-2025,1555.34,Settled
P4807,C4807,Aarav Sharma,Ahmedabad,Female,51,Health,01-08-2024,01-08-2025,478.03,23715.26,CL4807,11-03-2025,9012.06,Rejected
P4808,C4808,Kavya Reddy,Chandigarh,Female,37,Health,24-02-2024,23-02-2025,318.02,58374.19,CL4808,07-03-2024,5331.48,Settled
P4809,C4809,Rohan Desai,Indore,Female,60,Travel,20-07-2023,19-07-2024,459.94,36064.91,CL4809,18-10-2023,9785.47,Pending
P4810,C4810,Ishita Singh,Chandigarh,Female,46,Auto,06-10-2023,05-10-2024,613.1,68054.8,CL4810,,0,Rejected
P4811,C4811,Rohan Desai,Mumbai,Male,46,Health,05-03-2024,05-03-2025,1267.53,92253.07,CL4811,,0,Rejected
P4812,C4812,Ananya Gupta,Hyderabad,Male,50,Auto,26-01-2023,26-01-2024,1157.22,59611.01,CL4812,04-10-2023,2523.83,Pending
P4813,C4813,Ananya Gupta,Kolkata,Male,61,Auto,03-10-2023,02-10-2024,258.95,98859.68,CL4813,,0,Rejected
P4814,C4814,Sneha Iyer,Pune,Male,25,Health,18-04-2023,17-04-2024,1416.57,68516.48,CL4814,,0,Rejected
P4815,C4815,Kavya Reddy,Pune,Female,38,Auto,31-01-2023,31-01-2024,1459.9,49710.51,CL4815,01-05-2023,3237.61,Rejected
P4816,C4816,Vivaan Patel,Mumbai,Female,43,Travel,09-12-2024,09-12-2025,1048.57,87379.3,CL4816,21-10-2025,2730.18,Rejected
P4817,C4817,Meera Kulkarni,Chennai,Female,71,Auto,07-09-2023,06-09-2024,1060.63,67764.94,CL4817,04-06-2024,8942.84,Settled
P4818,C4818,Aditya Verma,Chennai,Male,43,Health,04-01-2023,04-01-2024,1007.05,40868.55,CL4818,,0,Rejected
P4819,C4819,Ishita Singh,Lucknow,Female,24,Auto,18-11-2024,18-11-2025,1092.97,34450.8,CL4819,13-03-2025,6644.56,Pending
P4820,C4820,Meera Kulkarni,Jaipur,Male,29,Travel,09-08-2023,08-08-2024,969.05,89071.31,CL4820,03-04-2024,5136.22,Settled
P4821,C4821,Neha Joshi,Lucknow,Male,72,Travel,21-06-2023,20-06-2024,356.94,72137.83,CL4821,17-06-2024,2118.24,Settled
P4822,C4822,Sai Kumar,Hyderabad,Male,68,Auto,30-01-2024,29-01-2025,773.04,35535.82,CL4822,,0,Rejected
P4823,C4823,Sneha Iyer,Hyderabad,Male,52,Health,16-10-2023,15-10-2024,1122.94,57962,CL4823,28-06-2024,4350.54,Pending
P4824,C4824,Rohan Desai,Kolkata,Female,56,Auto,12-07-2025,12-07-2026,1311.13,86263.96,CL4824,19-05-2026,7179.29,Settled
P4825,C4825,Arjun Nair,Indore,Male,22,Health,07-01-2025,07-01-2026,396.13,74795.92,CL4825,25-04-2025,7728.43,Rejected
P4826,C4826,Kunal Mehta,Kolkata,Male,46,Travel,23-01-2023,23-01-2024,504.54,49511.41,CL4826,,0,Rejected
P4827,C4827,Kunal Mehta,Pune,Female,54,Health,21-03-2023,20-03-2024,529.75,96841.42,CL4827,,0,Rejected
P4828,C4828,Rohan Desai,Indore,Female,48,Travel,23-01-2025,23-01-2026,851.19,46901.85,CL4828,25-10-2025,8703.02,Pending
P4829,C4829,Rohan Desai,Lucknow,Female,69,Health,29-12-2023,28-12-2024,778.94,35054.49,CL4829,,0,Rejected
P4830,C4830,Arjun Nair,Pune,Male,49,Travel,26-10-2023,25-10-2024,1446.85,39055.55,CL4830,17-01-2024,7244.52,Settled
P4831,C4831,Priya Nair,Ahmedabad,Male,37,Auto,05-12-2025,05-12-2026,386.32,76102.95,CL4831,,0,Rejected
P4832,C4832,Kunal Mehta,Chennai,Male,22,Health,10-07-2025,10-07-2026,1330.09,66933.22,CL4832,,0,Rejected
P4833,C4833,Arjun Nair,Indore,Female,28,Auto,04-08-2025,04-08-2026,578.45,78578.07,CL4833,02-06-2026,9727.19,Settled
P4834,C4834,Kunal Mehta,Jaipur,Female,30,Travel,18-04-2025,18-04-2026,925.42,52733.68,CL4834,28-08-2025,5789.63,Settled
P4835,C4835,Arjun Nair,Jaipur,Male,37,Travel,11-02-2023,11-02-2024,480.06,73823.06,CL4835,13-03-2023,3792.99,Pending
P4836,C4836,Sai Kumar,Kolkata,Male,60,Health,01-03-2023,29-02-2024,1401.56,59401.52,CL4836,24-05-2023,1337.69,Rejected
P4837,C4837,Ishita Singh,Chennai,Female,54,Travel,09-04-2025,09-04-2026,948.44,38072.97,CL4837,,0,Rejected
P4838,C4838,Ananya Gupta,Lucknow,Female,38,Health,22-09-2024,22-09-2025,306.38,55357.46,CL4838,12-07-2025,2790.72,Rejected
P4839,C4839,Meera Kulkarni,Chennai,Male,32,Auto,13-12-2024,13-12-2025,864.32,78391.62,CL4839,,0,Rejected
P4840,C4840,Sneha Iyer,Lucknow,Female,41,Auto,12-05-2023,11-05-2024,407.65,70416.82,CL4840,20-01-2024,9671.69,Rejected
P4841,C4841,Vivaan Patel,Chandigarh,Male,40,Auto,12-10-2024,12-10-2025,1357.01,22450.86,CL4841,24-08-2025,3533.74,Rejected
P4842,C4842,Arjun Nair,Lucknow,Male,28,Health,24-07-2025,24-07-2026,1272.51,86397.61,CL4842,23-11-2025,2509.33,Rejected
P4843,C4843,Sai Kumar,Bengaluru,Male,26,Travel,28-08-2025,28-08-2026,1048.72,22762.24,CL4843,,0,Rejected
P4844,C4844,Sneha Iyer,Chandigarh,Male,42,Auto,17-03-2025,17-03-2026,1003.79,29544.56,CL4844,06-11-2025,6858.09,Pending
P4845,C4845,Kunal Mehta,Jaipur,Male,57,Health,03-08-2024,03-08-2025,523.12,71017.38,CL4845,,0,Rejected
P4846,C4846,Meera Kulkarni,Pune,Female,49,Health,05-11-2023,04-11-2024,397.54,51967.03,CL4846,13-03-2024,4498.98,Rejected
P4847,C4847,Arjun Nair,Chandigarh,Female,67,Travel,16-03-2024,16-03-2025,372.16,73439.09,CL4847,,0,Rejected
P4848,C4848,Ananya Gupta,Jaipur,Male,22,Health,21-04-2023,20-04-2024,917.35,68620.71,CL4848,08-09-2023,8381.54,Pending
P4849,C4849,Ishita Singh,Delhi,Male,70,Auto,22-02-2024,21-02-2025,393.47,97353.6,CL4849,,0,Rejected
P4850,C4850,Meera Kulkarni,Bengaluru,Male,57,Auto,27-01-2024,26-01-2025,1375.98,73043.13,CL4850,24-11-2024,1347.6,Rejected
P4851,C4851,Meera Kulkarni,Bengaluru,Female,31,Travel,30-03-2025,30-03-2026,1204.06,70508.7,CL4851,,0,Rejected
P4852,C4852,Kunal Mehta,Ahmedabad,Female,36,Travel,06-01-2024,05-01-2025,375.81,75663.11,CL4852,,0,Rejected
P4853,C4853,Kavya Reddy,Chennai,Male,64,Travel,13-10-2024,13-10-2025,557.94,90317.33,CL4853,16-03-2025,4736.11,Pending
P4854,C4854,Aarav Sharma,Chandigarh,Male,70,Travel,24-02-2023,24-02-2024,262.59,36674.07,CL4854,,0,Rejected
P4855,C4855,Sneha Iyer,Indore,Female,68,Travel,10-10-2025,10-10-2026,1097.25,72995.58,CL4855,,0,Rejected
P4856,C4856,Sneha Iyer,Bengaluru,Male,37,Travel,18-06-2024,18-06-2025,266.63,78375.3,CL4856,20-05-2025,4442.94,Settled
P4857,C4857,Aarav Sharma,Mumbai,Male,45,Auto,17-05-2023,16-05-2024,1091.45,54330.7,CL4857,,0,Rejected
P4858,C4858,Arjun Nair,Ahmedabad,Female,51,Travel,24-03-2023,23-03-2024,1205.76,21739.74,CL4858,20-01-2024,9031.64,Settled
P4859,C4859,Rohan Desai,Pune,Female,31,Health,04-03-2023,03-03-2024,438.99,24092.27,CL4859,,0,Rejected
P4860,C4860,Kunal Mehta,Bengaluru,Female,38,Travel,10-11-2024,10-11-2025,594.23,51968.8,CL4860,23-02-2025,6270.69,Settled
P4861,C4861,Sai Kumar,Pune,Female,58,Auto,17-03-2025,17-03-2026,823.55,39788.23,CL4861,,0,Rejected
P4862,C4862,Kunal Mehta,Lucknow,Male,69,Health,05-03-2025,05-03-2026,274.53,95553.42,CL4862,,0,Rejected
P4863,C4863,Arjun Nair,Lucknow,Male,56,Auto,16-09-2023,15-09-2024,1204.7,36558.58,CL4863,14-09-2024,1008.42,Pending
P4864,C4864,Arjun Nair,Chandigarh,Female,66,Travel,02-03-2024,02-03-2025,1329.2,20453.65,CL4864,,0,Rejected
P4865,C4865,Pooja Sharma,Bengaluru,Male,68,Auto,18-09-2025,18-09-2026,921.42,64601.7,CL4865,,0,Rejected
P4866,C4866,Rohan Desai,Pune,Female,68,Auto,07-06-2023,06-06-2024,1163.38,89751.21,CL4866,,0,Rejected
P4867,C4867,Pooja Sharma,Indore,Female,64,Travel,16-03-2023,15-03-2024,959.4,87006.97,CL4867,25-08-2023,2745.93,Rejected
P4868,C4868,Aditya Verma,Chennai,Male,61,Travel,07-11-2025,07-11-2026,586.94,83885.54,CL4868,01-05-2026,3055.2,Rejected
P4869,C4869,Aarav Sharma,Mumbai,Male,52,Travel,24-03-2023,23-03-2024,1094.23,87967.28,CL4869,,0,Rejected
P4870,C4870,Priya Nair,Kolkata,Male,56,Health,13-01-2023,13-01-2024,555.24,94556.63,CL4870,07-09-2023,8508.97,Rejected
P4871,C4871,Vivaan Patel,Mumbai,Male,73,Health,21-09-2025,21-09-2026,1238.45,90524.06,CL4871,02-10-2025,4326.09,Rejected
P4872,C4872,Meera Kulkarni,Kolkata,Male,40,Travel,22-03-2023,21-03-2024,833.43,85056.25,CL4872,30-11-2023,8271.84,Rejected
P4873,C4873,Meera Kulkarni,Jaipur,Male,63,Health,06-07-2023,05-07-2024,1330.68,68166.31,CL4873,,0,Rejected
P4874,C4874,Aditya Verma,Jaipur,Male,33,Auto,11-09-2024,11-09-2025,503.15,36770.48,CL4874,19-10-2024,3326.88,Rejected
P4875,C4875,Meera Kulkarni,Hyderabad,Male,62,Auto,13-03-2025,13-03-2026,997.83,97386.27,CL4875,02-10-2025,1840.54,Settled
P4876,C4876,Meera Kulkarni,Pune,Female,35,Health,23-09-2023,22-09-2024,973.65,42587.38,CL4876,,0,Rejected
P4877,C4877,Vihaan Reddy,Pune,Male,68,Health,18-09-2024,18-09-2025,741.16,98844.2,CL4877,03-11-2024,5664.51,Settled
P4878,C4878,Priya Nair,Pune,Female,34,Health,29-01-2023,29-01-2024,1061.27,38575.03,CL4878,,0,Rejected
P4879,C4879,Kavya Reddy,Hyderabad,Female,38,Travel,09-11-2023,08-11-2024,930.09,88116.45,CL4879,15-05-2024,9117.77,Pending
P4880,C4880,Aditya Verma,Delhi,Male,71,Auto,13-10-2024,13-10-2025,1421.35,60714.9,CL4880,02-08-2025,1349.46,Rejected
P4881,C4881,Ishita Singh,Bengaluru,Female,36,Auto,28-12-2023,27-12-2024,1001.03,84489.02,CL4881,11-05-2024,7045.61,Rejected
P4882,C4882,Sai Kumar,Delhi,Female,38,Health,23-09-2024,23-09-2025,426.26,93378.87,CL4882,18-07-2025,1060.27,Settled
P4883,C4883,Pooja Sharma,Mumbai,Female,33,Health,11-05-2025,11-05-2026,468.91,39034.07,CL4883,,0,Rejected
P4884,C4884,Vivaan Patel,Indore,Female,44,Health,21-05-2025,21-05-2026,939.23,88123.12,CL4884,,0,Rejected
P4885,C4885,Kavya Reddy,Chennai,Female,67,Travel,26-10-2024,26-10-2025,451.89,93827.65,CL4885,17-11-2024,1073.38,Pending
P4886,C4886,Rohan Desai,Pune,Male,55,Health,13-02-2025,13-02-2026,827.02,62969.51,CL4886,28-12-2025,1866.62,Pending
P4887,C4887,Ishita Singh,Kolkata,Female,54,Auto,04-12-2025,04-12-2026,561.34,30532.84,CL4887,29-07-2026,1328.55,Settled
P4888,C4888,Kunal Mehta,Indore,Female,46,Auto,16-04-2024,16-04-2025,720.59,67434.75,CL4888,11-07-2024,2543.19,Settled
P4889,C4889,Kavya Reddy,Kolkata,Male,41,Auto,18-12-2025,18-12-2026,258.17,80803.51,CL4889,22-09-2026,2717.29,Pending
P4890,C4890,Sneha Iyer,Indore,Female,28,Auto,30-03-2024,30-03-2025,778.65,96647.61,CL4890,04-06-2024,3486.73,Rejected
P4891,C4891,Rohan Desai,Jaipur,Male,70,Travel,06-10-2025,06-10-2026,557.69,94975.86,CL4891,21-03-2026,5042.57,Settled
P4892,C4892,Rohan Desai,Delhi,Female,53,Travel,06-11-2023,05-11-2024,1012.41,93029.34,CL4892,22-04-2024,4112.39,Rejected
P4893,C4893,Sai Kumar,Indore,Male,68,Travel,30-03-2023,29-03-2024,1262.31,92174.53,CL4893,,0,Rejected
P4894,C4894,Rohan Desai,Jaipur,Male,36,Auto,15-01-2024,14-01-2025,1161.36,32043.12,CL4894,22-04-2024,3057.83,Settled
P4895,C4895,Kavya Reddy,Pune,Male,59,Travel,30-11-2024,30-11-2025,1461.67,78571.09,CL4895,09-08-2025,7384.94,Rejected
P4896,C4896,Vivaan Patel,Mumbai,Male,43,Health,16-05-2025,16-05-2026,462.97,98447.1,CL4896,05-06-2025,9490.67,Settled
P4897,C4897,Vivaan Patel,Bengaluru,Female,44,Travel,26-10-2025,26-10-2026,1496.12,73376.34,CL4897,07-01-2026,9356.53,Settled
P4898,C4898,Ishita Singh,Bengaluru,Male,24,Health,10-07-2025,10-07-2026,304.53,44773.09,CL4898,01-08-2025,2439.44,Settled
P4899,C4899,Sneha Iyer,Mumbai,Male,67,Health,25-02-2025,25-02-2026,1291.51,51533.38,CL4899,14-08-2025,3515.1,Pending
P4900,C4900,Pooja Sharma,Lucknow,Male,72,Travel,22-02-2024,21-02-2025,588.66,78055.71,CL4900,11-05-2024,8088.3,Settled
P4901,C4901,Aarav Sharma,Bengaluru,Male,73,Travel,27-11-2025,27-11-2026,899.73,46817.76,CL4901,,0,Rejected
P4902,C4902,Kavya Reddy,Indore,Male,53,Travel,15-04-2024,15-04-2025,1285.03,94678.43,CL4902,01-05-2024,4271.04,Settled
P4903,C4903,Aarav Sharma,Lucknow,Male,48,Travel,22-10-2024,22-10-2025,584.06,87976.51,CL4903,,0,Rejected
P4904,C4904,Priya Nair,Kolkata,Female,33,Travel,16-04-2023,15-04-2024,581.24,63506.67,CL4904,,0,Rejected
P4905,C4905,Ishita Singh,Delhi,Male,74,Travel,01-12-2024,01-12-2025,1150.09,31144.81,CL4905,07-12-2024,8949.76,Settled
P4906,C4906,Arjun Nair,Hyderabad,Male,44,Health,11-09-2025,11-09-2026,504.64,71651.18,CL4906,19-10-2025,1882.1,Rejected
P4907,C4907,Neha Joshi,Hyderabad,Male,53,Travel,15-08-2023,14-08-2024,1463.35,87416.79,CL4907,28-02-2024,9537.94,Settled
P4908,C4908,Ishita Singh,Kolkata,Female,32,Travel,16-08-2023,15-08-2024,1177.47,37069.18,CL4908,16-09-2023,4787.62,Pending
P4909,C4909,Meera Kulkarni,Hyderabad,Male,72,Auto,15-08-2023,14-08-2024,1034.12,27144.75,CL4909,29-07-2024,7304.15,Pending
P4910,C4910,Vihaan Reddy,Bengaluru,Female,36,Health,10-03-2023,09-03-2024,418.22,93981.35,CL4910,30-06-2023,2428.13,Settled
P4911,C4911,Sneha Iyer,Chandigarh,Male,45,Health,02-11-2023,01-11-2024,729.29,81273.84,CL4911,,0,Rejected
P4912,C4912,Aditya Verma,Chandigarh,Male,62,Auto,26-02-2024,25-02-2025,1465.7,92799.16,CL4912,12-12-2024,9862.56,Settled
P4913,C4913,Kunal Mehta,Lucknow,Male,42,Auto,26-01-2024,25-01-2025,1361.3,73711.17,CL4913,,0,Rejected
P4914,C4914,Aarav Sharma,Chennai,Male,68,Auto,28-09-2024,28-09-2025,1257.75,64423.57,CL4914,16-04-2025,8211.93,Rejected
P4915,C4915,Sneha Iyer,Lucknow,Male,27,Health,04-08-2023,03-08-2024,599.16,25746.93,CL4915,,0,Rejected
P4916,C4916,Meera Kulkarni,Jaipur,Male,53,Auto,02-12-2024,02-12-2025,1470.14,26430.5,CL4916,03-08-2025,8020.81,Rejected
P4917,C4917,Aarav Sharma,Mumbai,Male,50,Health,25-01-2025,25-01-2026,757.26,86933.83,CL4917,,0,Rejected
P4918,C4918,Sneha Iyer,Delhi,Female,36,Health,18-06-2023,17-06-2024,389.12,78747.3,CL4918,,0,Rejected
P4919,C4919,Aarav Sharma,Ahmedabad,Male,29,Travel,15-06-2024,15-06-2025,657.07,73036,CL4919,,0,Rejected
P4920,C4920,Aditya Verma,Pune,Female,51,Auto,17-01-2025,17-01-2026,1079.22,43421.37,CL4920,10-05-2025,3345.16,Rejected
P4921,C4921,Sneha Iyer,Chennai,Male,53,Travel,30-03-2023,29-03-2024,395.27,51205.04,CL4921,17-11-2023,3087.04,Settled
P4922,C4922,Vivaan Patel,Pune,Male,22,Travel,07-12-2024,07-12-2025,502.81,34558.08,CL4922,17-10-2025,9603.17,Settled
P4923,C4923,Vihaan Reddy,Indore,Male,73,Auto,11-03-2023,10-03-2024,648.49,29633.42,CL4923,,0,Rejected
P4924,C4924,Rohan Desai,Bengaluru,Female,41,Auto,18-07-2023,17-07-2024,665.18,48511.51,CL4924,,0,Rejected
P4925,C4925,Vivaan Patel,Indore,Female,61,Health,27-12-2025,27-12-2026,447.4,84318.65,CL4925,18-02-2026,1504.71,Pending
P4926,C4926,Rohan Desai,Mumbai,Female,38,Auto,03-10-2024,03-10-2025,1215.4,79794.2,CL4926,18-03-2025,8699.44,Settled
P4927,C4927,Priya Nair,Chennai,Female,63,Health,19-08-2024,19-08-2025,875.6,32216.77,CL4927,06-11-2024,2563.37,Rejected
P4928,C4928,Ananya Gupta,Hyderabad,Male,37,Travel,15-04-2025,15-04-2026,1142.26,84002.7,CL4928,,0,Rejected
P4929,C4929,Kavya Reddy,Chennai,Female,46,Travel,23-02-2023,23-02-2024,1123.44,35626.91,CL4929,12-02-2024,6215.63,Settled
P4930,C4930,Aarav Sharma,Delhi,Female,30,Auto,25-12-2023,24-12-2024,1006.06,63382.83,CL4930,28-12-2023,9266.67,Settled
P4931,C4931,Sneha Iyer,Jaipur,Female,69,Health,30-05-2023,29-05-2024,371.76,43222.27,CL4931,04-11-2023,2235.9,Settled
P4932,C4932,Ishita Singh,Mumbai,Female,54,Travel,06-02-2024,05-02-2025,1312.98,71442.38,CL4932,16-06-2024,9061.92,Settled
P4933,C4933,Arjun Nair,Bengaluru,Male,31,Travel,08-08-2023,07-08-2024,1447.87,86250.05,CL4933,19-03-2024,4513.66,Pending
P4934,C4934,Vivaan Patel,Bengaluru,Female,62,Health,02-04-2023,01-04-2024,1348.92,40522.88,CL4934,,0,Rejected
P4935,C4935,Ishita Singh,Mumbai,Female,60,Auto,28-05-2025,28-05-2026,1043.95,56796.93,CL4935,18-12-2025,8614.49,Settled
P4936,C4936,Neha Joshi,Pune,Female,69,Health,07-05-2024,07-05-2025,483.07,51490.7,CL4936,,0,Rejected
P4937,C4937,Ishita Singh,Delhi,Male,36,Travel,01-03-2024,01-03-2025,1082.84,22389.53,CL4937,,0,Rejected
P4938,C4938,Meera Kulkarni,Chennai,Female,71,Health,01-07-2023,30-06-2024,831.67,31138.76,CL4938,,0,Rejected
P4939,C4939,Aarav Sharma,Indore,Male,27,Travel,12-09-2024,12-09-2025,528.78,82432.97,CL4939,25-05-2025,1401.25,Settled
P4940,C4940,Vivaan Patel,Delhi,Male,70,Health,01-03-2023,29-02-2024,926.67,98976.11,CL4940,02-10-2023,2947.28,Pending
P4941,C4941,Vihaan Reddy,Delhi,Female,24,Auto,29-03-2023,28-03-2024,1299.13,99903.98,CL4941,12-10-2023,2310.39,Rejected
P4942,C4942,Kavya Reddy,Pune,Female,61,Health,20-08-2023,19-08-2024,1325.39,90188.76,CL4942,,0,Rejected
P4943,C4943,Neha Joshi,Kolkata,Male,73,Auto,23-12-2023,22-12-2024,1209.43,26868.09,CL4943,,0,Rejected
P4944,C4944,Sneha Iyer,Chennai,Male,44,Auto,26-02-2025,26-02-2026,1151.42,54225.14,CL4944,20-05-2025,4985.69,Pending
P4945,C4945,Priya Nair,Hyderabad,Male,30,Auto,18-10-2024,18-10-2025,1306.53,44270.48,CL4945,04-02-2025,2055.77,Pending
P4946,C4946,Priya Nair,Pune,Male,61,Auto,16-12-2024,16-12-2025,1307.37,23686.13,CL4946,22-04-2025,7090.88,Rejected
P4947,C4947,Sneha Iyer,Bengaluru,Female,26,Auto,19-03-2025,19-03-2026,481.07,23232.31,CL4947,21-08-2025,2900.28,Rejected
P4948,C4948,Sneha Iyer,Pune,Male,31,Health,26-01-2023,26-01-2024,976.84,92031.61,CL4948,03-10-2023,3361.69,Pending
P4949,C4949,Sai Kumar,Ahmedabad,Male,39,Health,26-05-2024,26-05-2025,684.98,69145.88,CL4949,06-04-2025,1390.68,Settled
P4950,C4950,Vihaan Reddy,Chandigarh,Male,71,Health,01-08-2023,31-07-2024,987.72,87578.83,CL4950,,0,Rejected
P4951,C4951,Arjun Nair,Lucknow,Male,28,Auto,30-07-2025,30-07-2026,1209.39,49628.18,CL4951,02-06-2026,7264.97,Settled
P4952,C4952,Aditya Verma,Chennai,Female,38,Auto,06-02-2024,05-02-2025,866.56,42541.77,CL4952,14-09-2024,2099.82,Pending
P4953,C4953,Aditya Verma,Delhi,Female,69,Auto,22-07-2024,22-07-2025,1462.6,31278.03,CL4953,,0,Rejected
P4954,C4954,Kunal Mehta,Bengaluru,Female,48,Auto,03-06-2023,02-06-2024,879.17,45045.48,CL4954,24-04-2024,7303.19,Settled
P4955,C4955,Pooja Sharma,Kolkata,Male,73,Health,23-07-2023,22-07-2024,1004.29,31640.09,CL4955,30-09-2023,7022.52,Settled
P4956,C4956,Meera Kulkarni,Chandigarh,Female,34,Travel,20-05-2023,19-05-2024,1162.54,60326.75,CL4956,23-07-2023,4607.96,Rejected
P4957,C4957,Neha Joshi,Kolkata,Male,50,Travel,18-02-2025,18-02-2026,494.94,73003.48,CL4957,,0,Rejected
P4958,C4958,Ananya Gupta,Hyderabad,Male,53,Health,19-03-2025,19-03-2026,554.39,39045.13,CL4958,,0,Rejected
P4959,C4959,Neha Joshi,Lucknow,Female,29,Travel,25-10-2023,24-10-2024,455.62,83488.8,CL4959,15-03-2024,3039.52,Pending
P4960,C4960,Sai Kumar,Mumbai,Male,69,Auto,02-06-2023,01-06-2024,681.01,56309.18,CL4960,04-08-2023,5359.92,Settled
P4961,C4961,Kavya Reddy,Kolkata,Male,22,Health,01-11-2023,31-10-2024,1120.94,27981.32,CL4961,11-01-2024,9031.78,Settled
P4962,C4962,Vihaan Reddy,Jaipur,Male,60,Health,01-03-2023,29-02-2024,1267.76,41603.23,CL4962,25-07-2023,4647.6,Rejected
P4963,C4963,Aarav Sharma,Bengaluru,Female,21,Travel,07-03-2023,06-03-2024,841.94,81247.23,CL4963,17-05-2023,1722.59,Settled
P4964,C4964,Ananya Gupta,Lucknow,Female,26,Travel,22-01-2023,22-01-2024,880.87,90359.67,CL4964,19-11-2023,4252.74,Pending
P4965,C4965,Sai Kumar,Pune,Male,43,Health,06-06-2023,05-06-2024,710.44,72417.26,CL4965,13-12-2023,3807.56,Pending
P4966,C4966,Kunal Mehta,Mumbai,Female,34,Auto,05-06-2024,05-06-2025,1247.43,30872.48,CL4966,14-07-2024,6231.06,Pending
P4967,C4967,Priya Nair,Mumbai,Female,51,Travel,17-03-2025,17-03-2026,1459.63,65940.21,CL4967,,0,Rejected
P4968,C4968,Pooja Sharma,Kolkata,Male,24,Travel,28-02-2024,27-02-2025,269.6,26080.43,CL4968,22-03-2024,6360.04,Pending
P4969,C4969,Kunal Mehta,Ahmedabad,Male,61,Health,24-01-2024,23-01-2025,477.78,76884.53,CL4969,10-01-2025,2992.98,Settled
P4970,C4970,Kavya Reddy,Jaipur,Female,42,Travel,25-04-2023,24-04-2024,559.5,79152.13,CL4970,,0,Rejected
P4971,C4971,Arjun Nair,Lucknow,Female,30,Auto,02-04-2025,02-04-2026,1220.93,41448.97,CL4971,22-06-2025,8825.56,Pending
P4972,C4972,Arjun Nair,Chennai,Male,47,Health,19-05-2023,18-05-2024,935.61,66341.91,CL4972,16-06-2023,7766.96,Rejected
P4973,C4973,Pooja Sharma,Chandigarh,Female,75,Auto,24-02-2025,24-02-2026,435.33,34461.43,CL4973,16-07-2025,1840.22,Pending
P4974,C4974,Neha Joshi,Pune,Female,45,Travel,31-01-2025,31-01-2026,994.99,57209.21,CL4974,23-07-2025,7319.24,Pending
P4975,C4975,Vivaan Patel,Chandigarh,Male,63,Travel,06-05-2023,05-05-2024,793.54,47969.04,CL4975,28-05-2023,2201.04,Settled
P4976,C4976,Priya Nair,Kolkata,Male,61,Auto,12-04-2024,12-04-2025,953.15,73133.13,CL4976,11-03-2025,8815.66,Settled
P4977,C4977,Sai Kumar,Delhi,Male,41,Travel,02-06-2023,01-06-2024,1428.28,88958.64,CL4977,08-03-2024,3263.27,Rejected
P4978,C4978,Meera Kulkarni,Delhi,Female,46,Travel,10-01-2024,09-01-2025,969.25,23630.33,CL4978,20-05-2024,6927.86,Rejected
P4979,C4979,Aarav Sharma,Pune,Male,45,Health,28-07-2023,27-07-2024,1489.04,57823.45,CL4979,18-02-2024,8848.48,Pending
P4980,C4980,Priya Nair,Lucknow,Male,44,Health,12-04-2025,12-04-2026,701.31,58149.39,CL4980,21-07-2025,1334.81,Pending
P4981,C4981,Pooja Sharma,Bengaluru,Male,23,Health,30-04-2025,30-04-2026,1285.9,28687.78,CL4981,,0,Rejected
P4982,C4982,Ananya Gupta,Jaipur,Male,61,Health,15-01-2023,15-01-2024,582.1,68133.72,CL4982,,0,Rejected
P4983,C4983,Kunal Mehta,Pune,Female,27,Travel,28-05-2025,28-05-2026,1262.32,26119.93,CL4983,31-10-2025,2825.84,Pending
P4984,C4984,Arjun Nair,Ahmedabad,Male,54,Travel,12-06-2025,12-06-2026,1096.42,48509.06,CL4984,01-03-2026,9034.71,Pending
P4985,C4985,Rohan Desai,Delhi,Male,45,Health,29-04-2023,28-04-2024,1266.73,62227.67,CL4985,,0,Rejected
P4986,C4986,Kunal Mehta,Indore,Female,42,Health,08-09-2023,07-09-2024,453.53,69483.43,CL4986,07-04-2024,8866.41,Rejected
P4987,C4987,Rohan Desai,Bengaluru,Male,57,Auto,20-02-2025,20-02-2026,313.92,37916.33,CL4987,08-11-2025,4923.54,Rejected
P4988,C4988,Priya Nair,Kolkata,Female,75,Auto,08-06-2025,08-06-2026,936.74,73648.1,CL4988,28-09-2025,9903.62,Rejected
P4989,C4989,Pooja Sharma,Jaipur,Female,72,Health,24-03-2025,24-03-2026,306.85,84533.49,CL4989,16-01-2026,7641.85,Rejected
P4990,C4990,Kunal Mehta,Ahmedabad,Male,53,Health,17-01-2023,17-01-2024,1246.4,32479.3,CL4990,,0,Rejected
P4991,C4991,Aditya Verma,Indore,Male,42,Travel,27-02-2025,27-02-2026,1480.48,85207.88,CL4991,,0,Rejected
P4992,C4992,Ishita Singh,Indore,Male,68,Health,26-01-2025,26-01-2026,1414.66,36495.34,CL4992,24-01-2026,9646.92,Settled
P4993,C4993,Aarav Sharma,Jaipur,Female,45,Health,27-08-2023,26-08-2024,337.95,71840.34,CL4993,04-11-2023,4207.39,Settled
P4994,C4994,Ananya Gupta,Jaipur,Female,48,Travel,01-02-2023,01-02-2024,595.99,71387.25,CL4994,28-09-2023,7373.7,Settled
P4995,C4995,Neha Joshi,Kolkata,Female,57,Travel,11-02-2023,11-02-2024,999.46,27302.36,CL4995,28-01-2024,5857.36,Settled
P4996,C4996,Arjun Nair,Chennai,Male,72,Travel,22-05-2024,22-05-2025,1177.42,39713.25,CL4996,,0,Rejected
P4997,C4997,Rohan Desai,Mumbai,Female,68,Travel,21-01-2025,21-01-2026,1019.62,34452.33,CL4997,18-09-2025,5991.84,Settled
P4998,C4998,Priya Nair,Mumbai,Male,38,Auto,27-03-2024,27-03-2025,1212.78,72718.04,CL4998,,0,Rejected
P4999,C4999,Sai Kumar,Jaipur,Female,38,Health,16-03-2023,15-03-2024,721.09,79371.32,CL4999,01-01-2024,5699.21,Rejected
P5000,C5000,Sai Kumar,Ahmedabad,Female,52,Travel,11-11-2025,11-11-2026,748.75,61516.59,CL5000,,0,Rejected
