Order_ID,Order_Number,Order_Date,Customer_ID,Customer_Name,Gender,City,State,Brand,Product_Name,Size,Color,Quantity,MRP,Discount_Percent,Selling_Price,Shipping_Amount,GST_Amount,Total_Amount,Product_Cost,Profit,Payment_Method,Order_Status,Delivery_Date,Sales_Channel
MYN100000,ORD20250000,2025-08-03 00:00:00,CUST54131,Arjun Chopra,Women,Lucknow,Uttar Pradesh,Fastrack,Handbags,M,Pink,3,5490,20,4392,0,2371.68,15547.68,8832.86,4343.14,Net Banking,Delivered,2025-08-07 00:00:00,Website
MYN100001,ORD20250001,2025-01-22 00:00:00,CUST35658,Harsh More,Kids,Pune,Maharashtra,Anouk,Kids Dresses,L,Blue,1,5610,50,2805,0,504.9,3309.9,1773.17,1031.83,Cash on Delivery,Delivered,2025-01-28 00:00:00,Mobile Web
MYN100002,ORD20250002,2026-01-23 00:00:00,CUST83969,Dev Verma,Home,Bengaluru,Karnataka,Mast & Harbour,Bedsheets,XS,Green,1,4189,25,3141.75,0,565.52,3707.27,1783.14,1358.61,Credit Card,Returned,2026-01-25 00:00:00,Mobile Web
MYN100003,ORD20250003,2026-01-23 00:00:00,CUST88953,Sneha Malhotra,Kids,Kolkata,West Bengal,Maybelline,Kids Jeans,XXL,White,1,4313,5,4097.35,0,737.52,4834.87,2539.83,1557.52,Credit Card,Delivered,2026-01-26 00:00:00,Website
MYN100004,ORD20250004,2025-12-04 00:00:00,CUST73704,Neha Naik,Women,Kolkata,West Bengal,Lakme,Tops,XL,Black,2,4097,20,3277.6,0,1179.94,7735.14,4181.16,2374.04,UPI,Shipped,2025-12-10 00:00:00,Mobile Web
MYN100005,ORD20250005,2026-02-23 00:00:00,CUST13561,Kriti Rathore,Women,Kolkata,West Bengal,Levis,Kurtas,S,Yellow,3,1794,0,1794,0,968.76,6350.76,3987.26,1394.74,Cash on Delivery,Shipped,2026-02-25 00:00:00,Mobile Web
MYN100006,ORD20250006,2026-07-01 00:00:00,CUST18110,Harsh Shah,Beauty,Mumbai,Maharashtra,HRX,Moisturizer,XS,Green,4,4897,15,4162.45,0,2996.96,19646.76,12151.01,4498.79,Credit Card,Delivered,2026-07-03 00:00:00,Mobile Web
MYN100007,ORD20250007,2026-07-18 00:00:00,CUST28141,Simran Khan,Beauty,Jaipur,Rajasthan,Nike,Lipstick,Free Size,Beige,4,1783,10,1604.7,0,1155.38,7574.18,4633.29,1785.51,Net Banking,Delivered,2026-07-24 00:00:00,Mobile Web
MYN100008,ORD20250008,2026-07-11 00:00:00,CUST12693,Muskan Malhotra,Kids,Chennai,Tamil Nadu,Maybelline,Kids Jeans,XXL,Beige,4,2021,25,1515.75,0,1091.34,7154.34,4856.57,1206.43,Cash on Delivery,Shipped,2026-07-18 00:00:00,App
MYN100009,ORD20250009,2025-09-16 00:00:00,CUST13748,Neha Sinha,Women,Ahmedabad,Gujarat,Roadster,Kurtas,M,Grey,4,1605,15,1364.25,0,982.26,6439.26,3520.82,1936.18,Debit Card,Delivered,2025-09-23 00:00:00,Website
MYN100010,ORD20250010,2026-01-21 00:00:00,CUST95616,Shreya Nair,Men,Mumbai,Maharashtra,DressBerry,T-Shirts,XS,Black,4,2152,50,1076,0,774.72,5078.72,2654.09,1649.91,Credit Card,Delivered,2026-01-25 00:00:00,Website
MYN100011,ORD20250011,2026-02-20 00:00:00,CUST22688,Rahul Gupta,Women,Mumbai,Maharashtra,Allen Solly,Handbags,XL,Red,1,3773,25,2829.75,0,509.35,3339.1,1930.32,899.43,Credit Card,Delivered,2026-02-25 00:00:00,Website
MYN100012,ORD20250012,2026-02-07 00:00:00,CUST21411,Simran Reddy,Women,Indore,Madhya Pradesh,Nike,Kurtas,L,Yellow,1,4581,10,4122.9,0,742.12,4865.02,3223.11,899.79,UPI,Delivered,2026-02-10 00:00:00,Mobile Web
MYN100013,ORD20250013,2025-05-24 00:00:00,CUST26371,Dev Deshmukh,Home,Indore,Madhya Pradesh,H&M,Bedsheets,S,Black,3,5833,30,4083.1,0,2204.87,14454.17,7493,4756.3,Wallet,Returned,2025-05-27 00:00:00,App
MYN100014,ORD20250014,2025-06-01 00:00:00,CUST22183,Akash Mishra,Home,Ahmedabad,Gujarat,WROGN,Wall Decor,M,Black,4,3469,25,2601.75,0,1873.26,12280.26,8244.63,2162.37,Cash on Delivery,Processing,2025-06-08 00:00:00,Website
MYN100015,ORD20250015,2025-06-12 00:00:00,CUST48467,Dev Chauhan,Kids,Ahmedabad,Gujarat,Mast & Harbour,Kids Dresses,XXL,Green,2,397,50,198.5,99,71.46,567.46,251.08,145.92,Cash on Delivery,Delivered,2025-06-18 00:00:00,Mobile Web
MYN100016,ORD20250016,2025-02-07 00:00:00,CUST86213,Varun Oberoi,Kids,Indore,Madhya Pradesh,Roadster,Kids Jeans,M,White,3,1253,15,1065.05,0,575.13,3770.28,1973.4,1221.75,Net Banking,Delivered,2025-02-14 00:00:00,Website
MYN100017,ORD20250017,2026-07-01 00:00:00,CUST66491,Sneha Sinha,Kids,Mumbai,Maharashtra,Allen Solly,Kids Shoes,XXL,Blue,4,4847,10,4362.3,0,3140.86,20590.06,10919.86,6529.34,Cash on Delivery,Delivered,2026-07-03 00:00:00,App
MYN100018,ORD20250018,2025-06-10 00:00:00,CUST44584,Ayush Deshmukh,Home,Bengaluru,Karnataka,Roadster,Bedsheets,Free Size,Pink,1,905,50,452.5,99,81.45,632.95,284.85,167.65,Credit Card,Delivered,2025-06-14 00:00:00,Mobile Web
MYN100019,ORD20250019,2025-04-14 00:00:00,CUST88069,Dev Pawar,Women,Hyderabad,Telangana,Allen Solly,Sarees,XL,Beige,3,1985,5,1885.75,0,1018.3,6675.55,3562.53,2094.72,Credit Card,Delivered,2025-04-16 00:00:00,Mobile Web
MYN100020,ORD20250020,2026-05-27 00:00:00,CUST97922,Rahul Bhatia,Men,Jaipur,Rajasthan,Levis,Sports Shoes,Free Size,White,1,3249,20,2599.2,0,467.86,3067.06,1565.9,1033.3,Credit Card,Processing,2026-06-03 00:00:00,Mobile Web
MYN100021,ORD20250021,2025-11-01 00:00:00,CUST63006,Kriti Sinha,Kids,Jaipur,Rajasthan,Nike,Kids Shoes,M,Green,2,873,50,436.5,49,157.14,1079.14,682.96,190.04,UPI,Delivered,2025-11-06 00:00:00,App
MYN100022,ORD20250022,2025-02-16 00:00:00,CUST83523,Simran Oberoi,Men,Chennai,Tamil Nadu,HERE&NOW,Trousers,L,Blue,4,5614,30,3929.8,0,2829.46,18548.66,10900.73,4818.47,UPI,Shipped,2025-02-20 00:00:00,Mobile Web
MYN100023,ORD20250023,2026-01-28 00:00:00,CUST76617,Priya Reddy,Women,Jaipur,Rajasthan,WROGN,Sarees,XS,White,2,1039,10,935.1,0,336.64,2206.84,1450.74,419.46,Wallet,Delivered,2026-02-02 00:00:00,Website
MYN100024,ORD20250024,2026-08-04 00:00:00,CUST83666,Yash Sinha,Kids,Bengaluru,Karnataka,Maybelline,Kids Jeans,M,Green,3,5291,40,3174.6,0,1714.28,11238.08,6927.8,2596,Wallet,Processing,2026-08-11 00:00:00,App
MYN100025,ORD20250025,2025-08-06 00:00:00,CUST72752,Harsh Sinha,Women,Mumbai,Maharashtra,HERE&NOW,Tops,Free Size,Pink,4,2440,30,1708,0,1229.76,8061.76,4081.02,2750.98,Net Banking,Delivered,2025-08-09 00:00:00,Website
MYN100026,ORD20250026,2026-05-31 00:00:00,CUST98223,Ananya Deshmukh,Men,Nashik,Maharashtra,Adidas,Shirts,L,White,4,2788,20,2230.4,0,1605.89,10527.49,6493.56,2428.04,Debit Card,Delivered,2026-06-03 00:00:00,App
MYN100027,ORD20250027,2025-02-12 00:00:00,CUST96027,Tanvi More,Women,Bengaluru,Karnataka,H&M,Dresses,XL,Blue,1,5686,15,4833.1,0,869.96,5703.06,3508.35,1324.75,Credit Card,Delivered,2025-02-17 00:00:00,Mobile Web
MYN100028,ORD20250028,2025-07-15 00:00:00,CUST36092,Simran Deshmukh,Women,Jaipur,Rajasthan,Puma,Sarees,L,Yellow,3,1924,15,1635.4,0,883.12,5789.32,3071.78,1834.42,Net Banking,Shipped,2025-07-18 00:00:00,App
MYN100029,ORD20250029,2026-07-02 00:00:00,CUST44911,Rohit Pawar,Women,Ahmedabad,Gujarat,HERE&NOW,Sarees,Free Size,Green,1,3266,30,2286.2,0,411.52,2697.72,1709.04,577.16,Cash on Delivery,Delivered,2026-07-05 00:00:00,App
MYN100030,ORD20250030,2025-12-08 00:00:00,CUST57280,Aarav Mishra,Kids,Nashik,Maharashtra,Nike,Kids Shoes,L,Yellow,1,5267,15,4476.95,0,805.85,5282.8,3073.06,1403.89,Debit Card,Cancelled,2025-12-14 00:00:00,App
MYN100031,ORD20250031,2025-04-09 00:00:00,CUST21130,Nikhil Singh,Women,Delhi,Delhi,Fastrack,Heels,L,Green,4,5245,20,4196,0,3021.12,19805.12,11263.41,5520.59,UPI,Delivered,2025-04-14 00:00:00,Mobile Web
MYN100032,ORD20250032,2025-08-23 00:00:00,CUST82267,Arjun Tripathi,Men,Chennai,Tamil Nadu,Adidas,Shirts,S,Black,3,3593,0,3593,0,1940.22,12719.22,8511.96,2267.04,Net Banking,Delivered,2025-08-27 00:00:00,Website
MYN100033,ORD20250033,2025-01-29 00:00:00,CUST38295,Abhishek Shetty,Men,Jaipur,Rajasthan,Puma,Sports Shoes,XXL,Red,2,5811,30,4067.7,0,1464.37,9599.77,4796.5,3338.9,UPI,Delivered,2025-02-04 00:00:00,Mobile Web
MYN100034,ORD20250034,2025-07-01 00:00:00,CUST25485,Priya Iyer,Home,Delhi,Delhi,DressBerry,Bedsheets,XL,White,3,3440,25,2580,0,1393.2,9133.2,5881.08,1858.92,Cash on Delivery,Delivered,2025-07-05 00:00:00,Website
MYN100035,ORD20250035,2026-05-20 00:00:00,CUST43591,Dev Sharma,Men,Ahmedabad,Gujarat,Puma,Trousers,XXL,Green,1,2257,25,1692.75,0,304.7,1997.45,1039.56,653.19,Wallet,Delivered,2026-05-25 00:00:00,Website
MYN100036,ORD20250036,2025-08-15 00:00:00,CUST81726,Neha Sinha,Men,Bengaluru,Karnataka,Maybelline,Sports Shoes,XS,Black,3,4474,20,3579.2,0,1932.77,12670.37,8570.34,2167.26,Net Banking,Returned,2025-08-19 00:00:00,Website
MYN100037,ORD20250037,2026-02-12 00:00:00,CUST19337,Shreya Yadav,Women,Indore,Madhya Pradesh,H&M,Kurtas,S,Grey,4,1652,40,991.2,0,713.66,4678.46,2602.97,1361.83,Credit Card,Delivered,2026-02-17 00:00:00,Website
MYN100038,ORD20250038,2026-04-06 00:00:00,CUST37532,Aditya Sharma,Men,Delhi,Delhi,Nike,Sports Shoes,XL,Pink,3,4074,15,3462.9,0,1869.97,12258.67,7217.51,3171.19,Credit Card,Delivered,2026-04-11 00:00:00,Mobile Web
MYN100039,ORD20250039,2025-04-29 00:00:00,CUST18415,Kriti Chopra,Kids,Pune,Maharashtra,Nike,Kids Shoes,M,Green,2,308,40,184.8,79,66.53,515.13,207.79,161.81,Credit Card,Processing,2025-05-01 00:00:00,Mobile Web
MYN100040,ORD20250040,2026-01-20 00:00:00,CUST39189,Meera Naik,Women,Mumbai,Maharashtra,H&M,Dresses,XL,Green,1,5879,0,5879,0,1058.22,6937.22,3891.91,1987.09,Wallet,Delivered,2026-01-26 00:00:00,Mobile Web
MYN100041,ORD20250041,2026-04-02 00:00:00,CUST63932,Meera Verma,Women,Bengaluru,Karnataka,HERE&NOW,Handbags,XXL,Black,1,5108,30,3575.6,0,643.61,4219.21,2199.33,1376.27,UPI,Delivered,2026-04-09 00:00:00,Website
MYN100042,ORD20250042,2025-02-23 00:00:00,CUST34285,Kavya More,Women,Pune,Maharashtra,Adidas,Sarees,XS,Beige,3,4832,25,3624,0,1956.96,12828.96,6883.06,3988.94,Net Banking,Delivered,2025-02-28 00:00:00,App
MYN100043,ORD20250043,2025-12-01 00:00:00,CUST85745,Harsh Chatterjee,Women,Chennai,Tamil Nadu,Mast & Harbour,Dresses,XS,Pink,2,5158,50,2579,0,928.44,6086.44,3658.45,1499.55,UPI,Delivered,2025-12-05 00:00:00,Mobile Web
MYN100044,ORD20250044,2025-11-26 00:00:00,CUST83477,Yash Chopra,Women,Mumbai,Maharashtra,Mast & Harbour,Sarees,S,Blue,2,2479,25,1859.25,0,669.33,4387.83,2975.46,743.04,UPI,Delivered,2025-11-28 00:00:00,Mobile Web
MYN100045,ORD20250045,2025-07-14 00:00:00,CUST85697,Aditi Chauhan,Men,Kolkata,West Bengal,Anouk,Jeans,M,Blue,4,1198,10,1078.2,0,776.3,5089.1,2851.4,1461.4,Net Banking,Shipped,2025-07-18 00:00:00,App
MYN100046,ORD20250046,2025-12-12 00:00:00,CUST91818,Harsh Desai,Women,Hyderabad,Telangana,Maybelline,Sarees,S,Yellow,1,5823,20,4658.4,0,838.51,5496.91,3141.67,1516.73,UPI,Delivered,2025-12-19 00:00:00,Website
MYN100047,ORD20250047,2025-09-10 00:00:00,CUST92558,Ayush Oberoi,Men,Mumbai,Maharashtra,H&M,Watches,XXL,Beige,4,5444,30,3810.8,0,2743.78,17986.98,11463.35,3779.85,Wallet,Delivered,2025-09-15 00:00:00,Website
MYN100048,ORD20250048,2025-12-29 00:00:00,CUST98869,Tanya Kulkarni,Kids,Kolkata,West Bengal,H&M,Kids Dresses,M,Yellow,3,5277,25,3957.75,0,2137.18,14010.43,9237.38,2635.87,Net Banking,Delivered,2026-01-03 00:00:00,Website
MYN100049,ORD20250049,2026-08-03 00:00:00,CUST36734,Shreya Jain,Women,Hyderabad,Telangana,WROGN,Kurtas,Free Size,Pink,1,424,5,402.8,0,72.5,475.3,286.1,116.7,Credit Card,Processing,2026-08-06 00:00:00,Mobile Web
MYN100050,ORD20250050,2026-03-19 00:00:00,CUST13812,Harsh Srivastava,Kids,Nashik,Maharashtra,Levis,Kids T-Shirts,XS,Green,4,2771,15,2355.35,0,1695.85,11117.25,6824.84,2596.56,Wallet,Returned,2026-03-23 00:00:00,App
MYN100051,ORD20250051,2025-05-17 00:00:00,CUST14324,Tanya Tripathi,Men,Lucknow,Uttar Pradesh,Lakme,Trousers,Free Size,Pink,3,3816,10,3434.4,0,1854.58,12157.78,5821.58,4481.62,Credit Card,Delivered,2025-05-21 00:00:00,Mobile Web
MYN100052,ORD20250052,2026-01-27 00:00:00,CUST16469,Aditya Sharma,Beauty,Kolkata,West Bengal,Lakme,Face Wash,XXL,Red,2,5341,30,3738.7,0,1345.93,8823.33,5236.62,2240.78,Debit Card,Delivered,2026-01-30 00:00:00,App
MYN100053,ORD20250053,2026-05-26 00:00:00,CUST57362,Tanvi Patel,Kids,Mumbai,Maharashtra,Fastrack,Kids Jeans,XXL,White,1,5048,10,4543.2,0,817.78,5360.98,3119.58,1423.62,Credit Card,Delivered,2026-05-31 00:00:00,App
MYN100054,ORD20250054,2026-07-04 00:00:00,CUST93524,Naina Kulkarni,Men,Kolkata,West Bengal,HRX,Trousers,XXL,Green,3,4012,0,4012,0,2166.48,14202.48,8834.49,3201.51,Debit Card,Delivered,2026-07-08 00:00:00,App
MYN100055,ORD20250055,2025-08-17 00:00:00,CUST96740,Priya Roy,Men,Mumbai,Maharashtra,Mast & Harbour,Jeans,XL,Blue,4,5714,25,4285.5,0,3085.56,20227.56,13324.37,3817.63,Debit Card,Processing,2025-08-24 00:00:00,Website
MYN100056,ORD20250056,2026-06-10 00:00:00,CUST81520,Riya Desai,Women,Jaipur,Rajasthan,Nike,Tops,Free Size,Black,4,2435,25,1826.25,0,1314.9,8619.9,4883.88,2421.12,UPI,Shipped,2026-06-14 00:00:00,App
MYN100057,ORD20250057,2026-08-02 00:00:00,CUST97487,Rahul Tripathi,Beauty,Bengaluru,Karnataka,Lakme,Perfume,Free Size,Black,3,3986,10,3587.4,0,1937.2,12699.4,6258.89,4503.31,Cash on Delivery,Delivered,2026-08-06 00:00:00,Website
MYN100058,ORD20250058,2025-09-11 00:00:00,CUST42265,Rohan Goyal,Beauty,Hyderabad,Telangana,Maybelline,Moisturizer,M,Black,3,1419,25,1064.25,0,574.69,3767.44,2397.33,795.42,Wallet,Delivered,2025-09-16 00:00:00,Website
MYN100059,ORD20250059,2025-05-10 00:00:00,CUST49666,Pooja Desai,Women,Kolkata,West Bengal,Maybelline,Tops,L,Green,1,3527,20,2821.6,0,507.89,3329.49,1726.53,1095.07,Cash on Delivery,Shipped,2025-05-14 00:00:00,Mobile Web
MYN100060,ORD20250060,2026-01-31 00:00:00,CUST27368,Kavya Mehta,Home,Hyderabad,Telangana,Anouk,Bath Towels,Free Size,Grey,2,5106,15,4340.1,0,1562.44,10242.64,6994.21,1685.99,Cash on Delivery,Shipped,2026-02-03 00:00:00,Mobile Web
MYN100061,ORD20250061,2026-01-13 00:00:00,CUST54327,Ananya Srivastava,Home,Delhi,Delhi,Allen Solly,Bath Towels,XXL,Beige,3,3234,0,3234,0,1746.36,11448.36,5735.68,3966.32,UPI,Delivered,2026-01-15 00:00:00,Website
MYN100062,ORD20250062,2026-07-21 00:00:00,CUST78244,Shreya Joshi,Men,Delhi,Delhi,Lakme,Shirts,XL,Yellow,1,1504,30,1052.8,0,189.5,1242.3,826.31,226.49,Credit Card,Shipped,2026-07-25 00:00:00,App
MYN100063,ORD20250063,2025-07-29 00:00:00,CUST46368,Aditi Kapoor,Men,Delhi,Delhi,Mast & Harbour,T-Shirts,XXL,Grey,2,835,30,584.5,0,210.42,1379.42,752.27,416.73,UPI,Processing,2025-08-02 00:00:00,Mobile Web
MYN100064,ORD20250064,2026-04-14 00:00:00,CUST56163,Rahul Bose,Men,Mumbai,Maharashtra,Puma,Sports Shoes,XS,Red,2,4679,20,3743.2,0,1347.55,8833.95,4562.41,2923.99,Wallet,Delivered,2026-04-16 00:00:00,Website
MYN100065,ORD20250065,2026-03-11 00:00:00,CUST12079,Isha Kulkarni,Men,Mumbai,Maharashtra,Puma,Sports Shoes,XL,Grey,1,4721,20,3776.8,0,679.82,4456.62,2482.4,1294.4,Debit Card,Processing,2026-03-15 00:00:00,Website
MYN100066,ORD20250066,2025-09-21 00:00:00,CUST58770,Aditya Srivastava,Women,Pune,Maharashtra,Fastrack,Dresses,S,Blue,1,4588,20,3670.4,0,660.67,4331.07,2415.88,1254.52,Wallet,Delivered,2025-09-27 00:00:00,Website
MYN100067,ORD20250067,2026-03-19 00:00:00,CUST41480,Arjun Patel,Women,Pune,Maharashtra,Allen Solly,Tops,M,Blue,1,3761,20,3008.8,0,541.58,3550.38,2103.05,905.75,UPI,Shipped,2026-03-25 00:00:00,Mobile Web
MYN100068,ORD20250068,2026-05-15 00:00:00,CUST96925,Aditi Patel,Kids,Kolkata,West Bengal,Allen Solly,Kids Shoes,S,Beige,3,1610,30,1127,0,608.58,3989.58,2738.32,642.68,Credit Card,Delivered,2026-05-21 00:00:00,Mobile Web
MYN100069,ORD20250069,2026-06-07 00:00:00,CUST86918,Dev Bhatt,Kids,Nashik,Maharashtra,Mast & Harbour,Kids T-Shirts,XL,Green,2,5966,20,4772.8,0,1718.21,11263.81,7550.77,1994.83,Wallet,Cancelled,2026-06-10 00:00:00,Website
MYN100070,ORD20250070,2025-06-07 00:00:00,CUST96143,Arjun Rathore,Women,Nashik,Maharashtra,Levis,Handbags,S,Blue,4,5918,50,2959,0,2130.48,13966.48,6957.56,4878.44,UPI,Cancelled,2025-06-11 00:00:00,Website
MYN100071,ORD20250071,2025-01-04 00:00:00,CUST86908,Tanya Menon,Kids,Ahmedabad,Gujarat,Maybelline,Kids Dresses,Free Size,Green,2,3729,10,3356.1,0,1208.2,7920.4,5204.85,1507.35,Debit Card,Delivered,2025-01-07 00:00:00,Website
MYN100072,ORD20250072,2026-01-13 00:00:00,CUST50809,Sneha Singh,Home,Delhi,Delhi,Adidas,Bedsheets,XL,Yellow,1,339,10,305.1,0,54.92,360.02,221.47,83.63,Wallet,Delivered,2026-01-18 00:00:00,Mobile Web
MYN100073,ORD20250073,2026-07-12 00:00:00,CUST71120,Isha Bose,Women,Ahmedabad,Gujarat,Maybelline,Tops,XL,Red,1,753,20,602.4,49,108.43,759.83,397.09,205.31,Debit Card,Delivered,2026-07-15 00:00:00,Website
MYN100074,ORD20250074,2025-04-08 00:00:00,CUST99399,Tanvi Saxena,Men,Lucknow,Uttar Pradesh,Puma,Jeans,S,Red,4,1435,25,1076.25,0,774.9,5079.9,3026.11,1278.89,Cash on Delivery,Delivered,2025-04-15 00:00:00,Mobile Web
MYN100075,ORD20250075,2026-05-16 00:00:00,CUST47904,Ananya Verma,Women,Lucknow,Uttar Pradesh,Roadster,Dresses,XS,Grey,1,4759,5,4521.05,0,813.79,5334.84,3427.62,1093.43,Credit Card,Delivered,2026-05-18 00:00:00,App
MYN100076,ORD20250076,2026-06-08 00:00:00,CUST79626,Sakshi Jain,Men,Bengaluru,Karnataka,HRX,Jeans,XL,Black,2,4502,25,3376.5,0,1215.54,7968.54,3723.73,3029.27,Credit Card,Delivered,2026-06-12 00:00:00,App
MYN100077,ORD20250077,2026-01-09 00:00:00,CUST65761,Abhishek Goyal,Women,Kolkata,West Bengal,Lakme,Tops,L,Yellow,1,637,25,477.75,0,85.99,563.74,347.74,130.01,Net Banking,Returned,2026-01-16 00:00:00,Website
MYN100078,ORD20250078,2025-12-01 00:00:00,CUST21122,Kriti Mehta,Men,Chennai,Tamil Nadu,Allen Solly,Shirts,S,Beige,1,699,10,629.1,49,113.24,791.34,501.51,127.59,Net Banking,Processing,2025-12-07 00:00:00,Website
MYN100079,ORD20250079,2025-06-08 00:00:00,CUST67132,Priya Malhotra,Kids,Nashik,Maharashtra,WROGN,Kids Jeans,M,Green,3,4796,20,3836.8,0,2071.87,13582.27,6445.73,5064.67,Debit Card,Delivered,2025-06-12 00:00:00,Website
MYN100080,ORD20250080,2025-06-10 00:00:00,CUST90765,Kavya Kamble,Kids,Kolkata,West Bengal,WROGN,Kids Jeans,Free Size,Blue,1,3886,25,2914.5,0,524.61,3439.11,2183.6,730.9,Credit Card,Shipped,2025-06-16 00:00:00,Website
MYN100081,ORD20250081,2026-04-22 00:00:00,CUST22984,Meera Chopra,Men,Pune,Maharashtra,Maybelline,Sports Shoes,L,Yellow,2,4109,0,4109,0,1479.24,9697.24,5298.08,2919.92,Credit Card,Delivered,2026-04-29 00:00:00,Website
MYN100082,ORD20250082,2025-11-20 00:00:00,CUST50600,Kriti Rathore,Women,Mumbai,Maharashtra,HERE&NOW,Tops,XL,Yellow,2,4059,5,3856.05,0,1388.18,9100.28,4860.09,2852.01,UPI,Delivered,2025-11-23 00:00:00,App
MYN100083,ORD20250083,2026-03-16 00:00:00,CUST39757,Karan Srivastava,Kids,Jaipur,Rajasthan,H&M,Kids Jeans,XS,Beige,3,2127,25,1595.25,0,861.44,5647.19,3392.66,1393.09,Cash on Delivery,Shipped,2026-03-23 00:00:00,Mobile Web
MYN100084,ORD20250084,2025-08-14 00:00:00,CUST37376,Priya Shetty,Women,Hyderabad,Telangana,Fastrack,Handbags,M,Grey,2,1183,30,828.1,0,298.12,1954.32,1014.06,642.14,Wallet,Delivered,2025-08-16 00:00:00,App
MYN100085,ORD20250085,2026-02-23 00:00:00,CUST34578,Abhishek Rawat,Men,Nashik,Maharashtra,Nike,T-Shirts,XXL,Grey,1,5438,50,2719,0,489.42,3208.42,1686.5,1032.5,Net Banking,Delivered,2026-02-26 00:00:00,Mobile Web
MYN100086,ORD20250086,2026-06-25 00:00:00,CUST98801,Pooja Rawat,Men,Bengaluru,Karnataka,Lakme,Trousers,XS,Grey,4,3980,15,3383,0,2435.76,15967.76,8413.01,5118.99,UPI,Delivered,2026-06-27 00:00:00,App
MYN100087,ORD20250087,2026-03-30 00:00:00,CUST13020,Mohit Yadav,Kids,Indore,Madhya Pradesh,Puma,Kids Dresses,XL,Black,3,1273,0,1273,0,687.42,4506.42,2846.39,972.61,Credit Card,Delivered,2026-04-05 00:00:00,App
MYN100088,ORD20250088,2025-10-16 00:00:00,CUST29623,Rohit Khan,Women,Jaipur,Rajasthan,Mast & Harbour,Handbags,M,Yellow,2,5741,15,4879.85,0,1756.75,11516.45,6800.76,2958.94,Net Banking,Delivered,2025-10-23 00:00:00,Mobile Web
MYN100089,ORD20250089,2026-07-11 00:00:00,CUST64302,Priya Kulkarni,Men,Delhi,Delhi,Adidas,Sports Shoes,S,Green,4,4585,25,3438.75,0,2475.9,16230.9,8154.29,5600.71,Wallet,Delivered,2026-07-14 00:00:00,Mobile Web
MYN100090,ORD20250090,2025-08-21 00:00:00,CUST82545,Simran Naik,Men,Indore,Madhya Pradesh,HRX,Trousers,XL,Blue,1,593,10,533.7,49,96.07,678.77,340.57,193.13,Wallet,Delivered,2025-08-23 00:00:00,Mobile Web
MYN100091,ORD20250091,2025-10-05 00:00:00,CUST55539,Rohit Sharma,Beauty,Pune,Maharashtra,Nike,Perfume,L,Black,3,4201,15,3570.85,0,1928.26,12640.81,8587.69,2124.86,Cash on Delivery,Delivered,2025-10-10 00:00:00,Website
MYN100092,ORD20250092,2025-10-12 00:00:00,CUST97266,Akash Desai,Kids,Hyderabad,Telangana,Roadster,Kids Dresses,XL,Beige,2,4868,0,4868,0,1752.48,11488.48,7645.83,2090.17,Net Banking,Processing,2025-10-17 00:00:00,Mobile Web
MYN100093,ORD20250093,2025-04-09 00:00:00,CUST78878,Nikhil Chauhan,Beauty,Jaipur,Rajasthan,H&M,Lipstick,XL,Red,2,3908,5,3712.6,0,1336.54,8761.74,6082.9,1342.3,Credit Card,Cancelled,2025-04-15 00:00:00,Mobile Web
MYN100094,ORD20250094,2025-01-21 00:00:00,CUST58901,Isha Mishra,Kids,Lucknow,Uttar Pradesh,H&M,Kids Dresses,XS,Green,4,4077,40,2446.2,0,1761.26,11546.06,5464.34,4320.46,Debit Card,Shipped,2025-01-27 00:00:00,Mobile Web
MYN100095,ORD20250095,2026-06-08 00:00:00,CUST28639,Varun Agarwal,Women,Pune,Maharashtra,Anouk,Tops,L,Yellow,1,2279,10,2051.1,0,369.2,2420.3,1489,562.1,UPI,Cancelled,2026-06-11 00:00:00,App
MYN100096,ORD20250096,2026-01-13 00:00:00,CUST10526,Mohit Shetty,Beauty,Pune,Maharashtra,Lakme,Lipstick,XXL,Beige,1,4743,5,4505.85,0,811.05,5316.9,3587.54,918.31,UPI,Delivered,2026-01-17 00:00:00,Website
MYN100097,ORD20250097,2025-04-27 00:00:00,CUST39759,Naina Sinha,Kids,Hyderabad,Telangana,Nike,Kids Jeans,XL,White,2,1315,5,1249.25,0,449.73,2948.23,1766.77,731.73,Wallet,Processing,2025-04-30 00:00:00,Website
MYN100098,ORD20250098,2026-01-27 00:00:00,CUST56167,Arjun Pandey,Women,Lucknow,Uttar Pradesh,Allen Solly,Heels,XS,Yellow,4,5719,25,4289.25,0,3088.26,20245.26,13048.92,4108.08,Wallet,Delivered,2026-01-31 00:00:00,Mobile Web
MYN100099,ORD20250099,2025-01-02 00:00:00,CUST55004,Aarav Bhatia,Women,Delhi,Delhi,Levis,Heels,XL,Red,4,3019,20,2415.2,0,1738.94,11399.74,7768.58,1892.22,Credit Card,Delivered,2025-01-04 00:00:00,Website
MYN100100,ORD20250100,2026-03-04 00:00:00,CUST67660,Shreya Patel,Women,Jaipur,Rajasthan,WROGN,Heels,M,Pink,3,2008,25,1506,0,813.24,5331.24,2729.06,1788.94,UPI,Returned,2026-03-06 00:00:00,Website
MYN100101,ORD20250101,2025-11-14 00:00:00,CUST56163,Dev Agarwal,Women,Indore,Madhya Pradesh,HRX,Kurtas,XXL,Pink,4,5682,40,3409.2,0,2454.62,16091.42,10452.15,3184.65,Credit Card,Delivered,2025-11-18 00:00:00,Mobile Web
MYN100102,ORD20250102,2026-06-08 00:00:00,CUST93186,Rohit Srivastava,Kids,Jaipur,Rajasthan,Levis,Kids T-Shirts,M,Beige,2,4408,0,4408,0,1586.88,10402.88,6260.99,2555.01,Wallet,Delivered,2026-06-14 00:00:00,App
MYN100103,ORD20250103,2025-12-18 00:00:00,CUST70315,Mansi Bansal,Men,Nashik,Maharashtra,WROGN,Sports Shoes,M,Blue,3,3964,0,3964,0,2140.56,14032.56,7274.13,4617.87,Net Banking,Delivered,2025-12-20 00:00:00,App
MYN100104,ORD20250104,2025-01-24 00:00:00,CUST35963,Rahul Chauhan,Women,Indore,Madhya Pradesh,WROGN,Kurtas,L,Grey,3,4187,30,2930.9,0,1582.69,10375.39,5823.36,2969.34,Credit Card,Shipped,2025-01-29 00:00:00,App
MYN100105,ORD20250105,2025-10-22 00:00:00,CUST55241,Yash Naik,Women,Jaipur,Rajasthan,DressBerry,Kurtas,XL,Blue,3,5930,20,4744,0,2561.76,16793.76,11288.67,2943.33,Net Banking,Returned,2025-10-25 00:00:00,Website
MYN100106,ORD20250106,2026-06-10 00:00:00,CUST36916,Tanya Pawar,Women,Jaipur,Rajasthan,Mast & Harbour,Kurtas,XXL,Yellow,2,3890,15,3306.5,0,1190.34,7803.34,3957.98,2655.02,Wallet,Delivered,2026-06-17 00:00:00,Website
MYN100107,ORD20250107,2025-01-28 00:00:00,CUST23760,Karan Reddy,Beauty,Pune,Maharashtra,DressBerry,Face Wash,L,Grey,3,4113,5,3907.35,0,2109.97,13832.02,7435.06,4286.99,Cash on Delivery,Cancelled,2025-01-31 00:00:00,App
MYN100108,ORD20250108,2025-12-27 00:00:00,CUST89530,Riya Malhotra,Men,Nashik,Maharashtra,Adidas,Jeans,XS,Pink,2,928,5,881.6,0,317.38,2080.58,1183.41,579.79,Cash on Delivery,Delivered,2025-12-29 00:00:00,App
MYN100109,ORD20250109,2026-01-02 00:00:00,CUST60108,Aditya Pawar,Women,Bengaluru,Karnataka,Levis,Handbags,S,White,4,2651,30,1855.7,0,1336.1,8758.9,4977.13,2445.67,UPI,Delivered,2026-01-09 00:00:00,Mobile Web
MYN100110,ORD20250110,2025-06-10 00:00:00,CUST35611,Isha Singh,Men,Mumbai,Maharashtra,Maybelline,Shirts,L,Green,1,1357,15,1153.45,0,207.62,1361.07,661.98,491.47,Credit Card,Shipped,2025-06-12 00:00:00,Mobile Web
MYN100111,ORD20250111,2026-03-03 00:00:00,CUST89141,Mohit Chopra,Men,Pune,Maharashtra,Nike,Shirts,Free Size,Red,3,4167,30,2916.9,0,1575.13,10325.83,5413.54,3337.16,Credit Card,Delivered,2026-03-06 00:00:00,Website
MYN100112,ORD20250112,2026-05-10 00:00:00,CUST58320,Arjun Mehta,Kids,Bengaluru,Karnataka,HRX,Kids Jeans,Free Size,White,1,427,25,320.25,99,57.64,476.89,196.42,123.83,Credit Card,Delivered,2026-05-17 00:00:00,App
MYN100113,ORD20250113,2025-05-27 00:00:00,CUST88916,Ananya Yadav,Beauty,Lucknow,Uttar Pradesh,Levis,Face Wash,S,White,4,2162,25,1621.5,0,1167.48,7653.48,4752.02,1733.98,Credit Card,Delivered,2025-06-03 00:00:00,Website
MYN100114,ORD20250114,2026-05-04 00:00:00,CUST39165,Ayush Kamble,Women,Ahmedabad,Gujarat,Nike,Kurtas,XXL,Blue,1,5082,25,3811.5,0,686.07,4497.57,2679.84,1131.66,Wallet,Cancelled,2026-05-08 00:00:00,Website
MYN100115,ORD20250115,2026-03-31 00:00:00,CUST99152,Varun Kapoor,Beauty,Nashik,Maharashtra,WROGN,Face Wash,Free Size,Green,4,1687,30,1180.9,0,850.25,5573.85,2976.6,1747,Debit Card,Delivered,2026-04-02 00:00:00,App
MYN100116,ORD20250116,2025-01-03 00:00:00,CUST45631,Aditi Sharma,Women,Mumbai,Maharashtra,Allen Solly,Kurtas,XXL,Green,2,3637,20,2909.6,0,1047.46,6866.66,4210.17,1609.03,Net Banking,Cancelled,2025-01-09 00:00:00,Website
MYN100117,ORD20250117,2025-12-09 00:00:00,CUST36987,Vikram Bansal,Men,Bengaluru,Karnataka,HRX,Sports Shoes,Free Size,Beige,3,3321,20,2656.8,0,1434.67,9405.07,5232.4,2738,Net Banking,Processing,2025-12-16 00:00:00,Mobile Web
MYN100118,ORD20250118,2026-01-08 00:00:00,CUST52652,Mohit Pandey,Men,Delhi,Delhi,Mast & Harbour,Jeans,S,Red,3,5183,20,4146.4,0,2239.06,14678.26,7182.19,5257.01,Wallet,Shipped,2026-01-13 00:00:00,Website
MYN100119,ORD20250119,2026-08-09 00:00:00,CUST99022,Aditya Tiwari,Women,Jaipur,Rajasthan,DressBerry,Handbags,XS,Grey,3,3715,20,2972,0,1604.88,10520.88,6543.47,2372.53,Cash on Delivery,Delivered,2026-08-15 00:00:00,Website
MYN100120,ORD20250120,2025-04-28 00:00:00,CUST62249,Varun Gupta,Beauty,Kolkata,West Bengal,Levis,Face Wash,Free Size,Grey,3,2007,20,1605.6,0,867.02,5683.82,2652.6,2164.2,Credit Card,Cancelled,2025-05-04 00:00:00,App
MYN100121,ORD20250121,2025-03-01 00:00:00,CUST91571,Aditya Rathore,Beauty,Lucknow,Uttar Pradesh,Adidas,Face Wash,XS,Beige,4,1615,15,1372.75,0,988.38,6479.38,4239.63,1251.37,Credit Card,Processing,2025-03-04 00:00:00,App
MYN100122,ORD20250122,2026-02-23 00:00:00,CUST67993,Dev Singh,Men,Pune,Maharashtra,Levis,Jeans,XXL,Yellow,1,5067,10,4560.3,0,820.85,5381.15,2727.88,1832.42,Wallet,Delivered,2026-02-28 00:00:00,App
MYN100123,ORD20250123,2026-04-04 00:00:00,CUST48467,Tanya Bhatia,Home,Bengaluru,Karnataka,WROGN,Wall Decor,XXL,Beige,2,4028,15,3423.8,0,1232.57,8080.17,4590.38,2257.22,Net Banking,Processing,2026-04-09 00:00:00,Website
MYN100124,ORD20250124,2026-07-15 00:00:00,CUST20756,Vikram Tiwari,Men,Delhi,Delhi,Roadster,Sports Shoes,XXL,Grey,3,371,15,315.35,49,170.29,1165.34,611.01,335.04,Credit Card,Delivered,2026-07-20 00:00:00,Mobile Web
MYN100125,ORD20250125,2025-07-28 00:00:00,CUST63363,Mohit Singh,Women,Nashik,Maharashtra,Adidas,Handbags,XXL,Red,3,640,25,480,0,259.2,1699.2,939.15,500.85,Net Banking,Processing,2025-08-01 00:00:00,App
MYN100126,ORD20250126,2026-02-04 00:00:00,CUST20754,Mansi Shah,Women,Jaipur,Rajasthan,WROGN,Kurtas,L,Blue,3,2792,15,2373.2,0,1281.53,8401.13,5369.35,1750.25,Wallet,Returned,2026-02-09 00:00:00,App
MYN100127,ORD20250127,2025-06-10 00:00:00,CUST75061,Karan Bansal,Kids,Mumbai,Maharashtra,Levis,Kids Jeans,S,Red,2,584,20,467.2,49,168.19,1151.59,536.41,397.99,UPI,Cancelled,2025-06-16 00:00:00,Mobile Web
MYN100128,ORD20250128,2025-06-29 00:00:00,CUST46035,Dev Agarwal,Men,Bengaluru,Karnataka,Nike,Shirts,Free Size,Pink,1,3116,40,1869.6,0,336.53,2206.13,1285.58,584.02,Debit Card,Delivered,2025-07-06 00:00:00,Website
MYN100129,ORD20250129,2026-03-05 00:00:00,CUST55033,Rohan Deshmukh,Women,Bengaluru,Karnataka,Levis,Heels,M,Beige,3,542,10,487.8,0,263.41,1726.81,961.8,501.6,Cash on Delivery,Shipped,2026-03-09 00:00:00,Website
MYN100130,ORD20250130,2025-09-23 00:00:00,CUST73740,Rohan Dubey,Men,Pune,Maharashtra,Mast & Harbour,Sports Shoes,XS,Red,2,4524,10,4071.6,0,1465.78,9608.98,6623.8,1519.4,Wallet,Delivered,2025-09-25 00:00:00,App
MYN100131,ORD20250131,2025-04-27 00:00:00,CUST27347,Sahil More,Women,Delhi,Delhi,Lakme,Heels,Free Size,Red,2,3245,40,1947,0,700.92,4594.92,2295.59,1598.41,Net Banking,Delivered,2025-04-30 00:00:00,App
MYN100132,ORD20250132,2025-05-10 00:00:00,CUST81966,Kriti Chatterjee,Home,Indore,Madhya Pradesh,HRX,Bath Towels,XL,Blue,1,2793,20,2234.4,0,402.19,2636.59,1239.59,994.81,Credit Card,Delivered,2025-05-15 00:00:00,Website
MYN100133,ORD20250133,2025-03-24 00:00:00,CUST80984,Neha Nair,Men,Pune,Maharashtra,H&M,Watches,Free Size,Black,3,5671,20,4536.8,0,2449.87,16060.27,11100.55,2509.85,Cash on Delivery,Delivered,2025-03-26 00:00:00,Mobile Web
MYN100134,ORD20250134,2025-08-19 00:00:00,CUST42371,Mohit Verma,Men,Indore,Madhya Pradesh,WROGN,Sports Shoes,Free Size,Pink,4,1118,5,1062.1,0,764.71,5013.11,2941.17,1307.23,Wallet,Delivered,2025-08-22 00:00:00,Mobile Web
MYN100135,ORD20250135,2026-04-16 00:00:00,CUST70428,Rohit Kulkarni,Kids,Chennai,Tamil Nadu,HERE&NOW,Kids Dresses,S,White,1,4780,5,4541,0,817.38,5358.38,2521.08,2019.92,Net Banking,Delivered,2026-04-19 00:00:00,App
MYN100136,ORD20250136,2025-11-04 00:00:00,CUST35121,Abhishek Thakur,Men,Delhi,Delhi,Maybelline,Sports Shoes,L,White,4,763,5,724.85,0,521.89,3421.29,2100.45,798.95,Debit Card,Delivered,2025-11-10 00:00:00,App
MYN100137,ORD20250137,2026-01-28 00:00:00,CUST59723,Rahul Desai,Women,Jaipur,Rajasthan,Anouk,Handbags,S,White,4,2743,5,2605.85,0,1876.21,12299.61,7947.47,2475.93,Credit Card,Shipped,2026-01-30 00:00:00,App
MYN100138,ORD20250138,2025-06-22 00:00:00,CUST73936,Ishita Chopra,Beauty,Lucknow,Uttar Pradesh,Puma,Perfume,XL,Grey,1,2546,10,2291.4,0,412.45,2703.85,1301.51,989.89,Net Banking,Delivered,2025-06-26 00:00:00,App
MYN100139,ORD20250139,2025-08-20 00:00:00,CUST58355,Isha More,Kids,Nashik,Maharashtra,Maybelline,Kids T-Shirts,Free Size,Blue,1,706,5,670.7,0,120.73,791.43,460.98,209.72,Debit Card,Delivered,2025-08-23 00:00:00,Mobile Web
MYN100140,ORD20250140,2026-01-03 00:00:00,CUST71063,Isha Gupta,Men,Hyderabad,Telangana,HERE&NOW,Sports Shoes,XS,Yellow,2,3722,0,3722,0,1339.92,8783.92,4136.3,3307.7,Credit Card,Cancelled,2026-01-08 00:00:00,Mobile Web
MYN100141,ORD20250141,2025-07-09 00:00:00,CUST95667,Varun Rawat,Men,Delhi,Delhi,DressBerry,T-Shirts,S,Pink,1,1912,0,1912,0,344.16,2256.16,1325.36,586.64,Net Banking,Delivered,2025-07-12 00:00:00,App
MYN100142,ORD20250142,2026-02-06 00:00:00,CUST48714,Dev Rathore,Home,Indore,Madhya Pradesh,Allen Solly,Bath Towels,XS,White,3,5644,5,5361.8,0,2895.37,18980.77,9328.22,6757.18,Wallet,Delivered,2026-02-08 00:00:00,Website
MYN100143,ORD20250143,2025-08-10 00:00:00,CUST53950,Arjun Naik,Home,Nashik,Maharashtra,Allen Solly,Bath Towels,XL,Green,1,984,0,984,79,177.12,1240.12,719.59,264.41,Wallet,Delivered,2025-08-12 00:00:00,Website
MYN100144,ORD20250144,2025-12-11 00:00:00,CUST58908,Diya Deshmukh,Kids,Indore,Madhya Pradesh,WROGN,Kids Shoes,S,Green,2,2058,5,1955.1,0,703.84,4614.04,2945.79,964.41,Cash on Delivery,Delivered,2025-12-18 00:00:00,Mobile Web
MYN100145,ORD20250145,2025-12-19 00:00:00,CUST93986,Tanya Mehta,Home,Chennai,Tamil Nadu,Mast & Harbour,Wall Decor,XL,Beige,2,4482,15,3809.7,0,1371.49,8990.89,5306.18,2313.22,Cash on Delivery,Delivered,2025-12-23 00:00:00,Mobile Web
MYN100146,ORD20250146,2025-09-18 00:00:00,CUST72946,Akash Chauhan,Beauty,Kolkata,West Bengal,Fastrack,Shampoo,S,Yellow,4,660,20,528,0,380.16,2492.16,1302.27,809.73,Credit Card,Returned,2025-09-22 00:00:00,App
MYN100147,ORD20250147,2025-08-22 00:00:00,CUST45851,Isha Das,Kids,Lucknow,Uttar Pradesh,H&M,Kids Shoes,XXL,Yellow,1,3436,15,2920.6,0,525.71,3446.31,2031.12,889.48,Credit Card,Cancelled,2025-08-25 00:00:00,App
MYN100148,ORD20250148,2025-05-12 00:00:00,CUST28313,Sneha Sharma,Women,Nashik,Maharashtra,Allen Solly,Dresses,XXL,Blue,3,5409,20,4327.2,0,2336.69,15318.29,10632.06,2349.54,Credit Card,Shipped,2025-05-18 00:00:00,App
MYN100149,ORD20250149,2025-02-26 00:00:00,CUST37766,Neha Bhatt,Kids,Chennai,Tamil Nadu,Puma,Kids Dresses,L,Blue,2,2751,0,2751,0,990.36,6492.36,3554.2,1947.8,Net Banking,Delivered,2025-03-04 00:00:00,Website
MYN100150,ORD20250150,2025-03-01 00:00:00,CUST15997,Karan Saxena,Women,Kolkata,West Bengal,Puma,Tops,XXL,Grey,3,460,20,368,0,198.72,1302.72,687.63,416.37,Net Banking,Delivered,2025-03-05 00:00:00,Website
MYN100151,ORD20250151,2025-04-23 00:00:00,CUST11651,Ayush Menon,Home,Delhi,Delhi,Fastrack,Bedsheets,M,Yellow,4,2365,15,2010.25,0,1447.38,9488.38,4688.24,3352.76,Cash on Delivery,Delivered,2025-04-25 00:00:00,Website
MYN100152,ORD20250152,2026-07-13 00:00:00,CUST24472,Mansi Shetty,Kids,Delhi,Delhi,Anouk,Kids T-Shirts,XL,Yellow,3,958,25,718.5,0,387.99,2543.49,1584.72,570.78,Cash on Delivery,Processing,2026-07-20 00:00:00,App
MYN100153,ORD20250153,2026-07-17 00:00:00,CUST35122,Kavya Tiwari,Home,Lucknow,Uttar Pradesh,Maybelline,Wall Decor,M,Green,2,3995,20,3196,0,1150.56,7542.56,3986.88,2405.12,Net Banking,Delivered,2026-07-23 00:00:00,App
MYN100154,ORD20250154,2025-10-22 00:00:00,CUST12839,Aarav Chopra,Women,Bengaluru,Karnataka,Adidas,Handbags,L,Pink,4,2702,5,2566.9,0,1848.17,12115.77,5785.35,4482.25,UPI,Cancelled,2025-10-25 00:00:00,Website
MYN100155,ORD20250155,2026-02-12 00:00:00,CUST19557,Tanvi Srivastava,Men,Ahmedabad,Gujarat,Levis,Trousers,M,Beige,4,1918,20,1534.4,0,1104.77,7242.37,3397.89,2739.71,Cash on Delivery,Delivered,2026-02-17 00:00:00,Website
MYN100156,ORD20250156,2025-09-07 00:00:00,CUST57299,Mohit Sinha,Men,Jaipur,Rajasthan,Fastrack,Watches,XS,Beige,1,503,10,452.7,0,81.49,534.19,353.26,99.44,Wallet,Delivered,2025-09-11 00:00:00,Mobile Web
MYN100157,ORD20250157,2026-05-07 00:00:00,CUST28745,Sneha Singh,Men,Kolkata,West Bengal,DressBerry,Jeans,S,Green,1,4025,30,2817.5,0,507.15,3324.65,1589.38,1228.12,Debit Card,Processing,2026-05-14 00:00:00,Mobile Web
MYN100158,ORD20250158,2025-06-10 00:00:00,CUST98553,Mansi Gupta,Men,Nashik,Maharashtra,Mast & Harbour,T-Shirts,Free Size,Pink,1,5247,20,4197.6,0,755.57,4953.17,2516.1,1681.5,UPI,Processing,2025-06-13 00:00:00,App
MYN100159,ORD20250159,2026-05-09 00:00:00,CUST57945,Sneha Pawar,Home,Indore,Madhya Pradesh,HRX,Bedsheets,XL,White,2,2389,0,2389,0,860.04,5638.04,3335.93,1442.07,Wallet,Cancelled,2026-05-16 00:00:00,App
MYN100160,ORD20250160,2025-10-21 00:00:00,CUST26994,Yash Shah,Kids,Nashik,Maharashtra,Allen Solly,Kids Dresses,Free Size,Black,4,5031,25,3773.25,0,2716.74,17809.74,8554.92,6538.08,Net Banking,Delivered,2025-10-26 00:00:00,Website
MYN100161,ORD20250161,2026-01-16 00:00:00,CUST49961,Naina Jain,Women,Hyderabad,Telangana,DressBerry,Heels,Free Size,White,2,3090,30,2163,0,778.68,5104.68,2568.08,1757.92,UPI,Delivered,2026-01-18 00:00:00,Website
MYN100162,ORD20250162,2026-01-14 00:00:00,CUST16852,Neha Kapoor,Women,Jaipur,Rajasthan,Roadster,Tops,M,Grey,3,1310,25,982.5,0,530.55,3478.05,2143.81,803.69,Cash on Delivery,Delivered,2026-01-17 00:00:00,Website
MYN100163,ORD20250163,2026-07-13 00:00:00,CUST16971,Riya Khan,Men,Ahmedabad,Gujarat,Levis,Trousers,XXL,White,4,2510,10,2259,0,1626.48,10662.48,6916.49,2119.51,Debit Card,Delivered,2026-07-20 00:00:00,App
MYN100164,ORD20250164,2025-09-17 00:00:00,CUST15906,Priya Patel,Home,Kolkata,West Bengal,H&M,Cushion Covers,L,Beige,3,3275,20,2620,0,1414.8,9274.8,4713.96,3146.04,UPI,Shipped,2025-09-24 00:00:00,Mobile Web
MYN100165,ORD20250165,2025-09-04 00:00:00,CUST65426,Mansi Saxena,Women,Pune,Maharashtra,HERE&NOW,Handbags,L,Yellow,2,1582,50,791,0,284.76,1866.76,1052.7,529.3,Cash on Delivery,Shipped,2025-09-08 00:00:00,Website
MYN100166,ORD20250166,2025-07-30 00:00:00,CUST40090,Rohan Kamble,Men,Nashik,Maharashtra,HERE&NOW,Watches,Free Size,Yellow,4,3846,30,2692.2,0,1938.38,12707.18,8592.6,2176.2,Net Banking,Delivered,2025-08-04 00:00:00,Website
MYN100167,ORD20250167,2026-02-21 00:00:00,CUST55096,Kriti More,Beauty,Jaipur,Rajasthan,Levis,Moisturizer,Free Size,White,4,4378,25,3283.5,0,2364.12,15498.12,7532.85,5601.15,Credit Card,Delivered,2026-02-27 00:00:00,Mobile Web
MYN100168,ORD20250168,2025-09-29 00:00:00,CUST84663,Ananya Goyal,Kids,Hyderabad,Telangana,Allen Solly,Kids Jeans,L,Beige,3,1973,30,1381.1,0,745.79,4889.09,2988.22,1155.08,Wallet,Delivered,2025-10-02 00:00:00,App
MYN100169,ORD20250169,2025-05-23 00:00:00,CUST60100,Vikram Dubey,Kids,Chennai,Tamil Nadu,Puma,Kids T-Shirts,XXL,Red,3,1153,0,1153,0,622.62,4081.62,2550.74,908.26,Cash on Delivery,Delivered,2025-05-29 00:00:00,App
MYN100170,ORD20250170,2026-03-19 00:00:00,CUST82237,Simran Desai,Beauty,Pune,Maharashtra,Levis,Lipstick,XXL,Red,3,1437,40,862.2,0,465.59,3052.19,1422.76,1163.84,Net Banking,Delivered,2026-03-23 00:00:00,Website
MYN100171,ORD20250171,2025-06-03 00:00:00,CUST28351,Varun Saxena,Women,Lucknow,Uttar Pradesh,Fastrack,Heels,M,Blue,4,894,0,894,0,643.68,4219.68,2681.19,894.81,Debit Card,Delivered,2025-06-10 00:00:00,Website
MYN100172,ORD20250172,2026-05-23 00:00:00,CUST14493,Pooja Dubey,Kids,Chennai,Tamil Nadu,DressBerry,Kids Jeans,XXL,Green,3,4088,25,3066,0,1655.64,10853.64,6619.1,2578.9,Net Banking,Cancelled,2026-05-27 00:00:00,App
MYN100173,ORD20250173,2025-08-10 00:00:00,CUST18259,Shreya Agarwal,Men,Delhi,Delhi,Puma,T-Shirts,S,Yellow,1,5621,0,5621,0,1011.78,6632.78,3546.73,2074.27,Net Banking,Delivered,2025-08-12 00:00:00,Website
MYN100174,ORD20250174,2026-05-09 00:00:00,CUST59812,Varun Chopra,Women,Mumbai,Maharashtra,Lakme,Handbags,L,Green,3,2778,0,2778,0,1500.12,9834.12,5186.25,3147.75,Debit Card,Delivered,2026-05-12 00:00:00,App
MYN100175,ORD20250175,2025-03-06 00:00:00,CUST16581,Riya Arora,Kids,Ahmedabad,Gujarat,Maybelline,Kids T-Shirts,M,Red,2,5742,30,4019.4,0,1446.98,9485.78,6329.14,1709.66,Net Banking,Shipped,2025-03-12 00:00:00,Website
MYN100176,ORD20250176,2025-12-14 00:00:00,CUST40795,Rohit Desai,Women,Delhi,Delhi,Anouk,Dresses,XXL,White,4,4899,25,3674.25,0,2645.46,17342.46,10767.54,3929.46,Credit Card,Delivered,2025-12-19 00:00:00,Mobile Web
MYN100177,ORD20250177,2026-07-27 00:00:00,CUST14378,Simran Gupta,Kids,Chennai,Tamil Nadu,Puma,Kids T-Shirts,M,Black,1,4304,0,4304,0,774.72,5078.72,2370.59,1933.41,UPI,Shipped,2026-08-01 00:00:00,App
MYN100178,ORD20250178,2025-02-18 00:00:00,CUST27543,Manav Chauhan,Women,Nashik,Maharashtra,Puma,Dresses,L,Black,4,1754,10,1578.6,0,1136.59,7450.99,4480.28,1834.12,Credit Card,Delivered,2025-02-25 00:00:00,Mobile Web
MYN100179,ORD20250179,2026-07-03 00:00:00,CUST43623,Riya More,Beauty,Jaipur,Rajasthan,Allen Solly,Face Wash,M,Beige,1,5781,0,5781,0,1040.58,6821.58,3799.24,1981.76,UPI,Shipped,2026-07-05 00:00:00,Mobile Web
MYN100180,ORD20250180,2025-06-17 00:00:00,CUST88279,Priya Mishra,Women,Nashik,Maharashtra,Lakme,Dresses,XL,Black,2,5301,5,5035.95,0,1812.94,11884.84,5988.8,4083.1,Net Banking,Processing,2025-06-22 00:00:00,Website
MYN100181,ORD20250181,2025-11-20 00:00:00,CUST34995,Aditya Deshmukh,Home,Kolkata,West Bengal,HERE&NOW,Cushion Covers,XL,Blue,2,5253,0,5253,0,1891.08,12397.08,6509.03,3996.97,Cash on Delivery,Processing,2025-11-27 00:00:00,App
MYN100182,ORD20250182,2026-03-26 00:00:00,CUST84637,Ananya Pillai,Men,Ahmedabad,Gujarat,Mast & Harbour,Shirts,M,Pink,1,4305,15,3659.25,0,658.66,4317.91,2683.11,976.14,UPI,Shipped,2026-03-30 00:00:00,App
MYN100183,ORD20250183,2025-12-16 00:00:00,CUST38669,Yash Verma,Men,Hyderabad,Telangana,DressBerry,Jeans,M,Black,1,3013,25,2259.75,0,406.76,2666.51,1283.4,976.35,Net Banking,Delivered,2025-12-19 00:00:00,Mobile Web
MYN100184,ORD20250184,2025-10-21 00:00:00,CUST27514,Simran Jain,Men,Mumbai,Maharashtra,Lakme,Sports Shoes,L,Blue,3,1449,15,1231.65,0,665.09,4360.04,2847.02,847.93,Net Banking,Delivered,2025-10-26 00:00:00,Mobile Web
MYN100185,ORD20250185,2025-06-21 00:00:00,CUST92279,Sakshi Gupta,Women,Indore,Madhya Pradesh,Adidas,Heels,M,Yellow,3,3734,25,2800.5,0,1512.27,9913.77,5641.89,2759.61,Wallet,Delivered,2025-06-23 00:00:00,App
MYN100186,ORD20250186,2025-07-12 00:00:00,CUST50379,Harsh Deshmukh,Women,Indore,Madhya Pradesh,Puma,Sarees,L,Blue,1,3279,20,2623.2,0,472.18,3095.38,2073.18,550.02,Debit Card,Delivered,2025-07-17 00:00:00,Mobile Web
MYN100187,ORD20250187,2026-03-16 00:00:00,CUST27438,Rohan Sharma,Men,Mumbai,Maharashtra,H&M,Watches,XS,White,1,3227,25,2420.25,0,435.64,2855.89,1678.18,742.07,Net Banking,Delivered,2026-03-21 00:00:00,Website
MYN100188,ORD20250188,2025-12-29 00:00:00,CUST36417,Riya Deshmukh,Men,Lucknow,Uttar Pradesh,Mast & Harbour,Jeans,M,Green,3,4951,15,4208.35,0,2272.51,14897.56,7655.75,4969.3,Wallet,Delivered,2026-01-02 00:00:00,Website
MYN100189,ORD20250189,2025-07-20 00:00:00,CUST30538,Kriti Kamble,Home,Jaipur,Rajasthan,HERE&NOW,Bedsheets,XS,Pink,3,422,15,358.7,0,193.7,1269.8,720.89,355.21,Cash on Delivery,Delivered,2025-07-22 00:00:00,App
MYN100190,ORD20250190,2026-07-08 00:00:00,CUST66882,Neha Naik,Men,Pune,Maharashtra,Maybelline,T-Shirts,XS,Green,3,663,25,497.25,0,268.52,1760.27,1158.21,333.54,Wallet,Delivered,2026-07-11 00:00:00,Mobile Web
MYN100191,ORD20250191,2026-04-28 00:00:00,CUST36762,Diya Goyal,Men,Chennai,Tamil Nadu,H&M,Trousers,M,Black,4,5230,15,4445.5,0,3200.76,20982.76,12579.09,5202.91,Debit Card,Shipped,2026-05-04 00:00:00,Website
MYN100192,ORD20250192,2026-06-01 00:00:00,CUST85774,Nikhil Joshi,Women,Jaipur,Rajasthan,Puma,Kurtas,S,Pink,1,3133,10,2819.7,0,507.55,3327.25,1663.5,1156.2,Net Banking,Processing,2026-06-03 00:00:00,Mobile Web
MYN100193,ORD20250193,2026-07-12 00:00:00,CUST76418,Ayush Kapoor,Beauty,Lucknow,Uttar Pradesh,Anouk,Shampoo,S,Red,1,1809,5,1718.55,0,309.34,2027.89,1261.08,457.47,Wallet,Returned,2026-07-15 00:00:00,Mobile Web
MYN100194,ORD20250194,2026-05-14 00:00:00,CUST65220,Dev Rathore,Women,Lucknow,Uttar Pradesh,Anouk,Tops,L,Blue,3,3787,20,3029.6,0,1635.98,10724.78,5947.4,3141.4,Cash on Delivery,Processing,2026-05-17 00:00:00,Mobile Web
MYN100195,ORD20250195,2025-05-27 00:00:00,CUST35518,Ananya Shetty,Home,Ahmedabad,Gujarat,Fastrack,Bath Towels,S,Pink,1,2162,30,1513.4,0,272.41,1785.81,1093.97,419.43,Net Banking,Delivered,2025-06-03 00:00:00,Website
MYN100196,ORD20250196,2026-07-01 00:00:00,CUST66622,Rohit Khan,Kids,Jaipur,Rajasthan,Adidas,Kids Dresses,M,White,4,2666,10,2399.4,0,1727.57,11325.17,7403.06,2194.54,Credit Card,Returned,2026-07-08 00:00:00,App
MYN100197,ORD20250197,2026-07-03 00:00:00,CUST18068,Arjun Rawat,Men,Nashik,Maharashtra,WROGN,Watches,Free Size,Black,1,1387,15,1178.95,0,212.21,1391.16,884.13,294.82,Cash on Delivery,Processing,2026-07-09 00:00:00,Mobile Web
MYN100198,ORD20250198,2025-07-07 00:00:00,CUST97329,Muskan Mehta,Women,Delhi,Delhi,HRX,Kurtas,M,Pink,3,712,0,712,0,384.48,2520.48,1375.97,760.03,Credit Card,Returned,2025-07-13 00:00:00,App
MYN100199,ORD20250199,2026-05-23 00:00:00,CUST78487,Muskan Shah,Women,Hyderabad,Telangana,Levis,Sarees,XXL,Grey,4,4844,25,3633,0,2615.76,17147.76,9151.21,5380.79,Wallet,Delivered,2026-05-26 00:00:00,Mobile Web
MYN100200,ORD20250200,2026-06-17 00:00:00,CUST99400,Tanya Patel,Home,Bengaluru,Karnataka,WROGN,Bedsheets,XXL,Black,1,4177,10,3759.3,0,676.67,4435.97,2290.18,1469.12,Wallet,Delivered,2026-06-21 00:00:00,Website
MYN100201,ORD20250201,2025-02-22 00:00:00,CUST94227,Shreya Jain,Women,Delhi,Delhi,DressBerry,Heels,S,Beige,2,458,20,366.4,99,131.9,963.7,449.47,283.33,Wallet,Delivered,2025-03-01 00:00:00,Website
MYN100202,ORD20250202,2025-04-06 00:00:00,CUST37990,Sneha Malhotra,Men,Lucknow,Uttar Pradesh,Fastrack,Shirts,S,Grey,2,5859,0,5859,0,2109.24,13827.24,8922.26,2795.74,UPI,Processing,2025-04-13 00:00:00,Website
MYN100203,ORD20250203,2026-03-04 00:00:00,CUST53148,Naina Chauhan,Men,Indore,Madhya Pradesh,Allen Solly,T-Shirts,XS,Pink,3,5027,15,4272.95,0,2307.39,15126.24,9005.83,3813.02,Cash on Delivery,Processing,2026-03-09 00:00:00,Mobile Web
MYN100204,ORD20250204,2025-06-24 00:00:00,CUST25372,Yash Yadav,Men,Jaipur,Rajasthan,WROGN,Shirts,XS,Grey,3,2247,15,1909.95,0,1031.37,6761.22,4457.52,1272.33,Cash on Delivery,Processing,2025-06-30 00:00:00,Mobile Web
MYN100205,ORD20250205,2025-04-11 00:00:00,CUST28971,Aarav Kulkarni,Home,Ahmedabad,Gujarat,Nike,Wall Decor,M,White,3,4927,20,3941.6,0,2128.46,13953.26,8560.21,3264.59,Wallet,Returned,2025-04-18 00:00:00,Mobile Web
MYN100206,ORD20250206,2026-06-12 00:00:00,CUST44773,Rahul Sharma,Women,Ahmedabad,Gujarat,WROGN,Tops,L,Beige,1,5431,15,4616.35,0,830.94,5447.29,3057.25,1559.1,Net Banking,Shipped,2026-06-14 00:00:00,App
MYN100207,ORD20250207,2026-05-03 00:00:00,CUST84083,Pooja Mehta,Women,Nashik,Maharashtra,HRX,Tops,L,Blue,4,5446,50,2723,0,1960.56,12852.56,7152.62,3739.38,Net Banking,Delivered,2026-05-10 00:00:00,App
MYN100208,ORD20250208,2026-02-02 00:00:00,CUST61813,Ayush Kulkarni,Beauty,Indore,Madhya Pradesh,HERE&NOW,Perfume,L,Pink,1,2399,25,1799.25,0,323.86,2123.11,1173.75,625.5,Cash on Delivery,Delivered,2026-02-05 00:00:00,App
MYN100209,ORD20250209,2026-04-10 00:00:00,CUST13866,Arjun Singh,Women,Indore,Madhya Pradesh,Adidas,Tops,XL,Yellow,3,2576,25,1932,0,1043.28,6839.28,4399.03,1396.97,Credit Card,Returned,2026-04-15 00:00:00,App
MYN100210,ORD20250210,2026-06-12 00:00:00,CUST60124,Isha Pandey,Men,Mumbai,Maharashtra,Nike,Sports Shoes,L,Blue,1,4324,10,3891.6,0,700.49,4592.09,2530.98,1360.62,UPI,Shipped,2026-06-16 00:00:00,Mobile Web
MYN100211,ORD20250211,2026-05-04 00:00:00,CUST41131,Ananya Chatterjee,Beauty,Kolkata,West Bengal,Puma,Face Wash,L,Red,4,3415,15,2902.75,0,2089.98,13700.98,9205.82,2405.18,Credit Card,Delivered,2026-05-10 00:00:00,App
MYN100212,ORD20250212,2025-03-31 00:00:00,CUST87240,Kavya Nair,Men,Lucknow,Uttar Pradesh,HRX,Trousers,XS,Blue,1,4170,0,4170,0,750.6,4920.6,2524.29,1645.71,Debit Card,Shipped,2025-04-05 00:00:00,App
MYN100213,ORD20250213,2025-04-12 00:00:00,CUST28990,Kavya Tiwari,Beauty,Indore,Madhya Pradesh,Fastrack,Moisturizer,XXL,White,1,2293,10,2063.7,0,371.47,2435.17,1662.92,400.78,Credit Card,Delivered,2025-04-19 00:00:00,App
MYN100214,ORD20250214,2025-01-15 00:00:00,CUST37076,Akash Bhatt,Home,Ahmedabad,Gujarat,DressBerry,Bath Towels,XXL,Pink,2,2594,5,2464.3,0,887.15,5815.75,3112.5,1816.1,Wallet,Returned,2025-01-21 00:00:00,Website
MYN100215,ORD20250215,2025-08-23 00:00:00,CUST82010,Pooja Yadav,Women,Nashik,Maharashtra,Maybelline,Heels,M,Pink,4,5384,30,3768.8,0,2713.54,17788.74,9142.81,5932.39,UPI,Cancelled,2025-08-28 00:00:00,Mobile Web
MYN100216,ORD20250216,2025-11-07 00:00:00,CUST40873,Aarav Tripathi,Women,Ahmedabad,Gujarat,Adidas,Dresses,L,Blue,1,5750,10,5175,0,931.5,6106.5,4130.86,1044.14,Net Banking,Shipped,2025-11-14 00:00:00,Mobile Web
MYN100217,ORD20250217,2025-12-28 00:00:00,CUST73069,Kavya Dubey,Women,Lucknow,Uttar Pradesh,H&M,Kurtas,M,Beige,2,543,40,325.8,79,117.29,847.89,427.48,224.12,UPI,Processing,2026-01-04 00:00:00,Mobile Web
MYN100218,ORD20250218,2026-05-27 00:00:00,CUST34532,Rohan Agarwal,Home,Hyderabad,Telangana,Anouk,Cushion Covers,S,Grey,2,3414,0,3414,0,1229.04,8057.04,5201.53,1626.47,Credit Card,Delivered,2026-06-01 00:00:00,Mobile Web
MYN100219,ORD20250219,2025-01-10 00:00:00,CUST50695,Aarav Patel,Kids,Bengaluru,Karnataka,Anouk,Kids Shoes,M,White,4,3235,15,2749.75,0,1979.82,12978.82,8016.7,2982.3,Debit Card,Delivered,2025-01-15 00:00:00,App
MYN100220,ORD20250220,2025-12-25 00:00:00,CUST63521,Kriti Patel,Men,Mumbai,Maharashtra,WROGN,Sports Shoes,XL,Red,1,4205,15,3574.25,0,643.36,4217.61,1997.32,1576.93,Net Banking,Delivered,2025-12-29 00:00:00,Mobile Web
MYN100221,ORD20250221,2025-11-11 00:00:00,CUST44681,Abhishek More,Women,Mumbai,Maharashtra,HRX,Kurtas,XS,Pink,4,452,40,271.2,0,195.26,1280.06,604.7,480.1,Credit Card,Processing,2025-11-15 00:00:00,App
MYN100222,ORD20250222,2026-02-07 00:00:00,CUST99390,Ayush Naik,Men,Lucknow,Uttar Pradesh,HERE&NOW,Trousers,Free Size,Grey,3,3170,20,2536,0,1369.44,8977.44,4854.75,2753.25,Net Banking,Delivered,2026-02-13 00:00:00,App
MYN100223,ORD20250223,2025-05-27 00:00:00,CUST30954,Aarav Naik,Beauty,Pune,Maharashtra,DressBerry,Perfume,S,Blue,4,2974,10,2676.6,0,1927.15,12633.55,6426.59,4279.81,Net Banking,Delivered,2025-06-03 00:00:00,App
MYN100224,ORD20250224,2025-10-17 00:00:00,CUST17415,Meera Patel,Women,Delhi,Delhi,Puma,Dresses,Free Size,Green,4,5388,25,4041,0,2909.52,19073.52,11747.28,4416.72,Wallet,Delivered,2025-10-19 00:00:00,App
MYN100225,ORD20250225,2026-01-26 00:00:00,CUST63459,Priya Malhotra,Beauty,Ahmedabad,Gujarat,Maybelline,Face Wash,M,Pink,1,998,20,798.4,0,143.71,942.11,648.88,149.52,Cash on Delivery,Delivered,2026-02-02 00:00:00,Website
MYN100226,ORD20250226,2026-06-21 00:00:00,CUST99272,Karan Goyal,Kids,Ahmedabad,Gujarat,Fastrack,Kids Jeans,L,Beige,2,2287,25,1715.25,0,617.49,4047.99,2167.36,1263.14,Wallet,Delivered,2026-06-25 00:00:00,App
MYN100227,ORD20250227,2025-06-11 00:00:00,CUST62874,Simran Rawat,Women,Lucknow,Uttar Pradesh,Allen Solly,Kurtas,XXL,Yellow,2,4385,20,3508,0,1262.88,8278.88,3897.96,3118.04,UPI,Shipped,2025-06-18 00:00:00,Mobile Web
MYN100228,ORD20250228,2025-03-22 00:00:00,CUST30583,Akash Yadav,Kids,Hyderabad,Telangana,HERE&NOW,Kids T-Shirts,M,Pink,1,3099,20,2479.2,0,446.26,2925.46,1478.75,1000.45,UPI,Delivered,2025-03-24 00:00:00,Mobile Web
MYN100229,ORD20250229,2025-05-21 00:00:00,CUST52291,Mansi Agarwal,Kids,Ahmedabad,Gujarat,Maybelline,Kids Shoes,M,Black,1,3963,0,3963,0,713.34,4676.34,2388.56,1574.44,UPI,Delivered,2025-05-28 00:00:00,Mobile Web
MYN100230,ORD20250230,2026-03-28 00:00:00,CUST34618,Ayush Rathore,Women,Nashik,Maharashtra,Roadster,Kurtas,M,Grey,4,1796,5,1706.2,0,1228.46,8053.26,4467.2,2357.6,Wallet,Delivered,2026-03-31 00:00:00,Website
MYN100231,ORD20250231,2025-06-17 00:00:00,CUST49194,Diya Das,Women,Chennai,Tamil Nadu,Maybelline,Sarees,XL,Blue,2,3685,20,2948,0,1061.28,6957.28,4112.67,1783.33,Debit Card,Delivered,2025-06-21 00:00:00,Mobile Web
MYN100232,ORD20250232,2025-11-09 00:00:00,CUST21889,Varun Pawar,Beauty,Delhi,Delhi,DressBerry,Face Wash,M,Blue,4,2774,10,2496.6,0,1797.55,11783.95,7693.83,2292.57,Credit Card,Delivered,2025-11-15 00:00:00,App
MYN100233,ORD20250233,2026-06-01 00:00:00,CUST33620,Vikram Sinha,Women,Lucknow,Uttar Pradesh,HERE&NOW,Heels,M,Black,1,2223,15,1889.55,0,340.12,2229.67,1516.27,373.28,Wallet,Cancelled,2026-06-03 00:00:00,Website
MYN100234,ORD20250234,2025-05-21 00:00:00,CUST91486,Sahil Pillai,Women,Bengaluru,Karnataka,Anouk,Dresses,XXL,Beige,3,1772,10,1594.8,0,861.19,5645.59,3851.45,932.95,Debit Card,Shipped,2025-05-26 00:00:00,Website
MYN100235,ORD20250235,2025-07-21 00:00:00,CUST72875,Ayush Shah,Women,Kolkata,West Bengal,Maybelline,Tops,XL,White,4,3060,40,1836,0,1321.92,8665.92,4173.05,3170.95,Credit Card,Delivered,2025-07-23 00:00:00,App
MYN100236,ORD20250236,2026-05-29 00:00:00,CUST98229,Priya Agarwal,Men,Chennai,Tamil Nadu,Levis,T-Shirts,S,Beige,1,2733,10,2459.7,0,442.75,2902.45,1844.39,615.31,Debit Card,Delivered,2026-06-03 00:00:00,App
MYN100237,ORD20250237,2026-01-02 00:00:00,CUST29233,Dev Arora,Home,Ahmedabad,Gujarat,H&M,Bath Towels,M,Pink,3,5344,25,4008,0,2164.32,14188.32,8637.86,3386.14,Debit Card,Delivered,2026-01-05 00:00:00,Website
MYN100238,ORD20250238,2025-03-06 00:00:00,CUST65561,Yash Goyal,Women,Lucknow,Uttar Pradesh,Nike,Heels,Free Size,Pink,2,4494,10,4044.6,0,1456.06,9545.26,6340.69,1748.51,Debit Card,Delivered,2025-03-10 00:00:00,App
MYN100239,ORD20250239,2025-10-28 00:00:00,CUST75618,Ishita Roy,Men,Pune,Maharashtra,DressBerry,Watches,S,Red,4,2760,25,2070,0,1490.4,9770.4,5956.81,2323.19,UPI,Returned,2025-11-02 00:00:00,App
MYN100240,ORD20250240,2026-02-23 00:00:00,CUST70686,Riya Shetty,Women,Hyderabad,Telangana,Allen Solly,Heels,XL,Yellow,3,3003,20,2402.4,0,1297.3,8504.5,4807.69,2399.51,Debit Card,Processing,2026-02-28 00:00:00,Website
MYN100241,ORD20250241,2025-02-08 00:00:00,CUST11134,Mohit Gupta,Home,Lucknow,Uttar Pradesh,Roadster,Bath Towels,Free Size,Black,2,2723,25,2042.25,0,735.21,4819.71,3033.94,1050.56,UPI,Processing,2025-02-10 00:00:00,Website
MYN100242,ORD20250242,2026-06-12 00:00:00,CUST76897,Priya Naik,Men,Lucknow,Uttar Pradesh,Puma,Shirts,Free Size,Blue,2,359,15,305.15,49,109.85,769.15,434.06,176.24,Cash on Delivery,Delivered,2026-06-15 00:00:00,Mobile Web
MYN100243,ORD20250243,2026-05-09 00:00:00,CUST53516,Rahul More,Women,Jaipur,Rajasthan,Mast & Harbour,Heels,M,Yellow,4,1168,25,876,0,630.72,4134.72,2861.6,642.4,UPI,Delivered,2026-05-12 00:00:00,App
MYN100244,ORD20250244,2025-05-03 00:00:00,CUST59831,Tanvi Patel,Beauty,Kolkata,West Bengal,HRX,Face Wash,S,Green,1,3557,15,3023.45,0,544.22,3567.67,2376.15,647.3,Cash on Delivery,Cancelled,2025-05-08 00:00:00,Website
MYN100245,ORD20250245,2025-03-29 00:00:00,CUST17296,Mohit Khan,Beauty,Ahmedabad,Gujarat,Adidas,Lipstick,M,Pink,4,5623,15,4779.55,0,3441.28,22559.48,12619.18,6499.02,Credit Card,Delivered,2025-04-03 00:00:00,App
MYN100246,ORD20250246,2025-10-30 00:00:00,CUST22356,Rohit Chopra,Men,Bengaluru,Karnataka,HERE&NOW,Watches,L,Grey,1,2331,10,2097.9,0,377.62,2475.52,1576.84,521.06,Credit Card,Delivered,2025-11-04 00:00:00,Mobile Web
MYN100247,ORD20250247,2026-07-21 00:00:00,CUST76736,Riya Tiwari,Men,Jaipur,Rajasthan,Fastrack,Sports Shoes,S,Beige,3,4226,25,3169.5,0,1711.53,11220.03,5784.37,3724.13,UPI,Delivered,2026-07-27 00:00:00,App
MYN100248,ORD20250248,2025-09-18 00:00:00,CUST26322,Ananya Naik,Men,Nashik,Maharashtra,Anouk,T-Shirts,Free Size,Pink,2,2455,20,1964,0,707.04,4635.04,2713.59,1214.41,UPI,Cancelled,2025-09-21 00:00:00,App
MYN100249,ORD20250249,2026-03-26 00:00:00,CUST54049,Tanvi Goyal,Women,Delhi,Delhi,Allen Solly,Handbags,XXL,Black,1,4889,20,3911.2,0,704.02,4615.22,2325.7,1585.5,Wallet,Processing,2026-04-01 00:00:00,App
MYN100250,ORD20250250,2025-08-22 00:00:00,CUST79166,Dev Malhotra,Women,Jaipur,Rajasthan,Mast & Harbour,Sarees,Free Size,Blue,3,1972,20,1577.6,0,851.9,5584.7,2887.19,1845.61,Wallet,Delivered,2025-08-27 00:00:00,Mobile Web
MYN100251,ORD20250251,2025-01-19 00:00:00,CUST18640,Tanya Bhatia,Kids,Lucknow,Uttar Pradesh,Puma,Kids Jeans,S,Blue,1,5927,15,5037.95,0,906.83,5944.78,3354.34,1683.61,Net Banking,Shipped,2025-01-23 00:00:00,Website
MYN100252,ORD20250252,2025-10-09 00:00:00,CUST68692,Ishita Patel,Women,Mumbai,Maharashtra,Allen Solly,Handbags,XS,Blue,1,4639,5,4407.05,0,793.27,5200.32,2946.36,1460.69,Credit Card,Delivered,2025-10-11 00:00:00,App
MYN100253,ORD20250253,2026-02-20 00:00:00,CUST52056,Yash Malhotra,Home,Mumbai,Maharashtra,Roadster,Bedsheets,XS,Yellow,3,549,20,439.2,0,237.17,1554.77,1039.74,277.86,Wallet,Delivered,2026-02-23 00:00:00,App
MYN100254,ORD20250254,2026-03-05 00:00:00,CUST53949,Varun Bansal,Women,Ahmedabad,Gujarat,Anouk,Dresses,S,Blue,3,5617,15,4774.45,0,2578.2,16901.55,11051.35,3272,Credit Card,Delivered,2026-03-09 00:00:00,Website
MYN100255,ORD20250255,2025-03-23 00:00:00,CUST12382,Meera Pillai,Women,Delhi,Delhi,Puma,Kurtas,XL,Blue,1,3705,0,3705,0,666.9,4371.9,3019.8,685.2,Debit Card,Delivered,2025-03-26 00:00:00,Mobile Web
MYN100256,ORD20250256,2025-04-06 00:00:00,CUST43665,Ishita Oberoi,Women,Delhi,Delhi,WROGN,Dresses,XS,White,3,5925,15,5036.25,0,2719.58,17828.33,10988.85,4119.9,Net Banking,Delivered,2025-04-10 00:00:00,Mobile Web
MYN100257,ORD20250257,2026-04-25 00:00:00,CUST54386,Yash Goyal,Men,Ahmedabad,Gujarat,Puma,Trousers,M,Beige,4,548,20,438.4,0,315.65,2069.25,1320.41,433.19,Cash on Delivery,Processing,2026-04-28 00:00:00,App
MYN100258,ORD20250258,2026-07-30 00:00:00,CUST54516,Aarav Iyer,Women,Jaipur,Rajasthan,Maybelline,Heels,XXL,Pink,3,2747,10,2472.3,0,1335.04,8751.94,5275.14,2141.76,Debit Card,Cancelled,2026-08-02 00:00:00,App
MYN100259,ORD20250259,2026-05-29 00:00:00,CUST14886,Akash Dubey,Men,Indore,Madhya Pradesh,HRX,Jeans,XXL,Black,3,948,20,758.4,0,409.54,2684.74,1594.1,681.1,Wallet,Delivered,2026-06-01 00:00:00,Website
MYN100260,ORD20250260,2025-06-05 00:00:00,CUST76458,Riya Saxena,Women,Nashik,Maharashtra,Anouk,Dresses,Free Size,Pink,2,3592,10,3232.8,0,1163.81,7629.41,4026.57,2439.03,Credit Card,Shipped,2025-06-11 00:00:00,Mobile Web
MYN100261,ORD20250261,2025-12-06 00:00:00,CUST39063,Pooja Arora,Beauty,Chennai,Tamil Nadu,Allen Solly,Moisturizer,XL,Pink,4,3233,10,2909.7,0,2094.98,13733.78,8832.56,2806.24,Wallet,Delivered,2025-12-11 00:00:00,App
MYN100262,ORD20250262,2025-08-05 00:00:00,CUST26103,Nikhil Nair,Beauty,Bengaluru,Karnataka,Fastrack,Lipstick,XL,Pink,2,3174,0,3174,0,1142.64,7490.64,4834.75,1513.25,Credit Card,Cancelled,2025-08-12 00:00:00,Website
MYN100263,ORD20250263,2025-04-01 00:00:00,CUST47228,Aarav Goyal,Kids,Hyderabad,Telangana,Anouk,Kids T-Shirts,Free Size,Black,4,3034,30,2123.8,0,1529.14,10024.34,5421.57,3073.63,Debit Card,Cancelled,2025-04-07 00:00:00,Mobile Web
MYN100264,ORD20250264,2026-02-19 00:00:00,CUST62656,Meera Mishra,Women,Lucknow,Uttar Pradesh,Anouk,Dresses,Free Size,Blue,3,4902,20,3921.6,0,2117.66,13882.46,6520.65,5244.15,Debit Card,Cancelled,2026-02-26 00:00:00,App
MYN100265,ORD20250265,2025-03-15 00:00:00,CUST94178,Riya Shah,Beauty,Ahmedabad,Gujarat,Mast & Harbour,Perfume,M,White,3,366,50,183,79,98.82,726.82,367.51,181.49,Cash on Delivery,Delivered,2025-03-21 00:00:00,App
MYN100266,ORD20250266,2026-04-13 00:00:00,CUST24026,Rohit Chopra,Women,Bengaluru,Karnataka,Mast & Harbour,Handbags,M,Beige,2,3126,20,2500.8,0,900.29,5901.89,3837.19,1164.41,Wallet,Shipped,2026-04-20 00:00:00,Website
MYN100267,ORD20250267,2025-07-01 00:00:00,CUST74575,Sahil Rathore,Men,Indore,Madhya Pradesh,HERE&NOW,Jeans,L,Black,3,4015,0,4015,0,2168.1,14213.1,8891.94,3153.06,Cash on Delivery,Delivered,2025-07-04 00:00:00,Website
MYN100268,ORD20250268,2025-02-12 00:00:00,CUST14627,Yash Chatterjee,Women,Pune,Maharashtra,Maybelline,Kurtas,M,Grey,1,3774,25,2830.5,0,509.49,3339.99,2022.73,807.77,Credit Card,Delivered,2025-02-17 00:00:00,Website
MYN100269,ORD20250269,2025-05-30 00:00:00,CUST99049,Nikhil Menon,Beauty,Mumbai,Maharashtra,HERE&NOW,Perfume,L,Red,2,3088,20,2470.4,0,889.34,5830.14,3495.43,1445.37,Wallet,Delivered,2025-06-04 00:00:00,Website
MYN100270,ORD20250270,2026-05-26 00:00:00,CUST52788,Ananya Mehta,Women,Kolkata,West Bengal,H&M,Handbags,XS,Beige,3,1242,15,1055.7,0,570.08,3737.18,1986.91,1180.19,UPI,Returned,2026-05-28 00:00:00,Mobile Web
MYN100271,ORD20250271,2025-12-16 00:00:00,CUST44314,Rohit Pawar,Beauty,Chennai,Tamil Nadu,Levis,Moisturizer,S,Beige,1,5727,50,2863.5,0,515.43,3378.93,2092.4,771.1,Cash on Delivery,Delivered,2025-12-22 00:00:00,Website
MYN100272,ORD20250272,2025-03-25 00:00:00,CUST36616,Muskan Bhatt,Men,Hyderabad,Telangana,HRX,Trousers,L,Grey,4,3074,5,2920.3,0,2102.62,13783.82,7807.52,3873.68,Debit Card,Returned,2025-03-29 00:00:00,Website
MYN100273,ORD20250273,2025-01-13 00:00:00,CUST21349,Kavya Kapoor,Women,Kolkata,West Bengal,Lakme,Handbags,Free Size,White,4,1382,30,967.4,0,696.53,4566.13,2499.52,1370.08,Wallet,Delivered,2025-01-18 00:00:00,Mobile Web
MYN100274,ORD20250274,2025-04-06 00:00:00,CUST55541,Neha Pawar,Home,Hyderabad,Telangana,WROGN,Bath Towels,XXL,Grey,3,4012,30,2808.4,0,1516.54,9941.74,5915.5,2509.7,Debit Card,Delivered,2025-04-13 00:00:00,Website
MYN100275,ORD20250275,2025-03-30 00:00:00,CUST55991,Meera Mishra,Beauty,Jaipur,Rajasthan,WROGN,Face Wash,Free Size,Beige,1,5219,25,3914.25,0,704.56,4618.81,2595.24,1319.01,Net Banking,Shipped,2025-04-02 00:00:00,App
MYN100276,ORD20250276,2026-03-04 00:00:00,CUST72790,Nikhil Nair,Beauty,Lucknow,Uttar Pradesh,Adidas,Moisturizer,M,White,1,5500,20,4400,0,792,5192,3005.17,1394.83,Cash on Delivery,Cancelled,2026-03-11 00:00:00,Mobile Web
MYN100277,ORD20250277,2025-07-07 00:00:00,CUST30789,Arjun Shah,Beauty,Mumbai,Maharashtra,Maybelline,Shampoo,L,Beige,3,2331,5,2214.45,0,1195.8,7839.15,4974.44,1668.91,UPI,Cancelled,2025-07-10 00:00:00,App
MYN100278,ORD20250278,2025-08-25 00:00:00,CUST18597,Varun Yadav,Kids,Hyderabad,Telangana,Fastrack,Kids Dresses,Free Size,Grey,3,518,5,492.1,0,265.73,1742.03,899.14,577.16,Wallet,Cancelled,2025-09-01 00:00:00,App
MYN100279,ORD20250279,2025-09-12 00:00:00,CUST29800,Isha Arora,Beauty,Nashik,Maharashtra,Adidas,Lipstick,Free Size,Green,3,997,15,847.45,0,457.62,2999.97,1978.41,563.94,Credit Card,Delivered,2025-09-18 00:00:00,Mobile Web
MYN100280,ORD20250280,2025-09-30 00:00:00,CUST81386,Pooja Pandey,Women,Jaipur,Rajasthan,Maybelline,Tops,XXL,Grey,1,574,15,487.9,49,87.82,624.72,303.3,184.6,Debit Card,Delivered,2025-10-03 00:00:00,Website
MYN100281,ORD20250281,2025-01-02 00:00:00,CUST84640,Akash Kulkarni,Beauty,Bengaluru,Karnataka,WROGN,Shampoo,XL,White,1,1819,25,1364.25,0,245.56,1609.81,807.24,557.01,Net Banking,Delivered,2025-01-09 00:00:00,Website
MYN100282,ORD20250282,2025-05-23 00:00:00,CUST88388,Dev Bose,Beauty,Bengaluru,Karnataka,H&M,Shampoo,L,Black,4,1946,15,1654.1,0,1190.95,7807.35,4044.08,2572.32,UPI,Delivered,2025-05-25 00:00:00,App
MYN100283,ORD20250283,2026-04-26 00:00:00,CUST64200,Naina Jain,Beauty,Nashik,Maharashtra,Levis,Face Wash,M,Black,4,5516,10,4964.4,0,3574.37,23431.97,11187.69,8669.91,Debit Card,Delivered,2026-05-02 00:00:00,Website
MYN100284,ORD20250284,2026-02-28 00:00:00,CUST35068,Manav Bansal,Women,Lucknow,Uttar Pradesh,WROGN,Dresses,XXL,Grey,1,1803,10,1622.7,0,292.09,1914.79,1267.74,354.96,UPI,Delivered,2026-03-07 00:00:00,App
MYN100285,ORD20250285,2025-09-30 00:00:00,CUST71413,Ananya Gupta,Men,Mumbai,Maharashtra,Puma,Jeans,XXL,Beige,3,3519,50,1759.5,0,950.13,6228.63,2962.32,2316.18,Net Banking,Shipped,2025-10-07 00:00:00,Mobile Web
MYN100286,ORD20250286,2025-04-15 00:00:00,CUST81762,Riya Jain,Women,Mumbai,Maharashtra,Adidas,Heels,L,Blue,4,4046,50,2023,0,1456.56,9548.56,5932.17,2159.83,Wallet,Shipped,2025-04-20 00:00:00,Mobile Web
MYN100287,ORD20250287,2026-01-05 00:00:00,CUST71576,Karan Jain,Beauty,Kolkata,West Bengal,HRX,Perfume,L,Grey,4,2955,40,1773,0,1276.56,8368.56,5698.63,1393.37,Wallet,Delivered,2026-01-10 00:00:00,App
MYN100288,ORD20250288,2025-12-26 00:00:00,CUST79783,Mansi Rawat,Women,Jaipur,Rajasthan,Mast & Harbour,Sarees,M,Black,2,3266,20,2612.8,0,940.61,6166.21,4150.63,1074.97,Debit Card,Delivered,2025-12-29 00:00:00,App
MYN100289,ORD20250289,2025-03-28 00:00:00,CUST36177,Mansi Chopra,Kids,Pune,Maharashtra,Fastrack,Kids Dresses,S,Green,4,2697,15,2292.45,0,1650.56,10820.36,7294.37,1875.43,UPI,Delivered,2025-03-30 00:00:00,App
MYN100290,ORD20250290,2025-10-29 00:00:00,CUST35464,Sneha Arora,Beauty,Mumbai,Maharashtra,Lakme,Shampoo,XL,Pink,3,5278,10,4750.2,0,2565.11,16815.71,11492.72,2757.88,UPI,Delivered,2025-10-31 00:00:00,Mobile Web
MYN100291,ORD20250291,2025-07-11 00:00:00,CUST20377,Meera Chauhan,Women,Pune,Maharashtra,H&M,Tops,L,Black,2,5055,30,3538.5,0,1273.86,8350.86,4891.97,2185.03,Debit Card,Delivered,2025-07-15 00:00:00,App
MYN100292,ORD20250292,2025-07-16 00:00:00,CUST34000,Abhishek Joshi,Beauty,Bengaluru,Karnataka,Maybelline,Perfume,L,Blue,3,609,15,517.65,0,279.53,1832.48,1265.27,287.68,Wallet,Cancelled,2025-07-18 00:00:00,Mobile Web
MYN100293,ORD20250293,2026-03-14 00:00:00,CUST51574,Mohit Dubey,Women,Jaipur,Rajasthan,WROGN,Tops,XL,Grey,3,3063,20,2450.4,0,1323.22,8674.42,5157.15,2194.05,Credit Card,Returned,2026-03-19 00:00:00,Mobile Web
MYN100294,ORD20250294,2025-07-10 00:00:00,CUST30884,Riya Deshmukh,Men,Mumbai,Maharashtra,Levis,T-Shirts,XXL,Pink,1,5857,10,5271.3,0,948.83,6220.13,3773.05,1498.25,Debit Card,Delivered,2025-07-13 00:00:00,App
MYN100295,ORD20250295,2026-08-13 00:00:00,CUST82045,Harsh Bhatia,Beauty,Hyderabad,Telangana,Roadster,Face Wash,XL,Pink,2,2948,5,2800.6,0,1008.22,6609.42,3786.45,1814.75,Net Banking,Cancelled,2026-08-19 00:00:00,Mobile Web
MYN100296,ORD20250296,2026-02-11 00:00:00,CUST34366,Manav Joshi,Beauty,Nashik,Maharashtra,Puma,Shampoo,S,Red,2,1382,5,1312.9,0,472.64,3098.44,1498.47,1127.33,Wallet,Shipped,2026-02-13 00:00:00,Website
MYN100297,ORD20250297,2026-07-10 00:00:00,CUST25086,Shreya Pawar,Kids,Delhi,Delhi,HRX,Kids Dresses,XS,Blue,1,5667,25,4250.25,0,765.04,5015.29,2594.67,1655.58,Debit Card,Processing,2026-07-14 00:00:00,Mobile Web
MYN100298,ORD20250298,2025-03-06 00:00:00,CUST71381,Mohit Menon,Women,Kolkata,West Bengal,Puma,Tops,XXL,Green,3,5735,15,4874.75,0,2632.36,17256.61,9051.55,5572.7,Wallet,Delivered,2025-03-10 00:00:00,Mobile Web
MYN100299,ORD20250299,2025-05-16 00:00:00,CUST13558,Ishita Verma,Men,Jaipur,Rajasthan,DressBerry,Watches,Free Size,Grey,2,1606,20,1284.8,0,462.53,3032.13,1799.75,769.85,Cash on Delivery,Delivered,2025-05-20 00:00:00,Mobile Web
MYN100300,ORD20250300,2026-02-27 00:00:00,CUST50317,Karan Malhotra,Women,Nashik,Maharashtra,Nike,Handbags,XL,Pink,2,3144,25,2358,0,848.88,5564.88,2648.62,2067.38,Credit Card,Delivered,2026-03-04 00:00:00,App
MYN100301,ORD20250301,2026-04-02 00:00:00,CUST78207,Harsh Oberoi,Women,Chennai,Tamil Nadu,Maybelline,Tops,M,Blue,2,2352,10,2116.8,0,762.05,4995.65,2613.68,1619.92,Credit Card,Cancelled,2026-04-08 00:00:00,Mobile Web
MYN100302,ORD20250302,2026-05-19 00:00:00,CUST93136,Tanvi Iyer,Kids,Delhi,Delhi,DressBerry,Kids Jeans,XXL,Beige,1,3195,25,2396.25,0,431.32,2827.57,1872.53,523.72,Debit Card,Delivered,2026-05-26 00:00:00,App
MYN100303,ORD20250303,2025-09-08 00:00:00,CUST88537,Kavya Nair,Home,Indore,Madhya Pradesh,Nike,Wall Decor,XL,Green,1,2422,20,1937.6,0,348.77,2286.37,1291.15,646.45,Cash on Delivery,Delivered,2025-09-10 00:00:00,Mobile Web
MYN100304,ORD20250304,2026-05-09 00:00:00,CUST16782,Muskan Tiwari,Women,Kolkata,West Bengal,HRX,Tops,XS,Blue,2,2714,15,2306.9,0,830.48,5444.28,3656.21,957.59,Cash on Delivery,Delivered,2026-05-12 00:00:00,Website
MYN100305,ORD20250305,2026-07-30 00:00:00,CUST55865,Mohit Nair,Men,Bengaluru,Karnataka,H&M,Jeans,XXL,Black,1,5079,15,4317.15,0,777.09,5094.24,2644.25,1672.9,Debit Card,Returned,2026-08-02 00:00:00,Website
MYN100306,ORD20250306,2025-10-25 00:00:00,CUST74486,Priya Pillai,Beauty,Hyderabad,Telangana,Adidas,Lipstick,S,Grey,3,5347,25,4010.25,0,2165.54,14196.29,7422.08,4608.67,Wallet,Delivered,2025-10-30 00:00:00,Mobile Web
MYN100307,ORD20250307,2026-06-04 00:00:00,CUST62003,Arjun Kapoor,Men,Lucknow,Uttar Pradesh,Maybelline,Trousers,XL,Green,1,315,10,283.5,99,51.03,433.53,175.78,107.72,Wallet,Delivered,2026-06-10 00:00:00,Mobile Web
MYN100308,ORD20250308,2025-08-16 00:00:00,CUST22748,Abhishek Saxena,Men,Delhi,Delhi,WROGN,Shirts,XL,Green,1,3494,25,2620.5,0,471.69,3092.19,1677.88,942.62,Debit Card,Delivered,2025-08-23 00:00:00,Mobile Web
MYN100309,ORD20250309,2025-05-26 00:00:00,CUST26428,Sahil Kapoor,Men,Hyderabad,Telangana,Nike,Trousers,Free Size,White,2,5225,15,4441.25,0,1598.85,10481.35,5186.52,3695.98,Net Banking,Cancelled,2025-06-01 00:00:00,Mobile Web
MYN100310,ORD20250310,2026-07-04 00:00:00,CUST73928,Karan Das,Kids,Hyderabad,Telangana,DressBerry,Kids T-Shirts,XS,Red,4,990,30,693,0,498.96,3270.96,1615.99,1156.01,Credit Card,Cancelled,2026-07-11 00:00:00,Website
MYN100311,ORD20250311,2025-05-15 00:00:00,CUST87986,Kriti Pillai,Men,Bengaluru,Karnataka,H&M,Watches,XL,Blue,1,576,25,432,99,77.76,608.76,247.07,184.93,Net Banking,Returned,2025-05-20 00:00:00,Website
MYN100312,ORD20250312,2025-10-29 00:00:00,CUST41831,Akash Khan,Women,Pune,Maharashtra,HRX,Sarees,M,Beige,4,2662,25,1996.5,0,1437.48,9423.48,6226.33,1759.67,Net Banking,Delivered,2025-11-04 00:00:00,Mobile Web
MYN100313,ORD20250313,2025-06-30 00:00:00,CUST58899,Simran Tiwari,Men,Mumbai,Maharashtra,Levis,Shirts,S,Grey,1,4341,50,2170.5,0,390.69,2561.19,1575.92,594.58,Credit Card,Processing,2025-07-03 00:00:00,Mobile Web
MYN100314,ORD20250314,2025-11-12 00:00:00,CUST66997,Tanvi Desai,Home,Nashik,Maharashtra,Levis,Wall Decor,XL,Grey,2,2836,30,1985.2,0,714.67,4685.07,2830.3,1140.1,UPI,Delivered,2025-11-19 00:00:00,App
MYN100315,ORD20250315,2025-12-29 00:00:00,CUST53169,Nikhil Roy,Kids,Bengaluru,Karnataka,Adidas,Kids Dresses,XS,White,2,1568,5,1489.6,0,536.26,3515.46,1736.7,1242.5,Cash on Delivery,Processing,2026-01-02 00:00:00,App
MYN100316,ORD20250316,2025-11-17 00:00:00,CUST73477,Sneha Joshi,Women,Ahmedabad,Gujarat,Adidas,Kurtas,Free Size,Yellow,3,4108,30,2875.6,0,1552.82,10179.62,6215.36,2411.44,Wallet,Delivered,2025-11-21 00:00:00,Website
MYN100317,ORD20250317,2025-05-08 00:00:00,CUST16135,Isha Tripathi,Men,Indore,Madhya Pradesh,HERE&NOW,Trousers,L,Red,1,2471,0,2471,0,444.78,2915.78,1405.35,1065.65,Wallet,Delivered,2025-05-11 00:00:00,Website
MYN100318,ORD20250318,2026-06-14 00:00:00,CUST67823,Mohit Chauhan,Beauty,Kolkata,West Bengal,DressBerry,Shampoo,L,Green,1,3075,15,2613.75,0,470.48,3084.23,1917.19,696.56,Debit Card,Delivered,2026-06-21 00:00:00,Website
MYN100319,ORD20250319,2026-07-12 00:00:00,CUST40005,Diya Shetty,Women,Indore,Madhya Pradesh,Anouk,Heels,XL,Red,3,1210,40,726,0,392.04,2570.04,1525.2,652.8,Debit Card,Returned,2026-07-17 00:00:00,Website
MYN100320,ORD20250320,2025-09-08 00:00:00,CUST58924,Sakshi Roy,Men,Nashik,Maharashtra,HERE&NOW,T-Shirts,Free Size,Yellow,2,1083,20,866.4,0,311.9,2044.7,959.07,773.73,Wallet,Delivered,2025-09-13 00:00:00,Website
MYN100321,ORD20250321,2026-08-10 00:00:00,CUST59052,Yash Goyal,Women,Ahmedabad,Gujarat,H&M,Tops,S,Blue,4,1569,20,1255.2,0,903.74,5924.54,2892.45,2128.35,Cash on Delivery,Delivered,2026-08-17 00:00:00,Website
MYN100322,ORD20250322,2025-04-22 00:00:00,CUST57291,Riya Nair,Women,Mumbai,Maharashtra,HERE&NOW,Sarees,XL,Red,2,5100,25,3825,0,1377,9027,5430.9,2219.1,Net Banking,Delivered,2025-04-26 00:00:00,App
MYN100323,ORD20250323,2026-04-21 00:00:00,CUST71269,Kriti Naik,Beauty,Nashik,Maharashtra,Anouk,Lipstick,L,Grey,4,469,10,422.1,0,303.91,1992.31,1278.5,409.9,Credit Card,Delivered,2026-04-26 00:00:00,Website
MYN100324,ORD20250324,2026-07-05 00:00:00,CUST22254,Meera Khan,Men,Lucknow,Uttar Pradesh,WROGN,Shirts,XXL,Pink,4,1222,25,916.5,0,659.88,4325.88,2072.75,1593.25,Credit Card,Shipped,2026-07-09 00:00:00,Mobile Web
MYN100325,ORD20250325,2025-08-20 00:00:00,CUST93886,Priya Agarwal,Men,Delhi,Delhi,Lakme,Watches,Free Size,Beige,4,5136,20,4108.8,0,2958.34,19393.54,13023.95,3411.25,Net Banking,Delivered,2025-08-24 00:00:00,App
MYN100326,ORD20250326,2025-09-26 00:00:00,CUST46405,Kriti Shah,Kids,Indore,Madhya Pradesh,Lakme,Kids Dresses,L,Pink,2,3933,40,2359.8,0,849.53,5569.13,3529.06,1190.54,Cash on Delivery,Cancelled,2025-09-28 00:00:00,Mobile Web
MYN100327,ORD20250327,2026-05-13 00:00:00,CUST67656,Manav Menon,Home,Jaipur,Rajasthan,Lakme,Wall Decor,XS,Pink,1,2869,15,2438.65,0,438.96,2877.61,1506.45,932.2,Net Banking,Delivered,2026-05-18 00:00:00,Mobile Web
MYN100328,ORD20250328,2026-02-18 00:00:00,CUST24414,Sahil Naik,Men,Nashik,Maharashtra,Lakme,Watches,XS,Blue,3,1096,20,876.8,0,473.47,3103.87,1767.55,862.85,Wallet,Delivered,2026-02-23 00:00:00,Website
MYN100329,ORD20250329,2026-05-05 00:00:00,CUST41728,Simran Das,Women,Hyderabad,Telangana,Allen Solly,Handbags,S,Yellow,4,542,15,460.7,0,331.7,2174.5,1418.41,424.39,Net Banking,Delivered,2026-05-12 00:00:00,Website
MYN100330,ORD20250330,2026-05-17 00:00:00,CUST20310,Sahil Nair,Women,Mumbai,Maharashtra,Roadster,Tops,XS,Blue,1,1510,5,1434.5,0,258.21,1692.71,1029.1,405.4,Net Banking,Delivered,2026-05-20 00:00:00,Mobile Web
MYN100331,ORD20250331,2026-05-23 00:00:00,CUST84286,Aarav Oberoi,Women,Lucknow,Uttar Pradesh,H&M,Tops,XL,Black,1,5701,20,4560.8,0,820.94,5381.74,2996.47,1564.33,Wallet,Delivered,2026-05-29 00:00:00,Website
MYN100332,ORD20250332,2025-03-31 00:00:00,CUST83984,Tanvi Khan,Women,Hyderabad,Telangana,DressBerry,Kurtas,S,Beige,2,5484,20,4387.2,0,1579.39,10353.79,5678.3,3096.1,Credit Card,Delivered,2025-04-06 00:00:00,App
MYN100333,ORD20250333,2025-12-23 00:00:00,CUST77616,Akash Pandey,Women,Kolkata,West Bengal,Puma,Tops,XL,Pink,2,2944,20,2355.2,0,847.87,5558.27,3329.19,1381.21,Wallet,Shipped,2025-12-30 00:00:00,Mobile Web
MYN100334,ORD20250334,2025-09-28 00:00:00,CUST13956,Shreya Pillai,Women,Indore,Madhya Pradesh,HERE&NOW,Heels,S,Blue,3,2081,10,1872.9,0,1011.37,6630.07,3290.81,2327.89,Debit Card,Shipped,2025-10-01 00:00:00,Website
MYN100335,ORD20250335,2025-01-22 00:00:00,CUST94101,Aditya Tripathi,Women,Mumbai,Maharashtra,Adidas,Handbags,XS,Beige,4,4974,10,4476.6,0,3223.15,21129.55,11555.68,6350.72,UPI,Cancelled,2025-01-25 00:00:00,App
MYN100336,ORD20250336,2026-03-05 00:00:00,CUST94694,Varun Dubey,Women,Indore,Madhya Pradesh,WROGN,Heels,S,Green,3,522,10,469.8,0,253.69,1663.09,957.19,452.21,Debit Card,Delivered,2026-03-12 00:00:00,Website
MYN100337,ORD20250337,2025-12-14 00:00:00,CUST21781,Tanvi Pandey,Women,Chennai,Tamil Nadu,Fastrack,Sarees,XL,Blue,3,1223,0,1223,0,660.42,4329.42,2200.68,1468.32,Debit Card,Delivered,2025-12-20 00:00:00,Mobile Web
MYN100338,ORD20250338,2025-07-14 00:00:00,CUST66652,Sakshi Jain,Men,Bengaluru,Karnataka,Mast & Harbour,Trousers,XS,Beige,3,4845,0,4845,0,2616.3,17151.3,10036.73,4498.27,Wallet,Delivered,2025-07-16 00:00:00,Website
MYN100339,ORD20250339,2026-01-04 00:00:00,CUST36299,Diya Rathore,Men,Indore,Madhya Pradesh,HERE&NOW,T-Shirts,XXL,Yellow,2,2612,40,1567.2,0,564.19,3698.59,2108.37,1026.03,Cash on Delivery,Returned,2026-01-06 00:00:00,App
MYN100340,ORD20250340,2025-11-11 00:00:00,CUST28610,Yash More,Men,Bengaluru,Karnataka,Fastrack,Watches,M,Yellow,2,1749,0,1749,0,629.64,4127.64,2284.82,1213.18,Cash on Delivery,Delivered,2025-11-16 00:00:00,App
MYN100341,ORD20250341,2026-05-02 00:00:00,CUST50644,Sahil Desai,Men,Nashik,Maharashtra,HRX,T-Shirts,L,Pink,4,3268,20,2614.4,0,1882.37,12339.97,8471.21,1986.39,Credit Card,Delivered,2026-05-09 00:00:00,Mobile Web
MYN100342,ORD20250342,2025-04-21 00:00:00,CUST31650,Shreya Deshmukh,Men,Pune,Maharashtra,WROGN,Shirts,Free Size,Green,3,4569,40,2741.4,0,1480.36,9704.56,5493.8,2730.4,Credit Card,Shipped,2025-04-23 00:00:00,Website
MYN100343,ORD20250343,2026-03-16 00:00:00,CUST65371,Manav Kamble,Home,Kolkata,West Bengal,Levis,Bedsheets,L,Black,3,2579,20,2063.2,0,1114.13,7303.73,5039.07,1150.53,Debit Card,Delivered,2026-03-23 00:00:00,Mobile Web
MYN100344,ORD20250344,2025-12-09 00:00:00,CUST98603,Naina Dubey,Men,Bengaluru,Karnataka,Roadster,Watches,L,Grey,4,425,15,361.25,0,260.1,1705.1,1058.4,386.6,Cash on Delivery,Returned,2025-12-14 00:00:00,Mobile Web
MYN100345,ORD20250345,2025-03-05 00:00:00,CUST11375,Sahil Chatterjee,Home,Kolkata,West Bengal,Adidas,Bedsheets,Free Size,Black,1,4479,50,2239.5,0,403.11,2642.61,1446,793.5,Net Banking,Processing,2025-03-09 00:00:00,App
MYN100346,ORD20250346,2025-05-15 00:00:00,CUST39320,Manav Mehta,Men,Indore,Madhya Pradesh,Maybelline,Jeans,XL,Yellow,3,5884,0,5884,0,3177.36,20829.36,9828.7,7823.3,Net Banking,Delivered,2025-05-18 00:00:00,Website
MYN100347,ORD20250347,2025-01-28 00:00:00,CUST71497,Abhishek Iyer,Women,Mumbai,Maharashtra,Maybelline,Handbags,XS,Pink,1,4030,10,3627,0,652.86,4279.86,2054.52,1572.48,Debit Card,Delivered,2025-01-30 00:00:00,App
MYN100348,ORD20250348,2025-12-21 00:00:00,CUST55201,Arjun Tripathi,Men,Lucknow,Uttar Pradesh,Maybelline,Watches,L,Grey,3,1976,5,1877.2,0,1013.69,6645.29,3362.57,2269.03,Net Banking,Delivered,2025-12-23 00:00:00,Mobile Web
MYN100349,ORD20250349,2025-08-09 00:00:00,CUST66344,Shreya Naik,Beauty,Mumbai,Maharashtra,Nike,Moisturizer,M,Yellow,2,4902,5,4656.9,0,1676.48,10990.28,7362.35,1951.45,UPI,Processing,2025-08-13 00:00:00,Website
MYN100350,ORD20250350,2025-01-21 00:00:00,CUST16191,Muskan Yadav,Men,Indore,Madhya Pradesh,Allen Solly,Shirts,Free Size,Yellow,1,1761,15,1496.85,0,269.43,1766.28,1047.62,449.23,Cash on Delivery,Delivered,2025-01-24 00:00:00,Website
MYN100351,ORD20250351,2025-05-17 00:00:00,CUST83870,Meera Iyer,Women,Ahmedabad,Gujarat,Maybelline,Tops,XS,Red,3,777,0,777,0,419.58,2750.58,1825.5,505.5,Net Banking,Returned,2025-05-20 00:00:00,Mobile Web
MYN100352,ORD20250352,2025-07-08 00:00:00,CUST55246,Yash Chauhan,Kids,Pune,Maharashtra,HRX,Kids Shoes,XXL,Green,2,3975,40,2385,0,858.6,5628.6,3571.29,1198.71,Debit Card,Cancelled,2025-07-10 00:00:00,Mobile Web
MYN100353,ORD20250353,2025-03-14 00:00:00,CUST42567,Meera Kulkarni,Home,Delhi,Delhi,Maybelline,Cushion Covers,Free Size,Grey,1,4770,15,4054.5,0,729.81,4784.31,2491.68,1562.82,Net Banking,Delivered,2025-03-19 00:00:00,Mobile Web
MYN100354,ORD20250354,2025-07-02 00:00:00,CUST13084,Dev Mehta,Women,Bengaluru,Karnataka,Mast & Harbour,Sarees,Free Size,Beige,3,4385,5,4165.75,0,2249.5,14746.75,10131.8,2365.45,Wallet,Delivered,2025-07-04 00:00:00,Mobile Web
MYN100355,ORD20250355,2026-04-12 00:00:00,CUST14239,Ishita Roy,Women,Hyderabad,Telangana,H&M,Sarees,XS,Red,2,1514,20,1211.2,0,436.03,2858.43,1597.42,824.98,UPI,Delivered,2026-04-19 00:00:00,Mobile Web
MYN100356,ORD20250356,2026-08-07 00:00:00,CUST91395,Dev Bhatt,Beauty,Hyderabad,Telangana,Mast & Harbour,Face Wash,S,Black,3,2651,0,2651,0,1431.54,9384.54,4948.37,3004.63,Net Banking,Delivered,2026-08-10 00:00:00,App
MYN100357,ORD20250357,2025-10-12 00:00:00,CUST74173,Rohit Agarwal,Beauty,Delhi,Delhi,HRX,Perfume,M,Blue,2,4291,40,2574.6,0,926.86,6076.06,4145.91,1003.29,Wallet,Delivered,2025-10-19 00:00:00,Website
MYN100358,ORD20250358,2025-11-24 00:00:00,CUST62949,Rahul Chopra,Men,Nashik,Maharashtra,Anouk,Jeans,XS,Black,4,986,15,838.1,0,603.43,3955.83,2057.09,1295.31,Net Banking,Returned,2025-11-28 00:00:00,Mobile Web
MYN100359,ORD20250359,2025-01-01 00:00:00,CUST84694,Ishita Pillai,Men,Nashik,Maharashtra,DressBerry,Watches,XS,Green,1,677,20,541.6,99,97.49,738.09,423.59,118.01,UPI,Delivered,2025-01-05 00:00:00,Website
MYN100360,ORD20250360,2025-08-12 00:00:00,CUST18802,Mohit Naik,Women,Lucknow,Uttar Pradesh,Nike,Handbags,XXL,Black,4,681,20,544.8,0,392.26,2571.46,1686.16,493.04,Cash on Delivery,Processing,2025-08-16 00:00:00,Mobile Web
MYN100361,ORD20250361,2025-09-04 00:00:00,CUST96988,Mohit Menon,Women,Pune,Maharashtra,Lakme,Heels,S,Grey,3,5753,0,5753,0,3106.62,20365.62,12657.3,4601.7,Net Banking,Shipped,2025-09-08 00:00:00,Website
MYN100362,ORD20250362,2025-04-08 00:00:00,CUST15596,Diya Das,Home,Pune,Maharashtra,Roadster,Bedsheets,Free Size,Yellow,2,5864,10,5277.6,0,1899.94,12455.14,6785.99,3769.21,Wallet,Delivered,2025-04-11 00:00:00,Website
MYN100363,ORD20250363,2025-12-06 00:00:00,CUST24626,Akash Srivastava,Home,Mumbai,Maharashtra,HRX,Cushion Covers,S,Black,4,5775,25,4331.25,0,3118.5,20443.5,12008.25,5316.75,Debit Card,Delivered,2025-12-12 00:00:00,App
MYN100364,ORD20250364,2025-11-21 00:00:00,CUST77087,Abhishek Naik,Men,Bengaluru,Karnataka,DressBerry,Shirts,XS,Green,1,1804,25,1353,0,243.54,1596.54,1107.9,245.1,UPI,Returned,2025-11-27 00:00:00,App
MYN100365,ORD20250365,2026-03-15 00:00:00,CUST45693,Sakshi Reddy,Beauty,Lucknow,Uttar Pradesh,Nike,Perfume,S,Beige,2,2958,20,2366.4,0,851.9,5584.7,3551.58,1181.22,UPI,Delivered,2026-03-21 00:00:00,Mobile Web
MYN100366,ORD20250366,2025-04-15 00:00:00,CUST15583,Isha Agarwal,Women,Pune,Maharashtra,DressBerry,Tops,Free Size,White,1,2005,25,1503.75,0,270.68,1774.43,1118.87,384.88,Credit Card,Cancelled,2025-04-20 00:00:00,App
MYN100367,ORD20250367,2025-07-01 00:00:00,CUST51785,Tanya Khan,Women,Mumbai,Maharashtra,Anouk,Sarees,M,Beige,1,527,25,395.25,49,71.14,515.39,311.03,84.22,Credit Card,Delivered,2025-07-05 00:00:00,Website
MYN100368,ORD20250368,2026-04-19 00:00:00,CUST72894,Priya Mehta,Women,Jaipur,Rajasthan,Anouk,Heels,M,Grey,1,491,30,343.7,99,61.87,504.57,269.11,74.59,Debit Card,Cancelled,2026-04-26 00:00:00,Website
MYN100369,ORD20250369,2025-03-24 00:00:00,CUST51910,Rohan Arora,Women,Kolkata,West Bengal,Anouk,Dresses,XXL,Pink,4,539,5,512.05,0,368.68,2416.88,1164.22,883.98,Debit Card,Delivered,2025-03-31 00:00:00,Website
MYN100370,ORD20250370,2025-09-30 00:00:00,CUST56040,Varun Chopra,Women,Pune,Maharashtra,Adidas,Kurtas,XXL,Blue,2,5961,15,5066.85,0,1824.07,11957.77,6387.94,3745.76,Debit Card,Delivered,2025-10-07 00:00:00,App
MYN100371,ORD20250371,2025-06-28 00:00:00,CUST84219,Mohit Goyal,Men,Mumbai,Maharashtra,HRX,Jeans,S,Black,2,5214,30,3649.8,0,1313.93,8613.53,4168.23,3131.37,Cash on Delivery,Delivered,2025-06-30 00:00:00,Website
MYN100372,ORD20250372,2025-06-11 00:00:00,CUST97245,Nikhil Dubey,Women,Lucknow,Uttar Pradesh,Nike,Kurtas,M,White,1,833,50,416.5,79,74.97,570.47,285.72,130.78,Credit Card,Returned,2025-06-18 00:00:00,Website
MYN100373,ORD20250373,2026-05-16 00:00:00,CUST67233,Sakshi Jain,Women,Hyderabad,Telangana,Levis,Handbags,XL,Black,4,5568,25,4176,0,3006.72,19710.72,12179.02,4524.98,Credit Card,Delivered,2026-05-19 00:00:00,App
MYN100374,ORD20250374,2025-03-10 00:00:00,CUST89737,Kavya Menon,Home,Jaipur,Rajasthan,H&M,Bath Towels,Free Size,Pink,4,846,5,803.7,0,578.66,3793.46,1868.67,1346.13,Wallet,Delivered,2025-03-16 00:00:00,App
MYN100375,ORD20250375,2025-10-14 00:00:00,CUST59768,Tanya Chatterjee,Women,Pune,Maharashtra,WROGN,Dresses,XL,Red,3,3027,40,1816.2,0,980.75,6429.35,4211.79,1236.81,Wallet,Returned,2025-10-17 00:00:00,Mobile Web
MYN100376,ORD20250376,2025-07-10 00:00:00,CUST26075,Sneha Chopra,Women,Delhi,Delhi,HRX,Sarees,XS,Black,1,5311,15,4514.35,0,812.58,5326.93,3002.13,1512.22,Wallet,Delivered,2025-07-13 00:00:00,Mobile Web
MYN100377,ORD20250377,2026-05-27 00:00:00,CUST77657,Rohan Bansal,Beauty,Delhi,Delhi,Fastrack,Perfume,XL,Green,3,2359,15,2005.15,0,1082.78,7098.23,3978.25,2037.2,Wallet,Delivered,2026-05-30 00:00:00,App
MYN100378,ORD20250378,2025-11-14 00:00:00,CUST39968,Karan Shah,Men,Mumbai,Maharashtra,Puma,Watches,S,Grey,2,5122,40,3073.2,0,1106.35,7252.75,4039.8,2106.6,Credit Card,Delivered,2025-11-16 00:00:00,Mobile Web
MYN100379,ORD20250379,2025-04-11 00:00:00,CUST61272,Rahul Mishra,Men,Kolkata,West Bengal,WROGN,Shirts,XL,Red,2,884,20,707.2,0,254.59,1668.99,1056.27,358.13,Credit Card,Delivered,2025-04-17 00:00:00,Mobile Web
MYN100380,ORD20250380,2025-09-04 00:00:00,CUST90409,Sahil Verma,Kids,Lucknow,Uttar Pradesh,Fastrack,Kids Jeans,S,Black,3,3575,10,3217.5,0,1737.45,11389.95,5873.32,3779.18,Credit Card,Delivered,2025-09-08 00:00:00,App
MYN100381,ORD20250381,2025-02-18 00:00:00,CUST97347,Nikhil Chopra,Men,Nashik,Maharashtra,Adidas,T-Shirts,XL,Pink,4,4667,10,4200.3,0,3024.22,19825.42,12923.28,3877.92,Wallet,Delivered,2025-02-21 00:00:00,Website
MYN100382,ORD20250382,2026-05-02 00:00:00,CUST47011,Sakshi Mishra,Women,Mumbai,Maharashtra,Anouk,Handbags,XS,Beige,2,5536,25,4152,0,1494.72,9798.72,5875.28,2428.72,UPI,Shipped,2026-05-07 00:00:00,Website
MYN100383,ORD20250383,2026-02-02 00:00:00,CUST35739,Aditya Menon,Men,Nashik,Maharashtra,Fastrack,Trousers,L,Black,2,5854,20,4683.2,0,1685.95,11052.35,7572.05,1794.35,Net Banking,Delivered,2026-02-07 00:00:00,Website
MYN100384,ORD20250384,2025-03-20 00:00:00,CUST91149,Vikram Shah,Men,Jaipur,Rajasthan,Levis,Shirts,L,Red,2,5390,0,5390,0,1940.4,12720.4,8773.48,2006.52,Debit Card,Shipped,2025-03-26 00:00:00,Website
MYN100385,ORD20250385,2026-07-10 00:00:00,CUST11996,Naina Tiwari,Women,Pune,Maharashtra,Puma,Tops,XXL,White,4,1834,50,917,0,660.24,4328.24,2323.83,1344.17,Cash on Delivery,Delivered,2026-07-16 00:00:00,Mobile Web
MYN100386,ORD20250386,2025-06-04 00:00:00,CUST27199,Varun Jain,Women,Kolkata,West Bengal,Mast & Harbour,Handbags,M,Green,3,5489,20,4391.2,0,2371.25,15544.85,8454.83,4718.77,Debit Card,Delivered,2025-06-10 00:00:00,Mobile Web
MYN100387,ORD20250387,2026-06-13 00:00:00,CUST76708,Ishita Reddy,Women,Chennai,Tamil Nadu,HERE&NOW,Sarees,M,Pink,3,2015,20,1612,0,870.48,5706.48,2843.32,1992.68,Credit Card,Delivered,2026-06-16 00:00:00,App
MYN100388,ORD20250388,2025-06-18 00:00:00,CUST53965,Ananya Chatterjee,Women,Jaipur,Rajasthan,WROGN,Heels,XS,Beige,3,4022,10,3619.8,0,1954.69,12814.09,6731.79,4127.61,Cash on Delivery,Processing,2025-06-21 00:00:00,Website
MYN100389,ORD20250389,2025-03-22 00:00:00,CUST39063,Meera Jain,Men,Hyderabad,Telangana,HERE&NOW,Shirts,M,Yellow,3,3502,20,2801.6,0,1512.86,9917.66,6716.3,1688.5,Cash on Delivery,Shipped,2025-03-25 00:00:00,App
MYN100390,ORD20250390,2025-01-08 00:00:00,CUST20492,Tanvi Joshi,Women,Indore,Madhya Pradesh,H&M,Sarees,S,Green,1,3679,25,2759.25,0,496.66,3255.91,2117.44,641.81,Wallet,Delivered,2025-01-13 00:00:00,App
MYN100391,ORD20250391,2025-09-03 00:00:00,CUST94523,Ishita Patel,Men,Delhi,Delhi,WROGN,Watches,Free Size,Pink,2,4529,10,4076.1,0,1467.4,9619.6,6106.21,2045.99,UPI,Delivered,2025-09-09 00:00:00,Mobile Web
MYN100392,ORD20250392,2026-03-19 00:00:00,CUST96840,Yash Arora,Kids,Jaipur,Rajasthan,Mast & Harbour,Kids Jeans,L,Yellow,1,5666,5,5382.7,0,968.89,6351.59,3304.36,2078.34,Cash on Delivery,Delivered,2026-03-22 00:00:00,Website
MYN100393,ORD20250393,2025-12-09 00:00:00,CUST18646,Riya Nair,Men,Lucknow,Uttar Pradesh,Nike,Shirts,XS,Green,4,3137,0,3137,0,2258.64,14806.64,8341.13,4206.87,Credit Card,Processing,2025-12-15 00:00:00,Website
MYN100394,ORD20250394,2025-03-29 00:00:00,CUST26692,Sakshi Chopra,Men,Delhi,Delhi,HRX,Sports Shoes,Free Size,Red,1,4173,30,2921.1,0,525.8,3446.9,2056.88,864.22,UPI,Cancelled,2025-04-04 00:00:00,Mobile Web
MYN100395,ORD20250395,2025-07-29 00:00:00,CUST84681,Kriti Pandey,Beauty,Mumbai,Maharashtra,DressBerry,Perfume,M,Pink,1,1241,10,1116.9,0,201.04,1317.94,700.3,416.6,UPI,Delivered,2025-08-04 00:00:00,Website
MYN100396,ORD20250396,2025-09-16 00:00:00,CUST57801,Rohan Bose,Men,Bengaluru,Karnataka,Nike,Shirts,Free Size,White,1,3780,20,3024,0,544.32,3568.32,1922.34,1101.66,Debit Card,Delivered,2025-09-19 00:00:00,Website
MYN100397,ORD20250397,2025-01-16 00:00:00,CUST69935,Yash Sharma,Women,Pune,Maharashtra,Levis,Heels,XL,Green,2,5391,15,4582.35,0,1649.65,10814.35,6465.05,2699.65,Debit Card,Processing,2025-01-23 00:00:00,Website
MYN100398,ORD20250398,2026-02-20 00:00:00,CUST58867,Mansi Jain,Kids,Pune,Maharashtra,HERE&NOW,Kids T-Shirts,XXL,Black,3,953,10,857.7,0,463.16,3036.26,1880.51,692.59,Cash on Delivery,Delivered,2026-02-24 00:00:00,Mobile Web
MYN100399,ORD20250399,2025-08-07 00:00:00,CUST66463,Kriti Iyer,Kids,Chennai,Tamil Nadu,HERE&NOW,Kids T-Shirts,Free Size,Green,1,1543,15,1311.55,0,236.08,1547.63,773.75,537.8,Credit Card,Delivered,2025-08-13 00:00:00,App
MYN100400,ORD20250400,2025-10-11 00:00:00,CUST10877,Yash Shetty,Men,Mumbai,Maharashtra,HERE&NOW,Shirts,XL,Beige,1,2054,20,1643.2,0,295.78,1938.98,1308.93,334.27,Credit Card,Delivered,2025-10-15 00:00:00,App
MYN100401,ORD20250401,2025-07-19 00:00:00,CUST56762,Rohit Pillai,Kids,Jaipur,Rajasthan,H&M,Kids Dresses,Free Size,Pink,1,720,10,648,79,116.64,843.64,479.01,168.99,Net Banking,Returned,2025-07-25 00:00:00,App
MYN100402,ORD20250402,2025-10-08 00:00:00,CUST52292,Muskan Pandey,Women,Indore,Madhya Pradesh,Adidas,Dresses,M,Blue,2,1312,50,656,0,236.16,1548.16,738.25,573.75,Wallet,Delivered,2025-10-13 00:00:00,Mobile Web
MYN100403,ORD20250403,2026-08-11 00:00:00,CUST29177,Aarav Bhatia,Kids,Delhi,Delhi,Nike,Kids Dresses,Free Size,Black,4,4823,10,4340.7,0,3125.3,20488.1,10619.95,6742.85,Debit Card,Delivered,2026-08-16 00:00:00,Mobile Web
MYN100404,ORD20250404,2026-03-09 00:00:00,CUST28646,Kriti Shah,Beauty,Chennai,Tamil Nadu,Anouk,Perfume,XS,Grey,3,4955,15,4211.75,0,2274.34,14909.59,8379.96,4255.29,Wallet,Delivered,2026-03-13 00:00:00,Mobile Web
MYN100405,ORD20250405,2026-01-02 00:00:00,CUST50387,Naina Mehta,Women,Pune,Maharashtra,H&M,Dresses,M,Pink,4,4321,40,2592.6,0,1866.67,12237.07,6710.94,3659.46,UPI,Cancelled,2026-01-08 00:00:00,Website
MYN100406,ORD20250406,2025-02-13 00:00:00,CUST54980,Naina Singh,Beauty,Indore,Madhya Pradesh,WROGN,Perfume,Free Size,Beige,4,886,20,708.8,0,510.34,3345.54,2115.79,719.41,Cash on Delivery,Cancelled,2025-02-16 00:00:00,App
MYN100407,ORD20250407,2025-03-03 00:00:00,CUST90691,Manav Dubey,Women,Bengaluru,Karnataka,HRX,Kurtas,XL,Beige,1,4727,20,3781.6,0,680.69,4462.29,2276.61,1504.99,UPI,Delivered,2025-03-08 00:00:00,App
MYN100408,ORD20250408,2025-08-19 00:00:00,CUST89369,Naina Malhotra,Women,Bengaluru,Karnataka,HRX,Sarees,M,Blue,2,4449,50,2224.5,0,800.82,5249.82,2842.43,1606.57,Net Banking,Delivered,2025-08-25 00:00:00,App
MYN100409,ORD20250409,2025-02-27 00:00:00,CUST53827,Mohit More,Kids,Bengaluru,Karnataka,Lakme,Kids Shoes,XXL,Blue,1,5448,0,5448,0,980.64,6428.64,3065.62,2382.38,Cash on Delivery,Delivered,2025-03-01 00:00:00,Website
MYN100410,ORD20250410,2025-09-23 00:00:00,CUST23382,Rohit Naik,Men,Mumbai,Maharashtra,Puma,Watches,M,Green,1,744,15,632.4,99,113.83,845.23,429.26,203.14,Cash on Delivery,Cancelled,2025-09-30 00:00:00,Mobile Web
MYN100411,ORD20250411,2026-06-14 00:00:00,CUST38690,Priya More,Men,Delhi,Delhi,WROGN,Watches,XS,Blue,1,5310,20,4248,0,764.64,5012.64,3436.19,811.81,Credit Card,Returned,2026-06-21 00:00:00,App
MYN100412,ORD20250412,2025-07-03 00:00:00,CUST91494,Arjun Bhatia,Women,Hyderabad,Telangana,Nike,Dresses,XS,White,4,4375,10,3937.5,0,2835,18585,9153.08,6596.92,Debit Card,Delivered,2025-07-10 00:00:00,Mobile Web
MYN100413,ORD20250413,2026-07-29 00:00:00,CUST36128,Ananya Tripathi,Kids,Jaipur,Rajasthan,Fastrack,Kids Dresses,Free Size,White,1,613,20,490.4,79,88.27,657.67,303.83,186.57,Net Banking,Shipped,2026-08-05 00:00:00,Website
MYN100414,ORD20250414,2025-07-23 00:00:00,CUST61012,Riya Tiwari,Women,Delhi,Delhi,WROGN,Kurtas,S,Yellow,1,4823,0,4823,0,868.14,5691.14,3763.85,1059.15,Debit Card,Shipped,2025-07-28 00:00:00,Website
MYN100415,ORD20250415,2025-09-28 00:00:00,CUST44812,Ananya Yadav,Women,Chennai,Tamil Nadu,Mast & Harbour,Dresses,XXL,Blue,4,507,30,354.9,0,255.53,1675.13,946.29,473.31,Net Banking,Delivered,2025-10-03 00:00:00,App
MYN100416,ORD20250416,2025-05-26 00:00:00,CUST81387,Sneha Tiwari,Men,Jaipur,Rajasthan,Roadster,Sports Shoes,M,Beige,4,1369,5,1300.55,0,936.4,6138.6,3771.8,1430.4,UPI,Delivered,2025-06-02 00:00:00,App
MYN100417,ORD20250417,2026-01-28 00:00:00,CUST17367,Arjun Iyer,Men,Pune,Maharashtra,Fastrack,Watches,M,White,2,5326,0,5326,0,1917.36,12569.36,6613.52,4038.48,Net Banking,Processing,2026-02-01 00:00:00,Website
MYN100418,ORD20250418,2025-05-30 00:00:00,CUST46931,Karan Tripathi,Women,Delhi,Delhi,WROGN,Tops,XS,Black,4,5354,15,4550.9,0,3276.65,21480.25,10801.49,7402.11,UPI,Delivered,2025-06-04 00:00:00,Mobile Web
MYN100419,ORD20250419,2026-03-26 00:00:00,CUST23419,Sakshi Verma,Women,Pune,Maharashtra,Levis,Handbags,XS,Red,4,3156,15,2682.6,0,1931.47,12661.87,7391.12,3339.28,Wallet,Delivered,2026-03-29 00:00:00,App
MYN100420,ORD20250420,2025-02-14 00:00:00,CUST18609,Mohit Mishra,Kids,Chennai,Tamil Nadu,H&M,Kids Jeans,S,Green,2,2321,25,1740.75,0,626.67,4108.17,2377.39,1104.11,Credit Card,Delivered,2025-02-17 00:00:00,Mobile Web
MYN100421,ORD20250421,2026-06-03 00:00:00,CUST21267,Muskan Mehta,Home,Nashik,Maharashtra,Adidas,Cushion Covers,Free Size,Grey,1,5997,0,5997,0,1079.46,7076.46,3861.54,2135.46,UPI,Delivered,2026-06-09 00:00:00,Website
MYN100422,ORD20250422,2025-06-01 00:00:00,CUST99080,Mohit Shah,Beauty,Lucknow,Uttar Pradesh,Nike,Perfume,XXL,Blue,4,5111,15,4344.35,0,3127.93,20505.33,13621.82,3755.58,Cash on Delivery,Delivered,2025-06-05 00:00:00,App
MYN100423,ORD20250423,2026-08-12 00:00:00,CUST87994,Akash Kulkarni,Beauty,Lucknow,Uttar Pradesh,Lakme,Moisturizer,XXL,Beige,3,5838,15,4962.3,0,2679.64,17566.54,10742.69,4144.21,Debit Card,Delivered,2026-08-17 00:00:00,Mobile Web
MYN100424,ORD20250424,2026-05-08 00:00:00,CUST80601,Tanvi Dubey,Beauty,Bengaluru,Karnataka,Puma,Moisturizer,XS,Grey,1,3985,50,1992.5,0,358.65,2351.15,1152.05,840.45,Wallet,Delivered,2026-05-13 00:00:00,App
MYN100425,ORD20250425,2025-04-26 00:00:00,CUST61742,Riya Pandey,Men,Lucknow,Uttar Pradesh,Adidas,Sports Shoes,XL,White,4,2216,30,1551.2,0,1116.86,7321.66,4328.83,1875.97,Wallet,Delivered,2025-04-29 00:00:00,App
MYN100426,ORD20250426,2025-04-01 00:00:00,CUST29073,Mansi Agarwal,Men,Pune,Maharashtra,Nike,Trousers,L,Yellow,1,3057,10,2751.3,0,495.23,3246.53,2157.79,593.51,Cash on Delivery,Processing,2025-04-08 00:00:00,App
MYN100427,ORD20250427,2025-06-15 00:00:00,CUST83181,Sahil Reddy,Beauty,Delhi,Delhi,Roadster,Shampoo,Free Size,White,3,5707,15,4850.95,0,2619.51,17172.36,8993.48,5559.37,UPI,Delivered,2025-06-22 00:00:00,Website
MYN100428,ORD20250428,2026-01-10 00:00:00,CUST94627,Abhishek Reddy,Women,Pune,Maharashtra,Levis,Sarees,XL,Beige,4,2696,25,2022,0,1455.84,9543.84,4681.43,3406.57,Credit Card,Cancelled,2026-01-15 00:00:00,Mobile Web
MYN100429,ORD20250429,2026-07-14 00:00:00,CUST67692,Ananya Shah,Men,Chennai,Tamil Nadu,HERE&NOW,Watches,XL,Blue,3,1286,20,1028.8,0,555.55,3641.95,2075.79,1010.61,Cash on Delivery,Processing,2026-07-18 00:00:00,Website
MYN100430,ORD20250430,2026-07-05 00:00:00,CUST58291,Harsh Mishra,Men,Lucknow,Uttar Pradesh,DressBerry,Sports Shoes,M,Black,3,2192,25,1644,0,887.76,5819.76,3009.57,1922.43,Debit Card,Returned,2026-07-12 00:00:00,Mobile Web
MYN100431,ORD20250431,2025-05-06 00:00:00,CUST84308,Muskan Kapoor,Kids,Ahmedabad,Gujarat,Roadster,Kids Shoes,S,White,3,894,0,894,0,482.76,3164.76,1545.35,1136.65,Cash on Delivery,Shipped,2025-05-11 00:00:00,Website
MYN100432,ORD20250432,2026-01-22 00:00:00,CUST81356,Nikhil Sinha,Home,Indore,Madhya Pradesh,HRX,Cushion Covers,XL,Pink,3,800,40,480,0,259.2,1699.2,1170.13,269.87,Cash on Delivery,Shipped,2026-01-25 00:00:00,Website
MYN100433,ORD20250433,2026-06-09 00:00:00,CUST92357,Yash More,Women,Lucknow,Uttar Pradesh,Fastrack,Heels,S,Pink,3,1579,0,1579,0,852.66,5589.66,3717.68,1019.32,Wallet,Delivered,2026-06-13 00:00:00,App
MYN100434,ORD20250434,2026-03-24 00:00:00,CUST54333,Yash Tiwari,Beauty,Chennai,Tamil Nadu,HERE&NOW,Face Wash,XS,Yellow,3,784,5,744.8,0,402.19,2636.59,1609.62,624.78,Wallet,Delivered,2026-03-29 00:00:00,Website
MYN100435,ORD20250435,2025-04-03 00:00:00,CUST80309,Rohan Oberoi,Kids,Delhi,Delhi,Allen Solly,Kids Dresses,XS,Yellow,3,3232,15,2747.2,0,1483.49,9725.09,5840.87,2400.73,UPI,Delivered,2025-04-10 00:00:00,App
MYN100436,ORD20250436,2025-08-09 00:00:00,CUST22963,Neha Singh,Women,Nashik,Maharashtra,Adidas,Handbags,M,White,4,2139,20,1711.2,0,1232.06,8076.86,5087.18,1757.62,UPI,Cancelled,2025-08-15 00:00:00,App
MYN100437,ORD20250437,2025-01-06 00:00:00,CUST43332,Rohan Pillai,Beauty,Jaipur,Rajasthan,WROGN,Face Wash,S,White,2,3796,10,3416.4,0,1229.9,8062.7,4364.21,2468.59,Credit Card,Delivered,2025-01-12 00:00:00,Website
MYN100438,ORD20250438,2026-04-23 00:00:00,CUST14141,Sakshi Malhotra,Kids,Delhi,Delhi,Puma,Kids Shoes,M,Grey,1,4331,15,3681.35,0,662.64,4343.99,2057.56,1623.79,Wallet,Delivered,2026-04-25 00:00:00,App
MYN100439,ORD20250439,2025-01-16 00:00:00,CUST76830,Kavya Verma,Home,Jaipur,Rajasthan,Puma,Bedsheets,S,Black,4,3917,50,1958.5,0,1410.12,9244.12,6237.29,1596.71,Credit Card,Shipped,2025-01-20 00:00:00,Mobile Web
MYN100440,ORD20250440,2025-06-27 00:00:00,CUST95707,Karan Singh,Home,Jaipur,Rajasthan,Mast & Harbour,Bedsheets,XS,Black,3,1397,10,1257.3,0,678.94,4450.84,2997.37,774.53,Net Banking,Delivered,2025-07-01 00:00:00,Mobile Web
MYN100441,ORD20250441,2026-07-01 00:00:00,CUST44808,Kavya Joshi,Men,Pune,Maharashtra,DressBerry,Trousers,XS,Blue,1,974,10,876.6,0,157.79,1034.39,593.15,283.45,UPI,Delivered,2026-07-08 00:00:00,App
MYN100442,ORD20250442,2025-03-09 00:00:00,CUST83169,Karan Sinha,Men,Lucknow,Uttar Pradesh,Puma,Watches,XS,White,1,1431,10,1287.9,0,231.82,1519.72,897.85,390.05,Wallet,Delivered,2025-03-14 00:00:00,Website
MYN100443,ORD20250443,2025-12-02 00:00:00,CUST49390,Akash Chatterjee,Kids,Chennai,Tamil Nadu,Levis,Kids Jeans,XL,White,2,1881,10,1692.9,0,609.44,3995.24,2019.61,1366.19,Cash on Delivery,Delivered,2025-12-07 00:00:00,Website
MYN100444,ORD20250444,2025-10-24 00:00:00,CUST99743,Tanya Desai,Women,Jaipur,Rajasthan,Mast & Harbour,Kurtas,L,Beige,3,3217,5,3056.15,0,1650.32,10818.77,7019.46,2148.99,Wallet,Cancelled,2025-10-28 00:00:00,Mobile Web
MYN100445,ORD20250445,2025-12-28 00:00:00,CUST79603,Isha Srivastava,Men,Jaipur,Rajasthan,Roadster,Sports Shoes,S,Yellow,3,1428,15,1213.8,0,655.45,4296.85,2174.61,1466.79,Wallet,Shipped,2025-12-30 00:00:00,App
MYN100446,ORD20250446,2025-03-23 00:00:00,CUST33723,Shreya Menon,Men,Ahmedabad,Gujarat,Lakme,Shirts,M,Blue,3,5026,25,3769.5,0,2035.53,13344.03,7365.64,3942.86,Debit Card,Delivered,2025-03-26 00:00:00,Website
MYN100447,ORD20250447,2026-04-06 00:00:00,CUST60227,Naina Sharma,Women,Jaipur,Rajasthan,Maybelline,Heels,L,White,1,1854,30,1297.8,0,233.6,1531.4,996.04,301.76,Cash on Delivery,Delivered,2026-04-11 00:00:00,App
MYN100448,ORD20250448,2025-07-23 00:00:00,CUST94664,Arjun Bhatia,Men,Jaipur,Rajasthan,Nike,Sports Shoes,S,White,3,1354,25,1015.5,0,548.37,3594.87,1757.96,1288.54,Wallet,Processing,2025-07-29 00:00:00,Mobile Web
MYN100449,ORD20250449,2026-03-21 00:00:00,CUST82255,Aditi Agarwal,Women,Chennai,Tamil Nadu,Mast & Harbour,Kurtas,S,Green,3,5718,5,5432.1,0,2933.33,19229.63,10201.47,6094.83,Credit Card,Delivered,2026-03-28 00:00:00,Website
MYN100450,ORD20250450,2026-03-30 00:00:00,CUST47260,Akash Tripathi,Kids,Lucknow,Uttar Pradesh,Puma,Kids Jeans,S,Yellow,1,3753,15,3190.05,0,574.21,3764.26,2185.21,1004.84,Wallet,Delivered,2026-04-06 00:00:00,App
MYN100451,ORD20250451,2025-12-20 00:00:00,CUST12147,Aditi Sinha,Women,Mumbai,Maharashtra,Adidas,Tops,L,Pink,4,3156,30,2209.2,0,1590.62,10427.42,6302.07,2534.73,Net Banking,Delivered,2025-12-23 00:00:00,Mobile Web
MYN100452,ORD20250452,2025-10-03 00:00:00,CUST16862,Akash Naik,Women,Indore,Madhya Pradesh,Fastrack,Dresses,M,Beige,1,840,20,672,79,120.96,871.96,543.74,128.26,Debit Card,Shipped,2025-10-05 00:00:00,Website
MYN100453,ORD20250453,2025-08-17 00:00:00,CUST84255,Arjun Tripathi,Women,Pune,Maharashtra,Allen Solly,Dresses,Free Size,Grey,1,2759,15,2345.15,0,422.13,2767.28,1381.97,963.18,Net Banking,Delivered,2025-08-21 00:00:00,Website
MYN100454,ORD20250454,2025-01-18 00:00:00,CUST75305,Sneha Pawar,Women,Jaipur,Rajasthan,Roadster,Handbags,XS,Black,1,4527,10,4074.3,0,733.37,4807.67,2272.95,1801.35,UPI,Delivered,2025-01-21 00:00:00,Website
MYN100455,ORD20250455,2025-03-13 00:00:00,CUST44550,Akash Bhatt,Women,Pune,Maharashtra,Lakme,Heels,XXL,Pink,2,976,0,976,0,351.36,2303.36,1382.57,569.43,Wallet,Delivered,2025-03-18 00:00:00,Website
MYN100456,ORD20250456,2025-08-21 00:00:00,CUST59402,Kavya Rathore,Women,Hyderabad,Telangana,Mast & Harbour,Tops,Free Size,Red,3,5981,5,5681.95,0,3068.25,20114.1,10062.98,6982.87,Credit Card,Processing,2025-08-24 00:00:00,App
MYN100457,ORD20250457,2026-03-19 00:00:00,CUST68047,Isha Shetty,Home,Pune,Maharashtra,Adidas,Wall Decor,M,Blue,3,5197,20,4157.6,0,2245.1,14717.9,6955.1,5517.7,Credit Card,Delivered,2026-03-26 00:00:00,Mobile Web
MYN100458,ORD20250458,2026-07-29 00:00:00,CUST67676,Muskan Bansal,Women,Nashik,Maharashtra,HERE&NOW,Tops,S,Green,1,419,25,314.25,0,56.56,370.81,229.98,84.27,Net Banking,Cancelled,2026-08-04 00:00:00,Mobile Web
MYN100459,ORD20250459,2025-12-17 00:00:00,CUST23503,Harsh Kapoor,Women,Jaipur,Rajasthan,WROGN,Dresses,S,Grey,4,5592,30,3914.4,0,2818.37,18475.97,9800.83,5856.77,Credit Card,Returned,2025-12-20 00:00:00,Website
MYN100460,ORD20250460,2026-03-13 00:00:00,CUST38561,Sneha Khan,Beauty,Nashik,Maharashtra,Maybelline,Perfume,XXL,Beige,1,4900,25,3675,0,661.5,4336.5,2052.52,1622.48,Net Banking,Shipped,2026-03-17 00:00:00,App
MYN100461,ORD20250461,2026-03-05 00:00:00,CUST72119,Rohit Oberoi,Men,Lucknow,Uttar Pradesh,Adidas,Jeans,L,Blue,4,4592,20,3673.6,0,2644.99,17339.39,10001.7,4692.7,Cash on Delivery,Cancelled,2026-03-07 00:00:00,Mobile Web
MYN100462,ORD20250462,2026-02-27 00:00:00,CUST57218,Akash Tripathi,Beauty,Bengaluru,Karnataka,Nike,Shampoo,XS,White,3,4661,10,4194.9,0,2265.25,14849.95,7430.96,5153.74,UPI,Delivered,2026-03-06 00:00:00,Mobile Web
MYN100463,ORD20250463,2025-09-12 00:00:00,CUST85761,Ananya Joshi,Home,Bengaluru,Karnataka,HERE&NOW,Wall Decor,S,Yellow,1,1711,40,1026.6,0,184.79,1211.39,692.01,334.59,Credit Card,Delivered,2025-09-18 00:00:00,Website
MYN100464,ORD20250464,2026-01-06 00:00:00,CUST12017,Nikhil Sharma,Women,Mumbai,Maharashtra,Roadster,Dresses,Free Size,Yellow,3,1117,30,781.9,0,422.23,2767.93,1678.45,667.25,Wallet,Delivered,2026-01-10 00:00:00,Mobile Web
MYN100465,ORD20250465,2025-07-31 00:00:00,CUST75867,Varun Joshi,Women,Bengaluru,Karnataka,Fastrack,Tops,Free Size,Yellow,1,3842,25,2881.5,0,518.67,3400.17,1687.89,1193.61,Wallet,Processing,2025-08-05 00:00:00,Website
MYN100466,ORD20250466,2026-05-22 00:00:00,CUST57934,Ayush Chopra,Men,Kolkata,West Bengal,Nike,Trousers,XXL,Yellow,2,5916,0,5916,0,2129.76,13961.76,8498.3,3333.7,Credit Card,Shipped,2026-05-25 00:00:00,Website
MYN100467,ORD20250467,2026-06-25 00:00:00,CUST35008,Aarav More,Men,Bengaluru,Karnataka,Adidas,Trousers,XS,Green,3,4454,10,4008.6,0,2164.64,14190.44,7136.5,4889.3,UPI,Delivered,2026-07-01 00:00:00,Mobile Web
MYN100468,ORD20250468,2026-05-03 00:00:00,CUST11951,Muskan Shah,Women,Delhi,Delhi,Adidas,Kurtas,XS,Blue,3,5858,20,4686.4,0,2530.66,16589.86,9017.92,5041.28,Debit Card,Shipped,2026-05-06 00:00:00,Website
MYN100469,ORD20250469,2026-06-07 00:00:00,CUST35020,Sneha Thakur,Beauty,Delhi,Delhi,HRX,Shampoo,Free Size,Blue,2,5315,5,5049.25,0,1817.73,11916.23,7662.29,2436.21,Credit Card,Processing,2026-06-11 00:00:00,Website
MYN100470,ORD20250470,2025-10-10 00:00:00,CUST38251,Tanvi Tiwari,Women,Pune,Maharashtra,HERE&NOW,Kurtas,XL,Pink,4,2574,10,2316.6,0,1667.95,10934.35,5705.66,3560.74,Debit Card,Processing,2025-10-15 00:00:00,Website
MYN100471,ORD20250471,2025-05-01 00:00:00,CUST13782,Arjun Yadav,Women,Hyderabad,Telangana,HERE&NOW,Kurtas,Free Size,Grey,3,3159,25,2369.25,0,1279.4,8387.15,4797.05,2310.7,Debit Card,Shipped,2025-05-08 00:00:00,Mobile Web
MYN100472,ORD20250472,2026-05-17 00:00:00,CUST41007,Abhishek Bhatt,Women,Kolkata,West Bengal,Lakme,Kurtas,S,White,4,3790,0,3790,0,2728.8,17888.8,8844.29,6315.71,Net Banking,Delivered,2026-05-21 00:00:00,Website
MYN100473,ORD20250473,2025-02-22 00:00:00,CUST52942,Kavya Chauhan,Women,Kolkata,West Bengal,Allen Solly,Dresses,Free Size,Red,2,1214,25,910.5,0,327.78,2148.78,1027.13,793.87,Wallet,Delivered,2025-02-27 00:00:00,Mobile Web
MYN100474,ORD20250474,2025-05-10 00:00:00,CUST39059,Rohit Mehta,Men,Bengaluru,Karnataka,HERE&NOW,Jeans,S,Pink,3,2809,30,1966.3,0,1061.8,6960.7,3367.8,2531.1,Debit Card,Delivered,2025-05-15 00:00:00,Website
MYN100475,ORD20250475,2026-07-16 00:00:00,CUST84632,Tanya Sharma,Women,Pune,Maharashtra,Puma,Tops,M,Blue,3,421,25,315.75,0,170.5,1117.75,714.48,232.77,Net Banking,Delivered,2026-07-23 00:00:00,Mobile Web
MYN100476,ORD20250476,2025-05-29 00:00:00,CUST66799,Sakshi Sinha,Men,Chennai,Tamil Nadu,H&M,Trousers,Free Size,Green,3,319,25,239.25,79,129.2,925.95,523.76,193.99,Cash on Delivery,Returned,2025-06-03 00:00:00,Website
MYN100477,ORD20250477,2025-08-31 00:00:00,CUST69946,Shreya Joshi,Women,Nashik,Maharashtra,Mast & Harbour,Kurtas,XXL,Pink,2,4495,20,3596,0,1294.56,8486.56,4058.18,3133.82,Wallet,Delivered,2025-09-02 00:00:00,Mobile Web
MYN100478,ORD20250478,2025-08-10 00:00:00,CUST35757,Priya Sharma,Beauty,Pune,Maharashtra,Maybelline,Moisturizer,XXL,Pink,1,1068,25,801,0,144.18,945.18,548.49,252.51,Debit Card,Delivered,2025-08-15 00:00:00,Website
MYN100479,ORD20250479,2025-08-02 00:00:00,CUST28705,Mansi Mehta,Men,Kolkata,West Bengal,Puma,Sports Shoes,M,Grey,3,2192,25,1644,0,887.76,5819.76,2715.51,2216.49,Cash on Delivery,Delivered,2025-08-09 00:00:00,Mobile Web
MYN100480,ORD20250480,2026-01-14 00:00:00,CUST30187,Abhishek Chauhan,Women,Hyderabad,Telangana,H&M,Sarees,S,Pink,1,5140,0,5140,0,925.2,6065.2,4113.03,1026.97,Net Banking,Delivered,2026-01-17 00:00:00,App
MYN100481,ORD20250481,2025-03-04 00:00:00,CUST29462,Mansi Yadav,Women,Bengaluru,Karnataka,DressBerry,Dresses,L,Beige,2,1291,30,903.7,0,325.33,2132.73,1247.92,559.48,Wallet,Delivered,2025-03-07 00:00:00,Mobile Web
MYN100482,ORD20250482,2026-02-13 00:00:00,CUST23163,Aditya Saxena,Men,Pune,Maharashtra,HERE&NOW,Watches,S,Red,2,4880,50,2440,0,878.4,5758.4,3151.66,1728.34,Debit Card,Cancelled,2026-02-20 00:00:00,Mobile Web
MYN100483,ORD20250483,2025-02-10 00:00:00,CUST89731,Riya Pillai,Women,Pune,Maharashtra,WROGN,Handbags,M,Beige,4,4797,25,3597.75,0,2590.38,16981.38,9528.17,4862.83,Debit Card,Processing,2025-02-16 00:00:00,Website
MYN100484,ORD20250484,2025-12-05 00:00:00,CUST23777,Aditi Shetty,Women,Indore,Madhya Pradesh,Mast & Harbour,Dresses,L,Pink,2,511,25,383.25,0,137.97,904.47,604.28,162.22,Wallet,Delivered,2025-12-12 00:00:00,Mobile Web
MYN100485,ORD20250485,2025-08-13 00:00:00,CUST88006,Rohit Tripathi,Women,Lucknow,Uttar Pradesh,Maybelline,Tops,XL,Pink,3,3592,25,2694,0,1454.76,9536.76,4588.31,3493.69,Cash on Delivery,Shipped,2025-08-16 00:00:00,App
MYN100486,ORD20250486,2026-05-15 00:00:00,CUST77359,Neha Singh,Beauty,Kolkata,West Bengal,Fastrack,Moisturizer,XS,Grey,3,1047,20,837.6,0,452.3,2965.1,1424.41,1088.39,UPI,Delivered,2026-05-17 00:00:00,Website
MYN100487,ORD20250487,2025-06-01 00:00:00,CUST69055,Karan Deshmukh,Women,Chennai,Tamil Nadu,HRX,Dresses,Free Size,Blue,1,5728,30,4009.6,0,721.73,4731.33,2523.34,1486.26,UPI,Delivered,2025-06-04 00:00:00,Website
MYN100488,ORD20250488,2025-09-30 00:00:00,CUST61507,Aditya Agarwal,Women,Lucknow,Uttar Pradesh,HERE&NOW,Heels,XL,Yellow,4,646,15,549.1,0,395.35,2591.75,1564.48,631.92,UPI,Delivered,2025-10-02 00:00:00,App
MYN100489,ORD20250489,2025-03-06 00:00:00,CUST68759,Aarav Shetty,Kids,Bengaluru,Karnataka,Adidas,Kids T-Shirts,XS,Black,4,5615,0,5615,0,4042.8,26502.8,16644.96,5815.04,UPI,Delivered,2025-03-11 00:00:00,Mobile Web
MYN100490,ORD20250490,2026-07-05 00:00:00,CUST27207,Ananya Mehta,Kids,Mumbai,Maharashtra,Nike,Kids Dresses,XS,Grey,2,4571,50,2285.5,0,822.78,5393.78,3178.15,1392.85,Wallet,Delivered,2026-07-11 00:00:00,App
MYN100491,ORD20250491,2025-03-21 00:00:00,CUST91335,Rahul Bose,Women,Delhi,Delhi,Maybelline,Dresses,S,Beige,3,5833,20,4666.4,0,2519.86,16519.06,9278.41,4720.79,Cash on Delivery,Delivered,2025-03-28 00:00:00,Mobile Web
MYN100492,ORD20250492,2026-03-15 00:00:00,CUST66747,Vikram Agarwal,Men,Jaipur,Rajasthan,Lakme,Shirts,S,White,2,2578,40,1546.8,0,556.85,3650.45,2490.83,602.77,Cash on Delivery,Cancelled,2026-03-20 00:00:00,Mobile Web
MYN100493,ORD20250493,2025-09-27 00:00:00,CUST36708,Rahul Reddy,Women,Jaipur,Rajasthan,DressBerry,Kurtas,S,Pink,3,5558,20,4446.4,0,2401.06,15740.26,10705.92,2633.28,Net Banking,Delivered,2025-10-01 00:00:00,App
MYN100494,ORD20250494,2025-04-19 00:00:00,CUST18789,Diya Bansal,Women,Nashik,Maharashtra,Mast & Harbour,Kurtas,XS,Red,4,4369,25,3276.75,0,2359.26,15466.26,9180.9,3926.1,Debit Card,Cancelled,2025-04-25 00:00:00,App
MYN100495,ORD20250495,2026-07-30 00:00:00,CUST48931,Shreya Thakur,Kids,Lucknow,Uttar Pradesh,Levis,Kids Dresses,M,Grey,2,1458,15,1239.3,0,446.15,2924.75,1657.94,820.66,Wallet,Processing,2026-08-03 00:00:00,Website
MYN100496,ORD20250496,2025-03-20 00:00:00,CUST56936,Harsh Gupta,Women,Jaipur,Rajasthan,DressBerry,Kurtas,S,Pink,4,4297,15,3652.45,0,2629.76,17239.56,8782.98,5826.82,Credit Card,Delivered,2025-03-22 00:00:00,Mobile Web
MYN100497,ORD20250497,2026-01-27 00:00:00,CUST73321,Arjun Bose,Men,Kolkata,West Bengal,Anouk,Shirts,XXL,Grey,1,4576,5,4347.2,0,782.5,5129.7,3503.16,844.04,UPI,Delivered,2026-01-29 00:00:00,App
MYN100498,ORD20250498,2026-03-14 00:00:00,CUST78371,Shreya Gupta,Beauty,Bengaluru,Karnataka,DressBerry,Lipstick,XXL,Beige,3,3137,5,2980.15,0,1609.28,10549.73,7027.42,1913.03,Net Banking,Processing,2026-03-21 00:00:00,Website
MYN100499,ORD20250499,2025-04-23 00:00:00,CUST38205,Rahul Kamble,Home,Mumbai,Maharashtra,Puma,Cushion Covers,Free Size,Pink,4,4169,10,3752.1,0,2701.51,17709.91,11662.97,3345.43,UPI,Delivered,2025-04-30 00:00:00,App
MYN100500,ORD20250500,2026-01-29 00:00:00,CUST13985,Yash Singh,Women,Pune,Maharashtra,DressBerry,Heels,L,Beige,2,1366,25,1024.5,0,368.82,2417.82,1651.85,397.15,Credit Card,Processing,2026-02-02 00:00:00,Mobile Web
MYN100501,ORD20250501,2025-07-23 00:00:00,CUST96338,Vikram Pandey,Kids,Pune,Maharashtra,Nike,Kids Shoes,XL,Blue,4,5390,20,4312,0,3104.64,20352.64,12001.53,5246.47,Debit Card,Processing,2025-07-29 00:00:00,Mobile Web
MYN100502,ORD20250502,2025-05-18 00:00:00,CUST22336,Ayush Roy,Men,Lucknow,Uttar Pradesh,DressBerry,Shirts,XL,Green,1,1617,5,1536.15,0,276.51,1812.66,1095.31,440.84,Cash on Delivery,Delivered,2025-05-25 00:00:00,Mobile Web
MYN100503,ORD20250503,2025-01-12 00:00:00,CUST93683,Ayush Verma,Men,Chennai,Tamil Nadu,Roadster,Shirts,XL,Beige,4,2571,50,1285.5,0,925.56,6067.56,2841.94,2300.06,Debit Card,Processing,2025-01-16 00:00:00,Website
MYN100504,ORD20250504,2025-05-08 00:00:00,CUST97937,Arjun Srivastava,Home,Mumbai,Maharashtra,Allen Solly,Bath Towels,Free Size,Yellow,3,1718,0,1718,0,927.72,6081.72,3542.29,1611.71,Debit Card,Cancelled,2025-05-15 00:00:00,Website
MYN100505,ORD20250505,2026-02-09 00:00:00,CUST15062,Rahul Goyal,Men,Pune,Maharashtra,Maybelline,Jeans,XL,Green,1,1319,10,1187.1,0,213.68,1400.78,943.85,243.25,Credit Card,Processing,2026-02-14 00:00:00,App
MYN100506,ORD20250506,2025-12-25 00:00:00,CUST27733,Karan Rathore,Home,Jaipur,Rajasthan,Anouk,Bath Towels,XS,Green,2,4387,10,3948.3,0,1421.39,9317.99,5408.5,2488.1,Net Banking,Shipped,2025-12-28 00:00:00,Website
MYN100507,ORD20250507,2026-04-26 00:00:00,CUST83664,Priya Joshi,Women,Mumbai,Maharashtra,Roadster,Kurtas,M,White,2,2973,10,2675.7,0,963.25,6314.65,3582,1769.4,UPI,Delivered,2026-04-28 00:00:00,Website
MYN100508,ORD20250508,2026-05-18 00:00:00,CUST97700,Pooja Jain,Women,Delhi,Delhi,WROGN,Kurtas,XL,Beige,1,5215,20,4172,0,750.96,4922.96,2501.65,1670.35,UPI,Delivered,2026-05-25 00:00:00,Website
MYN100509,ORD20250509,2025-12-06 00:00:00,CUST64615,Mansi More,Women,Kolkata,West Bengal,Roadster,Tops,XS,Blue,2,526,20,420.8,99,151.49,1092.09,650.48,191.12,UPI,Delivered,2025-12-12 00:00:00,Website
MYN100510,ORD20250510,2026-08-12 00:00:00,CUST99922,Vikram Bhatia,Kids,Pune,Maharashtra,Adidas,Kids Jeans,Free Size,Black,1,2904,15,2468.4,0,444.31,2912.71,1390.38,1078.02,Wallet,Delivered,2026-08-16 00:00:00,Mobile Web
MYN100511,ORD20250511,2025-02-26 00:00:00,CUST15752,Priya Naik,Men,Indore,Madhya Pradesh,Levis,Watches,S,Pink,4,4871,40,2922.6,0,2104.27,13794.67,8113.6,3576.8,Cash on Delivery,Delivered,2025-03-03 00:00:00,Mobile Web
MYN100512,ORD20250512,2025-01-22 00:00:00,CUST25438,Mohit Oberoi,Men,Ahmedabad,Gujarat,Adidas,Jeans,M,Grey,1,1047,0,1047,0,188.46,1235.46,604.64,442.36,Wallet,Delivered,2025-01-24 00:00:00,App
MYN100513,ORD20250513,2025-09-25 00:00:00,CUST15574,Tanvi Nair,Kids,Mumbai,Maharashtra,Adidas,Kids Shoes,L,Black,2,5734,50,2867,0,1032.12,6766.12,4404.37,1329.63,Net Banking,Processing,2025-09-28 00:00:00,Website
MYN100514,ORD20250514,2026-01-21 00:00:00,CUST21586,Sakshi Kamble,Home,Ahmedabad,Gujarat,Puma,Bath Towels,Free Size,Red,1,2474,20,1979.2,0,356.26,2335.46,1134.2,845,Cash on Delivery,Delivered,2026-01-28 00:00:00,Website
MYN100515,ORD20250515,2026-05-29 00:00:00,CUST17833,Tanya Reddy,Men,Pune,Maharashtra,HRX,T-Shirts,XXL,Green,4,5305,30,3713.5,0,2673.72,17527.72,9809,5045,Debit Card,Delivered,2026-06-03 00:00:00,App
MYN100516,ORD20250516,2025-11-20 00:00:00,CUST21345,Ananya Iyer,Women,Pune,Maharashtra,Mast & Harbour,Kurtas,XXL,Black,3,3583,25,2687.25,0,1451.12,9512.87,5099.49,2962.26,Wallet,Processing,2025-11-25 00:00:00,App
MYN100517,ORD20250517,2026-06-22 00:00:00,CUST52733,Varun Menon,Men,Chennai,Tamil Nadu,Fastrack,Trousers,XS,Blue,1,5879,20,4703.2,0,846.58,5549.78,2908.29,1794.91,Debit Card,Delivered,2026-06-25 00:00:00,Mobile Web
MYN100518,ORD20250518,2025-05-18 00:00:00,CUST47579,Nikhil Jain,Women,Hyderabad,Telangana,Adidas,Kurtas,XXL,Blue,1,5713,10,5141.7,0,925.51,6067.21,3582.43,1559.27,UPI,Processing,2025-05-22 00:00:00,App
MYN100519,ORD20250519,2025-04-20 00:00:00,CUST71779,Dev Kamble,Beauty,Kolkata,West Bengal,Roadster,Perfume,M,Red,3,1041,0,1041,0,562.14,3685.14,1972.95,1150.05,Cash on Delivery,Processing,2025-04-22 00:00:00,App
MYN100520,ORD20250520,2025-02-17 00:00:00,CUST28895,Rohit Tripathi,Men,Hyderabad,Telangana,Allen Solly,T-Shirts,XS,Blue,3,444,30,310.8,79,167.83,1179.23,617.32,315.08,Net Banking,Delivered,2025-02-24 00:00:00,Mobile Web
MYN100521,ORD20250521,2026-01-16 00:00:00,CUST59390,Meera Tiwari,Beauty,Mumbai,Maharashtra,Maybelline,Shampoo,L,White,2,4586,0,4586,0,1650.96,10822.96,5087.41,4084.59,Debit Card,Cancelled,2026-01-18 00:00:00,App
MYN100522,ORD20250522,2025-06-25 00:00:00,CUST66866,Pooja Patel,Women,Delhi,Delhi,HERE&NOW,Tops,Free Size,Black,1,3971,5,3772.45,0,679.04,4451.49,2317.39,1455.06,Credit Card,Processing,2025-06-27 00:00:00,App
MYN100523,ORD20250523,2026-07-22 00:00:00,CUST54648,Isha Saxena,Women,Bengaluru,Karnataka,Nike,Dresses,Free Size,White,1,1828,20,1462.4,0,263.23,1725.63,1036.23,426.17,UPI,Delivered,2026-07-27 00:00:00,App
MYN100524,ORD20250524,2026-02-24 00:00:00,CUST44457,Yash Pawar,Women,Hyderabad,Telangana,Levis,Dresses,XL,Red,2,4563,20,3650.4,0,1314.14,8614.94,5937.55,1363.25,Wallet,Cancelled,2026-03-02 00:00:00,Website
MYN100525,ORD20250525,2025-04-16 00:00:00,CUST71716,Dev Deshmukh,Women,Hyderabad,Telangana,Puma,Dresses,Free Size,Red,3,4820,0,4820,0,2602.8,17062.8,11815.35,2644.65,Cash on Delivery,Delivered,2025-04-19 00:00:00,App
MYN100526,ORD20250526,2025-09-23 00:00:00,CUST71772,Isha Mehta,Women,Indore,Madhya Pradesh,HRX,Kurtas,XL,Black,2,4504,30,3152.8,0,1135.01,7440.61,4166.61,2138.99,Cash on Delivery,Delivered,2025-09-30 00:00:00,Mobile Web
MYN100527,ORD20250527,2025-04-09 00:00:00,CUST49710,Ananya Tripathi,Home,Mumbai,Maharashtra,H&M,Bedsheets,Free Size,Yellow,3,4236,0,4236,0,2287.44,14995.44,9143.7,3564.3,Credit Card,Delivered,2025-04-15 00:00:00,App
MYN100528,ORD20250528,2025-10-20 00:00:00,CUST47941,Yash Kulkarni,Women,Hyderabad,Telangana,HERE&NOW,Sarees,XS,Blue,4,2235,25,1676.25,0,1206.9,7911.9,4551.55,2153.45,UPI,Delivered,2025-10-22 00:00:00,Website
MYN100529,ORD20250529,2026-06-28 00:00:00,CUST40720,Karan Pandey,Women,Lucknow,Uttar Pradesh,HRX,Sarees,S,Green,2,3648,10,3283.2,0,1181.95,7748.35,3717.76,2848.64,Cash on Delivery,Delivered,2026-07-01 00:00:00,Website
MYN100530,ORD20250530,2025-06-27 00:00:00,CUST85677,Tanvi Sharma,Home,Hyderabad,Telangana,Mast & Harbour,Cushion Covers,XXL,Blue,4,1461,5,1387.95,0,999.32,6551.12,3931.3,1620.5,Credit Card,Processing,2025-06-30 00:00:00,Mobile Web
MYN100531,ORD20250531,2026-04-22 00:00:00,CUST50088,Riya Dubey,Women,Delhi,Delhi,Anouk,Handbags,M,Beige,3,2202,15,1871.7,0,1010.72,6625.82,4272.8,1342.3,Credit Card,Processing,2026-04-26 00:00:00,Website
MYN100532,ORD20250532,2025-05-24 00:00:00,CUST99506,Ishita Singh,Beauty,Ahmedabad,Gujarat,Adidas,Perfume,XL,Green,1,2369,25,1776.75,0,319.82,2096.57,1063.4,713.35,Wallet,Returned,2025-05-26 00:00:00,Website
MYN100533,ORD20250533,2026-02-25 00:00:00,CUST92249,Mohit Jain,Beauty,Pune,Maharashtra,Allen Solly,Face Wash,L,Blue,4,5648,10,5083.2,0,3659.9,23992.7,15048.86,5283.94,Wallet,Delivered,2026-02-27 00:00:00,Website
MYN100534,ORD20250534,2025-10-12 00:00:00,CUST45233,Rahul Bose,Men,Indore,Madhya Pradesh,Anouk,Watches,XXL,Grey,3,2810,20,2248,0,1213.92,7957.92,4547.87,2196.13,Credit Card,Cancelled,2025-10-15 00:00:00,Website
MYN100535,ORD20250535,2025-08-24 00:00:00,CUST25248,Riya Pawar,Women,Nashik,Maharashtra,Nike,Heels,XS,Green,3,3058,0,3058,0,1651.32,10825.32,6935.26,2238.74,Cash on Delivery,Delivered,2025-08-31 00:00:00,App
MYN100536,ORD20250536,2025-02-16 00:00:00,CUST19967,Rahul Reddy,Men,Bengaluru,Karnataka,Mast & Harbour,Trousers,L,Red,4,4057,15,3448.45,0,2482.88,16276.68,8999.47,4794.33,Cash on Delivery,Returned,2025-02-23 00:00:00,Mobile Web
MYN100537,ORD20250537,2026-07-05 00:00:00,CUST66176,Riya Naik,Men,Indore,Madhya Pradesh,DressBerry,T-Shirts,L,Green,2,375,25,281.25,49,101.25,712.75,408.71,153.79,Credit Card,Delivered,2026-07-10 00:00:00,Website
MYN100538,ORD20250538,2025-12-18 00:00:00,CUST60621,Naina Rawat,Kids,Ahmedabad,Gujarat,Adidas,Kids T-Shirts,XS,Grey,4,4107,20,3285.6,0,2365.63,15508.03,7394.97,5747.43,Cash on Delivery,Processing,2025-12-20 00:00:00,Mobile Web
MYN100539,ORD20250539,2025-11-03 00:00:00,CUST21595,Naina Roy,Women,Lucknow,Uttar Pradesh,Allen Solly,Tops,Free Size,Beige,2,5407,10,4866.3,0,1751.87,11484.47,7865.06,1867.54,Wallet,Delivered,2025-11-10 00:00:00,Website
MYN100540,ORD20250540,2025-09-06 00:00:00,CUST98220,Ananya Desai,Women,Chennai,Tamil Nadu,Fastrack,Heels,L,Pink,2,5689,10,5120.1,0,1843.24,12083.44,7227.61,3012.59,UPI,Delivered,2025-09-13 00:00:00,Mobile Web
MYN100541,ORD20250541,2025-09-29 00:00:00,CUST24963,Kavya Joshi,Men,Kolkata,West Bengal,Roadster,Trousers,XXL,Blue,1,3713,30,2599.1,0,467.84,3066.94,1759.83,839.27,Wallet,Delivered,2025-10-06 00:00:00,Website
MYN100542,ORD20250542,2026-07-23 00:00:00,CUST96148,Nikhil Bansal,Home,Ahmedabad,Gujarat,Fastrack,Cushion Covers,M,Yellow,1,636,40,381.6,79,68.69,529.29,273.92,107.68,Net Banking,Delivered,2026-07-27 00:00:00,Mobile Web
MYN100543,ORD20250543,2025-02-10 00:00:00,CUST12810,Riya Reddy,Women,Indore,Madhya Pradesh,WROGN,Handbags,XS,Blue,3,3528,10,3175.2,0,1714.61,11240.21,5278.94,4246.66,Cash on Delivery,Delivered,2025-02-13 00:00:00,App
MYN100544,ORD20250544,2025-10-27 00:00:00,CUST63911,Riya Oberoi,Women,Nashik,Maharashtra,HRX,Kurtas,M,Yellow,3,3763,25,2822.25,0,1524.02,9990.77,5784.5,2682.25,Credit Card,Shipped,2025-11-03 00:00:00,Website
MYN100545,ORD20250545,2026-06-21 00:00:00,CUST31514,Shreya Yadav,Women,Indore,Madhya Pradesh,H&M,Tops,XXL,White,4,700,50,350,0,252,1652,973.25,426.75,Wallet,Shipped,2026-06-26 00:00:00,Mobile Web
MYN100546,ORD20250546,2026-01-24 00:00:00,CUST17446,Simran Kapoor,Women,Mumbai,Maharashtra,Allen Solly,Tops,XXL,White,3,1579,5,1500.05,0,810.03,5310.18,3542.19,957.96,UPI,Returned,2026-01-26 00:00:00,Website
MYN100547,ORD20250547,2025-09-27 00:00:00,CUST31686,Muskan Bose,Men,Jaipur,Rajasthan,Adidas,T-Shirts,S,White,3,1722,0,1722,0,929.88,6095.88,3785.72,1380.28,Debit Card,Delivered,2025-10-03 00:00:00,Website
MYN100548,ORD20250548,2025-04-03 00:00:00,CUST96590,Muskan Kulkarni,Men,Indore,Madhya Pradesh,Puma,T-Shirts,XS,Black,3,3905,20,3124,0,1686.96,11058.96,5714.97,3657.03,Cash on Delivery,Delivered,2025-04-05 00:00:00,Mobile Web
MYN100549,ORD20250549,2025-01-15 00:00:00,CUST35651,Nikhil Naik,Women,Nashik,Maharashtra,Levis,Sarees,XS,Green,3,962,20,769.6,0,415.58,2724.38,1655.45,653.35,Wallet,Delivered,2025-01-18 00:00:00,App
MYN100550,ORD20250550,2026-01-10 00:00:00,CUST31534,Akash Kulkarni,Men,Mumbai,Maharashtra,WROGN,Watches,S,Yellow,1,3952,0,3952,0,711.36,4663.36,3238.76,713.24,Credit Card,Delivered,2026-01-13 00:00:00,Website
MYN100551,ORD20250551,2025-04-11 00:00:00,CUST24728,Mohit Chopra,Beauty,Bengaluru,Karnataka,Lakme,Moisturizer,S,Beige,3,3437,15,2921.45,0,1577.58,10341.93,5195.35,3569,Net Banking,Processing,2025-04-16 00:00:00,App
MYN100552,ORD20250552,2026-07-23 00:00:00,CUST78049,Naina Pillai,Women,Nashik,Maharashtra,Puma,Heels,S,Grey,1,4836,0,4836,0,870.48,5706.48,2751.8,2084.2,Wallet,Delivered,2026-07-30 00:00:00,Website
MYN100553,ORD20250553,2025-05-11 00:00:00,CUST73295,Ayush Sharma,Men,Lucknow,Uttar Pradesh,Adidas,Watches,S,Yellow,3,663,20,530.4,0,286.42,1877.62,1191.47,399.73,Debit Card,Delivered,2025-05-15 00:00:00,Mobile Web
MYN100554,ORD20250554,2025-04-28 00:00:00,CUST37213,Yash Mehta,Kids,Bengaluru,Karnataka,Lakme,Kids Dresses,M,Pink,3,651,15,553.35,0,298.81,1958.86,959.62,700.43,Cash on Delivery,Delivered,2025-05-01 00:00:00,App
MYN100555,ORD20250555,2025-11-05 00:00:00,CUST91081,Riya Gupta,Women,Jaipur,Rajasthan,Anouk,Sarees,XL,Blue,3,5628,20,4502.4,0,2431.3,15938.5,9028.17,4479.03,Debit Card,Delivered,2025-11-09 00:00:00,App
MYN100556,ORD20250556,2025-12-22 00:00:00,CUST19795,Abhishek Chauhan,Kids,Jaipur,Rajasthan,Puma,Kids Shoes,S,Yellow,4,4055,50,2027.5,0,1459.8,9569.8,5459.22,2650.78,Debit Card,Delivered,2025-12-25 00:00:00,Mobile Web
MYN100557,ORD20250557,2025-09-14 00:00:00,CUST90770,Pooja Verma,Men,Hyderabad,Telangana,Roadster,T-Shirts,L,Yellow,3,5188,40,3112.8,0,1680.91,11019.31,6362.53,2975.87,Net Banking,Processing,2025-09-20 00:00:00,Mobile Web
MYN100558,ORD20250558,2025-11-30 00:00:00,CUST80429,Aditya Verma,Women,Nashik,Maharashtra,HRX,Heels,Free Size,Beige,3,4962,20,3969.6,0,2143.58,14052.38,8216.69,3692.11,Debit Card,Returned,2025-12-02 00:00:00,Mobile Web
MYN100559,ORD20250559,2025-11-21 00:00:00,CUST55382,Ayush Bansal,Women,Chennai,Tamil Nadu,Nike,Sarees,Free Size,Pink,1,594,30,415.8,99,74.84,589.64,240.31,175.49,Cash on Delivery,Delivered,2025-11-23 00:00:00,App
MYN100560,ORD20250560,2025-05-04 00:00:00,CUST77643,Vikram Bansal,Beauty,Kolkata,West Bengal,Roadster,Moisturizer,M,Pink,1,4668,20,3734.4,0,672.19,4406.59,2499.98,1234.42,Wallet,Delivered,2025-05-07 00:00:00,Website
MYN100561,ORD20250561,2025-06-16 00:00:00,CUST14611,Harsh Naik,Kids,Chennai,Tamil Nadu,Puma,Kids Dresses,XS,White,1,924,25,693,49,124.74,866.74,391.63,301.37,Wallet,Delivered,2025-06-19 00:00:00,Website
MYN100562,ORD20250562,2025-05-21 00:00:00,CUST71509,Harsh Verma,Women,Mumbai,Maharashtra,Lakme,Dresses,XXL,Pink,2,4046,50,2023,0,728.28,4774.28,3012.25,1033.75,Net Banking,Delivered,2025-05-23 00:00:00,Website
MYN100563,ORD20250563,2025-11-21 00:00:00,CUST47089,Dev Kapoor,Beauty,Lucknow,Uttar Pradesh,Fastrack,Shampoo,S,White,4,1180,15,1003,0,722.16,4734.16,2591.14,1420.86,UPI,Returned,2025-11-24 00:00:00,Website
MYN100564,ORD20250564,2025-12-23 00:00:00,CUST99520,Yash Iyer,Women,Mumbai,Maharashtra,Roadster,Handbags,XS,Grey,1,336,0,336,79,60.48,475.48,264.72,71.28,UPI,Delivered,2025-12-25 00:00:00,App
MYN100565,ORD20250565,2025-02-18 00:00:00,CUST77996,Vikram Singh,Home,Mumbai,Maharashtra,Nike,Cushion Covers,S,Yellow,2,3139,20,2511.2,0,904.03,5926.43,4088.89,933.51,UPI,Delivered,2025-02-22 00:00:00,Website
MYN100566,ORD20250566,2026-07-16 00:00:00,CUST42813,Naina Shetty,Men,Indore,Madhya Pradesh,Roadster,T-Shirts,Free Size,Black,3,5862,40,3517.2,0,1899.29,12450.89,7837.24,2714.36,Debit Card,Delivered,2026-07-21 00:00:00,Mobile Web
MYN100567,ORD20250567,2025-07-23 00:00:00,CUST79180,Aarav Menon,Men,Hyderabad,Telangana,Allen Solly,Sports Shoes,M,Pink,4,5132,15,4362.2,0,3140.78,20589.58,13684.45,3764.35,Credit Card,Shipped,2025-07-25 00:00:00,App
MYN100568,ORD20250568,2026-04-03 00:00:00,CUST83374,Vikram Shetty,Kids,Ahmedabad,Gujarat,Levis,Kids Shoes,L,Pink,1,4631,0,4631,0,833.58,5464.58,2987.57,1643.43,Wallet,Delivered,2026-04-08 00:00:00,Mobile Web
MYN100569,ORD20250569,2025-04-25 00:00:00,CUST88467,Diya Chauhan,Women,Nashik,Maharashtra,H&M,Handbags,S,Yellow,1,2195,20,1756,0,316.08,2072.08,1300.83,455.17,Cash on Delivery,Delivered,2025-04-29 00:00:00,Mobile Web
MYN100570,ORD20250570,2026-03-04 00:00:00,CUST18080,Diya Tripathi,Home,Hyderabad,Telangana,Adidas,Bedsheets,XXL,Green,4,2721,30,1904.7,0,1371.38,8990.18,4745,2873.8,Net Banking,Delivered,2026-03-09 00:00:00,App
MYN100571,ORD20250571,2025-06-19 00:00:00,CUST25831,Naina Roy,Women,Lucknow,Uttar Pradesh,Allen Solly,Handbags,XXL,Red,4,1324,20,1059.2,0,762.62,4999.42,2444.06,1792.74,Net Banking,Delivered,2025-06-25 00:00:00,Mobile Web
MYN100572,ORD20250572,2025-06-27 00:00:00,CUST63024,Ayush Pawar,Kids,Hyderabad,Telangana,Maybelline,Kids Shoes,XXL,Beige,1,5010,25,3757.5,0,676.35,4433.85,2635.93,1121.57,Net Banking,Delivered,2025-06-30 00:00:00,Website
MYN100573,ORD20250573,2025-05-14 00:00:00,CUST89409,Sakshi Deshmukh,Women,Bengaluru,Karnataka,Levis,Heels,Free Size,Beige,1,2965,30,2075.5,0,373.59,2449.09,1643.09,432.41,Wallet,Delivered,2025-05-18 00:00:00,Website
MYN100574,ORD20250574,2025-03-31 00:00:00,CUST12580,Tanvi Bhatt,Women,Lucknow,Uttar Pradesh,DressBerry,Dresses,XL,Red,4,1486,20,1188.8,0,855.94,5611.14,2840.96,1914.24,Credit Card,Delivered,2025-04-05 00:00:00,Mobile Web
MYN100575,ORD20250575,2025-03-09 00:00:00,CUST75139,Tanya Mishra,Women,Indore,Madhya Pradesh,Roadster,Handbags,XL,Red,4,970,25,727.5,0,523.8,3433.8,1949.24,960.76,UPI,Shipped,2025-03-12 00:00:00,Mobile Web
MYN100576,ORD20250576,2026-07-25 00:00:00,CUST50002,Naina Mehta,Men,Chennai,Tamil Nadu,Puma,Shirts,M,Yellow,1,2475,20,1980,0,356.4,2336.4,1319.77,660.23,UPI,Cancelled,2026-07-30 00:00:00,App
MYN100577,ORD20250577,2025-08-21 00:00:00,CUST17338,Nikhil Yadav,Home,Mumbai,Maharashtra,DressBerry,Cushion Covers,S,Yellow,4,2053,40,1231.8,0,886.9,5814.1,3651.77,1275.43,Credit Card,Shipped,2025-08-26 00:00:00,Mobile Web
MYN100578,ORD20250578,2025-11-30 00:00:00,CUST50077,Neha Mishra,Kids,Chennai,Tamil Nadu,Nike,Kids Shoes,XL,Pink,2,3819,50,1909.5,0,687.42,4506.42,2365.55,1453.45,UPI,Cancelled,2025-12-02 00:00:00,Mobile Web
MYN100579,ORD20250579,2026-07-18 00:00:00,CUST11502,Akash Chatterjee,Beauty,Bengaluru,Karnataka,Roadster,Face Wash,M,White,4,4474,0,4474,0,3221.28,21117.28,11767.11,6128.89,Cash on Delivery,Delivered,2026-07-21 00:00:00,Website
MYN100580,ORD20250580,2026-07-27 00:00:00,CUST45518,Karan Chatterjee,Kids,Mumbai,Maharashtra,WROGN,Kids Shoes,XL,Beige,1,3340,15,2839,0,511.02,3350.02,2295.66,543.34,Wallet,Returned,2026-08-01 00:00:00,Website
MYN100581,ORD20250581,2025-05-12 00:00:00,CUST17973,Abhishek Kulkarni,Men,Mumbai,Maharashtra,WROGN,Sports Shoes,S,Black,1,3311,30,2317.7,0,417.19,2734.89,1693.23,624.47,Cash on Delivery,Returned,2025-05-15 00:00:00,Mobile Web
MYN100582,ORD20250582,2026-01-18 00:00:00,CUST95053,Muskan Reddy,Women,Mumbai,Maharashtra,Roadster,Sarees,S,Black,1,2110,10,1899,0,341.82,2240.82,1056.02,842.98,Credit Card,Shipped,2026-01-21 00:00:00,App
MYN100583,ORD20250583,2026-01-22 00:00:00,CUST47271,Meera Saxena,Men,Ahmedabad,Gujarat,Adidas,Jeans,XL,White,2,989,40,593.4,0,213.62,1400.42,766.45,420.35,Net Banking,Shipped,2026-01-25 00:00:00,Mobile Web
MYN100584,ORD20250584,2026-06-05 00:00:00,CUST28157,Isha Gupta,Beauty,Bengaluru,Karnataka,Roadster,Lipstick,S,Yellow,4,4561,10,4104.9,0,2955.53,19375.13,10824.73,5594.87,Credit Card,Delivered,2026-06-07 00:00:00,App
MYN100585,ORD20250585,2025-06-03 00:00:00,CUST27118,Ayush Agarwal,Men,Hyderabad,Telangana,Nike,Trousers,XL,Yellow,3,1006,30,704.2,0,380.27,2492.87,1221.97,890.63,UPI,Cancelled,2025-06-08 00:00:00,Mobile Web
MYN100586,ORD20250586,2026-08-06 00:00:00,CUST51340,Meera Oberoi,Women,Jaipur,Rajasthan,Allen Solly,Heels,XS,Pink,3,2314,25,1735.5,0,937.17,6143.67,3750.4,1456.1,Cash on Delivery,Delivered,2026-08-08 00:00:00,Website
MYN100587,ORD20250587,2026-08-03 00:00:00,CUST37050,Rohan Saxena,Men,Kolkata,West Bengal,DressBerry,Trousers,XS,Blue,4,4152,25,3114,0,2242.08,14698.08,6878.9,5577.1,Net Banking,Returned,2026-08-07 00:00:00,Website
MYN100588,ORD20250588,2025-05-03 00:00:00,CUST18118,Tanvi Chatterjee,Men,Mumbai,Maharashtra,H&M,T-Shirts,M,White,4,3286,25,2464.5,0,1774.44,11632.44,6013.01,3844.99,UPI,Delivered,2025-05-05 00:00:00,Website
MYN100589,ORD20250589,2025-12-04 00:00:00,CUST64816,Mohit Shetty,Beauty,Nashik,Maharashtra,Puma,Shampoo,XL,Yellow,1,2340,50,1170,0,210.6,1380.6,739.72,430.28,Wallet,Shipped,2025-12-07 00:00:00,App
MYN100590,ORD20250590,2026-06-25 00:00:00,CUST73832,Karan Bhatia,Men,Ahmedabad,Gujarat,HERE&NOW,Jeans,XL,Yellow,3,3530,15,3000.5,0,1620.27,10621.77,5045.8,3955.7,Debit Card,Processing,2026-06-30 00:00:00,Mobile Web
MYN100591,ORD20250591,2025-02-08 00:00:00,CUST60192,Sneha Bose,Women,Kolkata,West Bengal,HRX,Heels,S,Blue,2,3862,5,3668.9,0,1320.8,8658.6,5821.21,1516.59,Net Banking,Delivered,2025-02-12 00:00:00,Website
MYN100592,ORD20250592,2025-08-17 00:00:00,CUST71142,Akash Chopra,Beauty,Chennai,Tamil Nadu,Maybelline,Perfume,L,Black,1,1888,30,1321.6,0,237.89,1559.49,845.59,476.01,UPI,Processing,2025-08-23 00:00:00,Website
MYN100593,ORD20250593,2025-09-17 00:00:00,CUST19340,Kavya Verma,Beauty,Lucknow,Uttar Pradesh,HERE&NOW,Perfume,M,Beige,3,3541,30,2478.7,0,1338.5,8774.6,5711.99,1724.11,Net Banking,Shipped,2025-09-23 00:00:00,App
MYN100594,ORD20250594,2025-07-26 00:00:00,CUST76540,Ishita Goyal,Women,Ahmedabad,Gujarat,Anouk,Kurtas,M,White,2,3578,25,2683.5,0,966.06,6333.06,4213.96,1153.04,Cash on Delivery,Processing,2025-08-01 00:00:00,Website
MYN100595,ORD20250595,2026-03-31 00:00:00,CUST17399,Diya Nair,Home,Bengaluru,Karnataka,Maybelline,Bedsheets,XL,Beige,4,3447,10,3102.3,0,2233.66,14642.86,9966.31,2442.89,Credit Card,Shipped,2026-04-05 00:00:00,Mobile Web
MYN100596,ORD20250596,2025-05-27 00:00:00,CUST96158,Isha Jain,Men,Kolkata,West Bengal,Anouk,Trousers,XS,Blue,4,1771,20,1416.8,0,1020.1,6687.3,4465.18,1202.02,Net Banking,Shipped,2025-05-31 00:00:00,Website
MYN100597,ORD20250597,2025-04-14 00:00:00,CUST36962,Sahil Shah,Beauty,Mumbai,Maharashtra,DressBerry,Face Wash,L,Blue,3,815,25,611.25,0,330.08,2163.83,1286.02,547.73,UPI,Processing,2025-04-19 00:00:00,App
MYN100598,ORD20250598,2025-08-06 00:00:00,CUST95836,Sakshi Kulkarni,Women,Hyderabad,Telangana,Lakme,Tops,S,Blue,3,922,0,922,0,497.88,3263.88,1688.03,1077.97,UPI,Delivered,2025-08-09 00:00:00,Website
MYN100599,ORD20250599,2025-04-17 00:00:00,CUST65107,Rohit Bansal,Women,Hyderabad,Telangana,Puma,Sarees,XS,White,1,5466,15,4646.1,0,836.3,5482.4,3726.61,919.49,Wallet,Delivered,2025-04-22 00:00:00,App
MYN100600,ORD20250600,2025-02-25 00:00:00,CUST61999,Tanvi Kamble,Home,Indore,Madhya Pradesh,Mast & Harbour,Wall Decor,XS,White,4,1394,0,1394,0,1003.68,6579.68,4081.82,1494.18,UPI,Processing,2025-02-28 00:00:00,App
MYN100601,ORD20250601,2026-02-21 00:00:00,CUST57573,Shreya Patel,Women,Ahmedabad,Gujarat,DressBerry,Kurtas,XL,White,1,3958,25,2968.5,0,534.33,3502.83,2345.46,623.04,Wallet,Processing,2026-02-24 00:00:00,Website
MYN100602,ORD20250602,2025-10-15 00:00:00,CUST54472,Riya Das,Men,Lucknow,Uttar Pradesh,WROGN,Sports Shoes,XXL,Pink,3,486,30,340.2,0,183.71,1204.31,733.47,287.13,Net Banking,Delivered,2025-10-22 00:00:00,Website
MYN100603,ORD20250603,2025-05-21 00:00:00,CUST18007,Muskan Rathore,Men,Nashik,Maharashtra,Adidas,Sports Shoes,XS,Grey,1,3873,25,2904.75,0,522.86,3427.61,2227.63,677.12,Wallet,Delivered,2025-05-24 00:00:00,Mobile Web
MYN100604,ORD20250604,2025-08-22 00:00:00,CUST67320,Sneha Reddy,Women,Bengaluru,Karnataka,Maybelline,Heels,L,Pink,1,1067,15,906.95,99,163.25,1169.2,732.59,174.36,Wallet,Returned,2025-08-26 00:00:00,Mobile Web
MYN100605,ORD20250605,2025-06-24 00:00:00,CUST97710,Rahul Tiwari,Kids,Mumbai,Maharashtra,Lakme,Kids Shoes,L,Blue,1,5562,30,3893.4,0,700.81,4594.21,3178.24,715.16,Credit Card,Delivered,2025-06-29 00:00:00,App
MYN100606,ORD20250606,2025-12-19 00:00:00,CUST98593,Varun Bhatia,Women,Pune,Maharashtra,Levis,Dresses,S,Beige,3,4619,15,3926.15,0,2120.12,13898.57,8118.95,3659.5,Credit Card,Delivered,2025-12-25 00:00:00,Website
MYN100607,ORD20250607,2026-03-08 00:00:00,CUST27573,Nikhil Sharma,Women,Nashik,Maharashtra,Levis,Heels,Free Size,Black,1,2613,15,2221.05,0,399.79,2620.84,1456.88,764.17,Debit Card,Delivered,2026-03-13 00:00:00,App
MYN100608,ORD20250608,2025-09-13 00:00:00,CUST38460,Simran Arora,Home,Ahmedabad,Gujarat,Roadster,Bath Towels,XS,Yellow,3,5668,25,4251,0,2295.54,15048.54,8614.22,4138.78,Cash on Delivery,Cancelled,2025-09-17 00:00:00,Mobile Web
MYN100609,ORD20250609,2026-01-16 00:00:00,CUST76267,Sahil Pillai,Women,Chennai,Tamil Nadu,Adidas,Sarees,S,White,3,3191,25,2393.25,0,1292.36,8472.11,4330.15,2849.6,Cash on Delivery,Delivered,2026-01-21 00:00:00,Mobile Web
MYN100610,ORD20250610,2025-04-20 00:00:00,CUST33555,Dev Mehta,Women,Lucknow,Uttar Pradesh,Puma,Sarees,L,Pink,3,4017,40,2410.2,0,1301.51,8532.11,5169.39,2061.21,Wallet,Shipped,2025-04-26 00:00:00,Website
MYN100611,ORD20250611,2025-07-26 00:00:00,CUST47743,Ayush Pillai,Women,Indore,Madhya Pradesh,Puma,Kurtas,XS,Beige,2,4877,5,4633.15,0,1667.93,10934.23,6927.54,2338.76,Debit Card,Returned,2025-07-30 00:00:00,App
MYN100612,ORD20250612,2025-11-03 00:00:00,CUST18524,Ananya Kamble,Women,Hyderabad,Telangana,WROGN,Tops,M,Grey,1,3251,15,2763.35,0,497.4,3260.75,2180.09,583.26,UPI,Delivered,2025-11-07 00:00:00,Mobile Web
MYN100613,ORD20250613,2026-07-15 00:00:00,CUST89702,Sakshi Deshmukh,Women,Hyderabad,Telangana,Puma,Dresses,XXL,Black,1,2485,20,1988,0,357.84,2345.84,1458.25,529.75,Cash on Delivery,Shipped,2026-07-17 00:00:00,Mobile Web
MYN100614,ORD20250614,2026-04-26 00:00:00,CUST44262,Rohan Rawat,Men,Nashik,Maharashtra,WROGN,Trousers,Free Size,Pink,1,379,10,341.1,49,61.4,451.5,267.13,73.97,UPI,Cancelled,2026-05-01 00:00:00,Mobile Web
MYN100615,ORD20250615,2025-04-15 00:00:00,CUST10496,Harsh Arora,Men,Hyderabad,Telangana,Maybelline,Sports Shoes,L,Beige,3,4089,20,3271.2,0,1766.45,11580.05,6889.92,2923.68,Debit Card,Delivered,2025-04-17 00:00:00,App
MYN100616,ORD20250616,2025-07-27 00:00:00,CUST78422,Karan Tripathi,Women,Jaipur,Rajasthan,WROGN,Dresses,XXL,Beige,3,4761,0,4761,0,2570.94,16853.94,11042.79,3240.21,Cash on Delivery,Cancelled,2025-07-30 00:00:00,App
MYN100617,ORD20250617,2026-02-14 00:00:00,CUST82666,Vikram Rathore,Men,Indore,Madhya Pradesh,Allen Solly,Trousers,XL,Blue,2,4527,0,4527,0,1629.72,10683.72,5059.88,3994.12,Debit Card,Cancelled,2026-02-18 00:00:00,Website
MYN100618,ORD20250618,2026-03-14 00:00:00,CUST49322,Mansi Patel,Women,Ahmedabad,Gujarat,Roadster,Handbags,L,Blue,2,2163,25,1622.25,0,584.01,3828.51,2021.46,1223.04,Net Banking,Delivered,2026-03-20 00:00:00,Website
MYN100619,ORD20250619,2025-07-13 00:00:00,CUST37843,Meera Naik,Kids,Hyderabad,Telangana,Nike,Kids Shoes,XS,White,2,959,10,863.1,0,310.72,2036.92,1210.34,515.86,Cash on Delivery,Shipped,2025-07-16 00:00:00,App
MYN100620,ORD20250620,2025-10-03 00:00:00,CUST43690,Vikram Dubey,Kids,Mumbai,Maharashtra,H&M,Kids Dresses,XS,Red,3,5572,5,5293.4,0,2858.44,18738.64,10293.64,5586.56,UPI,Delivered,2025-10-09 00:00:00,App
MYN100621,ORD20250621,2026-05-07 00:00:00,CUST37414,Mohit Yadav,Women,Chennai,Tamil Nadu,Anouk,Tops,L,Yellow,3,5618,20,4494.4,0,2426.98,15910.18,8405.98,5077.22,Cash on Delivery,Delivered,2026-05-13 00:00:00,Mobile Web
MYN100622,ORD20250622,2026-04-18 00:00:00,CUST92001,Yash Sharma,Women,Kolkata,West Bengal,DressBerry,Handbags,Free Size,Pink,2,4246,20,3396.8,0,1222.85,8016.45,5192.7,1600.9,Credit Card,Delivered,2026-04-24 00:00:00,Mobile Web
MYN100623,ORD20250623,2025-03-03 00:00:00,CUST80690,Sneha Menon,Home,Jaipur,Rajasthan,Roadster,Bedsheets,L,Pink,3,3484,30,2438.8,0,1316.95,8633.35,4914.91,2401.49,UPI,Processing,2025-03-09 00:00:00,Mobile Web
MYN100624,ORD20250624,2025-03-27 00:00:00,CUST46163,Nikhil Verma,Men,Indore,Madhya Pradesh,Fastrack,Trousers,L,Green,4,2347,15,1994.95,0,1436.36,9416.16,4894.1,3085.7,Net Banking,Cancelled,2025-04-01 00:00:00,App
MYN100625,ORD20250625,2026-08-01 00:00:00,CUST95973,Neha Bhatt,Men,Mumbai,Maharashtra,Allen Solly,T-Shirts,S,Yellow,3,5156,10,4640.4,0,2505.82,16427.02,9215.95,4705.25,Debit Card,Delivered,2026-08-07 00:00:00,App
MYN100626,ORD20250626,2025-04-05 00:00:00,CUST28325,Karan Shetty,Beauty,Ahmedabad,Gujarat,DressBerry,Perfume,XXL,Pink,3,1786,15,1518.1,0,819.77,5374.07,3673.79,880.51,Credit Card,Delivered,2025-04-12 00:00:00,Mobile Web
MYN100627,ORD20250627,2025-11-28 00:00:00,CUST98810,Arjun Iyer,Women,Jaipur,Rajasthan,DressBerry,Dresses,L,Beige,3,1959,25,1469.25,0,793.4,5201.15,3120.18,1287.57,Credit Card,Delivered,2025-12-05 00:00:00,Mobile Web
MYN100628,ORD20250628,2026-03-03 00:00:00,CUST26661,Abhishek Das,Women,Jaipur,Rajasthan,HRX,Tops,M,White,2,5663,25,4247.25,0,1529.01,10023.51,5371.99,3122.51,UPI,Shipped,2026-03-06 00:00:00,Mobile Web
MYN100629,ORD20250629,2025-11-20 00:00:00,CUST27821,Mohit Chopra,Men,Pune,Maharashtra,Allen Solly,T-Shirts,XS,Red,3,3777,20,3021.6,0,1631.66,10696.46,7396.3,1668.5,Debit Card,Delivered,2025-11-22 00:00:00,Website
MYN100630,ORD20250630,2026-03-19 00:00:00,CUST22380,Diya Goyal,Beauty,Bengaluru,Karnataka,Anouk,Perfume,M,Blue,4,4840,15,4114,0,2962.08,19418.08,9644.15,6811.85,Credit Card,Shipped,2026-03-24 00:00:00,Website
MYN100631,ORD20250631,2025-05-12 00:00:00,CUST39362,Vikram Srivastava,Women,Hyderabad,Telangana,Adidas,Handbags,M,White,3,5858,25,4393.5,0,2372.49,15552.99,8146.98,5033.52,Cash on Delivery,Returned,2025-05-16 00:00:00,Website
MYN100632,ORD20250632,2025-06-24 00:00:00,CUST53870,Aditya Shah,Women,Nashik,Maharashtra,HERE&NOW,Dresses,XXL,Blue,1,1548,20,1238.4,0,222.91,1461.31,841.93,396.47,Net Banking,Delivered,2025-07-01 00:00:00,Mobile Web
MYN100633,ORD20250633,2025-01-08 00:00:00,CUST59492,Aarav Mehta,Women,Jaipur,Rajasthan,HRX,Tops,XS,Beige,3,2706,10,2435.4,0,1315.12,8621.32,5277.16,2029.04,UPI,Processing,2025-01-10 00:00:00,Mobile Web
MYN100634,ORD20250634,2025-05-02 00:00:00,CUST48203,Sakshi Reddy,Men,Kolkata,West Bengal,Adidas,Sports Shoes,XS,White,3,1590,5,1510.5,0,815.67,5347.17,2742.79,1788.71,Net Banking,Delivered,2025-05-07 00:00:00,Website
MYN100635,ORD20250635,2026-04-25 00:00:00,CUST97840,Mansi Bansal,Men,Kolkata,West Bengal,Anouk,T-Shirts,XL,Green,4,3074,20,2459.2,0,1770.62,11607.42,6943.25,2893.55,Credit Card,Delivered,2026-05-02 00:00:00,Website
MYN100636,ORD20250636,2025-03-21 00:00:00,CUST37659,Dev Bhatia,Women,Ahmedabad,Gujarat,Fastrack,Kurtas,L,Blue,4,5452,30,3816.4,0,2747.81,18013.41,9113.3,6152.3,Credit Card,Cancelled,2025-03-27 00:00:00,Mobile Web
MYN100637,ORD20250637,2025-09-28 00:00:00,CUST82216,Ananya Dubey,Women,Jaipur,Rajasthan,Maybelline,Sarees,M,Pink,3,2855,10,2569.5,0,1387.53,9096.03,4758.34,2950.16,Debit Card,Delivered,2025-09-30 00:00:00,Website
MYN100638,ORD20250638,2025-02-28 00:00:00,CUST93029,Priya Tripathi,Men,Ahmedabad,Gujarat,WROGN,Sports Shoes,M,Black,4,2951,5,2803.45,0,2018.48,13232.28,7826.85,3386.95,Credit Card,Processing,2025-03-07 00:00:00,Website
MYN100639,ORD20250639,2026-03-23 00:00:00,CUST52875,Rohit Rawat,Kids,Hyderabad,Telangana,Maybelline,Kids Dresses,S,Red,1,2745,25,2058.75,0,370.58,2429.33,1503.52,555.23,Cash on Delivery,Processing,2026-03-27 00:00:00,App
MYN100640,ORD20250640,2025-06-08 00:00:00,CUST69567,Tanya Bhatia,Home,Mumbai,Maharashtra,Puma,Bath Towels,Free Size,Beige,4,1969,20,1575.2,0,1134.14,7434.94,3822.99,2477.81,Cash on Delivery,Processing,2025-06-12 00:00:00,App
MYN100641,ORD20250641,2025-11-26 00:00:00,CUST78232,Pooja Shetty,Women,Jaipur,Rajasthan,Anouk,Tops,S,Grey,1,3704,20,2963.2,0,533.38,3496.58,2100.95,862.25,UPI,Delivered,2025-11-30 00:00:00,Mobile Web
MYN100642,ORD20250642,2025-09-12 00:00:00,CUST21825,Dev Goyal,Beauty,Lucknow,Uttar Pradesh,Mast & Harbour,Perfume,L,Grey,2,4007,15,3405.95,0,1226.14,8038.04,4983.01,1828.89,Net Banking,Returned,2025-09-18 00:00:00,App
MYN100643,ORD20250643,2025-05-17 00:00:00,CUST56638,Dev Saxena,Beauty,Nashik,Maharashtra,Adidas,Moisturizer,L,Black,2,3026,25,2269.5,0,817.02,5356.02,3511.84,1027.16,Cash on Delivery,Processing,2025-05-24 00:00:00,Website
MYN100644,ORD20250644,2025-05-26 00:00:00,CUST38546,Mohit Saxena,Men,Nashik,Maharashtra,Allen Solly,Jeans,XS,Red,2,641,20,512.8,0,184.61,1210.21,741.29,284.31,UPI,Delivered,2025-05-30 00:00:00,Website
MYN100645,ORD20250645,2026-05-07 00:00:00,CUST68726,Rohan Desai,Women,Bengaluru,Karnataka,Lakme,Kurtas,XL,Green,1,1416,10,1274.4,0,229.39,1503.79,744.25,530.15,Net Banking,Cancelled,2026-05-13 00:00:00,Website
MYN100646,ORD20250646,2026-04-09 00:00:00,CUST71807,Ishita Chatterjee,Beauty,Kolkata,West Bengal,Puma,Moisturizer,L,Grey,1,757,15,643.45,0,115.82,759.27,453.93,189.52,Credit Card,Returned,2026-04-12 00:00:00,App
MYN100647,ORD20250647,2025-08-23 00:00:00,CUST93397,Tanvi Khan,Beauty,Ahmedabad,Gujarat,DressBerry,Lipstick,XS,Grey,4,554,25,415.5,0,299.16,1961.16,1056.47,605.53,UPI,Delivered,2025-08-25 00:00:00,Website
MYN100648,ORD20250648,2026-03-11 00:00:00,CUST29422,Abhishek Bhatia,Women,Indore,Madhya Pradesh,HRX,Tops,Free Size,White,1,464,50,232,49,41.76,322.76,155.71,76.29,Debit Card,Delivered,2026-03-13 00:00:00,Website
MYN100649,ORD20250649,2026-08-12 00:00:00,CUST15974,Ishita Tiwari,Women,Lucknow,Uttar Pradesh,H&M,Sarees,XXL,Pink,4,3266,20,2612.8,0,1881.22,12332.42,6709.51,3741.69,Cash on Delivery,Shipped,2026-08-18 00:00:00,App
MYN100650,ORD20250650,2026-01-06 00:00:00,CUST41589,Arjun Rawat,Women,Chennai,Tamil Nadu,Lakme,Dresses,M,Grey,3,3223,0,3223,0,1740.42,11409.42,7266.14,2402.86,Net Banking,Delivered,2026-01-08 00:00:00,App
MYN100651,ORD20250651,2026-06-14 00:00:00,CUST97235,Arjun Malhotra,Women,Jaipur,Rajasthan,Maybelline,Handbags,L,Blue,3,967,10,870.3,0,469.96,3080.86,1734.84,876.06,Debit Card,Delivered,2026-06-19 00:00:00,Website
MYN100652,ORD20250652,2025-01-26 00:00:00,CUST22771,Rohan Jain,Men,Lucknow,Uttar Pradesh,Puma,Trousers,M,Green,4,3578,25,2683.5,0,1932.12,12666.12,7560.96,3173.04,Net Banking,Delivered,2025-02-02 00:00:00,App
MYN100653,ORD20250653,2026-01-22 00:00:00,CUST38371,Neha Singh,Men,Bengaluru,Karnataka,H&M,Watches,XL,Yellow,4,2354,10,2118.6,0,1525.39,9999.79,6860.92,1613.48,Cash on Delivery,Delivered,2026-01-27 00:00:00,App
MYN100654,ORD20250654,2025-03-23 00:00:00,CUST91462,Dev Mishra,Men,Mumbai,Maharashtra,Lakme,Trousers,Free Size,Yellow,4,5336,50,2668,0,1920.96,12592.96,6208.1,4463.9,Credit Card,Shipped,2025-03-25 00:00:00,Mobile Web
MYN100655,ORD20250655,2026-04-23 00:00:00,CUST47018,Yash Shah,Beauty,Kolkata,West Bengal,WROGN,Shampoo,XXL,Beige,2,5915,20,4732,0,1703.52,11167.52,7749.25,1714.75,UPI,Delivered,2026-04-29 00:00:00,Website
MYN100656,ORD20250656,2025-10-30 00:00:00,CUST42844,Aarav Oberoi,Men,Kolkata,West Bengal,Maybelline,Trousers,Free Size,Red,2,3975,25,2981.25,0,1073.25,7035.75,4325.94,1636.56,Net Banking,Delivered,2025-11-05 00:00:00,Mobile Web
MYN100657,ORD20250657,2026-02-28 00:00:00,CUST55210,Varun Desai,Beauty,Jaipur,Rajasthan,Nike,Shampoo,L,White,1,3958,0,3958,0,712.44,4670.44,2321.21,1636.79,Cash on Delivery,Returned,2026-03-06 00:00:00,App
MYN100658,ORD20250658,2025-09-03 00:00:00,CUST60949,Isha Iyer,Men,Nashik,Maharashtra,Nike,T-Shirts,XL,Pink,3,4374,20,3499.2,0,1889.57,12387.17,6569.1,3928.5,Net Banking,Shipped,2025-09-09 00:00:00,App
MYN100659,ORD20250659,2025-02-26 00:00:00,CUST55971,Meera Kulkarni,Men,Kolkata,West Bengal,H&M,Shirts,XL,Blue,4,1492,0,1492,0,1074.24,7042.24,3688.79,2279.21,Cash on Delivery,Returned,2025-03-04 00:00:00,Website
MYN100660,ORD20250660,2026-05-31 00:00:00,CUST56104,Priya Mehta,Beauty,Chennai,Tamil Nadu,Anouk,Shampoo,Free Size,Green,4,2372,20,1897.6,0,1366.27,8956.67,5084.89,2505.51,Debit Card,Shipped,2026-06-06 00:00:00,App
MYN100661,ORD20250661,2026-06-30 00:00:00,CUST19107,Aditi Bansal,Women,Jaipur,Rajasthan,Nike,Handbags,XXL,Grey,2,4825,5,4583.75,0,1650.15,10817.65,7239.04,1928.46,Debit Card,Shipped,2026-07-05 00:00:00,Mobile Web
MYN100662,ORD20250662,2025-12-29 00:00:00,CUST20510,Yash Srivastava,Women,Chennai,Tamil Nadu,Fastrack,Tops,L,Red,4,3766,5,3577.7,0,2575.94,16886.74,11404.82,2905.98,Debit Card,Delivered,2026-01-05 00:00:00,Mobile Web
MYN100663,ORD20250663,2025-09-17 00:00:00,CUST33259,Neha Menon,Beauty,Ahmedabad,Gujarat,DressBerry,Shampoo,XXL,Red,4,4575,25,3431.25,0,2470.5,16195.5,9347.08,4377.92,Credit Card,Delivered,2025-09-23 00:00:00,Website
MYN100664,ORD20250664,2026-06-22 00:00:00,CUST33880,Muskan Singh,Beauty,Lucknow,Uttar Pradesh,Anouk,Shampoo,Free Size,Black,1,4220,20,3376,0,607.68,3983.68,1912.9,1463.1,UPI,Processing,2026-06-25 00:00:00,Mobile Web
MYN100665,ORD20250665,2025-09-16 00:00:00,CUST81326,Aditi Bansal,Men,Ahmedabad,Gujarat,Nike,Shirts,XS,Yellow,3,2159,20,1727.2,0,932.69,6114.29,4035.36,1146.24,UPI,Delivered,2025-09-23 00:00:00,Website
MYN100666,ORD20250666,2026-02-03 00:00:00,CUST10329,Karan Nair,Women,Jaipur,Rajasthan,HERE&NOW,Sarees,XS,Beige,1,3636,30,2545.2,0,458.14,3003.34,1680.25,864.95,Net Banking,Delivered,2026-02-07 00:00:00,App
MYN100667,ORD20250667,2026-05-16 00:00:00,CUST39802,Abhishek Tiwari,Home,Kolkata,West Bengal,Mast & Harbour,Cushion Covers,M,Blue,3,2832,40,1699.2,0,917.57,6015.17,3507.66,1589.94,Credit Card,Returned,2026-05-22 00:00:00,Website
MYN100668,ORD20250668,2025-10-05 00:00:00,CUST48015,Rahul Bose,Beauty,Jaipur,Rajasthan,Levis,Face Wash,M,Blue,2,2577,15,2190.45,0,788.56,5169.46,3206.99,1173.91,Debit Card,Delivered,2025-10-11 00:00:00,Website
MYN100669,ORD20250669,2025-01-13 00:00:00,CUST15239,Simran Arora,Women,Jaipur,Rajasthan,Fastrack,Dresses,Free Size,Black,4,1061,15,901.85,0,649.33,4256.73,2252.35,1355.05,Cash on Delivery,Delivered,2025-01-15 00:00:00,Website
MYN100670,ORD20250670,2025-09-10 00:00:00,CUST69254,Rohan Pawar,Men,Nashik,Maharashtra,Levis,Jeans,S,White,2,2020,10,1818,0,654.48,4290.48,2109.85,1526.15,Debit Card,Delivered,2025-09-15 00:00:00,Mobile Web
MYN100671,ORD20250671,2026-06-25 00:00:00,CUST50985,Isha Sharma,Women,Delhi,Delhi,HERE&NOW,Dresses,Free Size,Red,2,2589,20,2071.2,0,745.63,4888.03,2292.95,1849.45,Credit Card,Processing,2026-06-28 00:00:00,Mobile Web
MYN100672,ORD20250672,2025-09-26 00:00:00,CUST76446,Ananya Nair,Men,Indore,Madhya Pradesh,Mast & Harbour,Shirts,XXL,White,1,2171,20,1736.8,0,312.62,2049.42,1379.35,357.45,Cash on Delivery,Returned,2025-10-02 00:00:00,Mobile Web
MYN100673,ORD20250673,2025-12-19 00:00:00,CUST27563,Nikhil Singh,Women,Bengaluru,Karnataka,WROGN,Heels,XXL,Black,4,4945,10,4450.5,0,3204.36,21006.36,9908.77,7893.23,Credit Card,Delivered,2025-12-24 00:00:00,Mobile Web
MYN100674,ORD20250674,2025-04-12 00:00:00,CUST42875,Vikram Mishra,Men,Nashik,Maharashtra,Levis,Trousers,XL,Pink,2,1275,40,765,0,275.4,1805.4,1100.72,429.28,Wallet,Shipped,2025-04-14 00:00:00,Mobile Web
MYN100675,ORD20250675,2026-06-29 00:00:00,CUST89012,Priya Chatterjee,Kids,Indore,Madhya Pradesh,Levis,Kids Dresses,L,Black,1,3852,25,2889,0,520.02,3409.02,2168.3,720.7,Net Banking,Shipped,2026-07-04 00:00:00,Website
MYN100676,ORD20250676,2025-07-07 00:00:00,CUST79831,Arjun Rathore,Men,Indore,Madhya Pradesh,Lakme,T-Shirts,L,Grey,4,1117,15,949.45,0,683.6,4481.4,2307.96,1489.84,UPI,Delivered,2025-07-11 00:00:00,Mobile Web
MYN100677,ORD20250677,2026-06-19 00:00:00,CUST44433,Aditya Patel,Women,Lucknow,Uttar Pradesh,Nike,Sarees,L,Yellow,3,4914,15,4176.9,0,2255.53,14786.23,8919.71,3610.99,Cash on Delivery,Delivered,2026-06-26 00:00:00,Mobile Web
MYN100678,ORD20250678,2025-11-30 00:00:00,CUST23769,Priya Nair,Women,Nashik,Maharashtra,Fastrack,Kurtas,L,Pink,4,5932,25,4449,0,3203.28,20999.28,10995.9,6800.1,UPI,Returned,2025-12-05 00:00:00,Website
MYN100679,ORD20250679,2026-02-09 00:00:00,CUST60772,Neha Pandey,Women,Indore,Madhya Pradesh,HERE&NOW,Heels,XS,Green,2,5577,30,3903.9,0,1405.4,9213.2,5538.88,2268.92,Debit Card,Delivered,2026-02-11 00:00:00,Website
MYN100680,ORD20250680,2026-03-23 00:00:00,CUST20355,Kriti Kulkarni,Men,Jaipur,Rajasthan,HERE&NOW,Watches,XL,Blue,4,1583,10,1424.7,0,1025.78,6724.58,4321.57,1377.23,Net Banking,Processing,2026-03-26 00:00:00,Website
MYN100681,ORD20250681,2025-08-12 00:00:00,CUST72071,Rohan Jain,Kids,Jaipur,Rajasthan,Mast & Harbour,Kids T-Shirts,L,White,4,4655,50,2327.5,0,1675.8,10985.8,5474.06,3835.94,UPI,Delivered,2025-08-17 00:00:00,Website
MYN100682,ORD20250682,2026-04-01 00:00:00,CUST44948,Riya Bose,Women,Kolkata,West Bengal,Levis,Dresses,S,Beige,2,4144,20,3315.2,0,1193.47,7823.87,4635.2,1995.2,Debit Card,Delivered,2026-04-06 00:00:00,Website
MYN100683,ORD20250683,2025-08-28 00:00:00,CUST36325,Varun Oberoi,Women,Indore,Madhya Pradesh,Roadster,Kurtas,Free Size,Pink,4,4158,20,3326.4,0,2395.01,15700.61,8446.29,4859.31,Wallet,Delivered,2025-09-01 00:00:00,Website
MYN100684,ORD20250684,2025-01-27 00:00:00,CUST53372,Shreya Rawat,Women,Hyderabad,Telangana,Maybelline,Handbags,Free Size,Green,4,1538,10,1384.2,0,996.62,6533.42,3137.26,2399.54,Wallet,Delivered,2025-02-03 00:00:00,App
MYN100685,ORD20250685,2026-02-06 00:00:00,CUST16929,Aditi Chatterjee,Men,Pune,Maharashtra,Maybelline,Trousers,XL,Green,1,3726,10,3353.4,0,603.61,3957.01,1919.22,1434.18,UPI,Returned,2026-02-12 00:00:00,Website
MYN100686,ORD20250686,2026-06-15 00:00:00,CUST28013,Rohan Saxena,Women,Kolkata,West Bengal,Nike,Kurtas,M,Grey,4,4310,15,3663.5,0,2637.72,17291.72,8907.48,5746.52,Wallet,Delivered,2026-06-20 00:00:00,Website
MYN100687,ORD20250687,2026-05-26 00:00:00,CUST76673,Pooja Goyal,Beauty,Bengaluru,Karnataka,Lakme,Lipstick,Free Size,Black,1,1138,20,910.4,0,163.87,1074.27,586.81,323.59,Net Banking,Delivered,2026-06-01 00:00:00,Website
MYN100688,ORD20250688,2026-02-03 00:00:00,CUST36819,Riya Roy,Home,Indore,Madhya Pradesh,Lakme,Bedsheets,M,Grey,2,2276,0,2276,0,819.36,5371.36,3361.61,1190.39,Cash on Delivery,Delivered,2026-02-08 00:00:00,Mobile Web
MYN100689,ORD20250689,2026-03-10 00:00:00,CUST51037,Ishita Sharma,Women,Mumbai,Maharashtra,Puma,Kurtas,L,Yellow,1,2367,40,1420.2,0,255.64,1675.84,841.74,578.46,Wallet,Delivered,2026-03-14 00:00:00,Website
MYN100690,ORD20250690,2026-07-27 00:00:00,CUST52923,Muskan Thakur,Women,Jaipur,Rajasthan,Anouk,Heels,Free Size,Green,3,4010,0,4010,0,2165.4,14195.4,7084.56,4945.44,UPI,Delivered,2026-08-01 00:00:00,App
MYN100691,ORD20250691,2026-05-06 00:00:00,CUST16021,Shreya Patel,Men,Chennai,Tamil Nadu,Adidas,T-Shirts,S,Red,3,5048,5,4795.6,0,2589.62,16976.42,9299.09,5087.71,Net Banking,Delivered,2026-05-11 00:00:00,App
MYN100692,ORD20250692,2026-03-15 00:00:00,CUST23280,Riya Deshmukh,Women,Ahmedabad,Gujarat,Levis,Tops,S,Beige,3,781,15,663.85,0,358.48,2350.03,1258.52,733.03,Wallet,Processing,2026-03-19 00:00:00,App
MYN100693,ORD20250693,2026-06-11 00:00:00,CUST86025,Rohit Malhotra,Beauty,Hyderabad,Telangana,Adidas,Perfume,XS,Yellow,2,943,10,848.7,0,305.53,2002.93,1324.58,372.82,Net Banking,Delivered,2026-06-15 00:00:00,App
MYN100694,ORD20250694,2026-06-16 00:00:00,CUST55667,Ananya Das,Women,Lucknow,Uttar Pradesh,Anouk,Heels,XL,Beige,1,878,20,702.4,49,126.43,877.83,401.42,300.98,Cash on Delivery,Delivered,2026-06-18 00:00:00,App
MYN100695,ORD20250695,2026-08-13 00:00:00,CUST50308,Pooja Desai,Kids,Jaipur,Rajasthan,Puma,Kids T-Shirts,M,Black,4,4405,20,3524,0,2537.28,16633.28,10403.65,3692.35,Net Banking,Returned,2026-08-17 00:00:00,Mobile Web
MYN100696,ORD20250696,2025-06-17 00:00:00,CUST26292,Mansi Srivastava,Kids,Indore,Madhya Pradesh,WROGN,Kids Jeans,Free Size,Black,1,5178,0,5178,0,932.04,6110.04,3079.1,2098.9,UPI,Delivered,2025-06-23 00:00:00,Mobile Web
MYN100697,ORD20250697,2025-06-10 00:00:00,CUST13216,Riya Pandey,Women,Mumbai,Maharashtra,Allen Solly,Kurtas,M,Black,3,803,20,642.4,0,346.9,2274.1,1121.54,805.66,UPI,Returned,2025-06-17 00:00:00,App
MYN100698,ORD20250698,2025-02-20 00:00:00,CUST39782,Arjun Reddy,Men,Hyderabad,Telangana,H&M,Watches,L,Blue,3,5259,20,4207.2,0,2271.89,14893.49,9187.45,3434.15,Credit Card,Cancelled,2025-02-24 00:00:00,Mobile Web
MYN100699,ORD20250699,2025-01-26 00:00:00,CUST54348,Aditya Pillai,Women,Hyderabad,Telangana,Puma,Tops,S,White,3,1585,5,1505.75,0,813.1,5330.35,2909.21,1608.04,Wallet,Delivered,2025-01-29 00:00:00,App
MYN100700,ORD20250700,2025-06-21 00:00:00,CUST56105,Ananya Chopra,Kids,Mumbai,Maharashtra,Adidas,Kids Jeans,XXL,Red,2,2610,15,2218.5,0,798.66,5235.66,2748.03,1688.97,Credit Card,Delivered,2025-06-23 00:00:00,Website
MYN100701,ORD20250701,2025-03-22 00:00:00,CUST48294,Sneha Roy,Home,Lucknow,Uttar Pradesh,WROGN,Bath Towels,M,Beige,4,1052,30,736.4,0,530.21,3475.81,2077.82,867.78,Net Banking,Cancelled,2025-03-28 00:00:00,Mobile Web
MYN100702,ORD20250702,2025-10-17 00:00:00,CUST82356,Aditi Saxena,Women,Hyderabad,Telangana,HRX,Heels,M,Grey,3,1463,40,877.8,0,474.01,3107.41,1542.09,1091.31,Credit Card,Processing,2025-10-19 00:00:00,Mobile Web
MYN100703,ORD20250703,2025-10-30 00:00:00,CUST63365,Priya Bhatt,Men,Chennai,Tamil Nadu,Nike,T-Shirts,L,Blue,2,5776,20,4620.8,0,1663.49,10905.09,6948.67,2292.93,Net Banking,Processing,2025-11-02 00:00:00,Website
MYN100704,ORD20250704,2025-09-08 00:00:00,CUST96135,Rohan Naik,Men,Kolkata,West Bengal,Puma,Shirts,L,Blue,4,921,5,874.95,0,629.96,4129.76,2197.92,1301.88,Credit Card,Delivered,2025-09-15 00:00:00,Mobile Web
MYN100705,ORD20250705,2025-09-04 00:00:00,CUST98678,Pooja Naik,Men,Mumbai,Maharashtra,Puma,Shirts,XS,Grey,1,3947,15,3354.95,0,603.89,3958.84,2495.07,859.88,Wallet,Delivered,2025-09-07 00:00:00,Mobile Web
MYN100706,ORD20250706,2025-06-09 00:00:00,CUST13338,Priya Agarwal,Kids,Pune,Maharashtra,Levis,Kids Shoes,M,Grey,1,4647,20,3717.6,0,669.17,4386.77,2928.23,789.37,Cash on Delivery,Cancelled,2025-06-11 00:00:00,App
MYN100707,ORD20250707,2025-06-03 00:00:00,CUST92970,Sneha Das,Men,Chennai,Tamil Nadu,Levis,Sports Shoes,L,Green,2,728,10,655.2,0,235.87,1546.27,928.31,382.09,Credit Card,Processing,2025-06-06 00:00:00,Website
MYN100708,ORD20250708,2025-08-24 00:00:00,CUST62576,Riya Malhotra,Men,Kolkata,West Bengal,Mast & Harbour,Watches,XL,Green,1,2953,20,2362.4,0,425.23,2787.63,1560.33,802.07,UPI,Delivered,2025-08-27 00:00:00,App
MYN100709,ORD20250709,2025-04-03 00:00:00,CUST70522,Karan Kamble,Men,Hyderabad,Telangana,Nike,Shirts,XS,Green,2,2748,40,1648.8,0,593.57,3891.17,2141.83,1155.77,Cash on Delivery,Cancelled,2025-04-06 00:00:00,Mobile Web
MYN100710,ORD20250710,2025-11-03 00:00:00,CUST16336,Neha Kulkarni,Women,Lucknow,Uttar Pradesh,Lakme,Tops,Free Size,Yellow,3,1595,10,1435.5,0,775.17,5081.67,3003.5,1303,Wallet,Delivered,2025-11-09 00:00:00,Website
MYN100711,ORD20250711,2025-03-30 00:00:00,CUST99779,Nikhil Rawat,Kids,Kolkata,West Bengal,Nike,Kids Dresses,L,Yellow,1,5021,10,4518.9,0,813.4,5332.3,3649.28,869.62,Wallet,Delivered,2025-04-04 00:00:00,Website
MYN100712,ORD20250712,2025-05-23 00:00:00,CUST95615,Ishita Yadav,Men,Delhi,Delhi,Lakme,Trousers,XS,Green,1,3546,25,2659.5,0,478.71,3138.21,1759.43,900.07,Wallet,Shipped,2025-05-28 00:00:00,Website
MYN100713,ORD20250713,2026-02-01 00:00:00,CUST93402,Abhishek Rathore,Kids,Nashik,Maharashtra,Mast & Harbour,Kids Dresses,M,Blue,2,5878,10,5290.2,0,1904.47,12484.87,8510.21,2070.19,Wallet,Shipped,2026-02-05 00:00:00,Website
MYN100714,ORD20250714,2025-01-11 00:00:00,CUST76266,Aarav Desai,Men,Nashik,Maharashtra,Adidas,Watches,XS,Blue,4,843,10,758.7,0,546.26,3581.06,2406.15,628.65,Debit Card,Delivered,2025-01-18 00:00:00,Mobile Web
MYN100715,ORD20250715,2025-10-04 00:00:00,CUST57445,Kavya Iyer,Women,Lucknow,Uttar Pradesh,Puma,Sarees,Free Size,Pink,3,5842,0,5842,0,3154.68,20680.68,11241.77,6284.23,Cash on Delivery,Delivered,2025-10-09 00:00:00,App
MYN100716,ORD20250716,2026-03-07 00:00:00,CUST46051,Riya Sharma,Men,Bengaluru,Karnataka,Maybelline,Trousers,M,Yellow,3,4114,15,3496.9,0,1888.33,12379.03,6473.86,4016.84,Wallet,Delivered,2026-03-14 00:00:00,Mobile Web
MYN100717,ORD20250717,2025-11-21 00:00:00,CUST61097,Ayush Shah,Beauty,Jaipur,Rajasthan,Mast & Harbour,Lipstick,XL,Beige,3,1274,25,955.5,0,515.97,3382.47,1806.01,1060.49,Wallet,Delivered,2025-11-24 00:00:00,App
MYN100718,ORD20250718,2026-04-29 00:00:00,CUST74559,Tanya Arora,Beauty,Kolkata,West Bengal,DressBerry,Moisturizer,XS,Red,2,2619,0,2619,0,942.84,6180.84,4144.21,1093.79,Net Banking,Cancelled,2026-05-06 00:00:00,Website
MYN100719,ORD20250719,2025-10-04 00:00:00,CUST75020,Nikhil Goyal,Women,Delhi,Delhi,Fastrack,Sarees,XXL,Blue,2,4508,20,3606.4,0,1298.3,8511.1,4877.06,2335.74,Cash on Delivery,Cancelled,2025-10-11 00:00:00,App
MYN100720,ORD20250720,2025-10-09 00:00:00,CUST10528,Ishita Deshmukh,Men,Lucknow,Uttar Pradesh,H&M,Sports Shoes,M,Red,2,2930,0,2930,0,1054.8,6914.8,3442.86,2417.14,Net Banking,Processing,2025-10-12 00:00:00,Website
MYN100721,ORD20250721,2026-03-19 00:00:00,CUST32161,Rohan Pawar,Kids,Jaipur,Rajasthan,Nike,Kids T-Shirts,S,Green,3,991,20,792.8,0,428.11,2806.51,1545.65,832.75,Credit Card,Processing,2026-03-25 00:00:00,Mobile Web
MYN100722,ORD20250722,2025-07-26 00:00:00,CUST74796,Aditya Roy,Men,Hyderabad,Telangana,Allen Solly,T-Shirts,XL,Green,2,4509,10,4058.1,0,1460.92,9577.12,6446.24,1669.96,Net Banking,Delivered,2025-07-28 00:00:00,App
MYN100723,ORD20250723,2025-05-11 00:00:00,CUST89322,Kavya Goyal,Women,Lucknow,Uttar Pradesh,Lakme,Heels,XS,Yellow,1,2914,20,2331.2,0,419.62,2750.82,1579.32,751.88,Net Banking,Delivered,2025-05-14 00:00:00,Website
MYN100724,ORD20250724,2025-01-25 00:00:00,CUST85287,Aarav Bhatia,Beauty,Kolkata,West Bengal,Adidas,Lipstick,S,White,4,3937,10,3543.3,0,2551.18,16724.38,10494.52,3678.68,Wallet,Processing,2025-02-01 00:00:00,App
MYN100725,ORD20250725,2026-06-04 00:00:00,CUST12994,Dev Patel,Beauty,Chennai,Tamil Nadu,Allen Solly,Moisturizer,XL,Red,4,4562,30,3193.4,0,2299.25,15072.85,10038.53,2735.07,UPI,Delivered,2026-06-07 00:00:00,Mobile Web
MYN100726,ORD20250726,2026-05-08 00:00:00,CUST50148,Ananya Yadav,Women,Jaipur,Rajasthan,WROGN,Kurtas,XXL,Green,4,369,30,258.3,0,185.98,1219.18,794.99,238.21,UPI,Delivered,2026-05-11 00:00:00,Mobile Web
MYN100727,ORD20250727,2026-03-02 00:00:00,CUST85675,Rohit More,Women,Lucknow,Uttar Pradesh,Lakme,Kurtas,Free Size,Black,4,1248,20,998.4,0,718.85,4712.45,2764.21,1229.39,Wallet,Delivered,2026-03-06 00:00:00,Website
MYN100728,ORD20250728,2025-01-20 00:00:00,CUST52460,Tanya Oberoi,Men,Bengaluru,Karnataka,DressBerry,Sports Shoes,S,Pink,1,2177,20,1741.6,0,313.49,2055.09,1287.85,453.75,Wallet,Delivered,2025-01-22 00:00:00,App
MYN100729,ORD20250729,2025-10-03 00:00:00,CUST55499,Meera Sinha,Men,Mumbai,Maharashtra,Fastrack,Shirts,M,Yellow,4,712,0,712,0,512.64,3360.64,1785.87,1062.13,UPI,Delivered,2025-10-06 00:00:00,Mobile Web
MYN100730,ORD20250730,2025-01-06 00:00:00,CUST96959,Akash Deshmukh,Home,Hyderabad,Telangana,Maybelline,Bath Towels,XXL,Red,2,602,5,571.9,0,205.88,1349.68,849.97,293.83,Net Banking,Processing,2025-01-09 00:00:00,Mobile Web
MYN100731,ORD20250731,2025-08-02 00:00:00,CUST72583,Manav Gupta,Women,Bengaluru,Karnataka,HRX,Sarees,XS,Green,4,3896,15,3311.6,0,2384.35,15630.75,10459.91,2786.49,Debit Card,Delivered,2025-08-09 00:00:00,App
MYN100732,ORD20250732,2025-05-12 00:00:00,CUST41346,Rohan Thakur,Home,Jaipur,Rajasthan,Adidas,Cushion Covers,XL,Beige,4,5823,15,4949.55,0,3563.68,23361.88,13492.36,6305.84,Wallet,Returned,2025-05-14 00:00:00,App
MYN100733,ORD20250733,2026-07-17 00:00:00,CUST80009,Neha Sharma,Kids,Chennai,Tamil Nadu,Roadster,Kids Dresses,L,Yellow,1,5648,20,4518.4,0,813.31,5331.71,3679.29,839.11,Net Banking,Delivered,2026-07-19 00:00:00,Mobile Web
MYN100734,ORD20250734,2025-08-27 00:00:00,CUST95211,Rohit Bose,Men,Chennai,Tamil Nadu,Lakme,T-Shirts,XS,Beige,4,5918,0,5918,0,4260.96,27932.96,17095.19,6576.81,Wallet,Delivered,2025-09-02 00:00:00,Website
MYN100735,ORD20250735,2025-06-14 00:00:00,CUST99521,Shreya Reddy,Men,Kolkata,West Bengal,HERE&NOW,Watches,XXL,Blue,2,892,40,535.2,0,192.67,1263.07,857.21,213.19,Net Banking,Delivered,2025-06-21 00:00:00,Mobile Web
MYN100736,ORD20250736,2025-01-29 00:00:00,CUST60621,Shreya Yadav,Home,Pune,Maharashtra,Fastrack,Bath Towels,S,Beige,3,2043,20,1634.4,0,882.58,5785.78,3018.42,1884.78,Debit Card,Delivered,2025-02-01 00:00:00,Website
MYN100737,ORD20250737,2025-02-27 00:00:00,CUST66354,Kriti Srivastava,Men,Indore,Madhya Pradesh,Maybelline,Trousers,M,Yellow,1,854,0,854,0,153.72,1007.72,688.54,165.46,Wallet,Delivered,2025-03-06 00:00:00,Mobile Web
MYN100738,ORD20250738,2025-09-11 00:00:00,CUST33940,Diya Bhatt,Women,Nashik,Maharashtra,Maybelline,Dresses,Free Size,Pink,3,1486,15,1263.1,0,682.07,4471.37,2888.84,900.46,Credit Card,Delivered,2025-09-14 00:00:00,Website
MYN100739,ORD20250739,2025-03-07 00:00:00,CUST82105,Mohit Sharma,Beauty,Mumbai,Maharashtra,Fastrack,Lipstick,XXL,Green,2,1261,15,1071.85,0,385.87,2529.57,1548.02,595.68,Credit Card,Cancelled,2025-03-13 00:00:00,App
MYN100740,ORD20250740,2026-04-19 00:00:00,CUST11379,Neha More,Beauty,Mumbai,Maharashtra,Puma,Moisturizer,XS,White,2,2505,10,2254.5,0,811.62,5320.62,2941.55,1567.45,UPI,Delivered,2026-04-21 00:00:00,Mobile Web
MYN100741,ORD20250741,2025-07-28 00:00:00,CUST11620,Nikhil Reddy,Men,Indore,Madhya Pradesh,Fastrack,T-Shirts,M,Yellow,2,1594,15,1354.9,0,487.76,3197.56,2015.67,694.13,Debit Card,Delivered,2025-08-04 00:00:00,App
MYN100742,ORD20250742,2026-07-06 00:00:00,CUST59831,Sneha Saxena,Men,Indore,Madhya Pradesh,Anouk,Shirts,S,Black,4,1922,20,1537.6,0,1107.07,7257.47,3973.27,2177.13,Wallet,Delivered,2026-07-12 00:00:00,App
MYN100743,ORD20250743,2025-01-09 00:00:00,CUST78476,Ayush Menon,Men,Bengaluru,Karnataka,Adidas,Watches,S,Beige,3,3176,0,3176,0,1715.04,11243.04,6265.57,3262.43,Net Banking,Processing,2025-01-14 00:00:00,App
MYN100744,ORD20250744,2025-12-10 00:00:00,CUST15738,Muskan Srivastava,Beauty,Nashik,Maharashtra,DressBerry,Perfume,S,Black,4,932,5,885.4,0,637.49,4179.09,2616.97,924.63,Net Banking,Cancelled,2025-12-16 00:00:00,Website
MYN100745,ORD20250745,2025-05-01 00:00:00,CUST91311,Meera Menon,Women,Kolkata,West Bengal,Nike,Sarees,M,Pink,2,2897,15,2462.45,0,886.48,5811.38,2803.77,2121.13,UPI,Delivered,2025-05-07 00:00:00,Mobile Web
MYN100746,ORD20250746,2026-04-03 00:00:00,CUST73397,Ayush Naik,Home,Bengaluru,Karnataka,Mast & Harbour,Bath Towels,M,Grey,3,1644,5,1561.8,0,843.37,5528.77,3732.49,952.91,Credit Card,Processing,2026-04-07 00:00:00,Mobile Web
MYN100747,ORD20250747,2026-01-10 00:00:00,CUST26292,Dev Chatterjee,Women,Jaipur,Rajasthan,Puma,Kurtas,XS,Grey,2,1260,5,1197,0,430.92,2824.92,1421.57,972.43,Cash on Delivery,Delivered,2026-01-14 00:00:00,Website
MYN100748,ORD20250748,2026-06-02 00:00:00,CUST27443,Pooja Desai,Women,Jaipur,Rajasthan,Puma,Handbags,XS,Grey,3,5140,40,3084,0,1665.36,10917.36,6691.53,2560.47,Wallet,Delivered,2026-06-08 00:00:00,App
MYN100749,ORD20250749,2025-11-29 00:00:00,CUST83748,Abhishek Roy,Kids,Lucknow,Uttar Pradesh,Levis,Kids T-Shirts,S,Beige,3,2150,15,1827.5,0,986.85,6469.35,3689.37,1793.13,Cash on Delivery,Delivered,2025-12-03 00:00:00,Website
MYN100750,ORD20250750,2025-08-12 00:00:00,CUST11408,Ayush Malhotra,Women,Delhi,Delhi,Roadster,Handbags,XS,Blue,4,3875,40,2325,0,1674,10974,6505.95,2794.05,Wallet,Delivered,2025-08-19 00:00:00,Mobile Web
MYN100751,ORD20250751,2026-05-10 00:00:00,CUST83079,Riya Oberoi,Women,Bengaluru,Karnataka,Lakme,Sarees,XXL,Black,4,5828,20,4662.4,0,3356.93,22006.53,12890.7,5758.9,Wallet,Delivered,2026-05-12 00:00:00,Website
MYN100752,ORD20250752,2025-06-27 00:00:00,CUST47170,Simran Goyal,Women,Hyderabad,Telangana,HRX,Heels,Free Size,Red,4,2995,20,2396,0,1725.12,11309.12,5857.13,3726.87,UPI,Delivered,2025-07-03 00:00:00,Mobile Web
MYN100753,ORD20250753,2026-01-13 00:00:00,CUST77384,Dev Sinha,Beauty,Jaipur,Rajasthan,Maybelline,Shampoo,XXL,Red,4,2396,25,1797,0,1293.84,8481.84,4221.76,2966.24,Cash on Delivery,Cancelled,2026-01-18 00:00:00,Mobile Web
MYN100754,ORD20250754,2026-04-30 00:00:00,CUST30605,Varun Thakur,Kids,Bengaluru,Karnataka,Allen Solly,Kids Jeans,XXL,Red,4,4272,15,3631.2,0,2614.46,17139.26,10680.36,3844.44,Cash on Delivery,Delivered,2026-05-02 00:00:00,Mobile Web
MYN100755,ORD20250755,2025-07-18 00:00:00,CUST35475,Priya Thakur,Kids,Jaipur,Rajasthan,Fastrack,Kids Jeans,M,Blue,3,5226,25,3919.5,0,2116.53,13875.03,8506.75,3251.75,Cash on Delivery,Delivered,2025-07-23 00:00:00,Website
MYN100756,ORD20250756,2025-02-28 00:00:00,CUST28830,Kavya Chatterjee,Men,Mumbai,Maharashtra,Lakme,Shirts,M,Grey,1,3899,10,3509.1,0,631.64,4140.74,2819.91,689.19,Wallet,Returned,2025-03-02 00:00:00,App
MYN100757,ORD20250757,2025-05-27 00:00:00,CUST60278,Abhishek Joshi,Home,Pune,Maharashtra,Puma,Wall Decor,L,Red,1,2971,15,2525.35,0,454.56,2979.91,1515.23,1010.12,UPI,Delivered,2025-05-30 00:00:00,App
MYN100758,ORD20250758,2025-01-27 00:00:00,CUST82328,Sneha Das,Women,Ahmedabad,Gujarat,DressBerry,Sarees,XL,White,1,2694,0,2694,0,484.92,3178.92,1546.59,1147.41,Net Banking,Delivered,2025-01-29 00:00:00,App
MYN100759,ORD20250759,2025-11-17 00:00:00,CUST87975,Arjun Kamble,Women,Mumbai,Maharashtra,Levis,Heels,S,Yellow,3,1318,20,1054.4,0,569.38,3732.58,1855.77,1307.43,Cash on Delivery,Processing,2025-11-24 00:00:00,App
MYN100760,ORD20250760,2026-08-07 00:00:00,CUST88038,Muskan Mishra,Beauty,Delhi,Delhi,Maybelline,Perfume,L,Yellow,4,1820,20,1456,0,1048.32,6872.32,4243.21,1580.79,Debit Card,Delivered,2026-08-11 00:00:00,Website
MYN100761,ORD20250761,2025-04-26 00:00:00,CUST19387,Rahul Bhatia,Women,Jaipur,Rajasthan,Fastrack,Tops,XS,White,4,4351,25,3263.25,0,2349.54,15402.54,10683.9,2369.1,Cash on Delivery,Delivered,2025-04-30 00:00:00,App
MYN100762,ORD20250762,2025-03-27 00:00:00,CUST92093,Diya Bansal,Women,Delhi,Delhi,HERE&NOW,Heels,S,Green,4,1048,5,995.6,0,716.83,4699.23,2453.71,1528.69,Cash on Delivery,Processing,2025-03-31 00:00:00,App
MYN100763,ORD20250763,2025-03-12 00:00:00,CUST33437,Nikhil Singh,Beauty,Chennai,Tamil Nadu,Allen Solly,Face Wash,Free Size,Beige,4,2077,0,2077,0,1495.44,9803.44,6018.37,2289.63,Wallet,Cancelled,2025-03-19 00:00:00,App
MYN100764,ORD20250764,2025-02-06 00:00:00,CUST91638,Ananya Bhatt,Beauty,Ahmedabad,Gujarat,Allen Solly,Face Wash,M,White,2,5168,30,3617.6,0,1302.34,8537.54,5402.27,1832.93,UPI,Delivered,2025-02-13 00:00:00,Mobile Web
MYN100765,ORD20250765,2025-12-10 00:00:00,CUST49015,Ishita More,Women,Indore,Madhya Pradesh,HRX,Heels,XXL,Pink,4,5879,20,4703.2,0,3386.3,22199.1,12237.84,6574.96,Net Banking,Delivered,2025-12-13 00:00:00,Mobile Web
MYN100766,ORD20250766,2025-11-30 00:00:00,CUST80097,Simran Das,Kids,Delhi,Delhi,Fastrack,Kids Dresses,XL,Yellow,4,4457,20,3565.6,0,2567.23,16829.63,10605.56,3656.84,Credit Card,Processing,2025-12-03 00:00:00,App
MYN100767,ORD20250767,2026-07-23 00:00:00,CUST88653,Tanya Das,Men,Nashik,Maharashtra,Nike,Trousers,Free Size,Black,4,2591,40,1554.6,0,1119.31,7337.71,4077.4,2141,Wallet,Shipped,2026-07-30 00:00:00,Mobile Web
MYN100768,ORD20250768,2025-10-31 00:00:00,CUST78860,Diya Gupta,Women,Hyderabad,Telangana,HRX,Sarees,S,Blue,3,4502,10,4051.8,0,2187.97,14343.37,9664.44,2490.96,Cash on Delivery,Cancelled,2025-11-06 00:00:00,Website
MYN100769,ORD20250769,2026-03-20 00:00:00,CUST24892,Pooja Joshi,Home,Delhi,Delhi,Allen Solly,Bedsheets,XL,Black,4,5579,5,5300.05,0,3816.04,25016.24,16801.14,4399.06,Cash on Delivery,Delivered,2026-03-23 00:00:00,App
MYN100770,ORD20250770,2026-01-21 00:00:00,CUST72873,Rohit Deshmukh,Men,Kolkata,West Bengal,Maybelline,Trousers,Free Size,Red,4,4729,15,4019.65,0,2894.15,18972.75,10014.47,6064.13,Credit Card,Delivered,2026-01-23 00:00:00,Mobile Web
MYN100771,ORD20250771,2025-03-07 00:00:00,CUST87681,Aditya Joshi,Kids,Bengaluru,Karnataka,WROGN,Kids T-Shirts,S,Green,1,2643,10,2378.7,0,428.17,2806.87,1813.52,565.18,Credit Card,Delivered,2025-03-14 00:00:00,Mobile Web
MYN100772,ORD20250772,2025-06-11 00:00:00,CUST55950,Mansi Singh,Women,Chennai,Tamil Nadu,HRX,Dresses,M,Red,4,3987,15,3388.95,0,2440.04,15995.84,9176.27,4379.53,Cash on Delivery,Delivered,2025-06-17 00:00:00,Mobile Web
MYN100773,ORD20250773,2025-09-13 00:00:00,CUST12466,Muskan Srivastava,Women,Hyderabad,Telangana,Mast & Harbour,Kurtas,S,Pink,3,2010,10,1809,0,976.86,6403.86,3414.75,2012.25,Cash on Delivery,Delivered,2025-09-20 00:00:00,App
MYN100774,ORD20250774,2026-07-02 00:00:00,CUST87722,Aarav Arora,Beauty,Ahmedabad,Gujarat,HRX,Face Wash,Free Size,Yellow,3,1807,10,1626.3,0,878.2,5757.1,3175.59,1703.31,Wallet,Delivered,2026-07-05 00:00:00,App
MYN100775,ORD20250775,2025-09-24 00:00:00,CUST71477,Tanya Mehta,Women,Ahmedabad,Gujarat,Allen Solly,Tops,XL,Grey,2,5550,20,4440,0,1598.4,10478.4,5681.58,3198.42,Cash on Delivery,Delivered,2025-09-28 00:00:00,Mobile Web
MYN100776,ORD20250776,2025-08-08 00:00:00,CUST65904,Ananya Bhatt,Kids,Ahmedabad,Gujarat,Allen Solly,Kids Shoes,XXL,Grey,3,1921,20,1536.8,0,829.87,5440.27,3372.52,1237.88,Wallet,Cancelled,2025-08-12 00:00:00,App
MYN100777,ORD20250777,2026-02-23 00:00:00,CUST60808,Mohit Mishra,Home,Jaipur,Rajasthan,Mast & Harbour,Bedsheets,M,Green,3,2185,25,1638.75,0,884.92,5801.17,2858.71,2057.54,Net Banking,Shipped,2026-02-28 00:00:00,Website
MYN100778,ORD20250778,2025-07-02 00:00:00,CUST17386,Shreya Chatterjee,Women,Hyderabad,Telangana,Allen Solly,Heels,L,Red,1,5324,40,3194.4,0,574.99,3769.39,1979.58,1214.82,Credit Card,Shipped,2025-07-08 00:00:00,Mobile Web
MYN100779,ORD20250779,2026-03-15 00:00:00,CUST57366,Kavya Chauhan,Beauty,Bengaluru,Karnataka,Maybelline,Lipstick,Free Size,Black,4,608,0,608,0,437.76,2869.76,1983.04,448.96,Credit Card,Shipped,2026-03-20 00:00:00,Website
MYN100780,ORD20250780,2025-03-22 00:00:00,CUST38605,Rohit Mehta,Men,Kolkata,West Bengal,Fastrack,Trousers,Free Size,Red,2,4665,25,3498.75,0,1259.55,8257.05,5005.48,1992.02,Cash on Delivery,Delivered,2025-03-25 00:00:00,App
MYN100781,ORD20250781,2025-04-26 00:00:00,CUST30886,Mohit Naik,Home,Jaipur,Rajasthan,Roadster,Bath Towels,XXL,Pink,1,745,25,558.75,99,100.58,758.33,332.68,226.07,Cash on Delivery,Delivered,2025-04-29 00:00:00,Website
MYN100782,ORD20250782,2025-01-15 00:00:00,CUST31825,Priya Sinha,Women,Nashik,Maharashtra,Mast & Harbour,Kurtas,XS,White,3,856,10,770.4,0,416.02,2727.22,1448.92,862.28,Wallet,Shipped,2025-01-19 00:00:00,Mobile Web
MYN100783,ORD20250783,2026-06-09 00:00:00,CUST60637,Mohit Thakur,Men,Pune,Maharashtra,H&M,Trousers,XXL,Yellow,4,2810,30,1967,0,1416.24,9284.24,4359.72,3508.28,Cash on Delivery,Delivered,2026-06-16 00:00:00,Mobile Web
MYN100784,ORD20250784,2025-03-25 00:00:00,CUST73308,Naina Nair,Men,Delhi,Delhi,WROGN,T-Shirts,Free Size,Green,1,1806,20,1444.8,0,260.06,1704.86,841.15,603.65,Cash on Delivery,Delivered,2025-04-01 00:00:00,App
MYN100785,ORD20250785,2025-10-04 00:00:00,CUST53060,Naina Kulkarni,Women,Indore,Madhya Pradesh,Allen Solly,Heels,L,Grey,1,3036,20,2428.8,0,437.18,2865.98,1890.02,538.78,Cash on Delivery,Delivered,2025-10-07 00:00:00,App
MYN100786,ORD20250786,2026-04-11 00:00:00,CUST50725,Pooja Pawar,Men,Nashik,Maharashtra,Allen Solly,Watches,Free Size,Black,3,1723,5,1636.85,0,883.9,5794.45,3434.7,1475.85,Cash on Delivery,Delivered,2026-04-16 00:00:00,Mobile Web
MYN100787,ORD20250787,2026-06-11 00:00:00,CUST93749,Tanya Naik,Women,Pune,Maharashtra,Nike,Heels,S,Blue,3,1783,10,1604.7,0,866.54,5680.64,3766.07,1048.03,Credit Card,Shipped,2026-06-14 00:00:00,App
MYN100788,ORD20250788,2026-06-09 00:00:00,CUST10064,Abhishek Chopra,Women,Nashik,Maharashtra,Mast & Harbour,Tops,S,Grey,3,2393,30,1675.1,0,904.55,5929.85,3337.66,1687.64,Cash on Delivery,Delivered,2026-06-12 00:00:00,App
MYN100789,ORD20250789,2026-01-07 00:00:00,CUST20995,Nikhil Sinha,Home,Bengaluru,Karnataka,HERE&NOW,Bedsheets,M,Beige,3,3905,10,3514.5,0,1897.83,12441.33,7501.08,3042.42,Net Banking,Delivered,2026-01-11 00:00:00,App
MYN100790,ORD20250790,2025-05-05 00:00:00,CUST64862,Simran Jain,Women,Kolkata,West Bengal,Anouk,Kurtas,S,Blue,2,2156,30,1509.2,0,543.31,3561.71,2299.11,719.29,Net Banking,Delivered,2025-05-11 00:00:00,App
MYN100791,ORD20250791,2025-10-03 00:00:00,CUST41514,Aarav Jain,Men,Pune,Maharashtra,HERE&NOW,Watches,XXL,Blue,1,4763,25,3572.25,0,643,4215.25,2365.72,1206.53,Net Banking,Delivered,2025-10-08 00:00:00,Website
MYN100792,ORD20250792,2026-07-02 00:00:00,CUST31662,Kavya Shetty,Women,Chennai,Tamil Nadu,H&M,Kurtas,L,Green,3,726,10,653.4,0,352.84,2313.04,1329.78,630.42,Debit Card,Delivered,2026-07-06 00:00:00,App
MYN100793,ORD20250793,2026-06-05 00:00:00,CUST16858,Vikram Jain,Beauty,Bengaluru,Karnataka,HRX,Perfume,M,Black,4,5387,40,3232.2,0,2327.18,15255.98,8517.24,4411.56,Cash on Delivery,Delivered,2026-06-08 00:00:00,App
MYN100794,ORD20250794,2026-01-31 00:00:00,CUST28394,Akash Khan,Kids,Mumbai,Maharashtra,Maybelline,Kids T-Shirts,M,Green,1,3606,20,2884.8,0,519.26,3404.06,1628.7,1256.1,Credit Card,Processing,2026-02-07 00:00:00,App
MYN100795,ORD20250795,2025-12-14 00:00:00,CUST85801,Kavya Naik,Women,Lucknow,Uttar Pradesh,Adidas,Tops,XS,Black,1,5022,0,5022,0,903.96,5925.96,3250.87,1771.13,UPI,Returned,2025-12-17 00:00:00,App
MYN100796,ORD20250796,2026-03-26 00:00:00,CUST92979,Mohit Mishra,Men,Hyderabad,Telangana,Lakme,Trousers,L,Pink,2,2945,20,2356,0,848.16,5560.16,3715.14,996.86,Wallet,Returned,2026-04-01 00:00:00,Mobile Web
MYN100797,ORD20250797,2025-10-24 00:00:00,CUST55406,Pooja Patel,Kids,Nashik,Maharashtra,Puma,Kids Shoes,L,White,2,1608,50,804,0,289.44,1897.44,1194.16,413.84,UPI,Delivered,2025-10-27 00:00:00,App
MYN100798,ORD20250798,2025-09-02 00:00:00,CUST78149,Priya Rawat,Home,Kolkata,West Bengal,HERE&NOW,Bedsheets,XS,Black,2,1874,20,1499.2,0,539.71,3538.11,2098.18,900.22,Wallet,Delivered,2025-09-04 00:00:00,Website
MYN100799,ORD20250799,2026-04-23 00:00:00,CUST69799,Karan Menon,Home,Mumbai,Maharashtra,Adidas,Cushion Covers,M,Yellow,4,5834,15,4958.9,0,3570.41,23406.01,15582.17,4253.43,Credit Card,Delivered,2026-04-28 00:00:00,Website
MYN100800,ORD20250800,2026-05-12 00:00:00,CUST41821,Nikhil Singh,Women,Hyderabad,Telangana,WROGN,Tops,XXL,White,2,595,5,565.25,0,203.49,1333.99,874.97,255.53,Cash on Delivery,Cancelled,2026-05-15 00:00:00,App
MYN100801,ORD20250801,2026-02-26 00:00:00,CUST19117,Harsh Malhotra,Kids,Kolkata,West Bengal,Lakme,Kids Shoes,M,Beige,3,3779,15,3212.15,0,1734.56,11371.01,6920.02,2716.43,Debit Card,Processing,2026-03-03 00:00:00,App
MYN100802,ORD20250802,2025-04-02 00:00:00,CUST17038,Ishita Gupta,Men,Ahmedabad,Gujarat,Adidas,Watches,M,Blue,2,3910,15,3323.5,0,1196.46,7843.46,5106.1,1540.9,Wallet,Delivered,2025-04-04 00:00:00,Website
MYN100803,ORD20250803,2025-08-02 00:00:00,CUST94335,Akash Saxena,Women,Indore,Madhya Pradesh,Mast & Harbour,Sarees,XL,Green,4,5164,25,3873,0,2788.56,18280.56,11273.59,4218.41,Cash on Delivery,Delivered,2025-08-04 00:00:00,Mobile Web
MYN100804,ORD20250804,2025-06-18 00:00:00,CUST75687,Isha Das,Beauty,Pune,Maharashtra,HERE&NOW,Face Wash,XS,Pink,4,3519,20,2815.2,0,2026.94,13287.74,8770.19,2490.61,Cash on Delivery,Shipped,2025-06-20 00:00:00,App
MYN100805,ORD20250805,2025-02-12 00:00:00,CUST26040,Mansi Bansal,Men,Pune,Maharashtra,Roadster,Jeans,L,Black,3,1141,5,1083.95,0,585.33,3837.18,2287.08,964.77,Cash on Delivery,Delivered,2025-02-15 00:00:00,App
MYN100806,ORD20250806,2025-08-16 00:00:00,CUST57836,Ayush Khan,Kids,Delhi,Delhi,WROGN,Kids Dresses,M,Beige,3,2437,20,1949.6,0,1052.78,6901.58,3924.67,1924.13,Credit Card,Delivered,2025-08-19 00:00:00,App
MYN100807,ORD20250807,2026-01-11 00:00:00,CUST68282,Naina Goyal,Women,Ahmedabad,Gujarat,Maybelline,Dresses,Free Size,Pink,2,3320,20,2656,0,956.16,6268.16,3868.15,1443.85,Debit Card,Delivered,2026-01-15 00:00:00,Website
MYN100808,ORD20250808,2026-06-21 00:00:00,CUST40806,Neha Mehta,Home,Lucknow,Uttar Pradesh,Lakme,Bath Towels,XL,Beige,4,5361,15,4556.85,0,3280.93,21508.33,14675.98,3551.42,UPI,Processing,2026-06-28 00:00:00,Website
MYN100809,ORD20250809,2025-05-22 00:00:00,CUST78774,Meera Srivastava,Beauty,Hyderabad,Telangana,Lakme,Perfume,XXL,Blue,1,3783,20,3026.4,0,544.75,3571.15,2092.69,933.71,UPI,Returned,2025-05-28 00:00:00,Mobile Web
MYN100810,ORD20250810,2025-12-12 00:00:00,CUST61986,Diya Patel,Men,Kolkata,West Bengal,HRX,Watches,XS,Blue,3,4579,5,4350.05,0,2349.03,15399.18,8804.65,4245.5,UPI,Delivered,2025-12-14 00:00:00,Mobile Web
MYN100811,ORD20250811,2025-01-13 00:00:00,CUST32578,Arjun Oberoi,Men,Mumbai,Maharashtra,HERE&NOW,Jeans,XS,Red,2,4258,0,4258,0,1532.88,10048.88,6556.72,1959.28,Net Banking,Delivered,2025-01-16 00:00:00,Mobile Web
MYN100812,ORD20250812,2026-07-23 00:00:00,CUST31563,Shreya Bhatt,Women,Pune,Maharashtra,Allen Solly,Sarees,XL,Yellow,3,3520,10,3168,0,1710.72,11214.72,7253.71,2250.29,Wallet,Delivered,2026-07-25 00:00:00,Mobile Web
MYN100813,ORD20250813,2026-07-31 00:00:00,CUST55291,Muskan Arora,Women,Mumbai,Maharashtra,Adidas,Kurtas,L,Grey,3,3945,25,2958.75,0,1597.72,10473.97,6432.4,2443.85,Wallet,Shipped,2026-08-06 00:00:00,Mobile Web
MYN100814,ORD20250814,2025-01-30 00:00:00,CUST37195,Ayush Deshmukh,Beauty,Pune,Maharashtra,HERE&NOW,Lipstick,Free Size,White,4,1421,20,1136.8,0,818.5,5365.7,3377.66,1169.54,Cash on Delivery,Delivered,2025-02-05 00:00:00,App
MYN100815,ORD20250815,2025-11-12 00:00:00,CUST27903,Mansi Mehta,Women,Mumbai,Maharashtra,HERE&NOW,Tops,XS,Red,1,2323,0,2323,0,418.14,2741.14,1649.04,673.96,UPI,Cancelled,2025-11-19 00:00:00,App
MYN100816,ORD20250816,2026-01-07 00:00:00,CUST62442,Tanvi Bhatt,Women,Ahmedabad,Gujarat,WROGN,Handbags,L,Beige,3,2080,10,1872,0,1010.88,6626.88,3748.99,1867.01,Debit Card,Delivered,2026-01-11 00:00:00,Website
MYN100817,ORD20250817,2026-03-05 00:00:00,CUST87192,Nikhil Oberoi,Beauty,Pune,Maharashtra,Fastrack,Moisturizer,S,Pink,3,5566,0,5566,0,3005.64,19703.64,9594.22,7103.78,Credit Card,Processing,2026-03-07 00:00:00,App
MYN100818,ORD20250818,2026-03-04 00:00:00,CUST62275,Manav Chauhan,Men,Indore,Madhya Pradesh,Puma,Jeans,S,Black,2,344,30,240.8,99,86.69,667.29,288.77,192.83,Net Banking,Delivered,2026-03-06 00:00:00,Website
MYN100819,ORD20250819,2025-01-13 00:00:00,CUST30765,Abhishek Jain,Men,Delhi,Delhi,Anouk,Watches,L,White,1,2703,15,2297.55,0,413.56,2711.11,1571.06,726.49,Credit Card,Delivered,2025-01-17 00:00:00,App
MYN100820,ORD20250820,2025-12-17 00:00:00,CUST49181,Aarav Sharma,Men,Mumbai,Maharashtra,Lakme,T-Shirts,XL,Blue,4,5751,15,4888.35,0,3519.61,23073.01,11851.17,7702.23,Debit Card,Delivered,2025-12-24 00:00:00,App
MYN100821,ORD20250821,2026-06-14 00:00:00,CUST22454,Vikram Shah,Women,Delhi,Delhi,Levis,Dresses,L,Beige,4,483,40,289.8,0,208.66,1367.86,922.76,236.44,Credit Card,Delivered,2026-06-16 00:00:00,App
MYN100822,ORD20250822,2025-09-15 00:00:00,CUST34680,Arjun Jain,Beauty,Kolkata,West Bengal,HRX,Moisturizer,M,Yellow,3,1496,20,1196.8,0,646.27,4236.67,2187.88,1402.52,Cash on Delivery,Returned,2025-09-20 00:00:00,Mobile Web
MYN100823,ORD20250823,2026-07-07 00:00:00,CUST34241,Priya Mehta,Men,Mumbai,Maharashtra,Maybelline,Shirts,M,White,2,4082,10,3673.8,0,1322.57,8670.17,4466.63,2880.97,Debit Card,Cancelled,2026-07-12 00:00:00,Website
MYN100824,ORD20250824,2025-12-12 00:00:00,CUST99711,Rohan Agarwal,Beauty,Delhi,Delhi,HERE&NOW,Moisturizer,Free Size,Grey,2,5113,20,4090.4,0,1472.54,9653.34,6113.28,2067.52,Wallet,Delivered,2025-12-15 00:00:00,App
MYN100825,ORD20250825,2025-04-02 00:00:00,CUST59451,Sneha Chatterjee,Women,Kolkata,West Bengal,H&M,Kurtas,Free Size,Pink,3,5499,10,4949.1,0,2672.51,17519.81,11166.84,3680.46,UPI,Processing,2025-04-06 00:00:00,App
MYN100826,ORD20250826,2026-03-05 00:00:00,CUST57931,Ishita Jain,Home,Hyderabad,Telangana,Puma,Wall Decor,L,White,2,3099,15,2634.15,0,948.29,6216.59,3449.05,1819.25,Credit Card,Delivered,2026-03-08 00:00:00,Mobile Web
MYN100827,ORD20250827,2025-08-05 00:00:00,CUST23698,Rohit Das,Men,Kolkata,West Bengal,HERE&NOW,Sports Shoes,XS,Beige,3,3126,0,3126,0,1688.04,11066.04,6999.71,2378.29,Wallet,Delivered,2025-08-10 00:00:00,Website
MYN100828,ORD20250828,2026-05-04 00:00:00,CUST56489,Shreya Jain,Women,Nashik,Maharashtra,HRX,Heels,XXL,Yellow,2,1243,0,1243,0,447.48,2933.48,1739.84,746.16,Cash on Delivery,Delivered,2026-05-11 00:00:00,Mobile Web
MYN100829,ORD20250829,2025-08-04 00:00:00,CUST10922,Ishita Arora,Women,Jaipur,Rajasthan,Lakme,Sarees,XS,Black,4,1515,0,1515,0,1090.8,7150.8,4785.65,1274.35,Cash on Delivery,Delivered,2025-08-07 00:00:00,Mobile Web
MYN100830,ORD20250830,2026-07-18 00:00:00,CUST94954,Karan Deshmukh,Women,Indore,Madhya Pradesh,HRX,Handbags,XS,Grey,1,5825,20,4660,0,838.8,5498.8,3640.73,1019.27,Net Banking,Delivered,2026-07-22 00:00:00,Mobile Web
MYN100831,ORD20250831,2025-07-21 00:00:00,CUST96479,Ayush More,Men,Ahmedabad,Gujarat,WROGN,Trousers,XS,Green,2,1471,0,1471,0,529.56,3471.56,2192.13,749.87,Net Banking,Processing,2025-07-24 00:00:00,Website
MYN100832,ORD20250832,2026-01-15 00:00:00,CUST21640,Rohit Chatterjee,Women,Kolkata,West Bengal,Roadster,Handbags,S,White,4,4607,15,3915.95,0,2819.48,18483.28,11743.66,3920.14,Debit Card,Shipped,2026-01-17 00:00:00,App
MYN100833,ORD20250833,2025-07-08 00:00:00,CUST69817,Abhishek Pandey,Women,Indore,Madhya Pradesh,HERE&NOW,Handbags,XL,Blue,2,909,10,818.1,0,294.52,1930.72,1194.99,441.21,UPI,Processing,2025-07-13 00:00:00,Mobile Web
MYN100834,ORD20250834,2025-06-06 00:00:00,CUST30096,Tanya Gupta,Women,Jaipur,Rajasthan,Adidas,Heels,S,Black,1,1395,0,1395,0,251.1,1646.1,1092.22,302.78,Credit Card,Delivered,2025-06-08 00:00:00,Website
MYN100835,ORD20250835,2025-08-28 00:00:00,CUST92598,Nikhil Kulkarni,Men,Bengaluru,Karnataka,Lakme,Trousers,S,Blue,1,3995,20,3196,0,575.28,3771.28,2480.27,715.73,Cash on Delivery,Returned,2025-09-01 00:00:00,Website
MYN100836,ORD20250836,2026-03-15 00:00:00,CUST84974,Riya Kamble,Women,Lucknow,Uttar Pradesh,HERE&NOW,Tops,L,White,3,2852,15,2424.2,0,1309.07,8581.67,5636.02,1636.58,Cash on Delivery,Shipped,2026-03-19 00:00:00,Website
MYN100837,ORD20250837,2025-02-28 00:00:00,CUST20002,Arjun Shah,Women,Ahmedabad,Gujarat,Adidas,Tops,Free Size,Blue,1,4986,20,3988.8,0,717.98,4706.78,2221.45,1767.35,Net Banking,Cancelled,2025-03-06 00:00:00,App
MYN100838,ORD20250838,2025-12-26 00:00:00,CUST60802,Tanya Kamble,Women,Chennai,Tamil Nadu,Nike,Heels,XXL,Pink,3,1720,15,1462,0,789.48,5175.48,2975.1,1410.9,Cash on Delivery,Processing,2025-12-28 00:00:00,Mobile Web
MYN100839,ORD20250839,2025-09-18 00:00:00,CUST91008,Karan Khan,Kids,Pune,Maharashtra,HRX,Kids Dresses,L,Blue,1,5607,15,4765.95,0,857.87,5623.82,2755.71,2010.24,Wallet,Delivered,2025-09-24 00:00:00,Website
MYN100840,ORD20250840,2026-05-14 00:00:00,CUST82781,Aditi Joshi,Women,Kolkata,West Bengal,Nike,Tops,S,White,3,4411,15,3749.35,0,2024.65,13272.7,9130.85,2117.2,UPI,Processing,2026-05-17 00:00:00,Mobile Web
MYN100841,ORD20250841,2026-05-08 00:00:00,CUST30773,Mohit Singh,Women,Bengaluru,Karnataka,HERE&NOW,Sarees,M,Blue,4,5293,15,4499.05,0,3239.32,21235.52,11866.29,6129.91,Debit Card,Delivered,2026-05-12 00:00:00,App
MYN100842,ORD20250842,2025-02-02 00:00:00,CUST77346,Akash Joshi,Beauty,Pune,Maharashtra,Maybelline,Perfume,XS,Blue,4,3016,30,2111.2,0,1520.06,9964.86,6040.54,2404.26,UPI,Delivered,2025-02-04 00:00:00,Website
MYN100843,ORD20250843,2025-12-23 00:00:00,CUST70746,Aditi Mishra,Beauty,Hyderabad,Telangana,DressBerry,Moisturizer,XS,White,3,3375,5,3206.25,0,1731.38,11350.13,6366.85,3251.9,Debit Card,Delivered,2025-12-29 00:00:00,Website
MYN100844,ORD20250844,2025-03-23 00:00:00,CUST92579,Nikhil Thakur,Men,Indore,Madhya Pradesh,HRX,Trousers,S,Blue,2,1464,20,1171.2,0,421.63,2764.03,1664.57,677.83,Credit Card,Delivered,2025-03-28 00:00:00,App
MYN100845,ORD20250845,2025-02-01 00:00:00,CUST37476,Dev Rathore,Women,Delhi,Delhi,DressBerry,Dresses,L,Red,4,2401,10,2160.9,0,1555.85,10199.45,6562.99,2080.61,Net Banking,Delivered,2025-02-07 00:00:00,Website
MYN100846,ORD20250846,2026-02-23 00:00:00,CUST48218,Aditi Reddy,Men,Chennai,Tamil Nadu,H&M,T-Shirts,L,Yellow,3,5083,40,3049.8,0,1646.89,10796.29,5175.78,3973.62,Debit Card,Delivered,2026-02-26 00:00:00,Mobile Web
MYN100847,ORD20250847,2025-08-31 00:00:00,CUST56666,Sakshi Reddy,Beauty,Jaipur,Rajasthan,HERE&NOW,Lipstick,S,Pink,4,2900,20,2320,0,1670.4,10950.4,6760.2,2519.8,Cash on Delivery,Delivered,2025-09-06 00:00:00,Website
MYN100848,ORD20250848,2025-11-04 00:00:00,CUST15539,Naina Desai,Men,Lucknow,Uttar Pradesh,Anouk,T-Shirts,XXL,Yellow,4,4861,5,4617.95,0,3324.92,21796.72,13850.9,4620.9,Net Banking,Delivered,2025-11-09 00:00:00,App
MYN100849,ORD20250849,2025-01-08 00:00:00,CUST56840,Kavya Bhatia,Women,Lucknow,Uttar Pradesh,Fastrack,Tops,Free Size,Grey,1,2532,30,1772.4,0,319.03,2091.43,1358.32,414.08,Debit Card,Delivered,2025-01-10 00:00:00,Mobile Web
MYN100850,ORD20250850,2025-07-10 00:00:00,CUST56698,Aarav Chatterjee,Women,Nashik,Maharashtra,H&M,Heels,M,Blue,2,5731,5,5444.45,0,1960,12848.9,7476.44,3412.46,Credit Card,Returned,2025-07-14 00:00:00,App
MYN100851,ORD20250851,2026-06-25 00:00:00,CUST55206,Pooja Singh,Men,Hyderabad,Telangana,Maybelline,Shirts,Free Size,Red,3,785,30,549.5,0,296.73,1945.23,1138.94,509.56,Cash on Delivery,Delivered,2026-06-28 00:00:00,App
MYN100852,ORD20250852,2025-05-27 00:00:00,CUST66614,Vikram Tripathi,Women,Pune,Maharashtra,HERE&NOW,Handbags,XL,Pink,1,4206,5,3995.7,0,719.23,4714.93,2298.46,1697.24,Net Banking,Delivered,2025-06-01 00:00:00,Website
MYN100853,ORD20250853,2025-11-17 00:00:00,CUST49776,Kriti Pawar,Women,Indore,Madhya Pradesh,DressBerry,Tops,XL,Black,2,5607,25,4205.25,0,1513.89,9924.39,5672.95,2737.55,Net Banking,Delivered,2025-11-24 00:00:00,Website
MYN100854,ORD20250854,2025-05-25 00:00:00,CUST82036,Shreya Das,Men,Delhi,Delhi,Adidas,Shirts,S,Yellow,1,5899,40,3539.4,0,637.09,4176.49,2302.43,1236.97,Net Banking,Delivered,2025-05-27 00:00:00,App
MYN100855,ORD20250855,2025-08-06 00:00:00,CUST61603,Harsh Deshmukh,Women,Mumbai,Maharashtra,H&M,Sarees,L,Blue,4,4170,15,3544.5,0,2552.04,16730.04,9207.63,4970.37,UPI,Delivered,2025-08-09 00:00:00,Mobile Web
MYN100856,ORD20250856,2025-02-05 00:00:00,CUST37617,Harsh Iyer,Men,Indore,Madhya Pradesh,Fastrack,Jeans,L,Beige,2,3789,15,3220.65,0,1159.43,7600.73,4423.37,2017.93,UPI,Cancelled,2025-02-11 00:00:00,App
MYN100857,ORD20250857,2025-03-10 00:00:00,CUST29523,Kavya Bansal,Kids,Nashik,Maharashtra,Maybelline,Kids Jeans,XXL,Beige,4,1081,15,918.85,0,661.57,4336.97,2605.5,1069.9,UPI,Delivered,2025-03-17 00:00:00,Mobile Web
MYN100858,ORD20250858,2025-12-02 00:00:00,CUST18163,Sakshi Das,Kids,Nashik,Maharashtra,Maybelline,Kids Shoes,XL,Yellow,2,4781,0,4781,0,1721.16,11283.16,6952.15,2609.85,Cash on Delivery,Delivered,2025-12-06 00:00:00,App
MYN100859,ORD20250859,2026-06-17 00:00:00,CUST90253,Manav Srivastava,Beauty,Bengaluru,Karnataka,Allen Solly,Face Wash,XXL,Yellow,3,4258,25,3193.5,0,1724.49,11304.99,6221.89,3358.61,UPI,Delivered,2026-06-22 00:00:00,Website
MYN100860,ORD20250860,2025-01-06 00:00:00,CUST25065,Varun Pawar,Women,Pune,Maharashtra,Anouk,Kurtas,S,Beige,2,2914,25,2185.5,0,786.78,5157.78,3205.24,1165.76,Credit Card,Delivered,2025-01-11 00:00:00,Website
MYN100861,ORD20250861,2026-05-14 00:00:00,CUST51576,Kriti Chauhan,Home,Bengaluru,Karnataka,Lakme,Bedsheets,L,White,2,1377,25,1032.75,0,371.79,2437.29,1225.23,840.27,Debit Card,Processing,2026-05-21 00:00:00,Mobile Web
MYN100862,ORD20250862,2025-07-21 00:00:00,CUST28366,Mansi Patel,Men,Delhi,Delhi,HRX,Sports Shoes,XL,Blue,3,5403,0,5403,0,2917.62,19126.62,10336.2,5872.8,Credit Card,Delivered,2025-07-28 00:00:00,Mobile Web
MYN100863,ORD20250863,2025-07-20 00:00:00,CUST62168,Nikhil Khan,Women,Jaipur,Rajasthan,Adidas,Tops,XL,Beige,3,2590,15,2201.5,0,1188.81,7793.31,5374.62,1229.88,Wallet,Processing,2025-07-27 00:00:00,Website
MYN100864,ORD20250864,2025-10-31 00:00:00,CUST64235,Rahul Shetty,Kids,Jaipur,Rajasthan,Mast & Harbour,Kids Jeans,Free Size,Red,2,384,25,288,49,103.68,728.68,446.56,129.44,Net Banking,Shipped,2025-11-05 00:00:00,Mobile Web
MYN100865,ORD20250865,2026-03-06 00:00:00,CUST18631,Sakshi Sharma,Beauty,Indore,Madhya Pradesh,DressBerry,Perfume,XL,Pink,1,2295,30,1606.5,0,289.17,1895.67,1211.21,395.29,Net Banking,Cancelled,2026-03-12 00:00:00,Website
MYN100866,ORD20250866,2026-01-17 00:00:00,CUST75841,Kriti Oberoi,Kids,Chennai,Tamil Nadu,Allen Solly,Kids T-Shirts,S,Beige,1,663,10,596.7,99,107.41,803.11,435.8,160.9,Wallet,Delivered,2026-01-21 00:00:00,Mobile Web
MYN100867,ORD20250867,2025-06-26 00:00:00,CUST81610,Aditya Desai,Women,Nashik,Maharashtra,Puma,Handbags,M,Green,3,5008,10,4507.2,0,2433.89,15955.49,8874.89,4646.71,Debit Card,Delivered,2025-06-28 00:00:00,Website
MYN100868,ORD20250868,2025-09-10 00:00:00,CUST46244,Ishita Naik,Women,Nashik,Maharashtra,Anouk,Dresses,XXL,Black,4,1896,30,1327.2,0,955.58,6264.38,3411.99,1896.81,Debit Card,Delivered,2025-09-17 00:00:00,Mobile Web
MYN100869,ORD20250869,2026-05-22 00:00:00,CUST84781,Priya Thakur,Home,Chennai,Tamil Nadu,Puma,Bedsheets,XS,Blue,1,3185,40,1911,0,343.98,2254.98,1063.89,847.11,Cash on Delivery,Delivered,2026-05-24 00:00:00,Mobile Web
MYN100870,ORD20250870,2026-06-26 00:00:00,CUST82134,Abhishek Iyer,Women,Indore,Madhya Pradesh,WROGN,Tops,Free Size,Beige,1,5573,15,4737.05,0,852.67,5589.72,3798.28,938.77,Debit Card,Delivered,2026-07-02 00:00:00,Mobile Web
MYN100871,ORD20250871,2025-12-26 00:00:00,CUST71331,Yash Nair,Men,Pune,Maharashtra,HRX,Watches,S,Red,4,3165,25,2373.75,0,1709.1,11204.1,5243.36,4251.64,Wallet,Delivered,2025-12-29 00:00:00,Mobile Web
MYN100872,ORD20250872,2025-05-17 00:00:00,CUST42309,Yash Deshmukh,Women,Kolkata,West Bengal,HRX,Handbags,S,Red,3,2207,25,1655.25,0,893.83,5859.58,3071.76,1893.99,Wallet,Delivered,2025-05-19 00:00:00,Website
MYN100873,ORD20250873,2025-05-29 00:00:00,CUST60281,Tanya Bansal,Kids,Delhi,Delhi,Allen Solly,Kids Shoes,XS,White,4,899,40,539.4,0,388.37,2545.97,1762.05,395.55,Debit Card,Delivered,2025-06-04 00:00:00,App
MYN100874,ORD20250874,2025-12-27 00:00:00,CUST15362,Isha Tiwari,Kids,Lucknow,Uttar Pradesh,HERE&NOW,Kids Shoes,M,Blue,1,5499,25,4124.25,0,742.36,4866.61,2913.16,1211.09,UPI,Processing,2025-12-29 00:00:00,Website
MYN100875,ORD20250875,2025-01-18 00:00:00,CUST72969,Aditi Menon,Men,Mumbai,Maharashtra,Mast & Harbour,Watches,L,Pink,1,2222,25,1666.5,0,299.97,1966.47,1142.85,523.65,Cash on Delivery,Delivered,2025-01-22 00:00:00,Mobile Web
MYN100876,ORD20250876,2026-03-02 00:00:00,CUST24002,Tanvi Roy,Women,Nashik,Maharashtra,H&M,Kurtas,L,Beige,1,5448,30,3813.6,0,686.45,4500.05,2985.75,827.85,Debit Card,Returned,2026-03-04 00:00:00,Mobile Web
MYN100877,ORD20250877,2026-01-22 00:00:00,CUST48349,Akash Arora,Home,Jaipur,Rajasthan,Lakme,Bath Towels,XL,Black,4,3617,15,3074.45,0,2213.6,14511.4,9282.17,3015.63,Credit Card,Processing,2026-01-26 00:00:00,Website
MYN100878,ORD20250878,2025-10-12 00:00:00,CUST49979,Naina Tiwari,Women,Bengaluru,Karnataka,Adidas,Sarees,S,Black,1,3078,40,1846.8,0,332.42,2179.22,1110.86,735.94,Credit Card,Delivered,2025-10-17 00:00:00,Website
MYN100879,ORD20250879,2026-08-01 00:00:00,CUST34009,Aditya Chauhan,Men,Mumbai,Maharashtra,HERE&NOW,Shirts,Free Size,Red,3,1795,30,1256.5,0,678.51,4448.01,3071.49,698.01,Credit Card,Shipped,2026-08-05 00:00:00,Mobile Web
MYN100880,ORD20250880,2025-05-23 00:00:00,CUST53336,Aditya Yadav,Men,Kolkata,West Bengal,Maybelline,Sports Shoes,XS,Red,2,593,15,504.05,0,181.46,1189.56,781.68,226.42,Credit Card,Shipped,2025-05-29 00:00:00,Website
MYN100881,ORD20250881,2026-01-13 00:00:00,CUST72798,Rohit Desai,Beauty,Mumbai,Maharashtra,Roadster,Face Wash,S,Black,3,2455,15,2086.75,0,1126.84,7387.09,4424.37,1835.88,Wallet,Delivered,2026-01-18 00:00:00,Mobile Web
MYN100882,ORD20250882,2025-08-17 00:00:00,CUST17464,Ayush Pillai,Women,Chennai,Tamil Nadu,Maybelline,Sarees,XL,White,4,5074,5,4820.3,0,3470.62,22751.82,14166.7,5114.5,UPI,Delivered,2025-08-24 00:00:00,App
MYN100883,ORD20250883,2026-08-02 00:00:00,CUST33703,Karan Dubey,Women,Delhi,Delhi,Allen Solly,Sarees,XL,Beige,1,3077,5,2923.15,0,526.17,3449.32,1784.44,1138.71,UPI,Delivered,2026-08-04 00:00:00,Mobile Web
MYN100884,ORD20250884,2025-08-20 00:00:00,CUST85667,Naina Agarwal,Women,Jaipur,Rajasthan,Maybelline,Sarees,XL,Black,1,2378,10,2140.2,0,385.24,2525.44,1407.97,732.23,Cash on Delivery,Delivered,2025-08-27 00:00:00,Mobile Web
MYN100885,ORD20250885,2025-11-29 00:00:00,CUST66751,Meera Agarwal,Men,Ahmedabad,Gujarat,Allen Solly,T-Shirts,L,Blue,1,1478,25,1108.5,0,199.53,1308.03,814.19,294.31,Cash on Delivery,Delivered,2025-12-02 00:00:00,App
MYN100886,ORD20250886,2025-01-13 00:00:00,CUST98078,Karan Tiwari,Beauty,Jaipur,Rajasthan,Maybelline,Moisturizer,M,Grey,1,670,15,569.5,79,102.51,751.01,433.71,135.79,Cash on Delivery,Delivered,2025-01-18 00:00:00,Mobile Web
MYN100887,ORD20250887,2026-06-17 00:00:00,CUST12379,Aditi Khan,Kids,Delhi,Delhi,Adidas,Kids Shoes,XS,White,1,1095,25,821.25,79,147.82,1048.07,666.36,154.89,Wallet,Delivered,2026-06-21 00:00:00,Website
MYN100888,ORD20250888,2025-02-01 00:00:00,CUST39945,Sneha Sharma,Home,Lucknow,Uttar Pradesh,Roadster,Bedsheets,M,Beige,4,5790,25,4342.5,0,3126.6,20496.6,13679.11,3690.89,Debit Card,Cancelled,2025-02-04 00:00:00,Mobile Web
MYN100889,ORD20250889,2026-08-06 00:00:00,CUST34996,Pooja Mishra,Women,Nashik,Maharashtra,WROGN,Heels,S,Red,4,5319,25,3989.25,0,2872.26,18829.26,10405.57,5551.43,Net Banking,Processing,2026-08-11 00:00:00,Mobile Web
MYN100890,ORD20250890,2026-06-16 00:00:00,CUST27441,Neha Iyer,Men,Jaipur,Rajasthan,HRX,T-Shirts,XXL,Red,4,744,5,706.8,0,508.9,3336.1,1995.04,832.16,Cash on Delivery,Cancelled,2026-06-23 00:00:00,Website
MYN100891,ORD20250891,2026-03-10 00:00:00,CUST64610,Neha Reddy,Women,Delhi,Delhi,Nike,Sarees,XXL,Black,4,5364,0,5364,0,3862.08,25318.08,14411.32,7044.68,UPI,Delivered,2026-03-12 00:00:00,App
MYN100892,ORD20250892,2025-05-29 00:00:00,CUST38892,Akash Singh,Women,Bengaluru,Karnataka,Fastrack,Kurtas,Free Size,Pink,4,4572,15,3886.2,0,2798.06,18342.86,9062.9,6481.9,Wallet,Delivered,2025-05-31 00:00:00,Mobile Web
MYN100893,ORD20250893,2025-07-28 00:00:00,CUST33453,Yash Goyal,Men,Indore,Madhya Pradesh,Roadster,Jeans,S,Yellow,1,1761,5,1672.95,0,301.13,1974.08,1285.27,387.68,Net Banking,Delivered,2025-08-01 00:00:00,Website
MYN100894,ORD20250894,2025-12-17 00:00:00,CUST50430,Sahil Malhotra,Women,Nashik,Maharashtra,Lakme,Heels,XXL,Red,2,4550,20,3640,0,1310.4,8590.4,5762.31,1517.69,Debit Card,Shipped,2025-12-23 00:00:00,App
MYN100895,ORD20250895,2025-08-29 00:00:00,CUST46534,Sahil Verma,Home,Mumbai,Maharashtra,Puma,Cushion Covers,Free Size,Grey,3,5534,25,4150.5,0,2241.27,14692.77,8579.64,3871.86,UPI,Delivered,2025-09-05 00:00:00,Mobile Web
MYN100896,ORD20250896,2025-05-29 00:00:00,CUST24751,Harsh Deshmukh,Men,Delhi,Delhi,Maybelline,Jeans,XL,Yellow,2,3443,15,2926.55,0,1053.56,6906.66,3422.28,2430.82,Debit Card,Cancelled,2025-06-02 00:00:00,Website
MYN100897,ORD20250897,2025-04-05 00:00:00,CUST82652,Priya Das,Beauty,Chennai,Tamil Nadu,Allen Solly,Perfume,Free Size,White,1,2386,30,1670.2,0,300.64,1970.84,948.01,722.19,UPI,Delivered,2025-04-08 00:00:00,Website
MYN100898,ORD20250898,2026-04-21 00:00:00,CUST30511,Isha Bhatia,Women,Mumbai,Maharashtra,Anouk,Dresses,XXL,Grey,4,4072,15,3461.2,0,2492.06,16336.86,10210.36,3634.44,Debit Card,Cancelled,2026-04-27 00:00:00,Website
MYN100899,ORD20250899,2025-08-26 00:00:00,CUST48785,Sneha Roy,Men,Ahmedabad,Gujarat,DressBerry,Shirts,XL,White,1,2086,10,1877.4,0,337.93,2215.33,1214.64,662.76,Net Banking,Delivered,2025-09-01 00:00:00,Mobile Web
MYN100900,ORD20250900,2026-01-15 00:00:00,CUST16563,Arjun Tiwari,Men,Ahmedabad,Gujarat,HERE&NOW,Jeans,XS,Blue,1,1126,30,788.2,99,141.88,1029.08,567.51,220.69,Debit Card,Delivered,2026-01-18 00:00:00,App
MYN100901,ORD20250901,2025-01-14 00:00:00,CUST17504,Neha Kulkarni,Men,Lucknow,Uttar Pradesh,Nike,Sports Shoes,S,Grey,4,4651,50,2325.5,0,1674.36,10976.36,5208.76,4093.24,UPI,Delivered,2025-01-21 00:00:00,App
MYN100902,ORD20250902,2026-01-13 00:00:00,CUST88950,Ananya Gupta,Men,Ahmedabad,Gujarat,Fastrack,Shirts,XS,Green,3,2430,10,2187,0,1180.98,7741.98,4430.27,2130.73,Net Banking,Processing,2026-01-18 00:00:00,Website
MYN100903,ORD20250903,2025-04-23 00:00:00,CUST77158,Mohit Dubey,Beauty,Nashik,Maharashtra,Fastrack,Shampoo,XL,Red,3,5566,5,5287.7,0,2855.36,18718.46,9109.66,6753.44,Credit Card,Delivered,2025-04-30 00:00:00,Mobile Web
MYN100904,ORD20250904,2025-04-07 00:00:00,CUST23281,Aditya Das,Men,Nashik,Maharashtra,DressBerry,Shirts,XL,Green,3,3128,20,2502.4,0,1351.3,8858.5,4546.81,2960.39,Cash on Delivery,Delivered,2025-04-09 00:00:00,Website
MYN100905,ORD20250905,2025-10-14 00:00:00,CUST14257,Ishita Yadav,Kids,Delhi,Delhi,Mast & Harbour,Kids Jeans,L,Green,3,3550,20,2840,0,1533.6,10053.6,5130.86,3389.14,Net Banking,Delivered,2025-10-18 00:00:00,App
MYN100906,ORD20250906,2025-09-14 00:00:00,CUST78582,Shreya Kulkarni,Home,Pune,Maharashtra,DressBerry,Wall Decor,XS,Red,4,1438,20,1150.4,0,828.29,5429.89,3685.27,916.33,Cash on Delivery,Delivered,2025-09-16 00:00:00,App
MYN100907,ORD20250907,2025-06-24 00:00:00,CUST69331,Meera Pawar,Women,Mumbai,Maharashtra,Roadster,Handbags,XXL,Blue,2,1011,20,808.8,0,291.17,1908.77,1034.96,582.64,UPI,Returned,2025-07-01 00:00:00,Mobile Web
MYN100908,ORD20250908,2026-06-30 00:00:00,CUST37273,Yash Reddy,Men,Indore,Madhya Pradesh,H&M,Trousers,L,Green,3,2709,0,2709,0,1462.86,9589.86,6586.26,1540.74,Credit Card,Returned,2026-07-04 00:00:00,Website
MYN100909,ORD20250909,2025-04-18 00:00:00,CUST78783,Sakshi Mishra,Kids,Ahmedabad,Gujarat,Maybelline,Kids Dresses,XL,Black,4,3646,25,2734.5,0,1968.84,12906.84,7984.36,2953.64,UPI,Processing,2025-04-20 00:00:00,Website
MYN100910,ORD20250910,2025-05-25 00:00:00,CUST87223,Kavya Agarwal,Kids,Mumbai,Maharashtra,Mast & Harbour,Kids Shoes,XXL,Grey,2,5941,20,4752.8,0,1711.01,11216.61,7787.42,1718.18,Net Banking,Delivered,2025-05-27 00:00:00,Website
MYN100911,ORD20250911,2025-10-29 00:00:00,CUST83398,Tanya Yadav,Men,Kolkata,West Bengal,H&M,Jeans,XL,Grey,2,2830,25,2122.5,0,764.1,5009.1,3441.34,803.66,UPI,Delivered,2025-11-03 00:00:00,App
MYN100912,ORD20250912,2025-06-14 00:00:00,CUST40694,Mohit Tiwari,Beauty,Delhi,Delhi,Maybelline,Moisturizer,Free Size,Beige,3,5966,40,3579.6,0,1932.98,12671.78,8277.86,2460.94,Credit Card,Delivered,2025-06-17 00:00:00,Website
MYN100913,ORD20250913,2025-02-15 00:00:00,CUST80631,Yash Joshi,Beauty,Jaipur,Rajasthan,HRX,Perfume,S,Black,3,4232,5,4020.4,0,2171.02,14232.22,8698.4,3362.8,Wallet,Delivered,2025-02-18 00:00:00,Mobile Web
MYN100914,ORD20250914,2025-11-15 00:00:00,CUST42780,Neha Mishra,Kids,Kolkata,West Bengal,Fastrack,Kids Jeans,XXL,Pink,3,4381,40,2628.6,0,1419.44,9305.24,6402.25,1483.55,Wallet,Processing,2025-11-21 00:00:00,App
MYN100915,ORD20250915,2026-06-26 00:00:00,CUST20306,Mohit Goyal,Home,Mumbai,Maharashtra,HRX,Bedsheets,XL,Grey,4,3522,20,2817.6,0,2028.67,13299.07,6262.15,5008.25,Cash on Delivery,Returned,2026-06-29 00:00:00,App
MYN100916,ORD20250916,2025-07-05 00:00:00,CUST75228,Rohit Naik,Men,Mumbai,Maharashtra,Roadster,Jeans,Free Size,Yellow,2,697,10,627.3,0,225.83,1480.43,980.09,274.51,UPI,Delivered,2025-07-07 00:00:00,App
MYN100917,ORD20250917,2025-06-02 00:00:00,CUST37835,Aditi Dubey,Home,Jaipur,Rajasthan,Anouk,Bedsheets,L,Red,4,2124,20,1699.2,0,1223.42,8020.22,3840.34,2956.46,Debit Card,Delivered,2025-06-04 00:00:00,Mobile Web
MYN100918,ORD20250918,2026-03-11 00:00:00,CUST20965,Arjun Jain,Men,Bengaluru,Karnataka,Adidas,Jeans,XXL,Green,2,5175,0,5175,0,1863,12213,7653.49,2696.51,Debit Card,Processing,2026-03-15 00:00:00,App
MYN100919,ORD20250919,2025-09-11 00:00:00,CUST88872,Kavya Nair,Home,Indore,Madhya Pradesh,HRX,Cushion Covers,XXL,Black,4,1509,30,1056.3,0,760.54,4985.74,2970.79,1254.41,Wallet,Shipped,2025-09-17 00:00:00,Mobile Web
MYN100920,ORD20250920,2026-04-20 00:00:00,CUST52348,Mohit Pawar,Women,Ahmedabad,Gujarat,Mast & Harbour,Sarees,XXL,Pink,4,5115,30,3580.5,0,2577.96,16899.96,8505.97,5816.03,Cash on Delivery,Processing,2026-04-26 00:00:00,Mobile Web
MYN100921,ORD20250921,2026-04-15 00:00:00,CUST86202,Dev Sharma,Men,Delhi,Delhi,Lakme,Sports Shoes,XL,White,3,401,5,380.95,0,205.71,1348.56,712.64,430.21,Debit Card,Shipped,2026-04-18 00:00:00,Website
MYN100922,ORD20250922,2025-02-02 00:00:00,CUST60388,Rohit Tiwari,Kids,Pune,Maharashtra,Maybelline,Kids Jeans,L,Grey,1,4854,50,2427,0,436.86,2863.86,1424.77,1002.23,UPI,Cancelled,2025-02-07 00:00:00,App
MYN100923,ORD20250923,2025-05-25 00:00:00,CUST27352,Karan Kamble,Kids,Pune,Maharashtra,HRX,Kids T-Shirts,L,Green,4,2953,15,2510.05,0,1807.24,11847.44,7803.4,2236.8,UPI,Delivered,2025-05-30 00:00:00,App
MYN100924,ORD20250924,2025-01-07 00:00:00,CUST40340,Riya Naik,Men,Kolkata,West Bengal,H&M,Trousers,XL,Pink,4,1568,15,1332.8,0,959.62,6290.82,4325.23,1005.97,Wallet,Returned,2025-01-12 00:00:00,Mobile Web
MYN100925,ORD20250925,2025-12-12 00:00:00,CUST52734,Muskan Thakur,Women,Indore,Madhya Pradesh,Nike,Heels,S,Red,1,3198,0,3198,0,575.64,3773.64,2380.58,817.42,Net Banking,Delivered,2025-12-16 00:00:00,Mobile Web
MYN100926,ORD20250926,2026-02-11 00:00:00,CUST25489,Varun Goyal,Home,Hyderabad,Telangana,Roadster,Wall Decor,Free Size,White,4,1529,10,1376.1,0,990.79,6495.19,3340.53,2163.87,Net Banking,Cancelled,2026-02-15 00:00:00,App
MYN100927,ORD20250927,2025-06-08 00:00:00,CUST88763,Simran Naik,Women,Indore,Madhya Pradesh,Mast & Harbour,Heels,M,Pink,3,1388,20,1110.4,0,599.62,3930.82,2458.06,873.14,Debit Card,Delivered,2025-06-10 00:00:00,Mobile Web
MYN100928,ORD20250928,2025-07-25 00:00:00,CUST96570,Nikhil Deshmukh,Kids,Chennai,Tamil Nadu,HRX,Kids Shoes,XS,Blue,3,5708,20,4566.4,0,2465.86,16165.06,10657.83,3041.37,UPI,Shipped,2025-07-29 00:00:00,Website
MYN100929,ORD20250929,2026-03-20 00:00:00,CUST92597,Tanya Gupta,Men,Chennai,Tamil Nadu,Mast & Harbour,Shirts,S,Pink,1,1000,25,750,49,135,934,515.75,234.25,Net Banking,Delivered,2026-03-22 00:00:00,Mobile Web
MYN100930,ORD20250930,2026-03-11 00:00:00,CUST77699,Rahul Kapoor,Women,Nashik,Maharashtra,Mast & Harbour,Kurtas,XXL,White,4,5787,15,4918.95,0,3541.64,23217.44,12954.1,6721.7,UPI,Delivered,2026-03-13 00:00:00,App
MYN100931,ORD20250931,2026-04-28 00:00:00,CUST15280,Aarav Rawat,Beauty,Chennai,Tamil Nadu,Roadster,Perfume,XL,Green,2,3643,0,3643,0,1311.48,8597.48,4403.72,2882.28,Wallet,Delivered,2026-05-04 00:00:00,App
MYN100932,ORD20250932,2025-07-16 00:00:00,CUST89632,Simran Pillai,Men,Bengaluru,Karnataka,Mast & Harbour,Watches,S,Green,2,2580,30,1806,0,650.16,4262.16,2827.55,784.45,Credit Card,Delivered,2025-07-18 00:00:00,Website
MYN100933,ORD20250933,2025-12-07 00:00:00,CUST71102,Sneha Bansal,Home,Nashik,Maharashtra,HRX,Bath Towels,Free Size,Beige,2,742,10,667.8,0,240.41,1576.01,841.71,493.89,Wallet,Delivered,2025-12-10 00:00:00,App
MYN100934,ORD20250934,2026-08-10 00:00:00,CUST21154,Kavya Goyal,Men,Kolkata,West Bengal,Puma,Shirts,S,Blue,3,3252,25,2439,0,1317.06,8634.06,5758.2,1558.8,Cash on Delivery,Cancelled,2026-08-17 00:00:00,Website
MYN100935,ORD20250935,2026-06-06 00:00:00,CUST36234,Simran Pawar,Women,Kolkata,West Bengal,HERE&NOW,Dresses,M,Black,2,4450,25,3337.5,0,1201.5,7876.5,4162.42,2512.58,Credit Card,Delivered,2026-06-09 00:00:00,Mobile Web
MYN100936,ORD20250936,2025-03-10 00:00:00,CUST85952,Isha Chauhan,Men,Indore,Madhya Pradesh,Adidas,Shirts,XS,Yellow,1,1916,25,1437,0,258.66,1695.66,974.17,462.83,Wallet,Delivered,2025-03-12 00:00:00,App
MYN100937,ORD20250937,2026-01-05 00:00:00,CUST11293,Sahil Bhatt,Women,Kolkata,West Bengal,H&M,Heels,XL,Pink,2,5465,15,4645.25,0,1672.29,10962.79,6574.03,2716.47,Net Banking,Returned,2026-01-07 00:00:00,App
MYN100938,ORD20250938,2025-02-28 00:00:00,CUST91113,Priya Patel,Men,Chennai,Tamil Nadu,Anouk,Shirts,Free Size,Black,4,5737,0,5737,0,4130.64,27078.64,17810.64,5137.36,Cash on Delivery,Delivered,2025-03-06 00:00:00,App
MYN100939,ORD20250939,2026-06-29 00:00:00,CUST71572,Riya Kamble,Beauty,Jaipur,Rajasthan,HERE&NOW,Lipstick,XS,Pink,1,3419,30,2393.3,0,430.79,2824.09,1770.49,622.81,UPI,Delivered,2026-07-04 00:00:00,Website
MYN100940,ORD20250940,2025-01-05 00:00:00,CUST76640,Neha Patel,Women,Kolkata,West Bengal,DressBerry,Tops,Free Size,Yellow,4,2511,5,2385.45,0,1717.52,11259.32,7628.69,1913.11,Credit Card,Returned,2025-01-10 00:00:00,Mobile Web
MYN100941,ORD20250941,2025-01-10 00:00:00,CUST72126,Sakshi Pillai,Women,Chennai,Tamil Nadu,Roadster,Tops,XS,Yellow,3,1252,50,626,0,338.04,2216.04,1469.96,408.04,Wallet,Delivered,2025-01-16 00:00:00,Website
MYN100942,ORD20250942,2025-11-12 00:00:00,CUST68920,Dev Roy,Men,Mumbai,Maharashtra,HRX,Watches,M,Red,1,4072,15,3461.2,0,623.02,4084.22,2357.37,1103.83,Net Banking,Delivered,2025-11-14 00:00:00,Website
MYN100943,ORD20250943,2025-10-19 00:00:00,CUST22303,Riya Patel,Men,Delhi,Delhi,Levis,Jeans,XS,Red,1,5240,20,4192,0,754.56,4946.56,2683.31,1508.69,Net Banking,Returned,2025-10-22 00:00:00,Mobile Web
MYN100944,ORD20250944,2025-03-06 00:00:00,CUST48892,Tanvi Chopra,Women,Chennai,Tamil Nadu,Fastrack,Kurtas,XXL,Pink,3,2731,0,2731,0,1474.74,9667.74,5983.53,2209.47,Wallet,Processing,2025-03-08 00:00:00,Mobile Web
MYN100945,ORD20250945,2025-04-03 00:00:00,CUST42046,Harsh More,Women,Mumbai,Maharashtra,Levis,Kurtas,XS,Grey,3,5919,10,5327.1,0,2876.63,18857.93,9220.19,6761.11,Wallet,Delivered,2025-04-08 00:00:00,Website
MYN100946,ORD20250946,2025-03-12 00:00:00,CUST29158,Rohit Oberoi,Men,Delhi,Delhi,HERE&NOW,T-Shirts,S,Blue,4,5353,15,4550.05,0,3276.04,21476.24,14357.69,3842.51,Cash on Delivery,Shipped,2025-03-14 00:00:00,Website
MYN100947,ORD20250947,2025-08-29 00:00:00,CUST42252,Tanya Dubey,Home,Jaipur,Rajasthan,DressBerry,Bath Towels,S,Blue,2,4144,10,3729.6,0,1342.66,8801.86,4867.23,2591.97,Credit Card,Delivered,2025-09-02 00:00:00,Mobile Web
MYN100948,ORD20250948,2026-06-11 00:00:00,CUST65723,Priya Thakur,Women,Nashik,Maharashtra,Mast & Harbour,Sarees,M,Red,3,4226,10,3803.4,0,2053.84,13464.04,8091.73,3318.47,UPI,Delivered,2026-06-15 00:00:00,App
MYN100949,ORD20250949,2026-02-04 00:00:00,CUST24012,Aditya Shetty,Kids,Jaipur,Rajasthan,Anouk,Kids Jeans,XL,Beige,2,4913,15,4176.05,0,1503.38,9855.48,5439.43,2912.67,Credit Card,Delivered,2026-02-10 00:00:00,App
MYN100950,ORD20250950,2025-01-19 00:00:00,CUST81388,Mohit Chatterjee,Home,Hyderabad,Telangana,HRX,Bedsheets,XS,Red,4,3186,20,2548.8,0,1835.14,12030.34,7782.2,2413,Credit Card,Shipped,2025-01-22 00:00:00,Website
MYN100951,ORD20250951,2025-01-31 00:00:00,CUST58086,Ishita Kulkarni,Home,Indore,Madhya Pradesh,Mast & Harbour,Wall Decor,XS,Black,3,299,10,269.1,49,145.31,1001.61,616.92,190.38,Debit Card,Shipped,2025-02-06 00:00:00,Website
MYN100952,ORD20250952,2025-05-27 00:00:00,CUST57969,Muskan Joshi,Beauty,Bengaluru,Karnataka,Levis,Lipstick,Free Size,Red,3,3894,10,3504.6,0,1892.48,12406.28,8361.47,2152.33,Credit Card,Delivered,2025-06-03 00:00:00,Mobile Web
MYN100953,ORD20250953,2025-05-07 00:00:00,CUST27422,Kriti Malhotra,Women,Kolkata,West Bengal,Nike,Sarees,XS,Yellow,1,1028,25,771,99,138.78,1008.78,555.84,215.16,UPI,Shipped,2025-05-09 00:00:00,App
MYN100954,ORD20250954,2026-04-19 00:00:00,CUST38357,Ayush Shetty,Beauty,Bengaluru,Karnataka,HERE&NOW,Lipstick,XL,Beige,4,2215,40,1329,0,956.88,6272.88,3332.58,1983.42,Credit Card,Cancelled,2026-04-26 00:00:00,Website
MYN100955,ORD20250955,2026-03-08 00:00:00,CUST64698,Shreya Bhatt,Men,Kolkata,West Bengal,HRX,Watches,XS,Yellow,1,859,0,859,99,154.62,1112.62,676.27,182.73,Net Banking,Shipped,2026-03-10 00:00:00,Mobile Web
MYN100956,ORD20250956,2025-02-05 00:00:00,CUST21844,Akash Rawat,Kids,Pune,Maharashtra,Fastrack,Kids T-Shirts,M,Beige,3,346,25,259.5,79,140.13,997.63,514.61,263.89,Net Banking,Delivered,2025-02-10 00:00:00,Mobile Web
MYN100957,ORD20250957,2025-02-18 00:00:00,CUST58988,Ananya Shetty,Beauty,Indore,Madhya Pradesh,Lakme,Moisturizer,XS,Grey,4,3452,5,3279.4,0,2361.17,15478.77,7612.11,5505.49,Net Banking,Delivered,2025-02-21 00:00:00,Mobile Web
MYN100958,ORD20250958,2026-06-17 00:00:00,CUST79336,Manav Tripathi,Women,Indore,Madhya Pradesh,HERE&NOW,Sarees,Free Size,Grey,4,5412,30,3788.4,0,2727.65,17881.25,12368.56,2785.04,Credit Card,Delivered,2026-06-22 00:00:00,Website
MYN100959,ORD20250959,2025-08-08 00:00:00,CUST68596,Vikram Iyer,Men,Jaipur,Rajasthan,Levis,Shirts,S,Red,4,5175,10,4657.5,0,3353.4,21983.4,11026.97,7603.03,Credit Card,Cancelled,2025-08-10 00:00:00,Mobile Web
MYN100960,ORD20250960,2025-05-23 00:00:00,CUST43922,Riya Shetty,Women,Pune,Maharashtra,Maybelline,Tops,M,Grey,4,5002,20,4001.6,0,2881.15,18887.55,9781.66,6224.74,Wallet,Delivered,2025-05-30 00:00:00,Mobile Web
MYN100961,ORD20250961,2025-03-28 00:00:00,CUST24396,Ananya Jain,Women,Hyderabad,Telangana,Adidas,Heels,XS,Blue,4,1323,5,1256.85,0,904.93,5932.33,3792.2,1235.2,Wallet,Delivered,2025-03-30 00:00:00,App
MYN100962,ORD20250962,2025-05-10 00:00:00,CUST44626,Akash Naik,Men,Kolkata,West Bengal,Allen Solly,Watches,XXL,Beige,3,2745,25,2058.75,0,1111.72,7287.97,4819.58,1356.67,Credit Card,Delivered,2025-05-15 00:00:00,Mobile Web
MYN100963,ORD20250963,2026-07-22 00:00:00,CUST75875,Arjun Singh,Beauty,Pune,Maharashtra,HERE&NOW,Shampoo,XL,Beige,2,3613,20,2890.4,0,1040.54,6821.34,3703.74,2077.06,Cash on Delivery,Returned,2026-07-27 00:00:00,App
MYN100964,ORD20250964,2026-03-11 00:00:00,CUST17837,Harsh Khan,Kids,Chennai,Tamil Nadu,Allen Solly,Kids Dresses,XS,Green,1,1672,25,1254,0,225.72,1479.72,774.52,479.48,Debit Card,Delivered,2026-03-14 00:00:00,Website
MYN100965,ORD20250965,2025-11-30 00:00:00,CUST98675,Nikhil Rawat,Beauty,Chennai,Tamil Nadu,HERE&NOW,Perfume,L,Beige,2,3041,20,2432.8,0,875.81,5741.41,3124.99,1740.61,Wallet,Cancelled,2025-12-04 00:00:00,App
MYN100966,ORD20250966,2025-03-26 00:00:00,CUST33550,Akash More,Women,Bengaluru,Karnataka,DressBerry,Kurtas,L,Beige,3,3923,15,3334.55,0,1800.66,11804.31,6348.51,3655.14,Debit Card,Shipped,2025-04-01 00:00:00,App
MYN100967,ORD20250967,2026-06-21 00:00:00,CUST77603,Ayush Saxena,Women,Hyderabad,Telangana,Allen Solly,Tops,L,Yellow,1,4744,15,4032.4,0,725.83,4758.23,2877.13,1155.27,Net Banking,Shipped,2026-06-27 00:00:00,Mobile Web
MYN100968,ORD20250968,2026-06-07 00:00:00,CUST37425,Naina Sharma,Men,Jaipur,Rajasthan,Fastrack,Trousers,XL,Beige,1,4960,20,3968,0,714.24,4682.24,2865.28,1102.72,Net Banking,Shipped,2026-06-11 00:00:00,App
MYN100969,ORD20250969,2026-03-19 00:00:00,CUST84642,Kriti Gupta,Home,Delhi,Delhi,Lakme,Bath Towels,M,Grey,1,584,25,438,0,78.84,516.84,309.67,128.33,Debit Card,Delivered,2026-03-21 00:00:00,Website
MYN100970,ORD20250970,2025-08-31 00:00:00,CUST88455,Ananya Pandey,Men,Ahmedabad,Gujarat,Allen Solly,Sports Shoes,XL,Grey,4,5161,25,3870.75,0,2786.94,18269.94,12306.85,3176.15,Debit Card,Delivered,2025-09-06 00:00:00,Website
MYN100971,ORD20250971,2026-01-11 00:00:00,CUST31106,Meera Gupta,Women,Jaipur,Rajasthan,HRX,Sarees,XXL,Red,4,3452,0,3452,0,2485.44,16293.44,9360.37,4447.63,Cash on Delivery,Shipped,2026-01-16 00:00:00,Website
MYN100972,ORD20250972,2025-02-12 00:00:00,CUST93463,Harsh Chatterjee,Women,Mumbai,Maharashtra,Roadster,Dresses,XS,Black,2,3979,40,2387.4,0,859.46,5634.26,3774.07,1000.73,Net Banking,Delivered,2025-02-16 00:00:00,Website
MYN100973,ORD20250973,2025-07-03 00:00:00,CUST91443,Abhishek Reddy,Beauty,Kolkata,West Bengal,WROGN,Shampoo,Free Size,Yellow,2,4851,25,3638.25,0,1309.77,8586.27,5690.98,1585.52,Wallet,Delivered,2025-07-07 00:00:00,App
MYN100974,ORD20250974,2025-10-26 00:00:00,CUST79854,Manav Bhatia,Women,Nashik,Maharashtra,Anouk,Handbags,XL,Grey,4,5490,15,4666.5,0,3359.88,22025.88,10589.83,8076.17,Net Banking,Delivered,2025-10-31 00:00:00,App
MYN100975,ORD20250975,2025-10-04 00:00:00,CUST31951,Yash Kulkarni,Women,Delhi,Delhi,HRX,Sarees,S,Yellow,2,4274,5,4060.3,0,1461.71,9582.31,5223.63,2896.97,Net Banking,Delivered,2025-10-07 00:00:00,App
MYN100976,ORD20250976,2026-03-27 00:00:00,CUST17804,Dev Pawar,Home,Indore,Madhya Pradesh,Mast & Harbour,Cushion Covers,L,Pink,4,3081,20,2464.8,0,1774.66,11633.86,6490.94,3368.26,Net Banking,Cancelled,2026-04-03 00:00:00,Mobile Web
MYN100977,ORD20250977,2026-03-17 00:00:00,CUST68914,Karan Khan,Kids,Mumbai,Maharashtra,Puma,Kids Dresses,XXL,Grey,4,5449,0,5449,0,3923.28,25719.28,15274.96,6521.04,Net Banking,Cancelled,2026-03-23 00:00:00,App
MYN100978,ORD20250978,2025-02-01 00:00:00,CUST85885,Meera Das,Men,Chennai,Tamil Nadu,Mast & Harbour,Sports Shoes,XXL,Pink,3,2745,10,2470.5,0,1334.07,8745.57,4824.24,2587.26,Cash on Delivery,Delivered,2025-02-05 00:00:00,App
MYN100979,ORD20250979,2025-03-16 00:00:00,CUST57177,Simran Mehta,Kids,Delhi,Delhi,Nike,Kids Jeans,M,White,3,868,10,781.2,0,421.85,2765.45,1597.93,745.67,Debit Card,Processing,2025-03-19 00:00:00,Mobile Web
MYN100980,ORD20250980,2025-12-28 00:00:00,CUST72002,Sneha Pandey,Women,Hyderabad,Telangana,Allen Solly,Heels,L,Yellow,3,1464,20,1171.2,0,632.45,4146.05,2454.66,1058.94,Net Banking,Delivered,2026-01-04 00:00:00,App
MYN100981,ORD20250981,2025-11-18 00:00:00,CUST70886,Dev Chopra,Men,Ahmedabad,Gujarat,Allen Solly,Trousers,S,Yellow,1,1763,20,1410.4,0,253.87,1664.27,1084.73,325.67,Debit Card,Delivered,2025-11-22 00:00:00,Website
MYN100982,ORD20250982,2025-01-06 00:00:00,CUST52553,Neha Menon,Women,Kolkata,West Bengal,Fastrack,Sarees,XS,Grey,3,1229,0,1229,0,663.66,4350.66,2691.27,995.73,Wallet,Delivered,2025-01-13 00:00:00,Mobile Web
MYN100983,ORD20250983,2025-08-16 00:00:00,CUST22941,Rahul Pandey,Men,Ahmedabad,Gujarat,Fastrack,T-Shirts,XL,Grey,3,921,30,644.7,0,348.14,2282.24,1092.17,841.93,Credit Card,Shipped,2025-08-18 00:00:00,App
MYN100984,ORD20250984,2026-06-08 00:00:00,CUST20977,Muskan Sinha,Men,Bengaluru,Karnataka,HERE&NOW,Jeans,XS,Blue,4,1119,15,951.15,0,684.83,4489.43,2653.1,1151.5,Net Banking,Returned,2026-06-13 00:00:00,Website
MYN100985,ORD20250985,2026-01-11 00:00:00,CUST30243,Kriti Oberoi,Women,Pune,Maharashtra,Maybelline,Dresses,L,Green,1,4828,5,4586.6,0,825.59,5412.19,3283.14,1303.46,Net Banking,Delivered,2026-01-14 00:00:00,App
MYN100986,ORD20250986,2025-02-18 00:00:00,CUST11476,Abhishek Mishra,Beauty,Lucknow,Uttar Pradesh,Fastrack,Lipstick,XS,Blue,2,893,25,669.75,0,241.11,1580.61,842.59,496.91,Wallet,Processing,2025-02-25 00:00:00,App
MYN100987,ORD20250987,2025-07-05 00:00:00,CUST81895,Harsh Khan,Men,Delhi,Delhi,WROGN,Jeans,M,Pink,4,4196,20,3356.8,0,2416.9,15844.1,9101,4326.2,Debit Card,Cancelled,2025-07-12 00:00:00,Website
MYN100988,ORD20250988,2025-10-19 00:00:00,CUST98627,Ayush Kapoor,Kids,Chennai,Tamil Nadu,HRX,Kids T-Shirts,XXL,Pink,1,1865,15,1585.25,0,285.34,1870.59,872.97,712.28,UPI,Returned,2025-10-25 00:00:00,Website
MYN100989,ORD20250989,2025-05-31 00:00:00,CUST70021,Harsh Kamble,Women,Indore,Madhya Pradesh,Fastrack,Kurtas,M,Blue,2,1304,25,978,0,352.08,2308.08,1494.69,461.31,Wallet,Delivered,2025-06-05 00:00:00,Website
MYN100990,ORD20250990,2025-06-28 00:00:00,CUST56982,Ananya Khan,Home,Jaipur,Rajasthan,Levis,Bedsheets,Free Size,White,1,3419,20,2735.2,0,492.34,3227.54,2221.58,513.62,Cash on Delivery,Returned,2025-06-30 00:00:00,Website
MYN100991,ORD20250991,2025-07-18 00:00:00,CUST79110,Naina Naik,Men,Nashik,Maharashtra,Roadster,Trousers,XXL,Grey,3,2453,15,2085.05,0,1125.93,7381.08,4395.62,1859.53,Net Banking,Delivered,2025-07-22 00:00:00,App
MYN100992,ORD20250992,2025-01-31 00:00:00,CUST93040,Yash Naik,Beauty,Kolkata,West Bengal,Puma,Lipstick,S,Green,1,2974,15,2527.9,0,455.02,2982.92,1512.32,1015.58,UPI,Processing,2025-02-04 00:00:00,App
MYN100993,ORD20250993,2026-01-21 00:00:00,CUST42264,Manav Menon,Women,Delhi,Delhi,Allen Solly,Sarees,XXL,Blue,1,5746,30,4022.2,0,724,4746.2,3075.28,946.92,UPI,Delivered,2026-01-23 00:00:00,Mobile Web
MYN100994,ORD20250994,2026-07-31 00:00:00,CUST53401,Abhishek Sharma,Women,Indore,Madhya Pradesh,WROGN,Sarees,XL,Beige,3,1040,20,832,0,449.28,2945.28,1444.86,1051.14,Wallet,Delivered,2026-08-05 00:00:00,Mobile Web
MYN100995,ORD20250995,2025-06-29 00:00:00,CUST70040,Tanya Rawat,Men,Chennai,Tamil Nadu,Levis,T-Shirts,S,Yellow,1,5955,20,4764,0,857.52,5621.52,3368.8,1395.2,Wallet,Delivered,2025-07-01 00:00:00,Website
MYN100996,ORD20250996,2026-05-17 00:00:00,CUST48973,Ananya Tiwari,Women,Nashik,Maharashtra,Fastrack,Tops,L,Red,3,2965,0,2965,0,1601.1,10496.1,6528.39,2366.61,Wallet,Delivered,2026-05-23 00:00:00,Mobile Web
MYN100997,ORD20250997,2025-12-08 00:00:00,CUST64699,Karan Iyer,Men,Kolkata,West Bengal,DressBerry,Jeans,XL,Pink,3,5592,30,3914.4,0,2113.78,13856.98,8213.2,3530,Cash on Delivery,Shipped,2025-12-12 00:00:00,App
MYN100998,ORD20250998,2025-02-03 00:00:00,CUST65175,Neha Reddy,Kids,Hyderabad,Telangana,Nike,Kids T-Shirts,XXL,Pink,1,1878,10,1690.2,0,304.24,1994.44,1308.15,382.05,Net Banking,Delivered,2025-02-08 00:00:00,App
MYN100999,ORD20250999,2026-06-12 00:00:00,CUST47677,Ishita Iyer,Women,Kolkata,West Bengal,Fastrack,Sarees,Free Size,Beige,4,3035,30,2124.5,0,1529.64,10027.64,5898.55,2599.45,Wallet,Delivered,2026-06-18 00:00:00,Mobile Web